2026-05-08,20:23:00.804812,IP,172.20.0.20.46413,>
2026-05-08,20:23:00.818258,IP,172.20.0.10.5002,>
2026-05-08,20:23:00.819282,IP,172.20.0.20.46413,>
2026-05-08,20:23:00.819503,IP,172.20.0.20.46413,>
2026-05-08,20:23:00.819652,IP,172.20.0.20.46413,>
2026-05-08,20:23:00.819828,IP,172.20.0.20.46413,>
2026-05-08,20:23:00.819938,IP,172.20.0.20.46413,>
2026-05-08,20:23:00.820953,IP,172.20.0.20.46413,>
2026-05-08,20:23:00.821126,IP,172.20.0.20.46413,>
2026-05-08,20:23:00.821477,IP,172.20.0.20.46413,>
2026-05-08,20:23:00.829621,IP,172.20.0.10.5002,>
2026-05-08,20:23:00.829728,IP,172.20.0.10.5002,>
2026-05-08,20:23:00.829848,IP,172.20.0.10.5002,>
2026-05-08,20:23:00.829926,IP,172.20.0.10.5002,>
2026-05-08,20:23:00.830383,IP,172.20.0.20.46413,>
2026-05-08,20:23:00.830487,IP,172.20.0.10.5002,>
2026-05-08,20:23:00.831121,IP,172.20.0.10.5002,>
2026-05-08,20:23:00.831325,IP,172.20.0.10.5002,>
2026-05-08,20:23:00.831385,IP,172.20.0.20.46413,>
2026-05-08,20:23:00.831733,IP,172.20.0.10.5002,>
2026-05-08,20:23:00.832125,IP,172.20.0.20.46413,>
2026-05-08,20:23:00.832923,IP,172.20.0.20.46413,>
2026-05-08,20:23:00.833549,IP,172.20.0.20.46413,>
2026-05-08,20:23:00.834234,IP,172.20.0.20.46413,>
2026-05-08,20:23:00.834715,IP,172.20.0.20.46413,>
2026-05-08,20:23:00.835420,IP,172.20.0.20.46413,>
2026-05-08,20:23:00.840793,IP,172.20.0.10.5002,>
2026-05-08,20:23:00.841423,IP,172.20.0.20.46413,>
2026-05-08,20:23:00.841565,IP,172.20.0.10.5002,>
2026-05-08,20:23:00.842055,IP,172.20.0.20.46413,>
2026-05-08,20:23:00.842370,IP,172.20.0.10.5002,>
2026-05-08,20:23:00.843096,IP,172.20.0.10.5002,>
2026-05-08,20:23:00.843402,IP,172.20.0.20.46413,>
2026-05-08,20:23:00.843982,IP,172.20.0.10.5002,>
2026-05-08,20:23:00.843986,IP,172.20.0.20.46413,>
2026-05-08,20:23:00.844251,IP,172.20.0.20.46413,>
2026-05-08,20:23:00.844560,IP,172.20.0.10.5002,>
2026-05-08,20:23:00.844971,IP,172.20.0.10.5002,>
2026-05-08,20:23:00.845073,IP,172.20.0.20.46413,>
2026-05-08,20:23:00.845351,IP,172.20.0.20.46413,>
2026-05-08,20:23:00.845651,IP,172.20.0.10.5002,>
2026-05-08,20:23:00.846323,IP,172.20.0.20.46413,>
2026-05-08,20:23:00.851724,IP,172.20.0.10.5002,>
2026-05-08,20:23:00.852136,IP,172.20.0.20.46413,>
2026-05-08,20:23:00.852217,IP,172.20.0.10.5002,>
2026-05-08,20:23:00.852442,IP,172.20.0.20.46413,>
2026-05-08,20:23:00.853605,IP,172.20.0.10.5002,>
2026-05-08,20:23:00.854029,IP,172.20.0.20.46413,>
2026-05-08,20:23:00.854189,IP,172.20.0.10.5002,>
2026-05-08,20:23:00.854507,IP,172.20.0.10.5002,>
2026-05-08,20:23:00.854605,IP,172.20.0.20.46413,>
2026-05-08,20:23:00.854914,IP,172.20.0.20.46413,>
2026-05-08,20:23:00.855258,IP,172.20.0.10.5002,>
2026-05-08,20:23:00.855515,IP,172.20.0.10.5002,>
2026-05-08,20:23:00.855616,IP,172.20.0.20.46413,>
2026-05-08,20:23:00.855911,IP,172.20.0.20.46413,>
2026-05-08,20:23:00.856516,IP,172.20.0.10.5002,>
2026-05-08,20:23:00.856711,IP,172.20.0.20.46413,>
2026-05-08,20:23:00.862519,IP,172.20.0.10.5002,>
2026-05-08,20:23:00.862773,IP,172.20.0.10.5002,>
2026-05-08,20:23:00.862814,IP,172.20.0.20.46413,>
2026-05-08,20:23:00.862986,IP,172.20.0.20.46413,>
2026-05-08,20:23:00.864210,IP,172.20.0.10.5002,>
2026-05-08,20:23:00.864393,IP,172.20.0.20.46413,>
2026-05-08,20:23:00.864757,IP,172.20.0.10.5002,>
2026-05-08,20:23:00.864990,IP,172.20.0.20.46413,>
2026-05-08,20:23:00.865140,IP,172.20.0.10.5002,>
2026-05-08,20:23:00.865318,IP,172.20.0.20.46413,>
2026-05-08,20:23:00.866138,IP,172.20.0.10.5002,>
2026-05-08,20:23:00.866291,IP,172.20.0.10.5002,>
2026-05-08,20:23:00.866361,IP,172.20.0.20.46413,>
2026-05-08,20:23:00.866526,IP,172.20.0.20.46413,>
2026-05-08,20:23:00.866934,IP,172.20.0.10.5002,>
2026-05-08,20:23:00.867107,IP,172.20.0.20.46413,>
2026-05-08,20:23:00.873252,IP,172.20.0.10.5002,>
2026-05-08,20:23:00.873504,IP,172.20.0.10.5002,>
2026-05-08,20:23:00.873591,IP,172.20.0.20.46413,>
2026-05-08,20:23:00.873754,IP,172.20.0.20.46413,>
2026-05-08,20:23:00.874627,IP,172.20.0.10.5002,>
2026-05-08,20:23:00.874834,IP,172.20.0.20.46413,>
2026-05-08,20:23:00.875184,IP,172.20.0.10.5002,>
2026-05-08,20:23:00.875374,IP,172.20.0.20.46413,>
2026-05-08,20:23:00.875626,IP,172.20.0.10.5002,>
2026-05-08,20:23:00.875827,IP,172.20.0.20.46413,>
2026-05-08,20:23:00.876637,IP,172.20.0.10.5002,>
2026-05-08,20:23:00.876724,IP,172.20.0.10.5002,>
2026-05-08,20:23:00.876879,IP,172.20.0.20.46413,>
2026-05-08,20:23:00.877044,IP,172.20.0.20.46413,>
2026-05-08,20:23:00.877342,IP,172.20.0.10.5002,>
2026-05-08,20:23:00.877519,IP,172.20.0.20.46413,>
2026-05-08,20:23:00.883903,IP,172.20.0.10.5002,>
2026-05-08,20:23:00.884019,IP,172.20.0.10.5002,>
2026-05-08,20:23:00.884144,IP,172.20.0.20.46413,>
2026-05-08,20:23:00.884324,IP,172.20.0.20.46413,>
2026-05-08,20:23:00.885041,IP,172.20.0.10.5002,>
2026-05-08,20:23:00.885233,IP,172.20.0.20.46413,>
2026-05-08,20:23:00.885563,IP,172.20.0.10.5002,>
2026-05-08,20:23:00.885748,IP,172.20.0.20.46413,>
2026-05-08,20:23:00.886301,IP,172.20.0.10.5002,>
2026-05-08,20:23:00.886752,IP,172.20.0.20.46413,>
2026-05-08,20:23:00.887051,IP,172.20.0.10.5002,>
2026-05-08,20:23:00.887175,IP,172.20.0.10.5002,>
2026-05-08,20:23:00.887410,IP,172.20.0.20.46413,>
2026-05-08,20:23:00.887666,IP,172.20.0.20.46413,>
2026-05-08,20:23:00.887707,IP,172.20.0.10.5002,>
2026-05-08,20:23:00.888074,IP,172.20.0.20.46413,>
2026-05-08,20:23:00.894451,IP,172.20.0.10.5002,>
2026-05-08,20:23:00.894507,IP,172.20.0.10.5002,>
2026-05-08,20:23:00.894997,IP,172.20.0.20.46413,>
2026-05-08,20:23:00.895287,IP,172.20.0.20.46413,>
2026-05-08,20:23:00.895378,IP,172.20.0.10.5002,>
2026-05-08,20:23:00.895695,IP,172.20.0.20.46413,>
2026-05-08,20:23:00.896056,IP,172.20.0.10.5002,>
2026-05-08,20:23:00.896323,IP,172.20.0.20.46413,>
2026-05-08,20:23:00.897127,IP,172.20.0.10.5002,>
2026-05-08,20:23:00.897448,IP,172.20.0.20.46413,>
2026-05-08,20:23:00.897594,IP,172.20.0.10.5002,>
2026-05-08,20:23:00.897892,IP,172.20.0.10.5002,>
2026-05-08,20:23:00.897976,IP,172.20.0.20.46413,>
2026-05-08,20:23:00.898220,IP,172.20.0.10.5002,>
2026-05-08,20:23:00.898266,IP,172.20.0.20.46413,>
2026-05-08,20:23:00.898532,IP,172.20.0.20.46413,>
2026-05-08,20:23:00.905337,IP,172.20.0.10.5002,>
2026-05-08,20:23:00.905454,IP,172.20.0.10.5002,>
2026-05-08,20:23:00.905761,IP,172.20.0.20.46413,>
2026-05-08,20:23:00.905942,IP,172.20.0.10.5002,>
2026-05-08,20:23:00.906176,IP,172.20.0.20.46413,>
2026-05-08,20:23:00.906439,IP,172.20.0.20.46413,>
2026-05-08,20:23:00.906486,IP,172.20.0.10.5002,>
2026-05-08,20:23:00.906720,IP,172.20.0.20.46413,>
2026-05-08,20:23:00.908840,IP,172.20.0.10.5002,>
2026-05-08,20:23:00.908967,IP,172.20.0.10.5002,>
2026-05-08,20:23:00.909061,IP,172.20.0.10.5002,>
2026-05-08,20:23:00.909139,IP,172.20.0.20.46413,>
2026-05-08,20:23:00.909233,IP,172.20.0.10.5002,>
2026-05-08,20:23:00.909432,IP,172.20.0.20.46413,>
2026-05-08,20:23:00.909607,IP,172.20.0.20.46413,>
2026-05-08,20:23:00.909739,IP,172.20.0.20.46413,>
2026-05-08,20:23:00.916168,IP,172.20.0.10.5002,>
2026-05-08,20:23:00.916317,IP,172.20.0.10.5002,>
2026-05-08,20:23:00.916457,IP,172.20.0.20.46413,>
2026-05-08,20:23:00.916603,IP,172.20.0.10.5002,>
2026-05-08,20:23:00.916633,IP,172.20.0.20.46413,>
2026-05-08,20:23:00.916849,IP,172.20.0.20.46413,>
2026-05-08,20:23:00.916851,IP,172.20.0.10.5002,>
2026-05-08,20:23:00.917068,IP,172.20.0.20.46413,>
2026-05-08,20:23:00.919339,IP,172.20.0.10.5002,>
2026-05-08,20:23:00.919661,IP,172.20.0.20.46413,>
2026-05-08,20:23:00.920243,IP,172.20.0.10.5002,>
2026-05-08,20:23:00.920329,IP,172.20.0.10.5002,>
2026-05-08,20:23:00.920408,IP,172.20.0.10.5002,>
2026-05-08,20:23:00.920672,IP,172.20.0.20.46413,>
2026-05-08,20:23:00.920976,IP,172.20.0.20.46413,>
2026-05-08,20:23:00.921222,IP,172.20.0.20.46413,>
2026-05-08,20:23:00.926840,IP,172.20.0.10.5002,>
2026-05-08,20:23:00.926924,IP,172.20.0.10.5002,>
2026-05-08,20:23:00.926960,IP,172.20.0.10.5002,>
2026-05-08,20:23:00.927246,IP,172.20.0.20.46413,>
2026-05-08,20:23:00.927693,IP,172.20.0.10.5002,>
2026-05-08,20:23:00.927895,IP,172.20.0.20.46413,>
2026-05-08,20:23:00.928223,IP,172.20.0.20.46413,>
2026-05-08,20:23:00.928483,IP,172.20.0.20.46413,>
2026-05-08,20:23:00.930005,IP,172.20.0.10.5002,>
2026-05-08,20:23:00.930321,IP,172.20.0.20.46413,>
2026-05-08,20:23:00.930901,IP,172.20.0.10.5002,>
2026-05-08,20:23:00.931185,IP,172.20.0.10.5002,>
2026-05-08,20:23:00.931254,IP,172.20.0.20.46413,>
2026-05-08,20:23:00.931396,IP,172.20.0.10.5002,>
2026-05-08,20:23:00.931621,IP,172.20.0.20.46413,>
2026-05-08,20:23:00.931897,IP,172.20.0.20.46413,>
2026-05-08,20:23:00.937885,IP,172.20.0.10.5002,>
2026-05-08,20:23:00.938247,IP,172.20.0.10.5002,>
2026-05-08,20:23:00.938332,IP,172.20.0.10.5002,>
2026-05-08,20:23:00.938338,IP,172.20.0.20.46413,>
2026-05-08,20:23:00.938612,IP,172.20.0.20.46413,>
2026-05-08,20:23:00.938653,IP,172.20.0.10.5002,>
2026-05-08,20:23:00.938911,IP,172.20.0.20.46413,>
2026-05-08,20:23:00.939194,IP,172.20.0.20.46413,>
2026-05-08,20:23:00.940632,IP,172.20.0.10.5002,>
2026-05-08,20:23:00.940995,IP,172.20.0.20.46413,>
2026-05-08,20:23:00.941436,IP,172.20.0.10.5002,>
2026-05-08,20:23:00.941813,IP,172.20.0.10.5002,>
2026-05-08,20:23:00.941823,IP,172.20.0.20.46413,>
2026-05-08,20:23:00.942039,IP,172.20.0.10.5002,>
2026-05-08,20:23:00.942131,IP,172.20.0.20.46413,>
2026-05-08,20:23:00.942406,IP,172.20.0.20.46413,>
2026-05-08,20:23:00.948787,IP,172.20.0.10.5002,>
2026-05-08,20:23:00.948897,IP,172.20.0.10.5002,>
2026-05-08,20:23:00.949132,IP,172.20.0.10.5002,>
2026-05-08,20:23:00.949207,IP,172.20.0.20.46413,>
2026-05-08,20:23:00.949473,IP,172.20.0.10.5002,>
2026-05-08,20:23:00.949513,IP,172.20.0.20.46413,>
2026-05-08,20:23:00.949746,IP,172.20.0.20.46413,>
2026-05-08,20:23:00.950107,IP,172.20.0.20.46413,>
2026-05-08,20:23:00.951337,IP,172.20.0.10.5002,>
2026-05-08,20:23:00.951656,IP,172.20.0.20.46413,>
2026-05-08,20:23:00.952122,IP,172.20.0.10.5002,>
2026-05-08,20:23:00.952318,IP,172.20.0.10.5002,>
2026-05-08,20:23:00.952573,IP,172.20.0.20.46413,>
2026-05-08,20:23:00.952630,IP,172.20.0.10.5002,>
2026-05-08,20:23:00.953027,IP,172.20.0.20.46413,>
2026-05-08,20:23:00.953518,IP,172.20.0.20.46413,>
2026-05-08,20:23:00.959483,IP,172.20.0.10.5002,>
2026-05-08,20:23:00.959660,IP,172.20.0.10.5002,>
2026-05-08,20:23:00.960018,IP,172.20.0.20.46413,>
2026-05-08,20:23:00.960078,IP,172.20.0.10.5002,>
2026-05-08,20:23:00.960284,IP,172.20.0.10.5002,>
2026-05-08,20:23:00.960446,IP,172.20.0.20.46413,>
2026-05-08,20:23:00.960948,IP,172.20.0.20.46413,>
2026-05-08,20:23:00.961356,IP,172.20.0.20.46413,>
2026-05-08,20:23:00.961938,IP,172.20.0.10.5002,>
2026-05-08,20:23:00.962381,IP,172.20.0.20.46413,>
2026-05-08,20:23:00.962822,IP,172.20.0.10.5002,>
2026-05-08,20:23:00.963236,IP,172.20.0.20.46413,>
2026-05-08,20:23:00.963303,IP,172.20.0.10.5002,>
2026-05-08,20:23:00.963725,IP,172.20.0.10.5002,>
2026-05-08,20:23:00.963726,IP,172.20.0.20.46413,>
2026-05-08,20:23:00.964149,IP,172.20.0.20.46413,>
2026-05-08,20:23:00.970345,IP,172.20.0.10.5002,>
2026-05-08,20:23:00.970717,IP,172.20.0.10.5002,>
2026-05-08,20:23:00.970860,IP,172.20.0.20.46413,>
2026-05-08,20:23:00.971212,IP,172.20.0.10.5002,>
2026-05-08,20:23:00.971357,IP,172.20.0.20.46413,>
2026-05-08,20:23:00.971567,IP,172.20.0.10.5002,>
2026-05-08,20:23:00.971761,IP,172.20.0.20.46413,>
2026-05-08,20:23:00.972144,IP,172.20.0.20.46413,>
2026-05-08,20:23:00.972650,IP,172.20.0.10.5002,>
2026-05-08,20:23:00.973098,IP,172.20.0.20.46413,>
2026-05-08,20:23:00.973477,IP,172.20.0.10.5002,>
2026-05-08,20:23:00.973860,IP,172.20.0.20.46413,>
2026-05-08,20:23:00.974003,IP,172.20.0.10.5002,>
2026-05-08,20:23:00.974382,IP,172.20.0.10.5002,>
2026-05-08,20:23:00.974439,IP,172.20.0.20.46413,>
2026-05-08,20:23:00.974677,IP,172.20.0.20.46413,>
2026-05-08,20:23:00.981327,IP,172.20.0.10.5002,>
2026-05-08,20:23:00.981762,IP,172.20.0.20.46413,>
2026-05-08,20:23:00.981824,IP,172.20.0.10.5002,>
2026-05-08,20:23:00.982437,IP,172.20.0.20.46413,>
2026-05-08,20:23:00.982563,IP,172.20.0.10.5002,>
2026-05-08,20:23:00.982706,IP,172.20.0.10.5002,>
2026-05-08,20:23:00.983029,IP,172.20.0.20.46413,>
2026-05-08,20:23:00.983334,IP,172.20.0.20.46413,>
2026-05-08,20:23:00.983390,IP,172.20.0.10.5002,>
2026-05-08,20:23:00.983725,IP,172.20.0.20.46413,>
2026-05-08,20:23:00.984205,IP,172.20.0.10.5002,>
2026-05-08,20:23:00.984602,IP,172.20.0.20.46413,>
2026-05-08,20:23:00.984662,IP,172.20.0.10.5002,>
2026-05-08,20:23:00.984869,IP,172.20.0.10.5002,>
2026-05-08,20:23:00.985396,IP,172.20.0.20.46413,>
2026-05-08,20:23:00.985790,IP,172.20.0.20.46413,>
2026-05-08,20:23:00.992172,IP,172.20.0.10.5002,>
2026-05-08,20:23:00.992586,IP,172.20.0.20.46413,>
2026-05-08,20:23:00.992670,IP,172.20.0.10.5002,>
2026-05-08,20:23:00.993178,IP,172.20.0.20.46413,>
2026-05-08,20:23:00.993689,IP,172.20.0.10.5002,>
2026-05-08,20:23:00.993765,IP,172.20.0.10.5002,>
2026-05-08,20:23:00.994103,IP,172.20.0.10.5002,>
2026-05-08,20:23:00.994140,IP,172.20.0.20.46413,>
2026-05-08,20:23:00.994456,IP,172.20.0.20.46413,>
2026-05-08,20:23:00.994742,IP,172.20.0.20.46413,>
2026-05-08,20:23:00.995069,IP,172.20.0.10.5002,>
2026-05-08,20:23:00.995390,IP,172.20.0.20.46413,>
2026-05-08,20:23:00.995694,IP,172.20.0.10.5002,>
2026-05-08,20:23:00.996050,IP,172.20.0.10.5002,>
2026-05-08,20:23:00.996071,IP,172.20.0.20.46413,>
2026-05-08,20:23:00.996417,IP,172.20.0.20.46413,>
2026-05-08,20:23:01.002895,IP,172.20.0.10.5002,>
2026-05-08,20:23:01.003371,IP,172.20.0.20.46413,>
2026-05-08,20:23:01.003507,IP,172.20.0.10.5002,>
2026-05-08,20:23:01.003969,IP,172.20.0.20.46413,>
2026-05-08,20:23:01.004332,IP,172.20.0.10.5002,>
2026-05-08,20:23:01.004672,IP,172.20.0.10.5002,>
2026-05-08,20:23:01.004829,IP,172.20.0.20.46413,>
2026-05-08,20:23:01.005168,IP,172.20.0.10.5002,>
2026-05-08,20:23:01.005221,IP,172.20.0.20.46413,>
2026-05-08,20:23:01.005546,IP,172.20.0.10.5002,>
2026-05-08,20:23:01.005618,IP,172.20.0.20.46413,>
2026-05-08,20:23:01.006089,IP,172.20.0.20.46413,>
2026-05-08,20:23:01.006590,IP,172.20.0.10.5002,>
2026-05-08,20:23:01.006674,IP,172.20.0.10.5002,>
2026-05-08,20:23:01.007031,IP,172.20.0.20.46413,>
2026-05-08,20:23:01.007370,IP,172.20.0.20.46413,>
2026-05-08,20:23:01.013746,IP,172.20.0.10.5002,>
2026-05-08,20:23:01.014123,IP,172.20.0.20.46413,>
2026-05-08,20:23:01.014330,IP,172.20.0.10.5002,>
2026-05-08,20:23:01.014752,IP,172.20.0.20.46413,>
2026-05-08,20:23:01.015024,IP,172.20.0.10.5002,>
2026-05-08,20:23:01.015458,IP,172.20.0.20.46413,>
2026-05-08,20:23:01.015504,IP,172.20.0.10.5002,>
2026-05-08,20:23:01.015851,IP,172.20.0.20.46413,>
2026-05-08,20:23:01.016260,IP,172.20.0.10.5002,>
2026-05-08,20:23:01.016408,IP,172.20.0.10.5002,>
2026-05-08,20:23:01.016754,IP,172.20.0.20.46413,>
2026-05-08,20:23:01.017218,IP,172.20.0.20.46413,>
2026-05-08,20:23:01.017474,IP,172.20.0.10.5002,>
2026-05-08,20:23:01.017670,IP,172.20.0.10.5002,>
2026-05-08,20:23:01.018074,IP,172.20.0.20.46413,>
2026-05-08,20:23:01.018612,IP,172.20.0.20.46413,>
2026-05-08,20:23:01.024513,IP,172.20.0.10.5002,>
2026-05-08,20:23:01.024992,IP,172.20.0.20.46413,>
2026-05-08,20:23:01.025335,IP,172.20.0.10.5002,>
2026-05-08,20:23:01.025844,IP,172.20.0.20.46413,>
2026-05-08,20:23:01.025900,IP,172.20.0.10.5002,>
2026-05-08,20:23:01.026022,IP,172.20.0.10.5002,>
2026-05-08,20:23:01.026289,IP,172.20.0.20.46413,>
2026-05-08,20:23:01.026691,IP,172.20.0.20.46413,>
2026-05-08,20:23:01.027126,IP,172.20.0.10.5002,>
2026-05-08,20:23:01.027505,IP,172.20.0.10.5002,>
2026-05-08,20:23:01.027542,IP,172.20.0.20.46413,>
2026-05-08,20:23:01.027964,IP,172.20.0.20.46413,>
2026-05-08,20:23:01.029066,IP,172.20.0.10.5002,>
2026-05-08,20:23:01.029340,IP,172.20.0.10.5002,>
2026-05-08,20:23:01.029557,IP,172.20.0.20.46413,>
2026-05-08,20:23:01.030070,IP,172.20.0.20.46413,>
2026-05-08,20:23:01.035347,IP,172.20.0.10.5002,>
2026-05-08,20:23:01.035735,IP,172.20.0.20.46413,>
2026-05-08,20:23:01.036290,IP,172.20.0.10.5002,>
2026-05-08,20:23:01.036521,IP,172.20.0.10.5002,>
2026-05-08,20:23:01.036683,IP,172.20.0.20.46413,>
2026-05-08,20:23:01.036956,IP,172.20.0.10.5002,>
2026-05-08,20:23:01.037158,IP,172.20.0.20.46413,>
2026-05-08,20:23:01.037471,IP,172.20.0.20.46413,>
2026-05-08,20:23:01.037939,IP,172.20.0.10.5002,>
2026-05-08,20:23:01.038282,IP,172.20.0.20.46413,>
2026-05-08,20:23:01.038527,IP,172.20.0.10.5002,>
2026-05-08,20:23:01.039075,IP,172.20.0.20.46413,>
2026-05-08,20:23:01.039823,IP,172.20.0.10.5002,>
2026-05-08,20:23:01.040184,IP,172.20.0.20.46413,>
2026-05-08,20:23:01.040306,IP,172.20.0.10.5002,>
2026-05-08,20:23:01.040756,IP,172.20.0.20.46413,>
2026-05-08,20:23:01.046229,IP,172.20.0.10.5002,>
2026-05-08,20:23:01.046662,IP,172.20.0.20.46413,>
2026-05-08,20:23:01.046953,IP,172.20.0.10.5002,>
2026-05-08,20:23:01.047381,IP,172.20.0.10.5002,>
2026-05-08,20:23:01.047434,IP,172.20.0.20.46413,>
2026-05-08,20:23:01.047686,IP,172.20.0.10.5002,>
2026-05-08,20:23:01.047727,IP,172.20.0.20.46413,>
2026-05-08,20:23:01.048197,IP,172.20.0.20.46413,>
2026-05-08,20:23:01.048599,IP,172.20.0.10.5002,>
2026-05-08,20:23:01.049044,IP,172.20.0.20.46413,>
2026-05-08,20:23:01.049299,IP,172.20.0.10.5002,>
2026-05-08,20:23:01.049765,IP,172.20.0.20.46413,>
2026-05-08,20:23:01.050539,IP,172.20.0.10.5002,>
2026-05-08,20:23:01.050907,IP,172.20.0.20.46413,>
2026-05-08,20:23:01.051018,IP,172.20.0.10.5002,>
2026-05-08,20:23:01.051406,IP,172.20.0.20.46413,>
2026-05-08,20:23:01.057232,IP,172.20.0.10.5002,>
2026-05-08,20:23:01.057654,IP,172.20.0.20.46413,>
2026-05-08,20:23:01.057741,IP,172.20.0.10.5002,>
2026-05-08,20:23:01.057931,IP,172.20.0.10.5002,>
2026-05-08,20:23:01.058130,IP,172.20.0.20.46413,>
2026-05-08,20:23:01.058398,IP,172.20.0.10.5002,>
2026-05-08,20:23:01.058761,IP,172.20.0.20.46413,>
2026-05-08,20:23:01.059145,IP,172.20.0.20.46413,>
2026-05-08,20:23:01.059416,IP,172.20.0.10.5002,>
2026-05-08,20:23:01.059922,IP,172.20.0.20.46413,>
2026-05-08,20:23:01.060055,IP,172.20.0.10.5002,>
2026-05-08,20:23:01.060467,IP,172.20.0.20.46413,>
2026-05-08,20:23:01.061150,IP,172.20.0.10.5002,>
2026-05-08,20:23:01.061518,IP,172.20.0.20.46413,>
2026-05-08,20:23:01.061592,IP,172.20.0.10.5002,>
2026-05-08,20:23:01.062107,IP,172.20.0.20.46413,>
2026-05-08,20:23:01.068137,IP,172.20.0.10.5002,>
2026-05-08,20:23:01.068381,IP,172.20.0.10.5002,>
2026-05-08,20:23:01.068533,IP,172.20.0.20.46413,>
2026-05-08,20:23:01.068922,IP,172.20.0.20.46413,>
2026-05-08,20:23:01.069017,IP,172.20.0.10.5002,>
2026-05-08,20:23:01.069358,IP,172.20.0.10.5002,>
2026-05-08,20:23:01.069452,IP,172.20.0.20.46413,>
2026-05-08,20:23:01.069767,IP,172.20.0.20.46413,>
2026-05-08,20:23:01.070253,IP,172.20.0.10.5002,>
2026-05-08,20:23:01.070668,IP,172.20.0.10.5002,>
2026-05-08,20:23:01.070669,IP,172.20.0.20.46413,>
2026-05-08,20:23:01.071051,IP,172.20.0.20.46413,>
2026-05-08,20:23:01.071735,IP,172.20.0.10.5002,>
2026-05-08,20:23:01.072098,IP,172.20.0.20.46413,>
2026-05-08,20:23:01.072327,IP,172.20.0.10.5002,>
2026-05-08,20:23:01.072764,IP,172.20.0.20.46413,>
2026-05-08,20:23:01.078943,IP,172.20.0.10.5002,>
2026-05-08,20:23:01.079245,IP,172.20.0.10.5002,>
2026-05-08,20:23:01.079393,IP,172.20.0.20.46413,>
2026-05-08,20:23:01.079677,IP,172.20.0.10.5002,>
2026-05-08,20:23:01.079889,IP,172.20.0.20.46413,>
2026-05-08,20:23:01.080062,IP,172.20.0.10.5002,>
2026-05-08,20:23:01.080179,IP,172.20.0.20.46413,>
2026-05-08,20:23:01.080430,IP,172.20.0.20.46413,>
2026-05-08,20:23:01.081409,IP,172.20.0.10.5002,>
2026-05-08,20:23:01.081541,IP,172.20.0.10.5002,>
2026-05-08,20:23:01.081784,IP,172.20.0.20.46413,>
2026-05-08,20:23:01.082241,IP,172.20.0.20.46413,>
2026-05-08,20:23:01.082427,IP,172.20.0.10.5002,>
2026-05-08,20:23:01.082830,IP,172.20.0.20.46413,>
2026-05-08,20:23:01.082991,IP,172.20.0.10.5002,>
2026-05-08,20:23:01.083317,IP,172.20.0.20.46413,>
2026-05-08,20:23:01.089689,IP,172.20.0.10.5002,>
2026-05-08,20:23:01.090148,IP,172.20.0.20.46413,>
2026-05-08,20:23:01.090228,IP,172.20.0.10.5002,>
2026-05-08,20:23:01.090306,IP,172.20.0.10.5002,>
2026-05-08,20:23:01.090622,IP,172.20.0.10.5002,>
2026-05-08,20:23:01.090683,IP,172.20.0.20.46413,>
2026-05-08,20:23:01.091163,IP,172.20.0.20.46413,>
2026-05-08,20:23:01.091723,IP,172.20.0.20.46413,>
2026-05-08,20:23:01.092121,IP,172.20.0.10.5002,>
2026-05-08,20:23:01.092470,IP,172.20.0.20.46413,>
2026-05-08,20:23:01.092574,IP,172.20.0.10.5002,>
2026-05-08,20:23:01.092878,IP,172.20.0.20.46413,>
2026-05-08,20:23:01.093029,IP,172.20.0.10.5002,>
2026-05-08,20:23:01.093462,IP,172.20.0.20.46413,>
2026-05-08,20:23:01.093661,IP,172.20.0.10.5002,>
2026-05-08,20:23:01.094161,IP,172.20.0.20.46413,>
2026-05-08,20:23:01.100488,IP,172.20.0.10.5002,>
2026-05-08,20:23:01.100931,IP,172.20.0.10.5002,>
2026-05-08,20:23:01.101050,IP,172.20.0.20.46413,>
2026-05-08,20:23:01.101350,IP,172.20.0.10.5002,>
2026-05-08,20:23:01.101446,IP,172.20.0.20.46413,>
2026-05-08,20:23:01.101927,IP,172.20.0.20.46413,>
2026-05-08,20:23:01.102070,IP,172.20.0.10.5002,>
2026-05-08,20:23:01.102498,IP,172.20.0.20.46413,>
2026-05-08,20:23:01.103300,IP,172.20.0.10.5002,>
2026-05-08,20:23:01.103435,IP,172.20.0.10.5002,>
2026-05-08,20:23:01.103733,IP,172.20.0.20.46413,>
2026-05-08,20:23:01.104044,IP,172.20.0.20.46413,>
2026-05-08,20:23:01.104303,IP,172.20.0.10.5002,>
2026-05-08,20:23:01.104448,IP,172.20.0.10.5002,>
2026-05-08,20:23:01.104854,IP,172.20.0.20.46413,>
2026-05-08,20:23:01.105112,IP,172.20.0.20.46413,>
2026-05-08,20:23:01.111383,IP,172.20.0.10.5002,>
2026-05-08,20:23:01.111661,IP,172.20.0.10.5002,>
2026-05-08,20:23:01.111727,IP,172.20.0.20.46413,>
2026-05-08,20:23:01.112038,IP,172.20.0.20.46413,>
2026-05-08,20:23:01.112177,IP,172.20.0.10.5002,>
2026-05-08,20:23:01.112658,IP,172.20.0.20.46413,>
2026-05-08,20:23:01.112705,IP,172.20.0.10.5002,>
2026-05-08,20:23:01.113017,IP,172.20.0.20.46413,>
2026-05-08,20:23:01.114316,IP,172.20.0.10.5002,>
2026-05-08,20:23:01.114586,IP,172.20.0.10.5002,>
2026-05-08,20:23:01.114759,IP,172.20.0.20.46413,>
2026-05-08,20:23:01.115095,IP,172.20.0.20.46413,>
2026-05-08,20:23:01.115680,IP,172.20.0.10.5002,>
2026-05-08,20:23:01.115834,IP,172.20.0.10.5002,>
2026-05-08,20:23:01.116083,IP,172.20.0.20.46413,>
2026-05-08,20:23:01.116367,IP,172.20.0.20.46413,>
2026-05-08,20:23:01.122111,IP,172.20.0.10.5002,>
2026-05-08,20:23:01.122207,IP,172.20.0.10.5002,>
2026-05-08,20:23:01.122516,IP,172.20.0.20.46413,>
2026-05-08,20:23:01.122785,IP,172.20.0.20.46413,>
2026-05-08,20:23:01.122901,IP,172.20.0.10.5002,>
2026-05-08,20:23:01.123218,IP,172.20.0.10.5002,>
2026-05-08,20:23:01.123278,IP,172.20.0.20.46413,>
2026-05-08,20:23:01.123552,IP,172.20.0.20.46413,>
2026-05-08,20:23:01.125231,IP,172.20.0.10.5002,>
2026-05-08,20:23:01.125316,IP,172.20.0.10.5002,>
2026-05-08,20:23:01.125586,IP,172.20.0.20.46413,>
2026-05-08,20:23:01.125862,IP,172.20.0.20.46413,>
2026-05-08,20:23:01.126895,IP,172.20.0.10.5002,>
2026-05-08,20:23:01.126969,IP,172.20.0.10.5002,>
2026-05-08,20:23:01.127222,IP,172.20.0.20.46413,>
2026-05-08,20:23:01.127513,IP,172.20.0.20.46413,>
2026-05-08,20:23:01.132880,IP,172.20.0.10.5002,>
2026-05-08,20:23:01.133018,IP,172.20.0.10.5002,>
2026-05-08,20:23:01.133256,IP,172.20.0.20.46413,>
2026-05-08,20:23:01.133514,IP,172.20.0.20.46413,>
2026-05-08,20:23:01.133815,IP,172.20.0.10.5002,>
2026-05-08,20:23:01.134159,IP,172.20.0.20.46413,>
2026-05-08,20:23:01.134319,IP,172.20.0.10.5002,>
2026-05-08,20:23:01.134676,IP,172.20.0.20.46413,>
2026-05-08,20:23:01.136047,IP,172.20.0.10.5002,>
2026-05-08,20:23:01.136178,IP,172.20.0.10.5002,>
2026-05-08,20:23:01.136382,IP,172.20.0.20.46413,>
2026-05-08,20:23:01.136633,IP,172.20.0.20.46413,>
2026-05-08,20:23:01.137450,IP,172.20.0.10.5002,>
2026-05-08,20:23:01.137743,IP,172.20.0.10.5002,>
2026-05-08,20:23:01.137765,IP,172.20.0.20.46413,>
2026-05-08,20:23:01.138090,IP,172.20.0.20.46413,>
2026-05-08,20:23:01.143630,IP,172.20.0.10.5002,>
2026-05-08,20:23:01.143773,IP,172.20.0.10.5002,>
2026-05-08,20:23:01.144067,IP,172.20.0.20.46413,>
2026-05-08,20:23:01.144398,IP,172.20.0.20.46413,>
2026-05-08,20:23:01.144706,IP,172.20.0.10.5002,>
2026-05-08,20:23:01.144998,IP,172.20.0.10.5002,>
2026-05-08,20:23:01.145079,IP,172.20.0.20.46413,>
2026-05-08,20:23:01.145323,IP,172.20.0.20.46413,>
2026-05-08,20:23:01.146707,IP,172.20.0.10.5002,>
2026-05-08,20:23:01.146845,IP,172.20.0.10.5002,>
2026-05-08,20:23:01.147262,IP,172.20.0.20.46413,>
2026-05-08,20:23:01.147739,IP,172.20.0.20.46413,>
2026-05-08,20:23:01.148092,IP,172.20.0.10.5002,>
2026-05-08,20:23:01.148518,IP,172.20.0.20.46413,>
2026-05-08,20:23:01.148613,IP,172.20.0.10.5002,>
2026-05-08,20:23:01.149021,IP,172.20.0.20.46413,>
2026-05-08,20:23:01.154448,IP,172.20.0.10.5002,>
2026-05-08,20:23:01.154607,IP,172.20.0.10.5002,>
2026-05-08,20:23:01.154887,IP,172.20.0.20.46413,>
2026-05-08,20:23:01.155256,IP,172.20.0.20.46413,>
2026-05-08,20:23:01.155318,IP,172.20.0.10.5002,>
2026-05-08,20:23:01.155593,IP,172.20.0.10.5002,>
2026-05-08,20:23:01.155735,IP,172.20.0.20.46413,>
2026-05-08,20:23:01.156139,IP,172.20.0.20.46413,>
2026-05-08,20:23:01.157582,IP,172.20.0.10.5002,>
2026-05-08,20:23:01.157989,IP,172.20.0.10.5002,>
2026-05-08,20:23:01.158062,IP,172.20.0.20.46413,>
2026-05-08,20:23:01.158486,IP,172.20.0.20.46413,>
2026-05-08,20:23:01.158703,IP,172.20.0.10.5002,>
2026-05-08,20:23:01.159119,IP,172.20.0.20.46413,>
2026-05-08,20:23:01.159207,IP,172.20.0.10.5002,>
2026-05-08,20:23:01.159583,IP,172.20.0.20.46413,>
2026-05-08,20:23:01.167358,IP,172.20.0.10.5002,>
2026-05-08,20:23:01.167530,IP,172.20.0.10.5002,>
2026-05-08,20:23:01.167592,IP,172.20.0.10.5002,>
2026-05-08,20:23:01.167852,IP,172.20.0.10.5002,>
2026-05-08,20:23:01.167871,IP,172.20.0.20.46413,>
2026-05-08,20:23:01.168269,IP,172.20.0.20.46413,>
2026-05-08,20:23:01.168327,IP,172.20.0.10.5002,>
2026-05-08,20:23:01.168634,IP,172.20.0.20.46413,>
2026-05-08,20:23:01.168702,IP,172.20.0.10.5002,>
2026-05-08,20:23:01.169017,IP,172.20.0.20.46413,>
2026-05-08,20:23:01.169256,IP,172.20.0.20.46413,>
2026-05-08,20:23:01.169476,IP,172.20.0.20.46413,>
2026-05-08,20:23:01.169583,IP,172.20.0.10.5002,>
2026-05-08,20:23:01.169784,IP,172.20.0.10.5002,>
2026-05-08,20:23:01.170052,IP,172.20.0.20.46413,>
2026-05-08,20:23:01.170395,IP,172.20.0.20.46413,>
2026-05-08,20:23:01.178162,IP,172.20.0.10.5002,>
2026-05-08,20:23:01.178549,IP,172.20.0.10.5002,>
2026-05-08,20:23:01.178601,IP,172.20.0.20.46413,>
2026-05-08,20:23:01.178932,IP,172.20.0.10.5002,>
2026-05-08,20:23:01.179032,IP,172.20.0.20.46413,>
2026-05-08,20:23:01.179196,IP,172.20.0.10.5002,>
2026-05-08,20:23:01.179444,IP,172.20.0.20.46413,>
2026-05-08,20:23:01.179756,IP,172.20.0.20.46413,>
2026-05-08,20:23:01.180110,IP,172.20.0.10.5002,>
2026-05-08,20:23:01.180214,IP,172.20.0.10.5002,>
2026-05-08,20:23:01.180217,IP,172.20.0.10.5002,>
2026-05-08,20:23:01.180627,IP,172.20.0.20.46413,>
2026-05-08,20:23:01.180761,IP,172.20.0.10.5002,>
2026-05-08,20:23:01.181076,IP,172.20.0.20.46413,>
2026-05-08,20:23:01.181410,IP,172.20.0.20.46413,>
2026-05-08,20:23:01.181755,IP,172.20.0.20.46413,>
2026-05-08,20:23:01.189036,IP,172.20.0.10.5002,>
2026-05-08,20:23:01.189264,IP,172.20.0.10.5002,>
2026-05-08,20:23:01.189438,IP,172.20.0.20.46413,>
2026-05-08,20:23:01.189786,IP,172.20.0.10.5002,>
2026-05-08,20:23:01.190008,IP,172.20.0.10.5002,>
2026-05-08,20:23:01.190057,IP,172.20.0.20.46413,>
2026-05-08,20:23:01.190514,IP,172.20.0.20.46413,>
2026-05-08,20:23:01.190898,IP,172.20.0.20.46413,>
2026-05-08,20:23:01.190987,IP,172.20.0.10.5002,>
2026-05-08,20:23:01.191451,IP,172.20.0.10.5002,>
2026-05-08,20:23:01.191466,IP,172.20.0.20.46413,>
2026-05-08,20:23:01.191671,IP,172.20.0.10.5002,>
2026-05-08,20:23:01.191867,IP,172.20.0.20.46413,>
2026-05-08,20:23:01.192052,IP,172.20.0.10.5002,>
2026-05-08,20:23:01.192252,IP,172.20.0.20.46413,>
2026-05-08,20:23:01.192565,IP,172.20.0.20.46413,>
2026-05-08,20:23:01.199750,IP,172.20.0.10.5002,>
2026-05-08,20:23:01.200258,IP,172.20.0.10.5002,>
2026-05-08,20:23:01.200300,IP,172.20.0.20.46413,>
2026-05-08,20:23:01.200781,IP,172.20.0.20.46413,>
2026-05-08,20:23:01.200970,IP,172.20.0.10.5002,>
2026-05-08,20:23:01.201383,IP,172.20.0.20.46413,>
2026-05-08,20:23:01.201579,IP,172.20.0.10.5002,>
2026-05-08,20:23:01.201902,IP,172.20.0.10.5002,>
2026-05-08,20:23:01.202010,IP,172.20.0.10.5002,>
2026-05-08,20:23:01.202044,IP,172.20.0.20.46413,>
2026-05-08,20:23:01.202410,IP,172.20.0.20.46413,>
2026-05-08,20:23:01.202483,IP,172.20.0.10.5002,>
2026-05-08,20:23:01.202717,IP,172.20.0.20.46413,>
2026-05-08,20:23:01.202755,IP,172.20.0.10.5002,>
2026-05-08,20:23:01.203024,IP,172.20.0.20.46413,>
2026-05-08,20:23:01.203350,IP,172.20.0.20.46413,>
2026-05-08,20:23:01.210644,IP,172.20.0.10.5002,>
2026-05-08,20:23:01.210996,IP,172.20.0.10.5002,>
2026-05-08,20:23:01.211246,IP,172.20.0.20.46413,>
2026-05-08,20:23:01.211574,IP,172.20.0.10.5002,>
2026-05-08,20:23:01.211645,IP,172.20.0.20.46413,>
2026-05-08,20:23:01.212090,IP,172.20.0.20.46413,>
2026-05-08,20:23:01.212235,IP,172.20.0.10.5002,>
2026-05-08,20:23:01.212643,IP,172.20.0.20.46413,>
2026-05-08,20:23:01.212914,IP,172.20.0.10.5002,>
2026-05-08,20:23:01.212989,IP,172.20.0.10.5002,>
2026-05-08,20:23:01.213183,IP,172.20.0.10.5002,>
2026-05-08,20:23:01.213300,IP,172.20.0.20.46413,>
2026-05-08,20:23:01.213492,IP,172.20.0.10.5002,>
2026-05-08,20:23:01.213665,IP,172.20.0.20.46413,>
2026-05-08,20:23:01.214156,IP,172.20.0.20.46413,>
2026-05-08,20:23:01.214521,IP,172.20.0.20.46413,>
2026-05-08,20:23:01.221572,IP,172.20.0.10.5002,>
2026-05-08,20:23:01.221899,IP,172.20.0.10.5002,>
2026-05-08,20:23:01.222058,IP,172.20.0.20.46413,>
2026-05-08,20:23:01.222305,IP,172.20.0.10.5002,>
2026-05-08,20:23:01.222365,IP,172.20.0.20.46413,>
2026-05-08,20:23:01.222594,IP,172.20.0.20.46413,>
2026-05-08,20:23:01.222835,IP,172.20.0.10.5002,>
2026-05-08,20:23:01.223138,IP,172.20.0.20.46413,>
2026-05-08,20:23:01.223574,IP,172.20.0.10.5002,>
2026-05-08,20:23:01.223986,IP,172.20.0.20.46413,>
2026-05-08,20:23:01.224019,IP,172.20.0.10.5002,>
2026-05-08,20:23:01.224315,IP,172.20.0.10.5002,>
2026-05-08,20:23:01.224317,IP,172.20.0.20.46413,>
2026-05-08,20:23:01.224554,IP,172.20.0.20.46413,>
2026-05-08,20:23:01.224709,IP,172.20.0.10.5002,>
2026-05-08,20:23:01.225993,IP,172.20.0.20.46413,>
2026-05-08,20:23:01.232363,IP,172.20.0.10.5002,>
2026-05-08,20:23:01.232495,IP,172.20.0.10.5002,>
2026-05-08,20:23:01.232749,IP,172.20.0.10.5002,>
2026-05-08,20:23:01.232847,IP,172.20.0.20.46413,>
2026-05-08,20:23:01.233159,IP,172.20.0.20.46413,>
2026-05-08,20:23:01.233315,IP,172.20.0.10.5002,>
2026-05-08,20:23:01.233405,IP,172.20.0.20.46413,>
2026-05-08,20:23:01.234010,IP,172.20.0.20.46413,>
2026-05-08,20:23:01.234822,IP,172.20.0.10.5002,>
2026-05-08,20:23:01.235026,IP,172.20.0.10.5002,>
2026-05-08,20:23:01.235031,IP,172.20.0.10.5002,>
2026-05-08,20:23:01.235575,IP,172.20.0.20.46413,>
2026-05-08,20:23:01.235886,IP,172.20.0.20.46413,>
2026-05-08,20:23:01.236167,IP,172.20.0.20.46413,>
2026-05-08,20:23:01.236257,IP,172.20.0.10.5002,>
2026-05-08,20:23:01.236793,IP,172.20.0.20.46413,>
2026-05-08,20:23:01.244455,IP,172.20.0.10.5002,>
2026-05-08,20:23:01.244563,IP,172.20.0.10.5002,>
2026-05-08,20:23:01.244648,IP,172.20.0.10.5002,>
2026-05-08,20:23:01.244722,IP,172.20.0.10.5002,>
2026-05-08,20:23:01.244895,IP,172.20.0.20.46413,>
2026-05-08,20:23:01.245202,IP,172.20.0.20.46413,>
2026-05-08,20:23:01.245501,IP,172.20.0.20.46413,>
2026-05-08,20:23:01.246045,IP,172.20.0.20.46413,>
2026-05-08,20:23:01.247098,IP,172.20.0.10.5002,>
2026-05-08,20:23:01.247342,IP,172.20.0.10.5002,>
2026-05-08,20:23:01.247416,IP,172.20.0.10.5002,>
2026-05-08,20:23:01.247490,IP,172.20.0.10.5002,>
2026-05-08,20:23:01.247568,IP,172.20.0.20.46413,>
2026-05-08,20:23:01.247855,IP,172.20.0.20.46413,>
2026-05-08,20:23:01.248077,IP,172.20.0.20.46413,>
2026-05-08,20:23:01.248275,IP,172.20.0.20.46413,>
2026-05-08,20:23:01.255366,IP,172.20.0.10.5002,>
2026-05-08,20:23:01.255563,IP,172.20.0.10.5002,>
2026-05-08,20:23:01.255706,IP,172.20.0.10.5002,>
2026-05-08,20:23:01.255850,IP,172.20.0.20.46413,>
2026-05-08,20:23:01.256144,IP,172.20.0.20.46413,>
2026-05-08,20:23:01.256250,IP,172.20.0.10.5002,>
2026-05-08,20:23:01.256486,IP,172.20.0.20.46413,>
2026-05-08,20:23:01.256734,IP,172.20.0.20.46413,>
2026-05-08,20:23:01.257962,IP,172.20.0.10.5002,>
2026-05-08,20:23:01.258145,IP,172.20.0.10.5002,>
2026-05-08,20:23:01.258293,IP,172.20.0.10.5002,>
2026-05-08,20:23:01.258427,IP,172.20.0.10.5002,>
2026-05-08,20:23:01.258455,IP,172.20.0.20.46413,>
2026-05-08,20:23:01.258900,IP,172.20.0.20.46413,>
2026-05-08,20:23:01.259266,IP,172.20.0.20.46413,>
2026-05-08,20:23:01.259596,IP,172.20.0.20.46413,>
2026-05-08,20:23:01.266175,IP,172.20.0.10.5002,>
2026-05-08,20:23:01.266318,IP,172.20.0.10.5002,>
2026-05-08,20:23:01.266609,IP,172.20.0.20.46413,>
2026-05-08,20:23:01.266642,IP,172.20.0.10.5002,>
2026-05-08,20:23:01.266986,IP,172.20.0.10.5002,>
2026-05-08,20:23:01.267024,IP,172.20.0.20.46413,>
2026-05-08,20:23:01.267428,IP,172.20.0.20.46413,>
2026-05-08,20:23:01.267843,IP,172.20.0.20.46413,>
2026-05-08,20:23:01.269015,IP,172.20.0.10.5002,>
2026-05-08,20:23:01.269085,IP,172.20.0.10.5002,>
2026-05-08,20:23:01.269410,IP,172.20.0.20.46413,>
2026-05-08,20:23:01.269466,IP,172.20.0.10.5002,>
2026-05-08,20:23:01.269883,IP,172.20.0.10.5002,>
2026-05-08,20:23:01.270379,IP,172.20.0.20.46413,>
2026-05-08,20:23:01.270748,IP,172.20.0.20.46413,>
2026-05-08,20:23:01.271389,IP,172.20.0.20.46413,>
2026-05-08,20:23:01.277003,IP,172.20.0.10.5002,>
2026-05-08,20:23:01.277247,IP,172.20.0.10.5002,>
2026-05-08,20:23:01.277450,IP,172.20.0.20.46413,>
2026-05-08,20:23:01.277675,IP,172.20.0.10.5002,>
2026-05-08,20:23:01.277831,IP,172.20.0.20.46413,>
2026-05-08,20:23:01.278081,IP,172.20.0.10.5002,>
2026-05-08,20:23:01.278310,IP,172.20.0.20.46413,>
2026-05-08,20:23:01.278722,IP,172.20.0.20.46413,>
2026-05-08,20:23:01.279728,IP,172.20.0.10.5002,>
2026-05-08,20:23:01.280187,IP,172.20.0.20.46413,>
2026-05-08,20:23:01.280624,IP,172.20.0.10.5002,>
2026-05-08,20:23:01.280966,IP,172.20.0.10.5002,>
2026-05-08,20:23:01.281107,IP,172.20.0.20.46413,>
2026-05-08,20:23:01.281554,IP,172.20.0.10.5002,>
2026-05-08,20:23:01.281636,IP,172.20.0.20.46413,>
2026-05-08,20:23:01.282122,IP,172.20.0.20.46413,>
2026-05-08,20:23:01.287827,IP,172.20.0.10.5002,>
2026-05-08,20:23:01.288072,IP,172.20.0.10.5002,>
2026-05-08,20:23:01.288230,IP,172.20.0.20.46413,>
2026-05-08,20:23:01.288473,IP,172.20.0.10.5002,>
2026-05-08,20:23:01.288605,IP,172.20.0.20.46413,>
2026-05-08,20:23:01.289014,IP,172.20.0.20.46413,>
2026-05-08,20:23:01.289117,IP,172.20.0.10.5002,>
2026-05-08,20:23:01.289537,IP,172.20.0.20.46413,>
2026-05-08,20:23:01.290480,IP,172.20.0.10.5002,>
2026-05-08,20:23:01.290929,IP,172.20.0.20.46413,>
2026-05-08,20:23:01.291318,IP,172.20.0.10.5002,>
2026-05-08,20:23:01.291724,IP,172.20.0.20.46413,>
2026-05-08,20:23:01.292548,IP,172.20.0.10.5002,>
2026-05-08,20:23:01.292670,IP,172.20.0.10.5002,>
2026-05-08,20:23:01.292988,IP,172.20.0.20.46413,>
2026-05-08,20:23:01.293250,IP,172.20.0.20.46413,>
2026-05-08,20:23:01.298615,IP,172.20.0.10.5002,>
2026-05-08,20:23:01.298863,IP,172.20.0.10.5002,>
2026-05-08,20:23:01.299032,IP,172.20.0.20.46413,>
2026-05-08,20:23:01.299163,IP,172.20.0.10.5002,>
2026-05-08,20:23:01.299366,IP,172.20.0.20.46413,>
2026-05-08,20:23:01.299600,IP,172.20.0.20.46413,>
2026-05-08,20:23:01.300019,IP,172.20.0.10.5002,>
2026-05-08,20:23:01.300314,IP,172.20.0.20.46413,>
2026-05-08,20:23:01.301233,IP,172.20.0.10.5002,>
2026-05-08,20:23:01.301679,IP,172.20.0.20.46413,>
2026-05-08,20:23:01.302135,IP,172.20.0.10.5002,>
2026-05-08,20:23:01.302856,IP,172.20.0.20.46413,>
2026-05-08,20:23:01.303146,IP,172.20.0.10.5002,>
2026-05-08,20:23:01.303471,IP,172.20.0.10.5002,>
2026-05-08,20:23:01.303509,IP,172.20.0.20.46413,>
2026-05-08,20:23:01.303943,IP,172.20.0.20.46413,>
2026-05-08,20:23:01.309316,IP,172.20.0.10.5002,>
2026-05-08,20:23:01.309606,IP,172.20.0.10.5002,>
2026-05-08,20:23:01.309699,IP,172.20.0.20.46413,>
2026-05-08,20:23:01.309770,IP,172.20.0.10.5002,>
2026-05-08,20:23:01.310164,IP,172.20.0.20.46413,>
2026-05-08,20:23:01.310522,IP,172.20.0.10.5002,>
2026-05-08,20:23:01.310843,IP,172.20.0.20.46413,>
2026-05-08,20:23:01.311247,IP,172.20.0.20.46413,>
2026-05-08,20:23:01.312052,IP,172.20.0.10.5002,>
2026-05-08,20:23:01.312430,IP,172.20.0.20.46413,>
2026-05-08,20:23:01.313104,IP,172.20.0.10.5002,>
2026-05-08,20:23:01.313465,IP,172.20.0.20.46413,>
2026-05-08,20:23:01.313744,IP,172.20.0.10.5002,>
2026-05-08,20:23:01.314142,IP,172.20.0.10.5002,>
2026-05-08,20:23:01.314260,IP,172.20.0.20.46413,>
2026-05-08,20:23:01.314622,IP,172.20.0.20.46413,>
2026-05-08,20:23:01.320195,IP,172.20.0.10.5002,>
2026-05-08,20:23:01.320385,IP,172.20.0.10.5002,>
2026-05-08,20:23:01.320657,IP,172.20.0.20.46413,>
2026-05-08,20:23:01.321060,IP,172.20.0.10.5002,>
2026-05-08,20:23:01.321191,IP,172.20.0.20.46413,>
2026-05-08,20:23:01.321490,IP,172.20.0.10.5002,>
2026-05-08,20:23:01.321585,IP,172.20.0.20.46413,>
2026-05-08,20:23:01.322282,IP,172.20.0.20.46413,>
2026-05-08,20:23:01.322750,IP,172.20.0.10.5002,>
2026-05-08,20:23:01.323236,IP,172.20.0.20.46413,>
2026-05-08,20:23:01.323700,IP,172.20.0.10.5002,>
2026-05-08,20:23:01.324118,IP,172.20.0.20.46413,>
2026-05-08,20:23:01.324787,IP,172.20.0.10.5002,>
2026-05-08,20:23:01.324909,IP,172.20.0.10.5002,>
2026-05-08,20:23:01.325143,IP,172.20.0.20.46413,>
2026-05-08,20:23:01.325549,IP,172.20.0.20.46413,>
2026-05-08,20:23:01.331052,IP,172.20.0.10.5002,>
2026-05-08,20:23:01.331416,IP,172.20.0.10.5002,>
2026-05-08,20:23:01.331565,IP,172.20.0.20.46413,>
2026-05-08,20:23:01.332048,IP,172.20.0.10.5002,>
2026-05-08,20:23:01.332118,IP,172.20.0.20.46413,>
2026-05-08,20:23:01.332491,IP,172.20.0.20.46413,>
2026-05-08,20:23:01.332504,IP,172.20.0.10.5002,>
2026-05-08,20:23:01.332951,IP,172.20.0.20.46413,>
2026-05-08,20:23:01.333532,IP,172.20.0.10.5002,>
2026-05-08,20:23:01.334106,IP,172.20.0.20.46413,>
2026-05-08,20:23:01.334596,IP,172.20.0.10.5002,>
2026-05-08,20:23:01.334953,IP,172.20.0.20.46413,>
2026-05-08,20:23:01.335380,IP,172.20.0.10.5002,>
2026-05-08,20:23:01.336030,IP,172.20.0.10.5002,>
2026-05-08,20:23:01.336070,IP,172.20.0.20.46413,>
2026-05-08,20:23:01.336378,IP,172.20.0.20.46413,>
2026-05-08,20:23:01.341956,IP,172.20.0.10.5002,>
2026-05-08,20:23:01.342321,IP,172.20.0.20.46413,>
2026-05-08,20:23:01.343128,IP,172.20.0.10.5002,>
2026-05-08,20:23:01.343273,IP,172.20.0.10.5002,>
2026-05-08,20:23:01.343449,IP,172.20.0.10.5002,>
2026-05-08,20:23:01.343563,IP,172.20.0.20.46413,>
2026-05-08,20:23:01.343875,IP,172.20.0.20.46413,>
2026-05-08,20:23:01.344132,IP,172.20.0.20.46413,>
2026-05-08,20:23:01.344540,IP,172.20.0.10.5002,>
2026-05-08,20:23:01.345126,IP,172.20.0.20.46413,>
2026-05-08,20:23:01.345191,IP,172.20.0.10.5002,>
2026-05-08,20:23:01.345685,IP,172.20.0.20.46413,>
2026-05-08,20:23:01.346380,IP,172.20.0.10.5002,>
2026-05-08,20:23:01.346962,IP,172.20.0.10.5002,>
2026-05-08,20:23:01.347006,IP,172.20.0.20.46413,>
2026-05-08,20:23:01.347296,IP,172.20.0.20.46413,>
2026-05-08,20:23:01.352734,IP,172.20.0.10.5002,>
2026-05-08,20:23:01.353164,IP,172.20.0.20.46413,>
2026-05-08,20:23:01.353836,IP,172.20.0.10.5002,>
2026-05-08,20:23:01.354124,IP,172.20.0.10.5002,>
2026-05-08,20:23:01.354303,IP,172.20.0.20.46413,>
2026-05-08,20:23:01.354365,IP,172.20.0.10.5002,>
2026-05-08,20:23:01.354839,IP,172.20.0.20.46413,>
2026-05-08,20:23:01.355443,IP,172.20.0.10.5002,>
2026-05-08,20:23:01.355956,IP,172.20.0.10.5002,>
2026-05-08,20:23:01.357170,IP,172.20.0.10.5002,>
2026-05-08,20:23:01.357484,IP,172.20.0.10.5002,>
2026-05-08,20:23:01.358064,IP,172.20.0.20.46413,>
2026-05-08,20:23:01.358458,IP,172.20.0.20.46413,>
2026-05-08,20:23:01.358857,IP,172.20.0.20.46413,>
2026-05-08,20:23:01.359220,IP,172.20.0.20.46413,>
2026-05-08,20:23:01.359649,IP,172.20.0.20.46413,>
2026-05-08,20:23:01.363452,IP,172.20.0.10.5002,>
2026-05-08,20:23:01.363814,IP,172.20.0.20.46413,>
2026-05-08,20:23:01.364549,IP,172.20.0.10.5002,>
2026-05-08,20:23:01.364915,IP,172.20.0.20.46413,>
2026-05-08,20:23:01.365027,IP,172.20.0.10.5002,>
2026-05-08,20:23:01.365500,IP,172.20.0.20.46413,>
2026-05-08,20:23:01.368284,IP,172.20.0.10.5002,>
2026-05-08,20:23:01.368732,IP,172.20.0.20.46413,>
2026-05-08,20:23:01.369089,IP,172.20.0.10.5002,>
2026-05-08,20:23:01.369209,IP,172.20.0.10.5002,>
2026-05-08,20:23:01.369511,IP,172.20.0.10.5002,>
2026-05-08,20:23:01.369619,IP,172.20.0.20.46413,>
2026-05-08,20:23:01.370023,IP,172.20.0.20.46413,>
2026-05-08,20:23:01.370083,IP,172.20.0.10.5002,>
2026-05-08,20:23:01.370718,IP,172.20.0.20.46413,>
2026-05-08,20:23:01.371041,IP,172.20.0.20.46413,>
2026-05-08,20:23:01.374145,IP,172.20.0.10.5002,>
2026-05-08,20:23:01.374571,IP,172.20.0.20.46413,>
2026-05-08,20:23:01.375116,IP,172.20.0.10.5002,>
2026-05-08,20:23:01.375714,IP,172.20.0.20.46413,>
2026-05-08,20:23:01.375720,IP,172.20.0.10.5002,>
2026-05-08,20:23:01.376046,IP,172.20.0.20.46413,>
2026-05-08,20:23:01.379005,IP,172.20.0.10.5002,>
2026-05-08,20:23:01.379390,IP,172.20.0.20.46413,>
2026-05-08,20:23:01.380260,IP,172.20.0.10.5002,>
2026-05-08,20:23:01.380414,IP,172.20.0.10.5002,>
2026-05-08,20:23:01.380696,IP,172.20.0.20.46413,>
2026-05-08,20:23:01.381024,IP,172.20.0.10.5002,>
2026-05-08,20:23:01.381253,IP,172.20.0.10.5002,>
2026-05-08,20:23:01.381721,IP,172.20.0.20.46413,>
2026-05-08,20:23:01.382314,IP,172.20.0.20.46413,>
2026-05-08,20:23:01.382704,IP,172.20.0.20.46413,>
2026-05-08,20:23:01.384952,IP,172.20.0.10.5002,>
2026-05-08,20:23:01.385347,IP,172.20.0.20.46413,>
2026-05-08,20:23:01.385932,IP,172.20.0.10.5002,>
2026-05-08,20:23:01.386441,IP,172.20.0.20.46413,>
2026-05-08,20:23:01.386566,IP,172.20.0.10.5002,>
2026-05-08,20:23:01.386906,IP,172.20.0.20.46413,>
2026-05-08,20:23:01.389830,IP,172.20.0.10.5002,>
2026-05-08,20:23:01.390237,IP,172.20.0.20.46413,>
2026-05-08,20:23:01.391061,IP,172.20.0.10.5002,>
2026-05-08,20:23:01.391389,IP,172.20.0.20.46413,>
2026-05-08,20:23:01.392082,IP,172.20.0.10.5002,>
2026-05-08,20:23:01.392453,IP,172.20.0.20.46413,>
2026-05-08,20:23:01.392656,IP,172.20.0.10.5002,>
2026-05-08,20:23:01.392946,IP,172.20.0.10.5002,>
2026-05-08,20:23:01.393131,IP,172.20.0.20.46413,>
2026-05-08,20:23:01.393470,IP,172.20.0.20.46413,>
2026-05-08,20:23:01.395702,IP,172.20.0.10.5002,>
2026-05-08,20:23:01.396141,IP,172.20.0.20.46413,>
2026-05-08,20:23:01.396819,IP,172.20.0.10.5002,>
2026-05-08,20:23:01.397135,IP,172.20.0.10.5002,>
2026-05-08,20:23:01.397196,IP,172.20.0.20.46413,>
2026-05-08,20:23:01.397612,IP,172.20.0.20.46413,>
2026-05-08,20:23:01.400593,IP,172.20.0.10.5002,>
2026-05-08,20:23:01.401074,IP,172.20.0.20.46413,>
2026-05-08,20:23:01.402212,IP,172.20.0.10.5002,>
2026-05-08,20:23:01.402580,IP,172.20.0.20.46413,>
2026-05-08,20:23:01.403183,IP,172.20.0.10.5002,>
2026-05-08,20:23:01.403371,IP,172.20.0.10.5002,>
2026-05-08,20:23:01.403579,IP,172.20.0.20.46413,>
2026-05-08,20:23:01.403715,IP,172.20.0.10.5002,>
2026-05-08,20:23:01.403991,IP,172.20.0.20.46413,>
2026-05-08,20:23:01.404643,IP,172.20.0.20.46413,>
2026-05-08,20:23:01.406445,IP,172.20.0.10.5002,>
2026-05-08,20:23:01.406915,IP,172.20.0.20.46413,>
2026-05-08,20:23:01.407497,IP,172.20.0.10.5002,>
2026-05-08,20:23:01.407891,IP,172.20.0.20.46413,>
2026-05-08,20:23:01.408008,IP,172.20.0.10.5002,>
2026-05-08,20:23:01.408564,IP,172.20.0.20.46413,>
2026-05-08,20:23:01.411321,IP,172.20.0.10.5002,>
2026-05-08,20:23:01.411721,IP,172.20.0.20.46413,>
2026-05-08,20:23:01.412949,IP,172.20.0.10.5002,>
2026-05-08,20:23:01.413365,IP,172.20.0.20.46413,>
2026-05-08,20:23:01.413962,IP,172.20.0.10.5002,>
2026-05-08,20:23:01.414245,IP,172.20.0.10.5002,>
2026-05-08,20:23:01.414340,IP,172.20.0.20.46413,>
2026-05-08,20:23:01.414921,IP,172.20.0.20.46413,>
2026-05-08,20:23:01.415023,IP,172.20.0.10.5002,>
2026-05-08,20:23:01.415459,IP,172.20.0.20.46413,>
2026-05-08,20:23:01.417243,IP,172.20.0.10.5002,>
2026-05-08,20:23:01.417602,IP,172.20.0.20.46413,>
2026-05-08,20:23:01.418133,IP,172.20.0.10.5002,>
2026-05-08,20:23:01.418646,IP,172.20.0.20.46413,>
2026-05-08,20:23:01.418907,IP,172.20.0.10.5002,>
2026-05-08,20:23:01.419596,IP,172.20.0.20.46413,>
2026-05-08,20:23:01.421985,IP,172.20.0.10.5002,>
2026-05-08,20:23:01.422418,IP,172.20.0.20.46413,>
2026-05-08,20:23:01.423686,IP,172.20.0.10.5002,>
2026-05-08,20:23:01.424265,IP,172.20.0.20.46413,>
2026-05-08,20:23:01.424592,IP,172.20.0.10.5002,>
2026-05-08,20:23:01.425140,IP,172.20.0.20.46413,>
2026-05-08,20:23:01.425271,IP,172.20.0.10.5002,>
2026-05-08,20:23:01.425737,IP,172.20.0.10.5002,>
2026-05-08,20:23:01.425743,IP,172.20.0.20.46413,>
2026-05-08,20:23:01.426770,IP,172.20.0.20.46413,>
2026-05-08,20:23:01.427986,IP,172.20.0.10.5002,>
2026-05-08,20:23:01.428395,IP,172.20.0.20.46413,>
2026-05-08,20:23:01.428845,IP,172.20.0.10.5002,>
2026-05-08,20:23:01.429357,IP,172.20.0.20.46413,>
2026-05-08,20:23:01.429825,IP,172.20.0.10.5002,>
2026-05-08,20:23:01.430205,IP,172.20.0.20.46413,>
2026-05-08,20:23:01.432668,IP,172.20.0.10.5002,>
2026-05-08,20:23:01.433008,IP,172.20.0.20.46413,>
2026-05-08,20:23:01.434652,IP,172.20.0.10.5002,>
2026-05-08,20:23:01.435021,IP,172.20.0.20.46413,>
2026-05-08,20:23:01.435552,IP,172.20.0.10.5002,>
2026-05-08,20:23:01.435913,IP,172.20.0.20.46413,>
2026-05-08,20:23:01.436205,IP,172.20.0.10.5002,>
2026-05-08,20:23:01.436543,IP,172.20.0.20.46413,>
2026-05-08,20:23:01.437030,IP,172.20.0.10.5002,>
2026-05-08,20:23:01.437679,IP,172.20.0.20.46413,>
2026-05-08,20:23:01.438670,IP,172.20.0.10.5002,>
2026-05-08,20:23:01.439085,IP,172.20.0.20.46413,>
2026-05-08,20:23:01.439603,IP,172.20.0.10.5002,>
2026-05-08,20:23:01.440124,IP,172.20.0.20.46413,>
2026-05-08,20:23:01.440426,IP,172.20.0.10.5002,>
2026-05-08,20:23:01.440758,IP,172.20.0.20.46413,>
2026-05-08,20:23:01.443340,IP,172.20.0.10.5002,>
2026-05-08,20:23:01.443820,IP,172.20.0.20.46413,>
2026-05-08,20:23:01.445363,IP,172.20.0.10.5002,>
2026-05-08,20:23:01.445710,IP,172.20.0.20.46413,>
2026-05-08,20:23:01.446228,IP,172.20.0.10.5002,>
2026-05-08,20:23:01.446674,IP,172.20.0.20.46413,>
2026-05-08,20:23:01.446818,IP,172.20.0.10.5002,>
2026-05-08,20:23:01.447273,IP,172.20.0.20.46413,>
2026-05-08,20:23:01.447997,IP,172.20.0.10.5002,>
2026-05-08,20:23:01.448375,IP,172.20.0.20.46413,>
2026-05-08,20:23:01.449417,IP,172.20.0.10.5002,>
2026-05-08,20:23:01.449844,IP,172.20.0.20.46413,>
2026-05-08,20:23:01.453099,IP,172.20.0.10.5002,>
2026-05-08,20:23:01.453218,IP,172.20.0.10.5002,>
2026-05-08,20:23:01.453492,IP,172.20.0.20.46413,>
2026-05-08,20:23:01.454065,IP,172.20.0.20.46413,>
2026-05-08,20:23:01.454070,IP,172.20.0.10.5002,>
2026-05-08,20:23:01.454358,IP,172.20.0.20.46413,>
2026-05-08,20:23:01.456151,IP,172.20.0.10.5002,>
2026-05-08,20:23:01.456530,IP,172.20.0.20.46413,>
2026-05-08,20:23:01.456955,IP,172.20.0.10.5002,>
2026-05-08,20:23:01.457416,IP,172.20.0.20.46413,>
2026-05-08,20:23:01.457671,IP,172.20.0.10.5002,>
2026-05-08,20:23:01.458405,IP,172.20.0.20.46413,>
2026-05-08,20:23:01.458580,IP,172.20.0.10.5002,>
2026-05-08,20:23:01.459039,IP,172.20.0.20.46413,>
2026-05-08,20:23:01.460223,IP,172.20.0.10.5002,>
2026-05-08,20:23:01.460609,IP,172.20.0.20.46413,>
2026-05-08,20:23:01.463733,IP,172.20.0.10.5002,>
2026-05-08,20:23:01.464246,IP,172.20.0.20.46413,>
2026-05-08,20:23:01.464309,IP,172.20.0.10.5002,>
2026-05-08,20:23:01.464558,IP,172.20.0.10.5002,>
2026-05-08,20:23:01.465590,IP,172.20.0.20.46413,>
2026-05-08,20:23:01.465598,IP,172.20.0.20.46413,>
2026-05-08,20:23:01.467079,IP,172.20.0.10.5002,>
2026-05-08,20:23:01.467467,IP,172.20.0.20.46413,>
2026-05-08,20:23:01.467655,IP,172.20.0.10.5002,>
2026-05-08,20:23:01.468030,IP,172.20.0.20.46413,>
2026-05-08,20:23:01.468780,IP,172.20.0.10.5002,>
2026-05-08,20:23:01.469261,IP,172.20.0.10.5002,>
2026-05-08,20:23:01.469407,IP,172.20.0.20.46413,>
2026-05-08,20:23:01.469706,IP,172.20.0.20.46413,>
2026-05-08,20:23:01.471100,IP,172.20.0.10.5002,>
2026-05-08,20:23:01.471446,IP,172.20.0.20.46413,>
2026-05-08,20:23:01.474538,IP,172.20.0.10.5002,>
2026-05-08,20:23:01.474951,IP,172.20.0.20.46413,>
2026-05-08,20:23:01.475770,IP,172.20.0.10.5002,>
2026-05-08,20:23:01.475949,IP,172.20.0.10.5002,>
2026-05-08,20:23:01.476172,IP,172.20.0.20.46413,>
2026-05-08,20:23:01.476500,IP,172.20.0.20.46413,>
2026-05-08,20:23:01.478028,IP,172.20.0.10.5002,>
2026-05-08,20:23:01.478275,IP,172.20.0.10.5002,>
2026-05-08,20:23:01.478373,IP,172.20.0.20.46413,>
2026-05-08,20:23:01.478715,IP,172.20.0.20.46413,>
2026-05-08,20:23:01.479586,IP,172.20.0.10.5002,>
2026-05-08,20:23:01.479939,IP,172.20.0.20.46413,>
2026-05-08,20:23:01.480105,IP,172.20.0.10.5002,>
2026-05-08,20:23:01.480698,IP,172.20.0.20.46413,>
2026-05-08,20:23:01.481745,IP,172.20.0.10.5002,>
2026-05-08,20:23:01.482335,IP,172.20.0.20.46413,>
2026-05-08,20:23:01.485656,IP,172.20.0.10.5002,>
2026-05-08,20:23:01.486296,IP,172.20.0.20.46413,>
2026-05-08,20:23:01.486383,IP,172.20.0.10.5002,>
2026-05-08,20:23:01.486715,IP,172.20.0.10.5002,>
2026-05-08,20:23:01.487409,IP,172.20.0.20.46413,>
2026-05-08,20:23:01.487746,IP,172.20.0.20.46413,>
2026-05-08,20:23:01.488818,IP,172.20.0.10.5002,>
2026-05-08,20:23:01.488903,IP,172.20.0.10.5002,>
2026-05-08,20:23:01.489226,IP,172.20.0.20.46413,>
2026-05-08,20:23:01.489586,IP,172.20.0.20.46413,>
2026-05-08,20:23:01.490146,IP,172.20.0.10.5002,>
2026-05-08,20:23:01.490919,IP,172.20.0.10.5002,>
2026-05-08,20:23:01.490950,IP,172.20.0.20.46413,>
2026-05-08,20:23:01.491239,IP,172.20.0.20.46413,>
2026-05-08,20:23:01.492637,IP,172.20.0.10.5002,>
2026-05-08,20:23:01.493048,IP,172.20.0.20.46413,>
2026-05-08,20:23:01.496596,IP,172.20.0.10.5002,>
2026-05-08,20:23:01.497064,IP,172.20.0.20.46413,>
2026-05-08,20:23:01.497625,IP,172.20.0.10.5002,>
2026-05-08,20:23:01.497928,IP,172.20.0.10.5002,>
2026-05-08,20:23:01.498087,IP,172.20.0.20.46413,>
2026-05-08,20:23:01.498351,IP,172.20.0.20.46413,>
2026-05-08,20:23:01.499534,IP,172.20.0.10.5002,>
2026-05-08,20:23:01.499775,IP,172.20.0.10.5002,>
2026-05-08,20:23:01.499948,IP,172.20.0.20.46413,>
2026-05-08,20:23:01.500218,IP,172.20.0.20.46413,>
2026-05-08,20:23:01.501147,IP,172.20.0.10.5002,>
2026-05-08,20:23:01.501432,IP,172.20.0.20.46413,>
2026-05-08,20:23:01.501671,IP,172.20.0.10.5002,>
2026-05-08,20:23:01.502097,IP,172.20.0.20.46413,>
2026-05-08,20:23:01.503329,IP,172.20.0.10.5002,>
2026-05-08,20:23:01.503745,IP,172.20.0.20.46413,>
2026-05-08,20:23:01.507307,IP,172.20.0.10.5002,>
2026-05-08,20:23:01.507681,IP,172.20.0.20.46413,>
2026-05-08,20:23:01.508275,IP,172.20.0.10.5002,>
2026-05-08,20:23:01.508586,IP,172.20.0.20.46413,>
2026-05-08,20:23:01.508728,IP,172.20.0.10.5002,>
2026-05-08,20:23:01.509053,IP,172.20.0.20.46413,>
2026-05-08,20:23:01.510206,IP,172.20.0.10.5002,>
2026-05-08,20:23:01.510563,IP,172.20.0.20.46413,>
2026-05-08,20:23:01.510602,IP,172.20.0.10.5002,>
2026-05-08,20:23:01.510947,IP,172.20.0.20.46413,>
2026-05-08,20:23:01.511735,IP,172.20.0.10.5002,>
2026-05-08,20:23:01.512101,IP,172.20.0.20.46413,>
2026-05-08,20:23:01.512343,IP,172.20.0.10.5002,>
2026-05-08,20:23:01.512647,IP,172.20.0.20.46413,>
2026-05-08,20:23:01.514034,IP,172.20.0.10.5002,>
2026-05-08,20:23:01.514401,IP,172.20.0.20.46413,>
2026-05-08,20:23:01.517937,IP,172.20.0.10.5002,>
2026-05-08,20:23:01.518298,IP,172.20.0.20.46413,>
2026-05-08,20:23:01.518817,IP,172.20.0.10.5002,>
2026-05-08,20:23:01.519218,IP,172.20.0.10.5002,>
2026-05-08,20:23:01.519349,IP,172.20.0.20.46413,>
2026-05-08,20:23:01.519638,IP,172.20.0.20.46413,>
2026-05-08,20:23:01.520866,IP,172.20.0.10.5002,>
2026-05-08,20:23:01.521145,IP,172.20.0.10.5002,>
2026-05-08,20:23:01.521186,IP,172.20.0.20.46413,>
2026-05-08,20:23:01.521561,IP,172.20.0.20.46413,>
2026-05-08,20:23:01.522342,IP,172.20.0.10.5002,>
2026-05-08,20:23:01.522699,IP,172.20.0.20.46413,>
2026-05-08,20:23:01.522825,IP,172.20.0.10.5002,>
2026-05-08,20:23:01.523171,IP,172.20.0.20.46413,>
2026-05-08,20:23:01.524678,IP,172.20.0.10.5002,>
2026-05-08,20:23:01.525053,IP,172.20.0.20.46413,>
2026-05-08,20:23:01.528517,IP,172.20.0.10.5002,>
2026-05-08,20:23:01.528875,IP,172.20.0.20.46413,>
2026-05-08,20:23:01.529788,IP,172.20.0.10.5002,>
2026-05-08,20:23:01.529818,IP,172.20.0.10.5002,>
2026-05-08,20:23:01.530252,IP,172.20.0.20.46413,>
2026-05-08,20:23:01.530522,IP,172.20.0.20.46413,>
2026-05-08,20:23:01.531585,IP,172.20.0.10.5002,>
2026-05-08,20:23:01.531768,IP,172.20.0.10.5002,>
2026-05-08,20:23:01.531974,IP,172.20.0.20.46413,>
2026-05-08,20:23:01.532276,IP,172.20.0.20.46413,>
2026-05-08,20:23:01.533025,IP,172.20.0.10.5002,>
2026-05-08,20:23:01.533513,IP,172.20.0.20.46413,>
2026-05-08,20:23:01.533772,IP,172.20.0.10.5002,>
2026-05-08,20:23:01.534264,IP,172.20.0.20.46413,>
2026-05-08,20:23:01.535380,IP,172.20.0.10.5002,>
2026-05-08,20:23:01.535696,IP,172.20.0.20.46413,>
2026-05-08,20:23:01.539112,IP,172.20.0.10.5002,>
2026-05-08,20:23:01.539458,IP,172.20.0.20.46413,>
2026-05-08,20:23:01.540529,IP,172.20.0.10.5002,>
2026-05-08,20:23:01.540705,IP,172.20.0.10.5002,>
2026-05-08,20:23:01.540933,IP,172.20.0.20.46413,>
2026-05-08,20:23:01.541183,IP,172.20.0.20.46413,>
2026-05-08,20:23:01.542261,IP,172.20.0.10.5002,>
2026-05-08,20:23:01.542475,IP,172.20.0.10.5002,>
2026-05-08,20:23:01.542599,IP,172.20.0.20.46413,>
2026-05-08,20:23:01.542880,IP,172.20.0.20.46413,>
2026-05-08,20:23:01.543774,IP,172.20.0.10.5002,>
2026-05-08,20:23:01.544266,IP,172.20.0.20.46413,>
2026-05-08,20:23:01.544468,IP,172.20.0.10.5002,>
2026-05-08,20:23:01.544813,IP,172.20.0.20.46413,>
2026-05-08,20:23:01.546004,IP,172.20.0.10.5002,>
2026-05-08,20:23:01.546339,IP,172.20.0.20.46413,>
2026-05-08,20:23:01.549745,IP,172.20.0.10.5002,>
2026-05-08,20:23:01.550111,IP,172.20.0.20.46413,>
2026-05-08,20:23:01.551137,IP,172.20.0.10.5002,>
2026-05-08,20:23:01.551372,IP,172.20.0.10.5002,>
2026-05-08,20:23:01.551553,IP,172.20.0.20.46413,>
2026-05-08,20:23:01.551820,IP,172.20.0.20.46413,>
2026-05-08,20:23:01.552948,IP,172.20.0.10.5002,>
2026-05-08,20:23:01.553078,IP,172.20.0.10.5002,>
2026-05-08,20:23:01.553364,IP,172.20.0.20.46413,>
2026-05-08,20:23:01.553612,IP,172.20.0.20.46413,>
2026-05-08,20:23:01.554498,IP,172.20.0.10.5002,>
2026-05-08,20:23:01.554856,IP,172.20.0.20.46413,>
2026-05-08,20:23:01.555040,IP,172.20.0.10.5002,>
2026-05-08,20:23:01.555359,IP,172.20.0.20.46413,>
2026-05-08,20:23:01.556627,IP,172.20.0.10.5002,>
2026-05-08,20:23:01.556985,IP,172.20.0.20.46413,>
2026-05-08,20:23:01.560349,IP,172.20.0.10.5002,>
2026-05-08,20:23:01.560703,IP,172.20.0.20.46413,>
2026-05-08,20:23:01.561751,IP,172.20.0.10.5002,>
2026-05-08,20:23:01.561997,IP,172.20.0.10.5002,>
2026-05-08,20:23:01.562453,IP,172.20.0.20.46413,>
2026-05-08,20:23:01.562940,IP,172.20.0.20.46413,>
2026-05-08,20:23:01.563659,IP,172.20.0.10.5002,>
2026-05-08,20:23:01.563728,IP,172.20.0.10.5002,>
2026-05-08,20:23:01.564203,IP,172.20.0.20.46413,>
2026-05-08,20:23:01.564524,IP,172.20.0.20.46413,>
2026-05-08,20:23:01.565068,IP,172.20.0.10.5002,>
2026-05-08,20:23:01.565589,IP,172.20.0.10.5002,>
2026-05-08,20:23:01.565615,IP,172.20.0.20.46413,>
2026-05-08,20:23:01.566752,IP,172.20.0.20.46413,>
2026-05-08,20:23:01.567254,IP,172.20.0.10.5002,>
2026-05-08,20:23:01.567610,IP,172.20.0.20.46413,>
2026-05-08,20:23:01.570937,IP,172.20.0.10.5002,>
2026-05-08,20:23:01.571314,IP,172.20.0.20.46413,>
2026-05-08,20:23:01.572659,IP,172.20.0.10.5002,>
2026-05-08,20:23:01.573063,IP,172.20.0.20.46413,>
2026-05-08,20:23:01.573160,IP,172.20.0.10.5002,>
2026-05-08,20:23:01.573570,IP,172.20.0.20.46413,>
2026-05-08,20:23:01.574500,IP,172.20.0.10.5002,>
2026-05-08,20:23:01.574751,IP,172.20.0.10.5002,>
2026-05-08,20:23:01.574902,IP,172.20.0.20.46413,>
2026-05-08,20:23:01.575195,IP,172.20.0.20.46413,>
2026-05-08,20:23:01.575827,IP,172.20.0.10.5002,>
2026-05-08,20:23:01.576153,IP,172.20.0.20.46413,>
2026-05-08,20:23:01.576960,IP,172.20.0.10.5002,>
2026-05-08,20:23:01.577259,IP,172.20.0.20.46413,>
2026-05-08,20:23:01.577908,IP,172.20.0.10.5002,>
2026-05-08,20:23:01.578202,IP,172.20.0.20.46413,>
2026-05-08,20:23:01.581596,IP,172.20.0.10.5002,>
2026-05-08,20:23:01.582005,IP,172.20.0.20.46413,>
2026-05-08,20:23:01.583290,IP,172.20.0.10.5002,>
2026-05-08,20:23:01.583732,IP,172.20.0.10.5002,>
2026-05-08,20:23:01.583787,IP,172.20.0.20.46413,>
2026-05-08,20:23:01.584107,IP,172.20.0.20.46413,>
2026-05-08,20:23:01.585193,IP,172.20.0.10.5002,>
2026-05-08,20:23:01.585613,IP,172.20.0.20.46413,>
2026-05-08,20:23:01.585630,IP,172.20.0.10.5002,>
2026-05-08,20:23:01.586008,IP,172.20.0.20.46413,>
2026-05-08,20:23:01.586343,IP,172.20.0.10.5002,>
2026-05-08,20:23:01.586717,IP,172.20.0.20.46413,>
2026-05-08,20:23:01.587480,IP,172.20.0.10.5002,>
2026-05-08,20:23:01.587910,IP,172.20.0.20.46413,>
2026-05-08,20:23:01.588463,IP,172.20.0.10.5002,>
2026-05-08,20:23:01.588791,IP,172.20.0.20.46413,>
2026-05-08,20:23:01.592216,IP,172.20.0.10.5002,>
2026-05-08,20:23:01.592630,IP,172.20.0.20.46413,>
2026-05-08,20:23:01.594008,IP,172.20.0.10.5002,>
2026-05-08,20:23:01.594373,IP,172.20.0.10.5002,>
2026-05-08,20:23:01.594395,IP,172.20.0.20.46413,>
2026-05-08,20:23:01.594710,IP,172.20.0.20.46413,>
2026-05-08,20:23:01.595985,IP,172.20.0.10.5002,>
2026-05-08,20:23:01.596322,IP,172.20.0.20.46413,>
2026-05-08,20:23:01.596448,IP,172.20.0.10.5002,>
2026-05-08,20:23:01.596774,IP,172.20.0.20.46413,>
2026-05-08,20:23:01.596911,IP,172.20.0.10.5002,>
2026-05-08,20:23:01.597263,IP,172.20.0.20.46413,>
2026-05-08,20:23:01.598121,IP,172.20.0.10.5002,>
2026-05-08,20:23:01.598437,IP,172.20.0.20.46413,>
2026-05-08,20:23:01.599085,IP,172.20.0.10.5002,>
2026-05-08,20:23:01.599538,IP,172.20.0.20.46413,>
2026-05-08,20:23:01.602878,IP,172.20.0.10.5002,>
2026-05-08,20:23:01.603487,IP,172.20.0.20.46413,>
2026-05-08,20:23:01.604678,IP,172.20.0.10.5002,>
2026-05-08,20:23:01.604967,IP,172.20.0.10.5002,>
2026-05-08,20:23:01.605061,IP,172.20.0.20.46413,>
2026-05-08,20:23:01.605387,IP,172.20.0.20.46413,>
2026-05-08,20:23:01.606629,IP,172.20.0.10.5002,>
2026-05-08,20:23:01.606989,IP,172.20.0.10.5002,>
2026-05-08,20:23:01.607009,IP,172.20.0.20.46413,>
2026-05-08,20:23:01.607295,IP,172.20.0.20.46413,>
2026-05-08,20:23:01.607524,IP,172.20.0.10.5002,>
2026-05-08,20:23:01.608430,IP,172.20.0.20.46413,>
2026-05-08,20:23:01.608648,IP,172.20.0.10.5002,>
2026-05-08,20:23:01.609117,IP,172.20.0.20.46413,>
2026-05-08,20:23:01.609824,IP,172.20.0.10.5002,>
2026-05-08,20:23:01.610325,IP,172.20.0.20.46413,>
2026-05-08,20:23:01.613732,IP,172.20.0.10.5002,>
2026-05-08,20:23:01.614162,IP,172.20.0.20.46413,>
2026-05-08,20:23:01.615301,IP,172.20.0.10.5002,>
2026-05-08,20:23:01.615662,IP,172.20.0.10.5002,>
2026-05-08,20:23:01.615701,IP,172.20.0.20.46413,>
2026-05-08,20:23:01.616110,IP,172.20.0.20.46413,>
2026-05-08,20:23:01.617292,IP,172.20.0.10.5002,>
2026-05-08,20:23:01.617470,IP,172.20.0.10.5002,>
2026-05-08,20:23:01.617709,IP,172.20.0.20.46413,>
2026-05-08,20:23:01.618194,IP,172.20.0.20.46413,>
2026-05-08,20:23:01.618692,IP,172.20.0.10.5002,>
2026-05-08,20:23:01.619089,IP,172.20.0.20.46413,>
2026-05-08,20:23:01.619320,IP,172.20.0.10.5002,>
2026-05-08,20:23:01.619770,IP,172.20.0.20.46413,>
2026-05-08,20:23:01.620602,IP,172.20.0.10.5002,>
2026-05-08,20:23:01.621082,IP,172.20.0.20.46413,>
2026-05-08,20:23:01.624375,IP,172.20.0.10.5002,>
2026-05-08,20:23:01.624725,IP,172.20.0.20.46413,>
2026-05-08,20:23:01.625932,IP,172.20.0.10.5002,>
2026-05-08,20:23:01.626299,IP,172.20.0.10.5002,>
2026-05-08,20:23:01.626352,IP,172.20.0.20.46413,>
2026-05-08,20:23:01.626739,IP,172.20.0.20.46413,>
2026-05-08,20:23:01.628083,IP,172.20.0.10.5002,>
2026-05-08,20:23:01.628481,IP,172.20.0.20.46413,>
2026-05-08,20:23:01.628568,IP,172.20.0.10.5002,>
2026-05-08,20:23:01.629301,IP,172.20.0.10.5002,>
2026-05-08,20:23:01.629342,IP,172.20.0.20.46413,>
2026-05-08,20:23:01.629706,IP,172.20.0.20.46413,>
2026-05-08,20:23:01.631627,IP,172.20.0.10.5002,>
2026-05-08,20:23:01.631748,IP,172.20.0.10.5002,>
2026-05-08,20:23:01.632016,IP,172.20.0.20.46413,>
2026-05-08,20:23:01.632311,IP,172.20.0.20.46413,>
2026-05-08,20:23:01.635204,IP,172.20.0.10.5002,>
2026-05-08,20:23:01.635532,IP,172.20.0.20.46413,>
2026-05-08,20:23:01.636580,IP,172.20.0.10.5002,>
2026-05-08,20:23:01.636921,IP,172.20.0.20.46413,>
2026-05-08,20:23:01.636971,IP,172.20.0.10.5002,>
2026-05-08,20:23:01.637323,IP,172.20.0.20.46413,>
2026-05-08,20:23:01.638923,IP,172.20.0.10.5002,>
2026-05-08,20:23:01.639258,IP,172.20.0.20.46413,>
2026-05-08,20:23:01.639525,IP,172.20.0.10.5002,>
2026-05-08,20:23:01.639964,IP,172.20.0.20.46413,>
2026-05-08,20:23:01.639994,IP,172.20.0.10.5002,>
2026-05-08,20:23:01.640297,IP,172.20.0.20.46413,>
2026-05-08,20:23:01.642308,IP,172.20.0.10.5002,>
2026-05-08,20:23:01.642560,IP,172.20.0.10.5002,>
2026-05-08,20:23:01.642685,IP,172.20.0.20.46413,>
2026-05-08,20:23:01.642983,IP,172.20.0.20.46413,>
2026-05-08,20:23:01.645744,IP,172.20.0.10.5002,>
2026-05-08,20:23:01.646157,IP,172.20.0.20.46413,>
2026-05-08,20:23:01.647141,IP,172.20.0.10.5002,>
2026-05-08,20:23:01.647582,IP,172.20.0.20.46413,>
2026-05-08,20:23:01.647720,IP,172.20.0.10.5002,>
2026-05-08,20:23:01.648133,IP,172.20.0.20.46413,>
2026-05-08,20:23:01.649564,IP,172.20.0.10.5002,>
2026-05-08,20:23:01.650017,IP,172.20.0.20.46413,>
2026-05-08,20:23:01.651093,IP,172.20.0.10.5002,>
2026-05-08,20:23:01.651167,IP,172.20.0.10.5002,>
2026-05-08,20:23:01.651472,IP,172.20.0.20.46413,>
2026-05-08,20:23:01.651729,IP,172.20.0.20.46413,>
2026-05-08,20:23:01.653005,IP,172.20.0.10.5002,>
2026-05-08,20:23:01.653446,IP,172.20.0.20.46413,>
2026-05-08,20:23:01.653508,IP,172.20.0.10.5002,>
2026-05-08,20:23:01.653852,IP,172.20.0.20.46413,>
2026-05-08,20:23:01.656387,IP,172.20.0.10.5002,>
2026-05-08,20:23:01.656840,IP,172.20.0.20.46413,>
2026-05-08,20:23:01.657810,IP,172.20.0.10.5002,>
2026-05-08,20:23:01.658218,IP,172.20.0.20.46413,>
2026-05-08,20:23:01.658301,IP,172.20.0.10.5002,>
2026-05-08,20:23:01.658640,IP,172.20.0.20.46413,>
2026-05-08,20:23:01.660338,IP,172.20.0.10.5002,>
2026-05-08,20:23:01.660718,IP,172.20.0.20.46413,>
2026-05-08,20:23:01.661693,IP,172.20.0.10.5002,>
2026-05-08,20:23:01.661919,IP,172.20.0.10.5002,>
2026-05-08,20:23:01.662111,IP,172.20.0.20.46413,>
2026-05-08,20:23:01.662372,IP,172.20.0.20.46413,>
2026-05-08,20:23:01.663772,IP,172.20.0.10.5002,>
2026-05-08,20:23:01.664176,IP,172.20.0.20.46413,>
2026-05-08,20:23:01.664491,IP,172.20.0.10.5002,>
2026-05-08,20:23:01.664852,IP,172.20.0.20.46413,>
2026-05-08,20:23:01.667039,IP,172.20.0.10.5002,>
2026-05-08,20:23:01.667380,IP,172.20.0.20.46413,>
2026-05-08,20:23:01.668471,IP,172.20.0.10.5002,>
2026-05-08,20:23:01.668867,IP,172.20.0.20.46413,>
2026-05-08,20:23:01.668889,IP,172.20.0.10.5002,>
2026-05-08,20:23:01.669178,IP,172.20.0.20.46413,>
2026-05-08,20:23:01.671040,IP,172.20.0.10.5002,>
2026-05-08,20:23:01.671411,IP,172.20.0.20.46413,>
2026-05-08,20:23:01.672335,IP,172.20.0.10.5002,>
2026-05-08,20:23:01.672580,IP,172.20.0.10.5002,>
2026-05-08,20:23:01.672739,IP,172.20.0.20.46413,>
2026-05-08,20:23:01.673075,IP,172.20.0.20.46413,>
2026-05-08,20:23:01.674368,IP,172.20.0.10.5002,>
2026-05-08,20:23:01.674722,IP,172.20.0.20.46413,>
2026-05-08,20:23:01.675178,IP,172.20.0.10.5002,>
2026-05-08,20:23:01.675502,IP,172.20.0.20.46413,>
2026-05-08,20:23:01.677714,IP,172.20.0.10.5002,>
2026-05-08,20:23:01.678115,IP,172.20.0.20.46413,>
2026-05-08,20:23:01.679155,IP,172.20.0.10.5002,>
2026-05-08,20:23:01.679518,IP,172.20.0.10.5002,>
2026-05-08,20:23:01.679533,IP,172.20.0.20.46413,>
2026-05-08,20:23:01.679786,IP,172.20.0.20.46413,>
2026-05-08,20:23:01.681704,IP,172.20.0.10.5002,>
2026-05-08,20:23:01.682120,IP,172.20.0.20.46413,>
2026-05-08,20:23:01.683204,IP,172.20.0.10.5002,>
2026-05-08,20:23:01.683447,IP,172.20.0.10.5002,>
2026-05-08,20:23:01.683830,IP,172.20.0.20.46413,>
2026-05-08,20:23:01.684111,IP,172.20.0.20.46413,>
2026-05-08,20:23:01.684954,IP,172.20.0.10.5002,>
2026-05-08,20:23:01.685300,IP,172.20.0.20.46413,>
2026-05-08,20:23:01.685950,IP,172.20.0.10.5002,>
2026-05-08,20:23:01.686442,IP,172.20.0.20.46413,>
2026-05-08,20:23:01.688326,IP,172.20.0.10.5002,>
2026-05-08,20:23:01.688672,IP,172.20.0.20.46413,>
2026-05-08,20:23:01.689765,IP,172.20.0.10.5002,>
2026-05-08,20:23:01.690025,IP,172.20.0.10.5002,>
2026-05-08,20:23:01.690141,IP,172.20.0.20.46413,>
2026-05-08,20:23:01.690393,IP,172.20.0.20.46413,>
2026-05-08,20:23:01.692399,IP,172.20.0.10.5002,>
2026-05-08,20:23:01.692729,IP,172.20.0.20.46413,>
2026-05-08,20:23:01.694041,IP,172.20.0.10.5002,>
2026-05-08,20:23:01.694318,IP,172.20.0.10.5002,>
2026-05-08,20:23:01.694384,IP,172.20.0.20.46413,>
2026-05-08,20:23:01.694645,IP,172.20.0.20.46413,>
2026-05-08,20:23:01.695511,IP,172.20.0.10.5002,>
2026-05-08,20:23:01.695891,IP,172.20.0.20.46413,>
2026-05-08,20:23:01.696729,IP,172.20.0.10.5002,>
2026-05-08,20:23:01.697102,IP,172.20.0.20.46413,>
2026-05-08,20:23:01.698864,IP,172.20.0.10.5002,>
2026-05-08,20:23:01.699248,IP,172.20.0.20.46413,>
2026-05-08,20:23:01.700352,IP,172.20.0.10.5002,>
2026-05-08,20:23:01.700580,IP,172.20.0.10.5002,>
2026-05-08,20:23:01.700705,IP,172.20.0.20.46413,>
2026-05-08,20:23:01.701000,IP,172.20.0.20.46413,>
2026-05-08,20:23:01.703026,IP,172.20.0.10.5002,>
2026-05-08,20:23:01.703369,IP,172.20.0.20.46413,>
2026-05-08,20:23:01.704631,IP,172.20.0.10.5002,>
2026-05-08,20:23:01.704861,IP,172.20.0.10.5002,>
2026-05-08,20:23:01.704997,IP,172.20.0.20.46413,>
2026-05-08,20:23:01.705424,IP,172.20.0.20.46413,>
2026-05-08,20:23:01.706123,IP,172.20.0.10.5002,>
2026-05-08,20:23:01.706568,IP,172.20.0.20.46413,>
2026-05-08,20:23:01.707366,IP,172.20.0.10.5002,>
2026-05-08,20:23:01.707731,IP,172.20.0.20.46413,>
2026-05-08,20:23:01.709473,IP,172.20.0.10.5002,>
2026-05-08,20:23:01.709900,IP,172.20.0.20.46413,>
2026-05-08,20:23:01.710945,IP,172.20.0.10.5002,>
2026-05-08,20:23:01.711192,IP,172.20.0.10.5002,>
2026-05-08,20:23:01.711278,IP,172.20.0.20.46413,>
2026-05-08,20:23:01.711557,IP,172.20.0.20.46413,>
2026-05-08,20:23:01.713638,IP,172.20.0.10.5002,>
2026-05-08,20:23:01.714085,IP,172.20.0.20.46413,>
2026-05-08,20:23:01.715288,IP,172.20.0.10.5002,>
2026-05-08,20:23:01.715608,IP,172.20.0.10.5002,>
2026-05-08,20:23:01.715760,IP,172.20.0.20.46413,>
2026-05-08,20:23:01.716117,IP,172.20.0.20.46413,>
2026-05-08,20:23:01.716767,IP,172.20.0.10.5002,>
2026-05-08,20:23:01.717119,IP,172.20.0.20.46413,>
2026-05-08,20:23:01.717986,IP,172.20.0.10.5002,>
2026-05-08,20:23:01.718429,IP,172.20.0.20.46413,>
2026-05-08,20:23:01.720149,IP,172.20.0.10.5002,>
2026-05-08,20:23:01.720476,IP,172.20.0.20.46413,>
2026-05-08,20:23:01.721473,IP,172.20.0.10.5002,>
2026-05-08,20:23:01.721826,IP,172.20.0.20.46413,>
2026-05-08,20:23:01.721958,IP,172.20.0.10.5002,>
2026-05-08,20:23:01.722387,IP,172.20.0.20.46413,>
2026-05-08,20:23:01.724407,IP,172.20.0.10.5002,>
2026-05-08,20:23:01.724750,IP,172.20.0.20.46413,>
2026-05-08,20:23:01.726519,IP,172.20.0.10.5002,>
2026-05-08,20:23:01.726757,IP,172.20.0.10.5002,>
2026-05-08,20:23:01.726954,IP,172.20.0.20.46413,>
2026-05-08,20:23:01.727707,IP,172.20.0.20.46413,>
2026-05-08,20:23:01.727763,IP,172.20.0.10.5002,>
2026-05-08,20:23:01.728063,IP,172.20.0.20.46413,>
2026-05-08,20:23:01.728689,IP,172.20.0.10.5002,>
2026-05-08,20:23:01.729066,IP,172.20.0.20.46413,>
2026-05-08,20:23:01.730666,IP,172.20.0.10.5002,>
2026-05-08,20:23:01.731013,IP,172.20.0.20.46413,>
2026-05-08,20:23:01.732037,IP,172.20.0.10.5002,>
2026-05-08,20:23:01.732473,IP,172.20.0.20.46413,>
2026-05-08,20:23:01.732552,IP,172.20.0.10.5002,>
2026-05-08,20:23:01.732945,IP,172.20.0.20.46413,>
2026-05-08,20:23:01.735023,IP,172.20.0.10.5002,>
2026-05-08,20:23:01.735373,IP,172.20.0.20.46413,>
2026-05-08,20:23:01.737146,IP,172.20.0.10.5002,>
2026-05-08,20:23:01.737492,IP,172.20.0.20.46413,>
2026-05-08,20:23:01.737911,IP,172.20.0.10.5002,>
2026-05-08,20:23:01.738219,IP,172.20.0.10.5002,>
2026-05-08,20:23:01.738226,IP,172.20.0.20.46413,>
2026-05-08,20:23:01.738478,IP,172.20.0.20.46413,>
2026-05-08,20:23:01.739349,IP,172.20.0.10.5002,>
2026-05-08,20:23:01.739670,IP,172.20.0.20.46413,>
2026-05-08,20:23:01.741340,IP,172.20.0.10.5002,>
2026-05-08,20:23:01.741737,IP,172.20.0.20.46413,>
2026-05-08,20:23:01.742748,IP,172.20.0.10.5002,>
2026-05-08,20:23:01.743170,IP,172.20.0.10.5002,>
2026-05-08,20:23:01.743173,IP,172.20.0.20.46413,>
2026-05-08,20:23:01.743660,IP,172.20.0.20.46413,>
2026-05-08,20:23:01.745648,IP,172.20.0.10.5002,>
2026-05-08,20:23:01.746105,IP,172.20.0.20.46413,>
2026-05-08,20:23:01.747658,IP,172.20.0.10.5002,>
2026-05-08,20:23:01.748076,IP,172.20.0.20.46413,>
2026-05-08,20:23:01.748408,IP,172.20.0.10.5002,>
2026-05-08,20:23:01.748791,IP,172.20.0.10.5002,>
2026-05-08,20:23:01.749181,IP,172.20.0.20.46413,>
2026-05-08,20:23:01.749502,IP,172.20.0.20.46413,>
2026-05-08,20:23:01.750187,IP,172.20.0.10.5002,>
2026-05-08,20:23:01.750515,IP,172.20.0.20.46413,>
2026-05-08,20:23:01.752044,IP,172.20.0.10.5002,>
2026-05-08,20:23:01.752341,IP,172.20.0.20.46413,>
2026-05-08,20:23:01.753442,IP,172.20.0.10.5002,>
2026-05-08,20:23:01.753882,IP,172.20.0.10.5002,>
2026-05-08,20:23:01.753980,IP,172.20.0.20.46413,>
2026-05-08,20:23:01.754285,IP,172.20.0.20.46413,>
2026-05-08,20:23:01.756393,IP,172.20.0.10.5002,>
2026-05-08,20:23:01.756762,IP,172.20.0.20.46413,>
2026-05-08,20:23:01.758262,IP,172.20.0.10.5002,>
2026-05-08,20:23:01.758657,IP,172.20.0.20.46413,>
2026-05-08,20:23:01.759445,IP,172.20.0.10.5002,>
2026-05-08,20:23:01.759742,IP,172.20.0.10.5002,>
2026-05-08,20:23:01.759859,IP,172.20.0.20.46413,>
2026-05-08,20:23:01.760129,IP,172.20.0.20.46413,>
2026-05-08,20:23:01.760972,IP,172.20.0.10.5002,>
2026-05-08,20:23:01.761379,IP,172.20.0.20.46413,>
2026-05-08,20:23:01.762545,IP,172.20.0.10.5002,>
2026-05-08,20:23:01.762918,IP,172.20.0.20.46413,>
2026-05-08,20:23:01.764205,IP,172.20.0.10.5002,>
2026-05-08,20:23:01.764451,IP,172.20.0.10.5002,>
2026-05-08,20:23:01.764687,IP,172.20.0.20.46413,>
2026-05-08,20:23:01.765071,IP,172.20.0.20.46413,>
2026-05-08,20:23:01.767067,IP,172.20.0.10.5002,>
2026-05-08,20:23:01.767597,IP,172.20.0.20.46413,>
2026-05-08,20:23:01.768977,IP,172.20.0.10.5002,>
2026-05-08,20:23:01.769514,IP,172.20.0.20.46413,>
2026-05-08,20:23:01.770055,IP,172.20.0.10.5002,>
2026-05-08,20:23:01.770346,IP,172.20.0.10.5002,>
2026-05-08,20:23:01.770372,IP,172.20.0.20.46413,>
2026-05-08,20:23:01.770634,IP,172.20.0.20.46413,>
2026-05-08,20:23:01.771628,IP,172.20.0.10.5002,>
2026-05-08,20:23:01.772002,IP,172.20.0.20.46413,>
2026-05-08,20:23:01.773174,IP,172.20.0.10.5002,>
2026-05-08,20:23:01.773499,IP,172.20.0.20.46413,>
2026-05-08,20:23:01.775055,IP,172.20.0.10.5002,>
2026-05-08,20:23:01.775373,IP,172.20.0.10.5002,>
2026-05-08,20:23:01.775381,IP,172.20.0.20.46413,>
2026-05-08,20:23:01.775630,IP,172.20.0.20.46413,>
2026-05-08,20:23:01.777900,IP,172.20.0.10.5002,>
2026-05-08,20:23:01.778289,IP,172.20.0.20.46413,>
2026-05-08,20:23:01.779727,IP,172.20.0.10.5002,>
2026-05-08,20:23:01.780081,IP,172.20.0.20.46413,>
2026-05-08,20:23:01.780548,IP,172.20.0.10.5002,>
2026-05-08,20:23:01.781021,IP,172.20.0.10.5002,>
2026-05-08,20:23:01.781138,IP,172.20.0.20.46413,>
2026-05-08,20:23:01.781544,IP,172.20.0.20.46413,>
2026-05-08,20:23:01.782488,IP,172.20.0.10.5002,>
2026-05-08,20:23:01.782969,IP,172.20.0.20.46413,>
2026-05-08,20:23:01.783715,IP,172.20.0.10.5002,>
2026-05-08,20:23:01.784184,IP,172.20.0.20.46413,>
2026-05-08,20:23:01.785538,IP,172.20.0.10.5002,>
2026-05-08,20:23:01.785846,IP,172.20.0.10.5002,>
2026-05-08,20:23:01.786048,IP,172.20.0.20.46413,>
2026-05-08,20:23:01.786474,IP,172.20.0.20.46413,>
2026-05-08,20:23:01.788551,IP,172.20.0.10.5002,>
2026-05-08,20:23:01.789036,IP,172.20.0.20.46413,>
2026-05-08,20:23:01.790343,IP,172.20.0.10.5002,>
2026-05-08,20:23:01.790854,IP,172.20.0.20.46413,>
2026-05-08,20:23:01.791377,IP,172.20.0.10.5002,>
2026-05-08,20:23:01.791877,IP,172.20.0.20.46413,>
2026-05-08,20:23:01.791934,IP,172.20.0.10.5002,>
2026-05-08,20:23:01.792334,IP,172.20.0.20.46413,>
2026-05-08,20:23:01.793274,IP,172.20.0.10.5002,>
2026-05-08,20:23:01.793719,IP,172.20.0.20.46413,>
2026-05-08,20:23:01.794542,IP,172.20.0.10.5002,>
2026-05-08,20:23:01.795169,IP,172.20.0.20.46413,>
2026-05-08,20:23:01.796254,IP,172.20.0.10.5002,>
2026-05-08,20:23:01.796648,IP,172.20.0.10.5002,>
2026-05-08,20:23:01.796651,IP,172.20.0.20.46413,>
2026-05-08,20:23:01.797073,IP,172.20.0.20.46413,>
2026-05-08,20:23:01.799370,IP,172.20.0.10.5002,>
2026-05-08,20:23:01.799764,IP,172.20.0.20.46413,>
2026-05-08,20:23:01.801070,IP,172.20.0.10.5002,>
2026-05-08,20:23:01.801453,IP,172.20.0.20.46413,>
2026-05-08,20:23:01.802921,IP,172.20.0.10.5002,>
2026-05-08,20:23:01.802930,IP,172.20.0.10.5002,>
2026-05-08,20:23:01.803443,IP,172.20.0.20.46413,>
2026-05-08,20:23:01.803884,IP,172.20.0.20.46413,>
2026-05-08,20:23:01.804110,IP,172.20.0.10.5002,>
2026-05-08,20:23:01.804476,IP,172.20.0.20.46413,>
2026-05-08,20:23:01.805375,IP,172.20.0.10.5002,>
2026-05-08,20:23:01.805826,IP,172.20.0.20.46413,>
2026-05-08,20:23:01.806862,IP,172.20.0.10.5002,>
2026-05-08,20:23:01.807240,IP,172.20.0.20.46413,>
2026-05-08,20:23:01.807311,IP,172.20.0.10.5002,>
2026-05-08,20:23:01.807626,IP,172.20.0.20.46413,>
2026-05-08,20:23:01.810124,IP,172.20.0.10.5002,>
2026-05-08,20:23:01.810524,IP,172.20.0.20.46413,>
2026-05-08,20:23:01.811684,IP,172.20.0.10.5002,>
2026-05-08,20:23:01.812046,IP,172.20.0.20.46413,>
2026-05-08,20:23:01.813657,IP,172.20.0.10.5002,>
2026-05-08,20:23:01.814105,IP,172.20.0.20.46413,>
2026-05-08,20:23:01.814123,IP,172.20.0.10.5002,>
2026-05-08,20:23:01.814415,IP,172.20.0.20.46413,>
2026-05-08,20:23:01.814889,IP,172.20.0.10.5002,>
2026-05-08,20:23:01.815206,IP,172.20.0.20.46413,>
2026-05-08,20:23:01.816127,IP,172.20.0.10.5002,>
2026-05-08,20:23:01.816470,IP,172.20.0.20.46413,>
2026-05-08,20:23:01.817484,IP,172.20.0.10.5002,>
2026-05-08,20:23:01.817853,IP,172.20.0.20.46413,>
2026-05-08,20:23:01.818020,IP,172.20.0.10.5002,>
2026-05-08,20:23:01.818358,IP,172.20.0.20.46413,>
2026-05-08,20:23:01.820931,IP,172.20.0.10.5002,>
2026-05-08,20:23:01.821331,IP,172.20.0.20.46413,>
2026-05-08,20:23:01.822265,IP,172.20.0.10.5002,>
2026-05-08,20:23:01.822742,IP,172.20.0.20.46413,>
2026-05-08,20:23:01.824348,IP,172.20.0.10.5002,>
2026-05-08,20:23:01.824640,IP,172.20.0.10.5002,>
2026-05-08,20:23:01.824752,IP,172.20.0.20.46413,>
2026-05-08,20:23:01.825163,IP,172.20.0.20.46413,>
2026-05-08,20:23:01.825521,IP,172.20.0.10.5002,>
2026-05-08,20:23:01.826072,IP,172.20.0.20.46413,>
2026-05-08,20:23:01.826668,IP,172.20.0.10.5002,>
2026-05-08,20:23:01.827135,IP,172.20.0.20.46413,>
2026-05-08,20:23:01.828454,IP,172.20.0.10.5002,>
2026-05-08,20:23:01.828580,IP,172.20.0.10.5002,>
2026-05-08,20:23:01.829043,IP,172.20.0.20.46413,>
2026-05-08,20:23:01.829413,IP,172.20.0.20.46413,>
2026-05-08,20:23:01.831685,IP,172.20.0.10.5002,>
2026-05-08,20:23:01.832086,IP,172.20.0.20.46413,>
2026-05-08,20:23:01.833018,IP,172.20.0.10.5002,>
2026-05-08,20:23:01.833389,IP,172.20.0.20.46413,>
2026-05-08,20:23:01.835030,IP,172.20.0.10.5002,>
2026-05-08,20:23:01.835391,IP,172.20.0.10.5002,>
2026-05-08,20:23:01.835476,IP,172.20.0.20.46413,>
2026-05-08,20:23:01.835899,IP,172.20.0.20.46413,>
2026-05-08,20:23:01.836334,IP,172.20.0.10.5002,>
2026-05-08,20:23:01.836743,IP,172.20.0.20.46413,>
2026-05-08,20:23:01.837369,IP,172.20.0.10.5002,>
2026-05-08,20:23:01.837735,IP,172.20.0.20.46413,>
2026-05-08,20:23:01.839313,IP,172.20.0.10.5002,>
2026-05-08,20:23:01.839676,IP,172.20.0.20.46413,>
2026-05-08,20:23:01.839680,IP,172.20.0.10.5002,>
2026-05-08,20:23:01.840514,IP,172.20.0.20.46413,>
2026-05-08,20:23:01.842464,IP,172.20.0.10.5002,>
2026-05-08,20:23:01.842909,IP,172.20.0.20.46413,>
2026-05-08,20:23:01.843602,IP,172.20.0.10.5002,>
2026-05-08,20:23:01.843961,IP,172.20.0.20.46413,>
2026-05-08,20:23:01.845665,IP,172.20.0.10.5002,>
2026-05-08,20:23:01.846094,IP,172.20.0.10.5002,>
2026-05-08,20:23:01.846106,IP,172.20.0.20.46413,>
2026-05-08,20:23:01.846372,IP,172.20.0.20.46413,>
2026-05-08,20:23:01.847006,IP,172.20.0.10.5002,>
2026-05-08,20:23:01.847391,IP,172.20.0.20.46413,>
2026-05-08,20:23:01.848068,IP,172.20.0.10.5002,>
2026-05-08,20:23:01.848392,IP,172.20.0.20.46413,>
2026-05-08,20:23:01.849939,IP,172.20.0.10.5002,>
2026-05-08,20:23:01.850257,IP,172.20.0.20.46413,>
2026-05-08,20:23:01.850721,IP,172.20.0.10.5002,>
2026-05-08,20:23:01.851244,IP,172.20.0.20.46413,>
2026-05-08,20:23:01.853205,IP,172.20.0.10.5002,>
2026-05-08,20:23:01.853561,IP,172.20.0.20.46413,>
2026-05-08,20:23:01.854121,IP,172.20.0.10.5002,>
2026-05-08,20:23:01.854867,IP,172.20.0.20.46413,>
2026-05-08,20:23:01.856337,IP,172.20.0.10.5002,>
2026-05-08,20:23:01.856618,IP,172.20.0.10.5002,>
2026-05-08,20:23:01.856723,IP,172.20.0.20.46413,>
2026-05-08,20:23:01.857034,IP,172.20.0.20.46413,>
2026-05-08,20:23:01.857651,IP,172.20.0.10.5002,>
2026-05-08,20:23:01.858070,IP,172.20.0.20.46413,>
2026-05-08,20:23:01.858622,IP,172.20.0.10.5002,>
2026-05-08,20:23:01.858991,IP,172.20.0.20.46413,>
2026-05-08,20:23:01.860452,IP,172.20.0.10.5002,>
2026-05-08,20:23:01.860827,IP,172.20.0.20.46413,>
2026-05-08,20:23:01.861766,IP,172.20.0.10.5002,>
2026-05-08,20:23:01.862153,IP,172.20.0.20.46413,>
2026-05-08,20:23:01.863838,IP,172.20.0.10.5002,>
2026-05-08,20:23:01.864297,IP,172.20.0.20.46413,>
2026-05-08,20:23:01.865088,IP,172.20.0.10.5002,>
2026-05-08,20:23:01.865424,IP,172.20.0.20.46413,>
2026-05-08,20:23:01.866994,IP,172.20.0.10.5002,>
2026-05-08,20:23:01.867339,IP,172.20.0.20.46413,>
2026-05-08,20:23:01.867411,IP,172.20.0.10.5002,>
2026-05-08,20:23:01.867723,IP,172.20.0.20.46413,>
2026-05-08,20:23:01.868455,IP,172.20.0.10.5002,>
2026-05-08,20:23:01.868819,IP,172.20.0.20.46413,>
2026-05-08,20:23:01.869218,IP,172.20.0.10.5002,>
2026-05-08,20:23:01.869539,IP,172.20.0.20.46413,>
2026-05-08,20:23:01.871051,IP,172.20.0.10.5002,>
2026-05-08,20:23:01.871369,IP,172.20.0.20.46413,>
2026-05-08,20:23:01.872427,IP,172.20.0.10.5002,>
2026-05-08,20:23:01.872778,IP,172.20.0.20.46413,>
2026-05-08,20:23:01.874686,IP,172.20.0.10.5002,>
2026-05-08,20:23:01.875104,IP,172.20.0.20.46413,>
2026-05-08,20:23:01.875630,IP,172.20.0.10.5002,>
2026-05-08,20:23:01.876231,IP,172.20.0.20.46413,>
2026-05-08,20:23:01.877562,IP,172.20.0.10.5002,>
2026-05-08,20:23:01.877952,IP,172.20.0.10.5002,>
2026-05-08,20:23:01.878082,IP,172.20.0.20.46413,>
2026-05-08,20:23:01.878579,IP,172.20.0.20.46413,>
2026-05-08,20:23:01.879185,IP,172.20.0.10.5002,>
2026-05-08,20:23:01.879748,IP,172.20.0.20.46413,>
2026-05-08,20:23:01.879829,IP,172.20.0.10.5002,>
2026-05-08,20:23:01.880330,IP,172.20.0.20.46413,>
2026-05-08,20:23:01.881617,IP,172.20.0.10.5002,>
2026-05-08,20:23:01.882154,IP,172.20.0.20.46413,>
2026-05-08,20:23:01.883049,IP,172.20.0.10.5002,>
2026-05-08,20:23:01.883446,IP,172.20.0.20.46413,>
2026-05-08,20:23:01.885655,IP,172.20.0.10.5002,>
2026-05-08,20:23:01.886078,IP,172.20.0.20.46413,>
2026-05-08,20:23:01.886477,IP,172.20.0.10.5002,>
2026-05-08,20:23:01.887011,IP,172.20.0.20.46413,>
2026-05-08,20:23:01.888313,IP,172.20.0.10.5002,>
2026-05-08,20:23:01.888676,IP,172.20.0.20.46413,>
2026-05-08,20:23:01.889057,IP,172.20.0.10.5002,>
2026-05-08,20:23:01.889762,IP,172.20.0.20.46413,>
2026-05-08,20:23:01.890410,IP,172.20.0.10.5002,>
2026-05-08,20:23:01.890727,IP,172.20.0.10.5002,>
2026-05-08,20:23:01.891012,IP,172.20.0.20.46413,>
2026-05-08,20:23:01.891408,IP,172.20.0.20.46413,>
2026-05-08,20:23:01.893284,IP,172.20.0.10.5002,>
2026-05-08,20:23:01.893680,IP,172.20.0.20.46413,>
2026-05-08,20:23:01.893823,IP,172.20.0.10.5002,>
2026-05-08,20:23:01.894239,IP,172.20.0.20.46413,>
2026-05-08,20:23:01.896453,IP,172.20.0.10.5002,>
2026-05-08,20:23:01.897258,IP,172.20.0.10.5002,>
2026-05-08,20:23:01.897450,IP,172.20.0.20.46413,>
2026-05-08,20:23:01.897985,IP,172.20.0.20.46413,>
2026-05-08,20:23:01.898949,IP,172.20.0.10.5002,>
2026-05-08,20:23:01.899379,IP,172.20.0.20.46413,>
2026-05-08,20:23:01.900204,IP,172.20.0.10.5002,>
2026-05-08,20:23:01.900573,IP,172.20.0.20.46413,>
2026-05-08,20:23:01.901461,IP,172.20.0.10.5002,>
2026-05-08,20:23:01.901564,IP,172.20.0.10.5002,>
2026-05-08,20:23:01.901846,IP,172.20.0.20.46413,>
2026-05-08,20:23:01.902197,IP,172.20.0.20.46413,>
2026-05-08,20:23:01.903882,IP,172.20.0.10.5002,>
2026-05-08,20:23:01.904229,IP,172.20.0.20.46413,>
2026-05-08,20:23:01.904526,IP,172.20.0.10.5002,>
2026-05-08,20:23:01.904930,IP,172.20.0.20.46413,>
2026-05-08,20:23:01.907733,IP,172.20.0.10.5002,>
2026-05-08,20:23:01.908123,IP,172.20.0.20.46413,>
2026-05-08,20:23:01.908177,IP,172.20.0.10.5002,>
2026-05-08,20:23:01.908485,IP,172.20.0.20.46413,>
2026-05-08,20:23:01.909605,IP,172.20.0.10.5002,>
2026-05-08,20:23:01.910037,IP,172.20.0.20.46413,>
2026-05-08,20:23:01.910961,IP,172.20.0.10.5002,>
2026-05-08,20:23:01.911300,IP,172.20.0.20.46413,>
2026-05-08,20:23:01.912332,IP,172.20.0.10.5002,>
2026-05-08,20:23:01.912415,IP,172.20.0.10.5002,>
2026-05-08,20:23:01.912716,IP,172.20.0.20.46413,>
2026-05-08,20:23:01.913013,IP,172.20.0.20.46413,>
2026-05-08,20:23:01.914440,IP,172.20.0.10.5002,>
2026-05-08,20:23:01.914772,IP,172.20.0.20.46413,>
2026-05-08,20:23:01.915135,IP,172.20.0.10.5002,>
2026-05-08,20:23:01.915442,IP,172.20.0.20.46413,>
2026-05-08,20:23:01.918433,IP,172.20.0.10.5002,>
2026-05-08,20:23:01.918821,IP,172.20.0.10.5002,>
2026-05-08,20:23:01.918867,IP,172.20.0.20.46413,>
2026-05-08,20:23:01.919139,IP,172.20.0.20.46413,>
2026-05-08,20:23:01.920232,IP,172.20.0.10.5002,>
2026-05-08,20:23:01.920636,IP,172.20.0.20.46413,>
2026-05-08,20:23:01.921513,IP,172.20.0.10.5002,>
2026-05-08,20:23:01.922066,IP,172.20.0.20.46413,>
2026-05-08,20:23:01.923115,IP,172.20.0.10.5002,>
2026-05-08,20:23:01.923232,IP,172.20.0.10.5002,>
2026-05-08,20:23:01.923508,IP,172.20.0.20.46413,>
2026-05-08,20:23:01.923771,IP,172.20.0.20.46413,>
2026-05-08,20:23:01.924984,IP,172.20.0.10.5002,>
2026-05-08,20:23:01.925338,IP,172.20.0.20.46413,>
2026-05-08,20:23:01.925629,IP,172.20.0.10.5002,>
2026-05-08,20:23:01.926040,IP,172.20.0.20.46413,>
2026-05-08,20:23:01.929298,IP,172.20.0.10.5002,>
2026-05-08,20:23:01.929306,IP,172.20.0.10.5002,>
2026-05-08,20:23:01.929747,IP,172.20.0.20.46413,>
2026-05-08,20:23:01.930133,IP,172.20.0.20.46413,>
2026-05-08,20:23:01.930863,IP,172.20.0.10.5002,>
2026-05-08,20:23:01.931215,IP,172.20.0.20.46413,>
2026-05-08,20:23:01.932299,IP,172.20.0.10.5002,>
2026-05-08,20:23:01.932663,IP,172.20.0.20.46413,>
2026-05-08,20:23:01.933782,IP,172.20.0.10.5002,>
2026-05-08,20:23:01.934002,IP,172.20.0.10.5002,>
2026-05-08,20:23:01.934218,IP,172.20.0.20.46413,>
2026-05-08,20:23:01.934646,IP,172.20.0.20.46413,>
2026-05-08,20:23:01.935548,IP,172.20.0.10.5002,>
2026-05-08,20:23:01.935931,IP,172.20.0.20.46413,>
2026-05-08,20:23:01.936195,IP,172.20.0.10.5002,>
2026-05-08,20:23:01.936597,IP,172.20.0.20.46413,>
2026-05-08,20:23:01.940122,IP,172.20.0.10.5002,>
2026-05-08,20:23:01.940291,IP,172.20.0.10.5002,>
2026-05-08,20:23:01.940534,IP,172.20.0.20.46413,>
2026-05-08,20:23:01.940830,IP,172.20.0.20.46413,>
2026-05-08,20:23:01.941554,IP,172.20.0.10.5002,>
2026-05-08,20:23:01.942040,IP,172.20.0.20.46413,>
2026-05-08,20:23:01.942920,IP,172.20.0.10.5002,>
2026-05-08,20:23:01.943326,IP,172.20.0.20.46413,>
2026-05-08,20:23:01.944513,IP,172.20.0.10.5002,>
2026-05-08,20:23:01.944893,IP,172.20.0.20.46413,>
2026-05-08,20:23:01.944918,IP,172.20.0.10.5002,>
2026-05-08,20:23:01.945459,IP,172.20.0.20.46413,>
2026-05-08,20:23:01.946146,IP,172.20.0.10.5002,>
2026-05-08,20:23:01.946474,IP,172.20.0.20.46413,>
2026-05-08,20:23:01.946781,IP,172.20.0.10.5002,>
2026-05-08,20:23:01.947237,IP,172.20.0.20.46413,>
2026-05-08,20:23:01.950836,IP,172.20.0.10.5002,>
2026-05-08,20:23:01.951068,IP,172.20.0.10.5002,>
2026-05-08,20:23:01.951215,IP,172.20.0.20.46413,>
2026-05-08,20:23:01.951597,IP,172.20.0.20.46413,>
2026-05-08,20:23:01.952340,IP,172.20.0.10.5002,>
2026-05-08,20:23:01.952736,IP,172.20.0.20.46413,>
2026-05-08,20:23:01.953525,IP,172.20.0.10.5002,>
2026-05-08,20:23:01.954014,IP,172.20.0.20.46413,>
2026-05-08,20:23:01.955209,IP,172.20.0.10.5002,>
2026-05-08,20:23:01.955589,IP,172.20.0.20.46413,>
2026-05-08,20:23:01.955685,IP,172.20.0.10.5002,>
2026-05-08,20:23:01.956103,IP,172.20.0.20.46413,>
2026-05-08,20:23:01.956817,IP,172.20.0.10.5002,>
2026-05-08,20:23:01.957160,IP,172.20.0.20.46413,>
2026-05-08,20:23:01.957409,IP,172.20.0.10.5002,>
2026-05-08,20:23:01.957700,IP,172.20.0.20.46413,>
2026-05-08,20:23:01.961479,IP,172.20.0.10.5002,>
2026-05-08,20:23:01.961768,IP,172.20.0.10.5002,>
2026-05-08,20:23:01.961974,IP,172.20.0.20.46413,>
2026-05-08,20:23:01.962258,IP,172.20.0.20.46413,>
2026-05-08,20:23:01.962907,IP,172.20.0.10.5002,>
2026-05-08,20:23:01.963475,IP,172.20.0.20.46413,>
2026-05-08,20:23:01.964268,IP,172.20.0.10.5002,>
2026-05-08,20:23:01.964621,IP,172.20.0.20.46413,>
2026-05-08,20:23:01.965888,IP,172.20.0.10.5002,>
2026-05-08,20:23:01.966243,IP,172.20.0.20.46413,>
2026-05-08,20:23:01.966281,IP,172.20.0.10.5002,>
2026-05-08,20:23:01.966606,IP,172.20.0.20.46413,>
2026-05-08,20:23:01.967372,IP,172.20.0.10.5002,>
2026-05-08,20:23:01.967822,IP,172.20.0.20.46413,>
2026-05-08,20:23:01.968064,IP,172.20.0.10.5002,>
2026-05-08,20:23:01.968437,IP,172.20.0.20.46413,>
2026-05-08,20:23:01.972391,IP,172.20.0.10.5002,>
2026-05-08,20:23:01.972476,IP,172.20.0.10.5002,>
2026-05-08,20:23:01.972764,IP,172.20.0.20.46413,>
2026-05-08,20:23:01.973079,IP,172.20.0.20.46413,>
2026-05-08,20:23:01.973786,IP,172.20.0.10.5002,>
2026-05-08,20:23:01.974214,IP,172.20.0.20.46413,>
2026-05-08,20:23:01.974821,IP,172.20.0.10.5002,>
2026-05-08,20:23:01.975265,IP,172.20.0.20.46413,>
2026-05-08,20:23:01.976507,IP,172.20.0.10.5002,>
2026-05-08,20:23:01.976780,IP,172.20.0.10.5002,>
2026-05-08,20:23:01.976856,IP,172.20.0.20.46413,>
2026-05-08,20:23:01.977117,IP,172.20.0.20.46413,>
2026-05-08,20:23:01.978005,IP,172.20.0.10.5002,>
2026-05-08,20:23:01.978423,IP,172.20.0.20.46413,>
2026-05-08,20:23:01.978592,IP,172.20.0.10.5002,>
2026-05-08,20:23:01.978978,IP,172.20.0.20.46413,>
2026-05-08,20:23:01.983123,IP,172.20.0.10.5002,>
2026-05-08,20:23:01.983249,IP,172.20.0.10.5002,>
2026-05-08,20:23:01.983446,IP,172.20.0.20.46413,>
2026-05-08,20:23:01.983678,IP,172.20.0.20.46413,>
2026-05-08,20:23:01.984442,IP,172.20.0.10.5002,>
2026-05-08,20:23:01.984837,IP,172.20.0.20.46413,>
2026-05-08,20:23:01.985523,IP,172.20.0.10.5002,>
2026-05-08,20:23:01.986103,IP,172.20.0.20.46413,>
2026-05-08,20:23:01.987326,IP,172.20.0.10.5002,>
2026-05-08,20:23:01.987522,IP,172.20.0.10.5002,>
2026-05-08,20:23:01.987650,IP,172.20.0.20.46413,>
2026-05-08,20:23:01.988155,IP,172.20.0.20.46413,>
2026-05-08,20:23:01.989475,IP,172.20.0.10.5002,>
2026-05-08,20:23:01.989484,IP,172.20.0.10.5002,>
2026-05-08,20:23:01.989919,IP,172.20.0.20.46413,>
2026-05-08,20:23:01.990218,IP,172.20.0.20.46413,>
2026-05-08,20:23:01.994043,IP,172.20.0.10.5002,>
2026-05-08,20:23:01.994179,IP,172.20.0.10.5002,>
2026-05-08,20:23:01.994505,IP,172.20.0.20.46413,>
2026-05-08,20:23:01.994750,IP,172.20.0.20.46413,>
2026-05-08,20:23:01.995323,IP,172.20.0.10.5002,>
2026-05-08,20:23:01.995758,IP,172.20.0.20.46413,>
2026-05-08,20:23:01.996591,IP,172.20.0.10.5002,>
2026-05-08,20:23:01.997178,IP,172.20.0.20.46413,>
2026-05-08,20:23:01.998327,IP,172.20.0.10.5002,>
2026-05-08,20:23:01.998412,IP,172.20.0.10.5002,>
2026-05-08,20:23:01.999082,IP,172.20.0.20.46413,>
2026-05-08,20:23:01.999729,IP,172.20.0.20.46413,>
2026-05-08,20:23:02.000158,IP,172.20.0.10.5002,>
2026-05-08,20:23:02.000664,IP,172.20.0.20.46413,>
2026-05-08,20:23:02.000891,IP,172.20.0.10.5002,>
2026-05-08,20:23:02.001563,IP,172.20.0.20.46413,>
2026-05-08,20:23:02.004937,IP,172.20.0.10.5002,>
2026-05-08,20:23:02.005022,IP,172.20.0.10.5002,>
2026-05-08,20:23:02.005286,IP,172.20.0.20.46413,>
2026-05-08,20:23:02.005560,IP,172.20.0.20.46413,>
2026-05-08,20:23:02.006043,IP,172.20.0.10.5002,>
2026-05-08,20:23:02.006521,IP,172.20.0.20.46413,>
2026-05-08,20:23:02.007489,IP,172.20.0.10.5002,>
2026-05-08,20:23:02.007871,IP,172.20.0.20.46413,>
2026-05-08,20:23:02.009432,IP,172.20.0.10.5002,>
2026-05-08,20:23:02.009766,IP,172.20.0.20.46413,>
2026-05-08,20:23:02.010037,IP,172.20.0.10.5002,>
2026-05-08,20:23:02.010508,IP,172.20.0.20.46413,>
2026-05-08,20:23:02.011251,IP,172.20.0.10.5002,>
2026-05-08,20:23:02.011624,IP,172.20.0.20.46413,>
2026-05-08,20:23:02.012060,IP,172.20.0.10.5002,>
2026-05-08,20:23:02.012579,IP,172.20.0.20.46413,>
2026-05-08,20:23:02.015729,IP,172.20.0.10.5002,>
2026-05-08,20:23:02.015869,IP,172.20.0.10.5002,>
2026-05-08,20:23:02.016153,IP,172.20.0.20.46413,>
2026-05-08,20:23:02.016450,IP,172.20.0.20.46413,>
2026-05-08,20:23:02.016904,IP,172.20.0.10.5002,>
2026-05-08,20:23:02.017402,IP,172.20.0.20.46413,>
2026-05-08,20:23:02.018094,IP,172.20.0.10.5002,>
2026-05-08,20:23:02.018408,IP,172.20.0.20.46413,>
2026-05-08,20:23:02.020087,IP,172.20.0.10.5002,>
2026-05-08,20:23:02.020409,IP,172.20.0.20.46413,>
2026-05-08,20:23:02.020732,IP,172.20.0.10.5002,>
2026-05-08,20:23:02.021084,IP,172.20.0.20.46413,>
2026-05-08,20:23:02.021970,IP,172.20.0.10.5002,>
2026-05-08,20:23:02.022361,IP,172.20.0.20.46413,>
2026-05-08,20:23:02.022779,IP,172.20.0.10.5002,>
2026-05-08,20:23:02.023165,IP,172.20.0.20.46413,>
2026-05-08,20:23:02.026426,IP,172.20.0.10.5002,>
2026-05-08,20:23:02.026655,IP,172.20.0.10.5002,>
2026-05-08,20:23:02.026865,IP,172.20.0.20.46413,>
2026-05-08,20:23:02.027145,IP,172.20.0.20.46413,>
2026-05-08,20:23:02.027710,IP,172.20.0.10.5002,>
2026-05-08,20:23:02.028194,IP,172.20.0.20.46413,>
2026-05-08,20:23:02.028731,IP,172.20.0.10.5002,>
2026-05-08,20:23:02.029088,IP,172.20.0.20.46413,>
2026-05-08,20:23:02.030763,IP,172.20.0.10.5002,>
2026-05-08,20:23:02.031154,IP,172.20.0.20.46413,>
2026-05-08,20:23:02.031284,IP,172.20.0.10.5002,>
2026-05-08,20:23:02.031628,IP,172.20.0.20.46413,>
2026-05-08,20:23:02.032543,IP,172.20.0.10.5002,>
2026-05-08,20:23:02.032962,IP,172.20.0.20.46413,>
2026-05-08,20:23:02.033372,IP,172.20.0.10.5002,>
2026-05-08,20:23:02.033703,IP,172.20.0.20.46413,>
2026-05-08,20:23:02.037230,IP,172.20.0.10.5002,>
2026-05-08,20:23:02.037316,IP,172.20.0.10.5002,>
2026-05-08,20:23:02.037628,IP,172.20.0.20.46413,>
2026-05-08,20:23:02.038004,IP,172.20.0.20.46413,>
2026-05-08,20:23:02.038433,IP,172.20.0.10.5002,>
2026-05-08,20:23:02.038988,IP,172.20.0.20.46413,>
2026-05-08,20:23:02.039284,IP,172.20.0.10.5002,>
2026-05-08,20:23:02.039705,IP,172.20.0.20.46413,>
2026-05-08,20:23:02.041438,IP,172.20.0.10.5002,>
2026-05-08,20:23:02.041766,IP,172.20.0.20.46413,>
2026-05-08,20:23:02.041848,IP,172.20.0.10.5002,>
2026-05-08,20:23:02.042219,IP,172.20.0.20.46413,>
2026-05-08,20:23:02.043185,IP,172.20.0.10.5002,>
2026-05-08,20:23:02.043773,IP,172.20.0.20.46413,>
2026-05-08,20:23:02.043966,IP,172.20.0.10.5002,>
2026-05-08,20:23:02.044294,IP,172.20.0.20.46413,>
2026-05-08,20:23:02.048001,IP,172.20.0.10.5002,>
2026-05-08,20:23:02.048191,IP,172.20.0.10.5002,>
2026-05-08,20:23:02.048369,IP,172.20.0.20.46413,>
2026-05-08,20:23:02.048788,IP,172.20.0.20.46413,>
2026-05-08,20:23:02.049210,IP,172.20.0.10.5002,>
2026-05-08,20:23:02.049713,IP,172.20.0.20.46413,>
2026-05-08,20:23:02.050093,IP,172.20.0.10.5002,>
2026-05-08,20:23:02.050604,IP,172.20.0.20.46413,>
2026-05-08,20:23:02.052101,IP,172.20.0.10.5002,>
2026-05-08,20:23:02.052633,IP,172.20.0.10.5002,>
2026-05-08,20:23:02.052784,IP,172.20.0.20.46413,>
2026-05-08,20:23:02.053157,IP,172.20.0.20.46413,>
2026-05-08,20:23:02.053992,IP,172.20.0.10.5002,>
2026-05-08,20:23:02.054475,IP,172.20.0.10.5002,>
2026-05-08,20:23:02.054490,IP,172.20.0.20.46413,>
2026-05-08,20:23:02.054781,IP,172.20.0.20.46413,>
2026-05-08,20:23:02.058674,IP,172.20.0.10.5002,>
2026-05-08,20:23:02.059001,IP,172.20.0.10.5002,>
2026-05-08,20:23:02.059191,IP,172.20.0.20.46413,>
2026-05-08,20:23:02.059511,IP,172.20.0.20.46413,>
2026-05-08,20:23:02.059955,IP,172.20.0.10.5002,>
2026-05-08,20:23:02.060474,IP,172.20.0.20.46413,>
2026-05-08,20:23:02.060817,IP,172.20.0.10.5002,>
2026-05-08,20:23:02.061172,IP,172.20.0.20.46413,>
2026-05-08,20:23:02.063179,IP,172.20.0.10.5002,>
2026-05-08,20:23:02.063418,IP,172.20.0.10.5002,>
2026-05-08,20:23:02.063501,IP,172.20.0.20.46413,>
2026-05-08,20:23:02.063763,IP,172.20.0.20.46413,>
2026-05-08,20:23:02.064673,IP,172.20.0.10.5002,>
2026-05-08,20:23:02.064983,IP,172.20.0.10.5002,>
2026-05-08,20:23:02.065018,IP,172.20.0.20.46413,>
2026-05-08,20:23:02.065273,IP,172.20.0.20.46413,>
2026-05-08,20:23:02.069495,IP,172.20.0.10.5002,>
2026-05-08,20:23:02.069759,IP,172.20.0.10.5002,>
2026-05-08,20:23:02.069901,IP,172.20.0.20.46413,>
2026-05-08,20:23:02.070268,IP,172.20.0.20.46413,>
2026-05-08,20:23:02.070663,IP,172.20.0.10.5002,>
2026-05-08,20:23:02.071146,IP,172.20.0.20.46413,>
2026-05-08,20:23:02.071341,IP,172.20.0.10.5002,>
2026-05-08,20:23:02.071706,IP,172.20.0.20.46413,>
2026-05-08,20:23:02.073781,IP,172.20.0.10.5002,>
2026-05-08,20:23:02.074013,IP,172.20.0.10.5002,>
2026-05-08,20:23:02.074191,IP,172.20.0.20.46413,>
2026-05-08,20:23:02.074456,IP,172.20.0.20.46413,>
2026-05-08,20:23:02.075276,IP,172.20.0.10.5002,>
2026-05-08,20:23:02.075497,IP,172.20.0.10.5002,>
2026-05-08,20:23:02.075703,IP,172.20.0.20.46413,>
2026-05-08,20:23:02.076005,IP,172.20.0.20.46413,>
2026-05-08,20:23:02.080293,IP,172.20.0.10.5002,>
2026-05-08,20:23:02.080498,IP,172.20.0.10.5002,>
2026-05-08,20:23:02.080698,IP,172.20.0.20.46413,>
2026-05-08,20:23:02.081033,IP,172.20.0.20.46413,>
2026-05-08,20:23:02.081478,IP,172.20.0.10.5002,>
2026-05-08,20:23:02.081902,IP,172.20.0.10.5002,>
2026-05-08,20:23:02.082151,IP,172.20.0.20.46413,>
2026-05-08,20:23:02.082699,IP,172.20.0.20.46413,>
2026-05-08,20:23:02.084826,IP,172.20.0.10.5002,>
2026-05-08,20:23:02.085000,IP,172.20.0.10.5002,>
2026-05-08,20:23:02.085753,IP,172.20.0.20.46413,>
2026-05-08,20:23:02.086174,IP,172.20.0.20.46413,>
2026-05-08,20:23:02.086198,IP,172.20.0.10.5002,>
2026-05-08,20:23:02.086297,IP,172.20.0.10.5002,>
2026-05-08,20:23:02.087080,IP,172.20.0.20.46413,>
2026-05-08,20:23:02.087375,IP,172.20.0.20.46413,>
2026-05-08,20:23:02.091076,IP,172.20.0.10.5002,>
2026-05-08,20:23:02.091154,IP,172.20.0.10.5002,>
2026-05-08,20:23:02.091436,IP,172.20.0.20.46413,>
2026-05-08,20:23:02.091906,IP,172.20.0.20.46413,>
2026-05-08,20:23:02.092348,IP,172.20.0.10.5002,>
2026-05-08,20:23:02.092887,IP,172.20.0.10.5002,>
2026-05-08,20:23:02.092955,IP,172.20.0.20.46413,>
2026-05-08,20:23:02.093593,IP,172.20.0.20.46413,>
2026-05-08,20:23:02.096140,IP,172.20.0.10.5002,>
2026-05-08,20:23:02.096347,IP,172.20.0.10.5002,>
2026-05-08,20:23:02.096657,IP,172.20.0.20.46413,>
2026-05-08,20:23:02.097118,IP,172.20.0.20.46413,>
2026-05-08,20:23:02.097258,IP,172.20.0.10.5002,>
2026-05-08,20:23:02.097527,IP,172.20.0.10.5002,>
2026-05-08,20:23:02.097642,IP,172.20.0.20.46413,>
2026-05-08,20:23:02.098003,IP,172.20.0.20.46413,>
2026-05-08,20:23:02.101855,IP,172.20.0.10.5002,>
2026-05-08,20:23:02.102117,IP,172.20.0.10.5002,>
2026-05-08,20:23:02.102241,IP,172.20.0.20.46413,>
2026-05-08,20:23:02.102513,IP,172.20.0.20.46413,>
2026-05-08,20:23:02.103221,IP,172.20.0.10.5002,>
2026-05-08,20:23:02.103612,IP,172.20.0.20.46413,>
2026-05-08,20:23:02.103831,IP,172.20.0.10.5002,>
2026-05-08,20:23:02.104130,IP,172.20.0.20.46413,>
2026-05-08,20:23:02.106974,IP,172.20.0.10.5002,>
2026-05-08,20:23:02.107326,IP,172.20.0.20.46413,>
2026-05-08,20:23:02.107414,IP,172.20.0.10.5002,>
2026-05-08,20:23:02.107755,IP,172.20.0.20.46413,>
2026-05-08,20:23:02.107788,IP,172.20.0.10.5002,>
2026-05-08,20:23:02.108174,IP,172.20.0.10.5002,>
2026-05-08,20:23:02.108179,IP,172.20.0.20.46413,>
2026-05-08,20:23:02.108469,IP,172.20.0.20.46413,>
2026-05-08,20:23:02.112577,IP,172.20.0.10.5002,>
2026-05-08,20:23:02.112742,IP,172.20.0.10.5002,>
2026-05-08,20:23:02.113057,IP,172.20.0.20.46413,>
2026-05-08,20:23:02.113445,IP,172.20.0.20.46413,>
2026-05-08,20:23:02.113826,IP,172.20.0.10.5002,>
2026-05-08,20:23:02.114294,IP,172.20.0.20.46413,>
2026-05-08,20:23:02.114369,IP,172.20.0.10.5002,>
2026-05-08,20:23:02.114719,IP,172.20.0.20.46413,>
2026-05-08,20:23:02.117613,IP,172.20.0.10.5002,>
2026-05-08,20:23:02.118053,IP,172.20.0.10.5002,>
2026-05-08,20:23:02.118064,IP,172.20.0.20.46413,>
2026-05-08,20:23:02.118339,IP,172.20.0.20.46413,>
2026-05-08,20:23:02.118442,IP,172.20.0.10.5002,>
2026-05-08,20:23:02.118606,IP,172.20.0.10.5002,>
2026-05-08,20:23:02.118773,IP,172.20.0.20.46413,>
2026-05-08,20:23:02.119032,IP,172.20.0.20.46413,>
2026-05-08,20:23:02.123435,IP,172.20.0.10.5002,>
2026-05-08,20:23:02.123768,IP,172.20.0.10.5002,>
2026-05-08,20:23:02.123863,IP,172.20.0.20.46413,>
2026-05-08,20:23:02.124132,IP,172.20.0.20.46413,>
2026-05-08,20:23:02.124476,IP,172.20.0.10.5002,>
2026-05-08,20:23:02.124787,IP,172.20.0.20.46413,>
2026-05-08,20:23:02.125140,IP,172.20.0.10.5002,>
2026-05-08,20:23:02.125513,IP,172.20.0.20.46413,>
2026-05-08,20:23:02.128365,IP,172.20.0.10.5002,>
2026-05-08,20:23:02.128486,IP,172.20.0.10.5002,>
2026-05-08,20:23:02.128727,IP,172.20.0.20.46413,>
2026-05-08,20:23:02.128976,IP,172.20.0.10.5002,>
2026-05-08,20:23:02.129039,IP,172.20.0.20.46413,>
2026-05-08,20:23:02.129238,IP,172.20.0.10.5002,>
2026-05-08,20:23:02.129429,IP,172.20.0.20.46413,>
2026-05-08,20:23:02.129702,IP,172.20.0.20.46413,>
2026-05-08,20:23:02.134169,IP,172.20.0.10.5002,>
2026-05-08,20:23:02.134250,IP,172.20.0.10.5002,>
2026-05-08,20:23:02.134519,IP,172.20.0.20.46413,>
2026-05-08,20:23:02.134780,IP,172.20.0.20.46413,>
2026-05-08,20:23:02.134984,IP,172.20.0.10.5002,>
2026-05-08,20:23:02.135405,IP,172.20.0.20.46413,>
2026-05-08,20:23:02.135827,IP,172.20.0.10.5002,>
2026-05-08,20:23:02.136189,IP,172.20.0.20.46413,>
2026-05-08,20:23:02.139090,IP,172.20.0.10.5002,>
2026-05-08,20:23:02.139166,IP,172.20.0.10.5002,>
2026-05-08,20:23:02.139499,IP,172.20.0.20.46413,>
2026-05-08,20:23:02.139755,IP,172.20.0.10.5002,>
2026-05-08,20:23:02.139777,IP,172.20.0.20.46413,>
2026-05-08,20:23:02.139942,IP,172.20.0.10.5002,>
2026-05-08,20:23:02.140048,IP,172.20.0.20.46413,>
2026-05-08,20:23:02.140323,IP,172.20.0.20.46413,>
2026-05-08,20:23:02.144814,IP,172.20.0.10.5002,>
2026-05-08,20:23:02.144976,IP,172.20.0.10.5002,>
2026-05-08,20:23:02.145202,IP,172.20.0.20.46413,>
2026-05-08,20:23:02.145475,IP,172.20.0.20.46413,>
2026-05-08,20:23:02.145590,IP,172.20.0.10.5002,>
2026-05-08,20:23:02.145995,IP,172.20.0.20.46413,>
2026-05-08,20:23:02.146369,IP,172.20.0.10.5002,>
2026-05-08,20:23:02.146709,IP,172.20.0.20.46413,>
2026-05-08,20:23:02.149915,IP,172.20.0.10.5002,>
2026-05-08,20:23:02.149996,IP,172.20.0.10.5002,>
2026-05-08,20:23:02.150312,IP,172.20.0.20.46413,>
2026-05-08,20:23:02.150603,IP,172.20.0.20.46413,>
2026-05-08,20:23:02.151152,IP,172.20.0.10.5002,>
2026-05-08,20:23:02.151248,IP,172.20.0.10.5002,>
2026-05-08,20:23:02.151566,IP,172.20.0.20.46413,>
2026-05-08,20:23:02.151885,IP,172.20.0.20.46413,>
2026-05-08,20:23:02.155586,IP,172.20.0.10.5002,>
2026-05-08,20:23:02.155666,IP,172.20.0.10.5002,>
2026-05-08,20:23:02.155937,IP,172.20.0.20.46413,>
2026-05-08,20:23:02.156192,IP,172.20.0.20.46413,>
2026-05-08,20:23:02.156197,IP,172.20.0.10.5002,>
2026-05-08,20:23:02.156519,IP,172.20.0.20.46413,>
2026-05-08,20:23:02.157186,IP,172.20.0.10.5002,>
2026-05-08,20:23:02.157485,IP,172.20.0.20.46413,>
2026-05-08,20:23:02.160636,IP,172.20.0.10.5002,>
2026-05-08,20:23:02.161091,IP,172.20.0.20.46413,>
2026-05-08,20:23:02.162887,IP,172.20.0.10.5002,>
2026-05-08,20:23:02.162971,IP,172.20.0.10.5002,>
2026-05-08,20:23:02.163058,IP,172.20.0.10.5002,>
2026-05-08,20:23:02.163242,IP,172.20.0.20.46413,>
2026-05-08,20:23:02.163622,IP,172.20.0.20.46413,>
2026-05-08,20:23:02.163949,IP,172.20.0.20.46413,>
2026-05-08,20:23:02.166213,IP,172.20.0.10.5002,>
2026-05-08,20:23:02.166502,IP,172.20.0.10.5002,>
2026-05-08,20:23:02.166567,IP,172.20.0.20.46413,>
2026-05-08,20:23:02.166706,IP,172.20.0.10.5002,>
2026-05-08,20:23:02.166969,IP,172.20.0.20.46413,>
2026-05-08,20:23:02.167230,IP,172.20.0.20.46413,>
2026-05-08,20:23:02.167757,IP,172.20.0.10.5002,>
2026-05-08,20:23:02.168144,IP,172.20.0.20.46413,>
2026-05-08,20:23:02.171472,IP,172.20.0.10.5002,>
2026-05-08,20:23:02.171909,IP,172.20.0.20.46413,>
2026-05-08,20:23:02.173443,IP,172.20.0.10.5002,>
2026-05-08,20:23:02.173900,IP,172.20.0.10.5002,>
2026-05-08,20:23:02.173979,IP,172.20.0.20.46413,>
2026-05-08,20:23:02.174263,IP,172.20.0.20.46413,>
2026-05-08,20:23:02.174427,IP,172.20.0.10.5002,>
2026-05-08,20:23:02.174770,IP,172.20.0.20.46413,>
2026-05-08,20:23:02.176883,IP,172.20.0.10.5002,>
2026-05-08,20:23:02.177323,IP,172.20.0.20.46413,>
2026-05-08,20:23:02.177646,IP,172.20.0.10.5002,>
2026-05-08,20:23:02.177675,IP,172.20.0.10.5002,>
2026-05-08,20:23:02.178182,IP,172.20.0.20.46413,>
2026-05-08,20:23:02.178484,IP,172.20.0.10.5002,>
2026-05-08,20:23:02.178515,IP,172.20.0.20.46413,>
2026-05-08,20:23:02.178769,IP,172.20.0.20.46413,>
2026-05-08,20:23:02.182238,IP,172.20.0.10.5002,>
2026-05-08,20:23:02.182561,IP,172.20.0.20.46413,>
2026-05-08,20:23:02.184182,IP,172.20.0.10.5002,>
2026-05-08,20:23:02.184451,IP,172.20.0.10.5002,>
2026-05-08,20:23:02.184522,IP,172.20.0.20.46413,>
2026-05-08,20:23:02.184774,IP,172.20.0.20.46413,>
2026-05-08,20:23:02.184989,IP,172.20.0.10.5002,>
2026-05-08,20:23:02.185290,IP,172.20.0.20.46413,>
2026-05-08,20:23:02.188072,IP,172.20.0.10.5002,>
2026-05-08,20:23:02.188436,IP,172.20.0.20.46413,>
2026-05-08,20:23:02.188439,IP,172.20.0.10.5002,>
2026-05-08,20:23:02.188694,IP,172.20.0.10.5002,>
2026-05-08,20:23:02.188735,IP,172.20.0.20.46413,>
2026-05-08,20:23:02.188956,IP,172.20.0.10.5002,>
2026-05-08,20:23:02.189055,IP,172.20.0.20.46413,>
2026-05-08,20:23:02.189291,IP,172.20.0.20.46413,>
2026-05-08,20:23:02.192878,IP,172.20.0.10.5002,>
2026-05-08,20:23:02.193223,IP,172.20.0.20.46413,>
2026-05-08,20:23:02.194697,IP,172.20.0.10.5002,>
2026-05-08,20:23:02.194962,IP,172.20.0.10.5002,>
2026-05-08,20:23:02.195057,IP,172.20.0.20.46413,>
2026-05-08,20:23:02.195318,IP,172.20.0.20.46413,>
2026-05-08,20:23:02.195507,IP,172.20.0.10.5002,>
2026-05-08,20:23:02.195850,IP,172.20.0.20.46413,>
2026-05-08,20:23:02.198787,IP,172.20.0.10.5002,>
2026-05-08,20:23:02.198937,IP,172.20.0.10.5002,>
2026-05-08,20:23:02.199123,IP,172.20.0.20.46413,>
2026-05-08,20:23:02.199231,IP,172.20.0.10.5002,>
2026-05-08,20:23:02.199379,IP,172.20.0.20.46413,>
2026-05-08,20:23:02.199603,IP,172.20.0.20.46413,>
2026-05-08,20:23:02.199961,IP,172.20.0.10.5002,>
2026-05-08,20:23:02.200297,IP,172.20.0.20.46413,>
2026-05-08,20:23:02.203537,IP,172.20.0.10.5002,>
2026-05-08,20:23:02.203910,IP,172.20.0.20.46413,>
2026-05-08,20:23:02.205255,IP,172.20.0.10.5002,>
2026-05-08,20:23:02.205520,IP,172.20.0.10.5002,>
2026-05-08,20:23:02.205586,IP,172.20.0.20.46413,>
2026-05-08,20:23:02.205905,IP,172.20.0.20.46413,>
2026-05-08,20:23:02.206055,IP,172.20.0.10.5002,>
2026-05-08,20:23:02.206341,IP,172.20.0.20.46413,>
2026-05-08,20:23:02.209487,IP,172.20.0.10.5002,>
2026-05-08,20:23:02.209561,IP,172.20.0.10.5002,>
2026-05-08,20:23:02.209781,IP,172.20.0.10.5002,>
2026-05-08,20:23:02.209912,IP,172.20.0.20.46413,>
2026-05-08,20:23:02.210469,IP,172.20.0.20.46413,>
2026-05-08,20:23:02.210480,IP,172.20.0.10.5002,>
2026-05-08,20:23:02.210476,IP,172.20.0.20.46413,>
2026-05-08,20:23:02.210891,IP,172.20.0.20.46413,>
2026-05-08,20:23:02.214163,IP,172.20.0.10.5002,>
2026-05-08,20:23:02.214582,IP,172.20.0.20.46413,>
2026-05-08,20:23:02.215812,IP,172.20.0.10.5002,>
2026-05-08,20:23:02.216274,IP,172.20.0.10.5002,>
2026-05-08,20:23:02.216276,IP,172.20.0.20.46413,>
2026-05-08,20:23:02.216508,IP,172.20.0.10.5002,>
2026-05-08,20:23:02.216630,IP,172.20.0.20.46413,>
2026-05-08,20:23:02.216976,IP,172.20.0.20.46413,>
2026-05-08,20:23:02.220265,IP,172.20.0.10.5002,>
2026-05-08,20:23:02.220677,IP,172.20.0.20.46413,>
2026-05-08,20:23:02.220758,IP,172.20.0.10.5002,>
2026-05-08,20:23:02.220938,IP,172.20.0.10.5002,>
2026-05-08,20:23:02.221052,IP,172.20.0.10.5002,>
2026-05-08,20:23:02.221137,IP,172.20.0.20.46413,>
2026-05-08,20:23:02.221404,IP,172.20.0.20.46413,>
2026-05-08,20:23:02.221676,IP,172.20.0.20.46413,>
2026-05-08,20:23:02.224966,IP,172.20.0.10.5002,>
2026-05-08,20:23:02.225393,IP,172.20.0.20.46413,>
2026-05-08,20:23:02.226513,IP,172.20.0.10.5002,>
2026-05-08,20:23:02.226845,IP,172.20.0.10.5002,>
2026-05-08,20:23:02.226877,IP,172.20.0.20.46413,>
2026-05-08,20:23:02.227164,IP,172.20.0.10.5002,>
2026-05-08,20:23:02.227181,IP,172.20.0.20.46413,>
2026-05-08,20:23:02.227505,IP,172.20.0.20.46413,>
2026-05-08,20:23:02.231423,IP,172.20.0.10.5002,>
2026-05-08,20:23:02.231545,IP,172.20.0.10.5002,>
2026-05-08,20:23:02.231638,IP,172.20.0.10.5002,>
2026-05-08,20:23:02.231820,IP,172.20.0.20.46413,>
2026-05-08,20:23:02.231875,IP,172.20.0.10.5002,>
2026-05-08,20:23:02.232139,IP,172.20.0.20.46413,>
2026-05-08,20:23:02.232399,IP,172.20.0.20.46413,>
2026-05-08,20:23:02.232693,IP,172.20.0.20.46413,>
2026-05-08,20:23:02.235786,IP,172.20.0.10.5002,>
2026-05-08,20:23:02.236187,IP,172.20.0.20.46413,>
2026-05-08,20:23:02.237139,IP,172.20.0.10.5002,>
2026-05-08,20:23:02.237381,IP,172.20.0.10.5002,>
2026-05-08,20:23:02.237590,IP,172.20.0.20.46413,>
2026-05-08,20:23:02.237671,IP,172.20.0.10.5002,>
2026-05-08,20:23:02.237980,IP,172.20.0.20.46413,>
2026-05-08,20:23:02.238285,IP,172.20.0.20.46413,>
2026-05-08,20:23:02.242152,IP,172.20.0.10.5002,>
2026-05-08,20:23:02.242290,IP,172.20.0.10.5002,>
2026-05-08,20:23:02.242554,IP,172.20.0.20.46413,>
2026-05-08,20:23:02.242646,IP,172.20.0.10.5002,>
2026-05-08,20:23:02.242913,IP,172.20.0.20.46413,>
2026-05-08,20:23:02.242934,IP,172.20.0.10.5002,>
2026-05-08,20:23:02.243172,IP,172.20.0.20.46413,>
2026-05-08,20:23:02.243477,IP,172.20.0.20.46413,>
2026-05-08,20:23:02.246503,IP,172.20.0.10.5002,>
2026-05-08,20:23:02.246911,IP,172.20.0.20.46413,>
2026-05-08,20:23:02.247919,IP,172.20.0.10.5002,>
2026-05-08,20:23:02.248185,IP,172.20.0.10.5002,>
2026-05-08,20:23:02.248267,IP,172.20.0.20.46413,>
2026-05-08,20:23:02.248463,IP,172.20.0.10.5002,>
2026-05-08,20:23:02.248542,IP,172.20.0.20.46413,>
2026-05-08,20:23:02.248807,IP,172.20.0.20.46413,>
2026-05-08,20:23:02.253070,IP,172.20.0.10.5002,>
2026-05-08,20:23:02.253191,IP,172.20.0.10.5002,>
2026-05-08,20:23:02.253417,IP,172.20.0.20.46413,>
2026-05-08,20:23:02.253464,IP,172.20.0.10.5002,>
2026-05-08,20:23:02.253685,IP,172.20.0.20.46413,>
2026-05-08,20:23:02.254021,IP,172.20.0.20.46413,>
2026-05-08,20:23:02.254227,IP,172.20.0.10.5002,>
2026-05-08,20:23:02.254531,IP,172.20.0.20.46413,>
2026-05-08,20:23:02.257247,IP,172.20.0.10.5002,>
2026-05-08,20:23:02.257582,IP,172.20.0.20.46413,>
2026-05-08,20:23:02.258501,IP,172.20.0.10.5002,>
2026-05-08,20:23:02.258734,IP,172.20.0.10.5002,>
2026-05-08,20:23:02.258836,IP,172.20.0.20.46413,>
2026-05-08,20:23:02.259023,IP,172.20.0.10.5002,>
2026-05-08,20:23:02.259091,IP,172.20.0.20.46413,>
2026-05-08,20:23:02.259337,IP,172.20.0.20.46413,>
2026-05-08,20:23:02.263755,IP,172.20.0.10.5002,>
2026-05-08,20:23:02.263867,IP,172.20.0.10.5002,>
2026-05-08,20:23:02.264215,IP,172.20.0.20.46413,>
2026-05-08,20:23:02.264520,IP,172.20.0.20.46413,>
2026-05-08,20:23:02.264630,IP,172.20.0.10.5002,>
2026-05-08,20:23:02.264765,IP,172.20.0.10.5002,>
2026-05-08,20:23:02.265038,IP,172.20.0.20.46413,>
2026-05-08,20:23:02.265314,IP,172.20.0.20.46413,>
2026-05-08,20:23:02.267861,IP,172.20.0.10.5002,>
2026-05-08,20:23:02.268185,IP,172.20.0.20.46413,>
2026-05-08,20:23:02.269014,IP,172.20.0.10.5002,>
2026-05-08,20:23:02.269298,IP,172.20.0.10.5002,>
2026-05-08,20:23:02.269345,IP,172.20.0.20.46413,>
2026-05-08,20:23:02.269529,IP,172.20.0.10.5002,>
2026-05-08,20:23:02.269597,IP,172.20.0.20.46413,>
2026-05-08,20:23:02.269893,IP,172.20.0.20.46413,>
2026-05-08,20:23:02.274586,IP,172.20.0.10.5002,>
2026-05-08,20:23:02.274660,IP,172.20.0.10.5002,>
2026-05-08,20:23:02.274955,IP,172.20.0.20.46413,>
2026-05-08,20:23:02.275207,IP,172.20.0.20.46413,>
2026-05-08,20:23:02.275236,IP,172.20.0.10.5002,>
2026-05-08,20:23:02.275529,IP,172.20.0.20.46413,>
2026-05-08,20:23:02.275914,IP,172.20.0.10.5002,>
2026-05-08,20:23:02.276262,IP,172.20.0.20.46413,>
2026-05-08,20:23:02.278453,IP,172.20.0.10.5002,>
2026-05-08,20:23:02.278779,IP,172.20.0.20.46413,>
2026-05-08,20:23:02.279548,IP,172.20.0.10.5002,>
2026-05-08,20:23:02.279959,IP,172.20.0.20.46413,>
2026-05-08,20:23:02.280121,IP,172.20.0.10.5002,>
2026-05-08,20:23:02.280229,IP,172.20.0.10.5002,>
2026-05-08,20:23:02.280437,IP,172.20.0.20.46413,>
2026-05-08,20:23:02.280696,IP,172.20.0.20.46413,>
2026-05-08,20:23:02.285228,IP,172.20.0.10.5002,>
2026-05-08,20:23:02.285362,IP,172.20.0.10.5002,>
2026-05-08,20:23:02.285681,IP,172.20.0.20.46413,>
2026-05-08,20:23:02.285973,IP,172.20.0.10.5002,>
2026-05-08,20:23:02.286194,IP,172.20.0.20.46413,>
2026-05-08,20:23:02.286458,IP,172.20.0.10.5002,>
2026-05-08,20:23:02.286549,IP,172.20.0.20.46413,>
2026-05-08,20:23:02.286941,IP,172.20.0.20.46413,>
2026-05-08,20:23:02.289110,IP,172.20.0.10.5002,>
2026-05-08,20:23:02.289437,IP,172.20.0.20.46413,>
2026-05-08,20:23:02.290174,IP,172.20.0.10.5002,>
2026-05-08,20:23:02.290480,IP,172.20.0.20.46413,>
2026-05-08,20:23:02.291019,IP,172.20.0.10.5002,>
2026-05-08,20:23:02.291101,IP,172.20.0.10.5002,>
2026-05-08,20:23:02.291445,IP,172.20.0.20.46413,>
2026-05-08,20:23:02.291679,IP,172.20.0.20.46413,>
2026-05-08,20:23:02.296077,IP,172.20.0.10.5002,>
2026-05-08,20:23:02.296454,IP,172.20.0.20.46413,>
2026-05-08,20:23:02.296501,IP,172.20.0.10.5002,>
2026-05-08,20:23:02.296743,IP,172.20.0.10.5002,>
2026-05-08,20:23:02.296854,IP,172.20.0.20.46413,>
2026-05-08,20:23:02.297121,IP,172.20.0.20.46413,>
2026-05-08,20:23:02.297286,IP,172.20.0.10.5002,>
2026-05-08,20:23:02.297628,IP,172.20.0.20.46413,>
2026-05-08,20:23:02.299753,IP,172.20.0.10.5002,>
2026-05-08,20:23:02.300169,IP,172.20.0.20.46413,>
2026-05-08,20:23:02.300698,IP,172.20.0.10.5002,>
2026-05-08,20:23:02.301236,IP,172.20.0.20.46413,>
2026-05-08,20:23:02.301624,IP,172.20.0.10.5002,>
2026-05-08,20:23:02.301878,IP,172.20.0.10.5002,>
2026-05-08,20:23:02.302747,IP,172.20.0.20.46413,>
2026-05-08,20:23:02.303040,IP,172.20.0.20.46413,>
2026-05-08,20:23:02.306779,IP,172.20.0.10.5002,>
2026-05-08,20:23:02.307140,IP,172.20.0.20.46413,>
2026-05-08,20:23:02.307384,IP,172.20.0.10.5002,>
2026-05-08,20:23:02.307490,IP,172.20.0.10.5002,>
2026-05-08,20:23:02.307768,IP,172.20.0.20.46413,>
2026-05-08,20:23:02.307826,IP,172.20.0.10.5002,>
2026-05-08,20:23:02.308121,IP,172.20.0.20.46413,>
2026-05-08,20:23:02.308379,IP,172.20.0.20.46413,>
2026-05-08,20:23:02.310454,IP,172.20.0.10.5002,>
2026-05-08,20:23:02.310828,IP,172.20.0.20.46413,>
2026-05-08,20:23:02.311476,IP,172.20.0.10.5002,>
2026-05-08,20:23:02.312296,IP,172.20.0.20.46413,>
2026-05-08,20:23:02.313249,IP,172.20.0.10.5002,>
2026-05-08,20:23:02.313257,IP,172.20.0.10.5002,>
2026-05-08,20:23:02.313637,IP,172.20.0.20.46413,>
2026-05-08,20:23:02.313998,IP,172.20.0.20.46413,>
2026-05-08,20:23:02.318554,IP,172.20.0.10.5002,>
2026-05-08,20:23:02.318768,IP,172.20.0.10.5002,>
2026-05-08,20:23:02.318773,IP,172.20.0.10.5002,>
2026-05-08,20:23:02.318775,IP,172.20.0.10.5002,>
2026-05-08,20:23:02.319403,IP,172.20.0.20.46413,>
2026-05-08,20:23:02.319673,IP,172.20.0.20.46413,>
2026-05-08,20:23:02.319947,IP,172.20.0.20.46413,>
2026-05-08,20:23:02.320174,IP,172.20.0.20.46413,>
2026-05-08,20:23:02.321111,IP,172.20.0.10.5002,>
2026-05-08,20:23:02.321506,IP,172.20.0.20.46413,>
2026-05-08,20:23:02.322515,IP,172.20.0.10.5002,>
2026-05-08,20:23:02.322923,IP,172.20.0.20.46413,>
2026-05-08,20:23:02.324228,IP,172.20.0.10.5002,>
2026-05-08,20:23:02.324307,IP,172.20.0.10.5002,>
2026-05-08,20:23:02.324584,IP,172.20.0.20.46413,>
2026-05-08,20:23:02.324850,IP,172.20.0.20.46413,>
2026-05-08,20:23:02.330539,IP,172.20.0.10.5002,>
2026-05-08,20:23:02.330568,IP,172.20.0.10.5002,>
2026-05-08,20:23:02.330657,IP,172.20.0.10.5002,>
2026-05-08,20:23:02.330754,IP,172.20.0.10.5002,>
2026-05-08,20:23:02.330954,IP,172.20.0.20.46413,>
2026-05-08,20:23:02.331223,IP,172.20.0.20.46413,>
2026-05-08,20:23:02.331497,IP,172.20.0.20.46413,>
2026-05-08,20:23:02.331750,IP,172.20.0.20.46413,>
2026-05-08,20:23:02.331866,IP,172.20.0.10.5002,>
2026-05-08,20:23:02.332140,IP,172.20.0.20.46413,>
2026-05-08,20:23:02.333206,IP,172.20.0.10.5002,>
2026-05-08,20:23:02.333645,IP,172.20.0.20.46413,>
2026-05-08,20:23:02.334758,IP,172.20.0.10.5002,>
2026-05-08,20:23:02.335066,IP,172.20.0.10.5002,>
2026-05-08,20:23:02.335193,IP,172.20.0.20.46413,>
2026-05-08,20:23:02.335453,IP,172.20.0.20.46413,>
2026-05-08,20:23:02.341483,IP,172.20.0.10.5002,>
2026-05-08,20:23:02.341567,IP,172.20.0.10.5002,>
2026-05-08,20:23:02.341644,IP,172.20.0.10.5002,>
2026-05-08,20:23:02.342019,IP,172.20.0.20.46413,>
2026-05-08,20:23:02.342071,IP,172.20.0.10.5002,>
2026-05-08,20:23:02.342471,IP,172.20.0.20.46413,>
2026-05-08,20:23:02.342543,IP,172.20.0.10.5002,>
2026-05-08,20:23:02.343074,IP,172.20.0.20.46413,>
2026-05-08,20:23:02.343594,IP,172.20.0.20.46413,>
2026-05-08,20:23:02.344066,IP,172.20.0.10.5002,>
2026-05-08,20:23:02.344228,IP,172.20.0.20.46413,>
2026-05-08,20:23:02.344919,IP,172.20.0.20.46413,>
2026-05-08,20:23:02.345377,IP,172.20.0.10.5002,>
2026-05-08,20:23:02.345609,IP,172.20.0.10.5002,>
2026-05-08,20:23:02.346037,IP,172.20.0.20.46413,>
2026-05-08,20:23:02.346369,IP,172.20.0.20.46413,>
2026-05-08,20:23:02.352363,IP,172.20.0.10.5002,>
2026-05-08,20:23:02.352689,IP,172.20.0.10.5002,>
2026-05-08,20:23:02.352787,IP,172.20.0.20.46413,>
2026-05-08,20:23:02.353159,IP,172.20.0.20.46413,>
2026-05-08,20:23:02.353347,IP,172.20.0.10.5002,>
2026-05-08,20:23:02.353677,IP,172.20.0.20.46413,>
2026-05-08,20:23:02.353827,IP,172.20.0.10.5002,>
2026-05-08,20:23:02.354372,IP,172.20.0.20.46413,>
2026-05-08,20:23:02.354517,IP,172.20.0.10.5002,>
2026-05-08,20:23:02.354860,IP,172.20.0.20.46413,>
2026-05-08,20:23:02.355117,IP,172.20.0.10.5002,>
2026-05-08,20:23:02.355425,IP,172.20.0.20.46413,>
2026-05-08,20:23:02.356217,IP,172.20.0.10.5002,>
2026-05-08,20:23:02.356524,IP,172.20.0.20.46413,>
2026-05-08,20:23:02.356633,IP,172.20.0.10.5002,>
2026-05-08,20:23:02.356957,IP,172.20.0.20.46413,>
2026-05-08,20:23:02.363124,IP,172.20.0.10.5002,>
2026-05-08,20:23:02.363331,IP,172.20.0.10.5002,>
2026-05-08,20:23:02.363515,IP,172.20.0.20.46413,>
2026-05-08,20:23:02.363778,IP,172.20.0.20.46413,>
2026-05-08,20:23:02.363880,IP,172.20.0.10.5002,>
2026-05-08,20:23:02.364549,IP,172.20.0.20.46413,>
2026-05-08,20:23:02.364583,IP,172.20.0.10.5002,>
2026-05-08,20:23:02.364904,IP,172.20.0.20.46413,>
2026-05-08,20:23:02.365136,IP,172.20.0.10.5002,>
2026-05-08,20:23:02.365563,IP,172.20.0.20.46413,>
2026-05-08,20:23:02.365684,IP,172.20.0.10.5002,>
2026-05-08,20:23:02.366087,IP,172.20.0.20.46413,>
2026-05-08,20:23:02.366763,IP,172.20.0.10.5002,>
2026-05-08,20:23:02.367129,IP,172.20.0.10.5002,>
2026-05-08,20:23:02.367188,IP,172.20.0.20.46413,>
2026-05-08,20:23:02.367435,IP,172.20.0.20.46413,>
2026-05-08,20:23:02.374138,IP,172.20.0.10.5002,>
2026-05-08,20:23:02.374237,IP,172.20.0.10.5002,>
2026-05-08,20:23:02.374523,IP,172.20.0.20.46413,>
2026-05-08,20:23:02.374787,IP,172.20.0.20.46413,>
2026-05-08,20:23:02.375124,IP,172.20.0.10.5002,>
2026-05-08,20:23:02.375308,IP,172.20.0.10.5002,>
2026-05-08,20:23:02.375517,IP,172.20.0.20.46413,>
2026-05-08,20:23:02.375837,IP,172.20.0.20.46413,>
2026-05-08,20:23:02.376039,IP,172.20.0.10.5002,>
2026-05-08,20:23:02.376246,IP,172.20.0.10.5002,>
2026-05-08,20:23:02.376515,IP,172.20.0.20.46413,>
2026-05-08,20:23:02.376764,IP,172.20.0.20.46413,>
2026-05-08,20:23:02.377375,IP,172.20.0.10.5002,>
2026-05-08,20:23:02.377586,IP,172.20.0.10.5002,>
2026-05-08,20:23:02.378166,IP,172.20.0.20.46413,>
2026-05-08,20:23:02.378414,IP,172.20.0.20.46413,>
2026-05-08,20:23:02.384844,IP,172.20.0.10.5002,>
2026-05-08,20:23:02.384936,IP,172.20.0.10.5002,>
2026-05-08,20:23:02.385198,IP,172.20.0.20.46413,>
2026-05-08,20:23:02.385444,IP,172.20.0.20.46413,>
2026-05-08,20:23:02.386051,IP,172.20.0.10.5002,>
2026-05-08,20:23:02.386196,IP,172.20.0.10.5002,>
2026-05-08,20:23:02.386447,IP,172.20.0.20.46413,>
2026-05-08,20:23:02.386682,IP,172.20.0.20.46413,>
2026-05-08,20:23:02.387081,IP,172.20.0.10.5002,>
2026-05-08,20:23:02.387150,IP,172.20.0.10.5002,>
2026-05-08,20:23:02.387455,IP,172.20.0.20.46413,>
2026-05-08,20:23:02.387686,IP,172.20.0.20.46413,>
2026-05-08,20:23:02.388597,IP,172.20.0.10.5002,>
2026-05-08,20:23:02.388663,IP,172.20.0.10.5002,>
2026-05-08,20:23:02.389059,IP,172.20.0.20.46413,>
2026-05-08,20:23:02.389343,IP,172.20.0.20.46413,>
2026-05-08,20:23:02.395783,IP,172.20.0.10.5002,>
2026-05-08,20:23:02.395882,IP,172.20.0.10.5002,>
2026-05-08,20:23:02.396179,IP,172.20.0.20.46413,>
2026-05-08,20:23:02.396448,IP,172.20.0.20.46413,>
2026-05-08,20:23:02.396902,IP,172.20.0.10.5002,>
2026-05-08,20:23:02.396974,IP,172.20.0.10.5002,>
2026-05-08,20:23:02.397257,IP,172.20.0.20.46413,>
2026-05-08,20:23:02.397568,IP,172.20.0.20.46413,>
2026-05-08,20:23:02.398163,IP,172.20.0.10.5002,>
2026-05-08,20:23:02.398170,IP,172.20.0.10.5002,>
2026-05-08,20:23:02.398481,IP,172.20.0.20.46413,>
2026-05-08,20:23:02.398734,IP,172.20.0.20.46413,>
2026-05-08,20:23:02.399271,IP,172.20.0.10.5002,>
2026-05-08,20:23:02.399533,IP,172.20.0.10.5002,>
2026-05-08,20:23:02.399932,IP,172.20.0.20.46413,>
2026-05-08,20:23:02.400213,IP,172.20.0.20.46413,>
2026-05-08,20:23:02.406511,IP,172.20.0.10.5002,>
2026-05-08,20:23:02.406601,IP,172.20.0.10.5002,>
2026-05-08,20:23:02.406946,IP,172.20.0.20.46413,>
2026-05-08,20:23:02.407201,IP,172.20.0.20.46413,>
2026-05-08,20:23:02.407428,IP,172.20.0.10.5002,>
2026-05-08,20:23:02.407840,IP,172.20.0.10.5002,>
2026-05-08,20:23:02.408016,IP,172.20.0.20.46413,>
2026-05-08,20:23:02.408255,IP,172.20.0.20.46413,>
2026-05-08,20:23:02.409033,IP,172.20.0.10.5002,>
2026-05-08,20:23:02.409104,IP,172.20.0.10.5002,>
2026-05-08,20:23:02.409364,IP,172.20.0.20.46413,>
2026-05-08,20:23:02.409639,IP,172.20.0.20.46413,>
2026-05-08,20:23:02.410393,IP,172.20.0.10.5002,>
2026-05-08,20:23:02.410473,IP,172.20.0.10.5002,>
2026-05-08,20:23:02.410722,IP,172.20.0.20.46413,>
2026-05-08,20:23:02.410993,IP,172.20.0.20.46413,>
2026-05-08,20:23:02.417236,IP,172.20.0.10.5002,>
2026-05-08,20:23:02.417615,IP,172.20.0.10.5002,>
2026-05-08,20:23:02.417645,IP,172.20.0.20.46413,>
2026-05-08,20:23:02.418300,IP,172.20.0.10.5002,>
2026-05-08,20:23:02.418415,IP,172.20.0.10.5002,>
2026-05-08,20:23:02.418422,IP,172.20.0.20.46413,>
2026-05-08,20:23:02.419007,IP,172.20.0.20.46413,>
2026-05-08,20:23:02.419314,IP,172.20.0.20.46413,>
2026-05-08,20:23:02.419689,IP,172.20.0.10.5002,>
2026-05-08,20:23:02.419768,IP,172.20.0.10.5002,>
2026-05-08,20:23:02.420150,IP,172.20.0.20.46413,>
2026-05-08,20:23:02.420495,IP,172.20.0.20.46413,>
2026-05-08,20:23:02.420927,IP,172.20.0.10.5002,>
2026-05-08,20:23:02.421322,IP,172.20.0.10.5002,>
2026-05-08,20:23:02.422024,IP,172.20.0.20.46413,>
2026-05-08,20:23:02.422321,IP,172.20.0.20.46413,>
2026-05-08,20:23:02.428070,IP,172.20.0.10.5002,>
2026-05-08,20:23:02.428527,IP,172.20.0.20.46413,>
2026-05-08,20:23:02.428622,IP,172.20.0.10.5002,>
2026-05-08,20:23:02.429010,IP,172.20.0.20.46413,>
2026-05-08,20:23:02.431857,IP,172.20.0.10.5002,>
2026-05-08,20:23:02.432013,IP,172.20.0.10.5002,>
2026-05-08,20:23:02.432187,IP,172.20.0.10.5002,>
2026-05-08,20:23:02.432260,IP,172.20.0.10.5002,>
2026-05-08,20:23:02.432273,IP,172.20.0.20.46413,>
2026-05-08,20:23:02.432330,IP,172.20.0.10.5002,>
2026-05-08,20:23:02.432562,IP,172.20.0.10.5002,>
2026-05-08,20:23:02.433337,IP,172.20.0.20.46413,>
2026-05-08,20:23:02.434684,IP,172.20.0.20.46413,>
2026-05-08,20:23:02.436028,IP,172.20.0.20.46413,>
2026-05-08,20:23:02.436878,IP,172.20.0.20.46413,>
2026-05-08,20:23:02.437195,IP,172.20.0.20.46413,>
2026-05-08,20:23:02.438977,IP,172.20.0.10.5002,>
2026-05-08,20:23:02.439211,IP,172.20.0.10.5002,>
2026-05-08,20:23:02.439376,IP,172.20.0.20.46413,>
2026-05-08,20:23:02.439654,IP,172.20.0.20.46413,>
2026-05-08,20:23:02.442959,IP,172.20.0.10.5002,>
2026-05-08,20:23:02.443749,IP,172.20.0.20.46413,>
2026-05-08,20:23:02.443836,IP,172.20.0.10.5002,>
2026-05-08,20:23:02.444237,IP,172.20.0.20.46413,>
2026-05-08,20:23:02.445018,IP,172.20.0.10.5002,>
2026-05-08,20:23:02.445383,IP,172.20.0.20.46413,>
2026-05-08,20:23:02.446252,IP,172.20.0.10.5002,>
2026-05-08,20:23:02.446603,IP,172.20.0.20.46413,>
2026-05-08,20:23:02.447092,IP,172.20.0.10.5002,>
2026-05-08,20:23:02.447394,IP,172.20.0.10.5002,>
2026-05-08,20:23:02.447412,IP,172.20.0.20.46413,>
2026-05-08,20:23:02.447667,IP,172.20.0.20.46413,>
2026-05-08,20:23:02.449676,IP,172.20.0.10.5002,>
2026-05-08,20:23:02.449941,IP,172.20.0.10.5002,>
2026-05-08,20:23:02.450111,IP,172.20.0.20.46413,>
2026-05-08,20:23:02.450455,IP,172.20.0.20.46413,>
2026-05-08,20:23:02.453956,IP,172.20.0.10.5002,>
2026-05-08,20:23:02.454309,IP,172.20.0.20.46413,>
2026-05-08,20:23:02.454656,IP,172.20.0.10.5002,>
2026-05-08,20:23:02.455021,IP,172.20.0.20.46413,>
2026-05-08,20:23:02.455709,IP,172.20.0.10.5002,>
2026-05-08,20:23:02.456046,IP,172.20.0.20.46413,>
2026-05-08,20:23:02.456827,IP,172.20.0.10.5002,>
2026-05-08,20:23:02.457129,IP,172.20.0.20.46413,>
2026-05-08,20:23:02.457589,IP,172.20.0.10.5002,>
2026-05-08,20:23:02.457878,IP,172.20.0.10.5002,>
2026-05-08,20:23:02.458021,IP,172.20.0.20.46413,>
2026-05-08,20:23:02.458282,IP,172.20.0.20.46413,>
2026-05-08,20:23:02.460484,IP,172.20.0.10.5002,>
2026-05-08,20:23:02.460705,IP,172.20.0.10.5002,>
2026-05-08,20:23:02.460831,IP,172.20.0.20.46413,>
2026-05-08,20:23:02.461119,IP,172.20.0.20.46413,>
2026-05-08,20:23:02.464974,IP,172.20.0.10.5002,>
2026-05-08,20:23:02.465276,IP,172.20.0.10.5002,>
2026-05-08,20:23:02.465343,IP,172.20.0.20.46413,>
2026-05-08,20:23:02.465596,IP,172.20.0.20.46413,>
2026-05-08,20:23:02.466346,IP,172.20.0.10.5002,>
2026-05-08,20:23:02.466642,IP,172.20.0.20.46413,>
2026-05-08,20:23:02.467309,IP,172.20.0.10.5002,>
2026-05-08,20:23:02.467601,IP,172.20.0.20.46413,>
2026-05-08,20:23:02.468212,IP,172.20.0.10.5002,>
2026-05-08,20:23:02.468543,IP,172.20.0.20.46413,>
2026-05-08,20:23:02.469089,IP,172.20.0.10.5002,>
2026-05-08,20:23:02.469489,IP,172.20.0.20.46413,>
2026-05-08,20:23:02.471099,IP,172.20.0.10.5002,>
2026-05-08,20:23:02.471426,IP,172.20.0.20.46413,>
2026-05-08,20:23:02.472142,IP,172.20.0.10.5002,>
2026-05-08,20:23:02.472434,IP,172.20.0.20.46413,>
2026-05-08,20:23:02.475660,IP,172.20.0.10.5002,>
2026-05-08,20:23:02.475820,IP,172.20.0.10.5002,>
2026-05-08,20:23:02.476020,IP,172.20.0.20.46413,>
2026-05-08,20:23:02.476267,IP,172.20.0.20.46413,>
2026-05-08,20:23:02.477990,IP,172.20.0.10.5002,>
2026-05-08,20:23:02.478085,IP,172.20.0.10.5002,>
2026-05-08,20:23:02.478321,IP,172.20.0.20.46413,>
2026-05-08,20:23:02.478567,IP,172.20.0.20.46413,>
2026-05-08,20:23:02.479293,IP,172.20.0.10.5002,>
2026-05-08,20:23:02.479665,IP,172.20.0.20.46413,>
2026-05-08,20:23:02.479713,IP,172.20.0.10.5002,>
2026-05-08,20:23:02.480035,IP,172.20.0.20.46413,>
2026-05-08,20:23:02.481759,IP,172.20.0.10.5002,>
2026-05-08,20:23:02.482177,IP,172.20.0.20.46413,>
2026-05-08,20:23:02.482627,IP,172.20.0.10.5002,>
2026-05-08,20:23:02.483168,IP,172.20.0.20.46413,>
2026-05-08,20:23:02.486205,IP,172.20.0.10.5002,>
2026-05-08,20:23:02.486567,IP,172.20.0.10.5002,>
2026-05-08,20:23:02.487249,IP,172.20.0.20.46413,>
2026-05-08,20:23:02.487537,IP,172.20.0.20.46413,>
2026-05-08,20:23:02.488606,IP,172.20.0.10.5002,>
2026-05-08,20:23:02.488689,IP,172.20.0.10.5002,>
2026-05-08,20:23:02.488976,IP,172.20.0.20.46413,>
2026-05-08,20:23:02.489265,IP,172.20.0.20.46413,>
2026-05-08,20:23:02.490014,IP,172.20.0.10.5002,>
2026-05-08,20:23:02.490305,IP,172.20.0.10.5002,>
2026-05-08,20:23:02.490565,IP,172.20.0.20.46413,>
2026-05-08,20:23:02.490861,IP,172.20.0.20.46413,>
2026-05-08,20:23:02.492461,IP,172.20.0.10.5002,>
2026-05-08,20:23:02.492787,IP,172.20.0.20.46413,>
2026-05-08,20:23:02.493361,IP,172.20.0.10.5002,>
2026-05-08,20:23:02.493638,IP,172.20.0.20.46413,>
2026-05-08,20:23:02.497472,IP,172.20.0.10.5002,>
2026-05-08,20:23:02.497749,IP,172.20.0.10.5002,>
2026-05-08,20:23:02.497935,IP,172.20.0.20.46413,>
2026-05-08,20:23:02.498203,IP,172.20.0.20.46413,>
2026-05-08,20:23:02.499336,IP,172.20.0.10.5002,>
2026-05-08,20:23:02.499412,IP,172.20.0.10.5002,>
2026-05-08,20:23:02.499737,IP,172.20.0.20.46413,>
2026-05-08,20:23:02.500038,IP,172.20.0.20.46413,>
2026-05-08,20:23:02.500765,IP,172.20.0.10.5002,>
2026-05-08,20:23:02.501135,IP,172.20.0.10.5002,>
2026-05-08,20:23:02.501218,IP,172.20.0.20.46413,>
2026-05-08,20:23:02.501550,IP,172.20.0.20.46413,>
2026-05-08,20:23:02.503167,IP,172.20.0.10.5002,>
2026-05-08,20:23:02.503566,IP,172.20.0.20.46413,>
2026-05-08,20:23:02.503891,IP,172.20.0.10.5002,>
2026-05-08,20:23:02.504267,IP,172.20.0.20.46413,>
2026-05-08,20:23:02.508163,IP,172.20.0.10.5002,>
2026-05-08,20:23:02.508410,IP,172.20.0.10.5002,>
2026-05-08,20:23:02.508485,IP,172.20.0.20.46413,>
2026-05-08,20:23:02.508721,IP,172.20.0.20.46413,>
2026-05-08,20:23:02.510046,IP,172.20.0.10.5002,>
2026-05-08,20:23:02.510206,IP,172.20.0.10.5002,>
2026-05-08,20:23:02.510376,IP,172.20.0.20.46413,>
2026-05-08,20:23:02.510632,IP,172.20.0.20.46413,>
2026-05-08,20:23:02.511494,IP,172.20.0.10.5002,>
2026-05-08,20:23:02.511856,IP,172.20.0.20.46413,>
2026-05-08,20:23:02.511973,IP,172.20.0.10.5002,>
2026-05-08,20:23:02.512335,IP,172.20.0.20.46413,>
2026-05-08,20:23:02.514061,IP,172.20.0.10.5002,>
2026-05-08,20:23:02.514394,IP,172.20.0.20.46413,>
2026-05-08,20:23:02.514510,IP,172.20.0.10.5002,>
2026-05-08,20:23:02.514817,IP,172.20.0.20.46413,>
2026-05-08,20:23:02.518650,IP,172.20.0.10.5002,>
2026-05-08,20:23:02.519035,IP,172.20.0.20.46413,>
2026-05-08,20:23:02.519179,IP,172.20.0.10.5002,>
2026-05-08,20:23:02.519564,IP,172.20.0.20.46413,>
2026-05-08,20:23:02.520730,IP,172.20.0.10.5002,>
2026-05-08,20:23:02.520740,IP,172.20.0.10.5002,>
2026-05-08,20:23:02.521093,IP,172.20.0.20.46413,>
2026-05-08,20:23:02.521343,IP,172.20.0.20.46413,>
2026-05-08,20:23:02.522171,IP,172.20.0.10.5002,>
2026-05-08,20:23:02.522591,IP,172.20.0.10.5002,>
2026-05-08,20:23:02.522857,IP,172.20.0.20.46413,>
2026-05-08,20:23:02.523248,IP,172.20.0.20.46413,>
2026-05-08,20:23:02.524837,IP,172.20.0.10.5002,>
2026-05-08,20:23:02.524991,IP,172.20.0.10.5002,>
2026-05-08,20:23:02.525171,IP,172.20.0.20.46413,>
2026-05-08,20:23:02.525424,IP,172.20.0.20.46413,>
2026-05-08,20:23:02.529243,IP,172.20.0.10.5002,>
2026-05-08,20:23:02.529639,IP,172.20.0.20.46413,>
2026-05-08,20:23:02.529974,IP,172.20.0.10.5002,>
2026-05-08,20:23:02.530314,IP,172.20.0.20.46413,>
2026-05-08,20:23:02.531357,IP,172.20.0.10.5002,>
2026-05-08,20:23:02.531467,IP,172.20.0.10.5002,>
2026-05-08,20:23:02.531681,IP,172.20.0.20.46413,>
2026-05-08,20:23:02.532003,IP,172.20.0.20.46413,>
2026-05-08,20:23:02.533014,IP,172.20.0.10.5002,>
2026-05-08,20:23:02.533394,IP,172.20.0.20.46413,>
2026-05-08,20:23:02.533442,IP,172.20.0.10.5002,>
2026-05-08,20:23:02.534529,IP,172.20.0.20.46413,>
2026-05-08,20:23:02.535520,IP,172.20.0.10.5002,>
2026-05-08,20:23:02.535642,IP,172.20.0.10.5002,>
2026-05-08,20:23:02.535942,IP,172.20.0.20.46413,>
2026-05-08,20:23:02.536347,IP,172.20.0.20.46413,>
2026-05-08,20:23:02.539999,IP,172.20.0.10.5002,>
2026-05-08,20:23:02.540318,IP,172.20.0.20.46413,>
2026-05-08,20:23:02.540500,IP,172.20.0.10.5002,>
2026-05-08,20:23:02.540950,IP,172.20.0.20.46413,>
2026-05-08,20:23:02.542043,IP,172.20.0.10.5002,>
2026-05-08,20:23:02.542173,IP,172.20.0.10.5002,>
2026-05-08,20:23:02.542409,IP,172.20.0.20.46413,>
2026-05-08,20:23:02.543139,IP,172.20.0.20.46413,>
2026-05-08,20:23:02.543627,IP,172.20.0.10.5002,>
2026-05-08,20:23:02.544025,IP,172.20.0.20.46413,>
2026-05-08,20:23:02.544712,IP,172.20.0.10.5002,>
2026-05-08,20:23:02.545255,IP,172.20.0.20.46413,>
2026-05-08,20:23:02.546338,IP,172.20.0.10.5002,>
2026-05-08,20:23:02.546551,IP,172.20.0.10.5002,>
2026-05-08,20:23:02.546675,IP,172.20.0.20.46413,>
2026-05-08,20:23:02.547063,IP,172.20.0.20.46413,>
2026-05-08,20:23:02.550556,IP,172.20.0.10.5002,>
2026-05-08,20:23:02.551033,IP,172.20.0.20.46413,>
2026-05-08,20:23:02.551148,IP,172.20.0.10.5002,>
2026-05-08,20:23:02.551546,IP,172.20.0.20.46413,>
2026-05-08,20:23:02.552740,IP,172.20.0.10.5002,>
2026-05-08,20:23:02.553143,IP,172.20.0.20.46413,>
2026-05-08,20:23:02.553321,IP,172.20.0.10.5002,>
2026-05-08,20:23:02.553831,IP,172.20.0.20.46413,>
2026-05-08,20:23:02.554251,IP,172.20.0.10.5002,>
2026-05-08,20:23:02.554951,IP,172.20.0.20.46413,>
2026-05-08,20:23:02.555464,IP,172.20.0.10.5002,>
2026-05-08,20:23:02.555870,IP,172.20.0.20.46413,>
2026-05-08,20:23:02.557002,IP,172.20.0.10.5002,>
2026-05-08,20:23:02.557280,IP,172.20.0.10.5002,>
2026-05-08,20:23:02.557590,IP,172.20.0.20.46413,>
2026-05-08,20:23:02.557917,IP,172.20.0.20.46413,>
2026-05-08,20:23:02.561418,IP,172.20.0.10.5002,>
2026-05-08,20:23:02.561806,IP,172.20.0.10.5002,>
2026-05-08,20:23:02.562128,IP,172.20.0.20.46413,>
2026-05-08,20:23:02.562396,IP,172.20.0.20.46413,>
2026-05-08,20:23:02.563427,IP,172.20.0.10.5002,>
2026-05-08,20:23:02.563757,IP,172.20.0.20.46413,>
2026-05-08,20:23:02.564022,IP,172.20.0.10.5002,>
2026-05-08,20:23:02.564478,IP,172.20.0.20.46413,>
2026-05-08,20:23:02.565285,IP,172.20.0.10.5002,>
2026-05-08,20:23:02.565683,IP,172.20.0.20.46413,>
2026-05-08,20:23:02.566063,IP,172.20.0.10.5002,>
2026-05-08,20:23:02.566434,IP,172.20.0.20.46413,>
2026-05-08,20:23:02.567992,IP,172.20.0.10.5002,>
2026-05-08,20:23:02.568087,IP,172.20.0.10.5002,>
2026-05-08,20:23:02.568410,IP,172.20.0.20.46413,>
2026-05-08,20:23:02.569062,IP,172.20.0.20.46413,>
2026-05-08,20:23:02.572365,IP,172.20.0.10.5002,>
2026-05-08,20:23:02.572655,IP,172.20.0.10.5002,>
2026-05-08,20:23:02.572769,IP,172.20.0.20.46413,>
2026-05-08,20:23:02.573053,IP,172.20.0.20.46413,>
2026-05-08,20:23:02.574073,IP,172.20.0.10.5002,>
2026-05-08,20:23:02.574480,IP,172.20.0.20.46413,>
2026-05-08,20:23:02.574663,IP,172.20.0.10.5002,>
2026-05-08,20:23:02.575080,IP,172.20.0.20.46413,>
2026-05-08,20:23:02.575992,IP,172.20.0.10.5002,>
2026-05-08,20:23:02.576348,IP,172.20.0.20.46413,>
2026-05-08,20:23:02.576616,IP,172.20.0.10.5002,>
2026-05-08,20:23:02.576984,IP,172.20.0.20.46413,>
2026-05-08,20:23:02.578677,IP,172.20.0.10.5002,>
2026-05-08,20:23:02.579259,IP,172.20.0.10.5002,>
2026-05-08,20:23:02.579284,IP,172.20.0.20.46413,>
2026-05-08,20:23:02.579902,IP,172.20.0.20.46413,>
2026-05-08,20:23:02.583106,IP,172.20.0.10.5002,>
2026-05-08,20:23:02.583269,IP,172.20.0.10.5002,>
2026-05-08,20:23:02.584713,IP,172.20.0.20.46413,>
2026-05-08,20:23:02.585149,IP,172.20.0.10.5002,>
2026-05-08,20:23:02.585175,IP,172.20.0.20.46413,>
2026-05-08,20:23:02.585257,IP,172.20.0.10.5002,>
2026-05-08,20:23:02.585863,IP,172.20.0.20.46413,>
2026-05-08,20:23:02.586669,IP,172.20.0.10.5002,>
2026-05-08,20:23:02.587176,IP,172.20.0.10.5002,>
2026-05-08,20:23:02.587380,IP,172.20.0.20.46413,>
2026-05-08,20:23:02.587769,IP,172.20.0.20.46413,>
2026-05-08,20:23:02.588706,IP,172.20.0.20.46413,>
2026-05-08,20:23:02.589566,IP,172.20.0.10.5002,>
2026-05-08,20:23:02.590051,IP,172.20.0.20.46413,>
2026-05-08,20:23:02.590137,IP,172.20.0.10.5002,>
2026-05-08,20:23:02.590694,IP,172.20.0.20.46413,>
2026-05-08,20:23:02.595196,IP,172.20.0.10.5002,>
2026-05-08,20:23:02.595517,IP,172.20.0.10.5002,>
2026-05-08,20:23:02.595631,IP,172.20.0.20.46413,>
2026-05-08,20:23:02.595941,IP,172.20.0.20.46413,>
2026-05-08,20:23:02.597006,IP,172.20.0.10.5002,>
2026-05-08,20:23:02.597350,IP,172.20.0.20.46413,>
2026-05-08,20:23:02.597636,IP,172.20.0.10.5002,>
2026-05-08,20:23:02.597968,IP,172.20.0.10.5002,>
2026-05-08,20:23:02.598068,IP,172.20.0.20.46413,>
2026-05-08,20:23:02.598536,IP,172.20.0.20.46413,>
2026-05-08,20:23:02.598940,IP,172.20.0.10.5002,>
2026-05-08,20:23:02.599644,IP,172.20.0.20.46413,>
2026-05-08,20:23:02.600434,IP,172.20.0.10.5002,>
2026-05-08,20:23:02.600855,IP,172.20.0.20.46413,>
2026-05-08,20:23:02.600946,IP,172.20.0.10.5002,>
2026-05-08,20:23:02.601218,IP,172.20.0.20.46413,>
2026-05-08,20:23:02.605957,IP,172.20.0.10.5002,>
2026-05-08,20:23:02.606206,IP,172.20.0.10.5002,>
2026-05-08,20:23:02.606350,IP,172.20.0.20.46413,>
2026-05-08,20:23:02.606726,IP,172.20.0.20.46413,>
2026-05-08,20:23:02.607863,IP,172.20.0.10.5002,>
2026-05-08,20:23:02.608246,IP,172.20.0.20.46413,>
2026-05-08,20:23:02.608290,IP,172.20.0.10.5002,>
2026-05-08,20:23:02.608721,IP,172.20.0.20.46413,>
2026-05-08,20:23:02.608727,IP,172.20.0.10.5002,>
2026-05-08,20:23:02.609392,IP,172.20.0.20.46413,>
2026-05-08,20:23:02.609961,IP,172.20.0.10.5002,>
2026-05-08,20:23:02.610424,IP,172.20.0.20.46413,>
2026-05-08,20:23:02.611170,IP,172.20.0.10.5002,>
2026-05-08,20:23:02.611449,IP,172.20.0.10.5002,>
2026-05-08,20:23:02.611556,IP,172.20.0.20.46413,>
2026-05-08,20:23:02.611868,IP,172.20.0.20.46413,>
2026-05-08,20:23:02.616636,IP,172.20.0.10.5002,>
2026-05-08,20:23:02.617062,IP,172.20.0.10.5002,>
2026-05-08,20:23:02.617078,IP,172.20.0.20.46413,>
2026-05-08,20:23:02.617354,IP,172.20.0.20.46413,>
2026-05-08,20:23:02.618565,IP,172.20.0.10.5002,>
2026-05-08,20:23:02.618977,IP,172.20.0.10.5002,>
2026-05-08,20:23:02.619015,IP,172.20.0.20.46413,>
2026-05-08,20:23:02.619286,IP,172.20.0.20.46413,>
2026-05-08,20:23:02.619840,IP,172.20.0.10.5002,>
2026-05-08,20:23:02.620317,IP,172.20.0.20.46413,>
2026-05-08,20:23:02.620599,IP,172.20.0.10.5002,>
2026-05-08,20:23:02.621033,IP,172.20.0.20.46413,>
2026-05-08,20:23:02.621929,IP,172.20.0.10.5002,>
2026-05-08,20:23:02.622008,IP,172.20.0.10.5002,>
2026-05-08,20:23:02.622466,IP,172.20.0.20.46413,>
2026-05-08,20:23:02.622746,IP,172.20.0.20.46413,>
2026-05-08,20:23:02.627631,IP,172.20.0.10.5002,>
2026-05-08,20:23:02.627789,IP,172.20.0.10.5002,>
2026-05-08,20:23:02.628017,IP,172.20.0.20.46413,>
2026-05-08,20:23:02.628463,IP,172.20.0.20.46413,>
2026-05-08,20:23:02.629345,IP,172.20.0.10.5002,>
2026-05-08,20:23:02.629434,IP,172.20.0.10.5002,>
2026-05-08,20:23:02.629701,IP,172.20.0.20.46413,>
2026-05-08,20:23:02.630055,IP,172.20.0.20.46413,>
2026-05-08,20:23:02.630511,IP,172.20.0.10.5002,>
2026-05-08,20:23:02.631217,IP,172.20.0.10.5002,>
2026-05-08,20:23:02.631362,IP,172.20.0.20.46413,>
2026-05-08,20:23:02.631748,IP,172.20.0.20.46413,>
2026-05-08,20:23:02.632738,IP,172.20.0.10.5002,>
2026-05-08,20:23:02.632988,IP,172.20.0.10.5002,>
2026-05-08,20:23:02.633105,IP,172.20.0.20.46413,>
2026-05-08,20:23:02.633349,IP,172.20.0.20.46413,>
2026-05-08,20:23:02.638276,IP,172.20.0.10.5002,>
2026-05-08,20:23:02.638635,IP,172.20.0.10.5002,>
2026-05-08,20:23:02.638718,IP,172.20.0.20.46413,>
2026-05-08,20:23:02.639184,IP,172.20.0.20.46413,>
2026-05-08,20:23:02.640205,IP,172.20.0.10.5002,>
2026-05-08,20:23:02.640298,IP,172.20.0.10.5002,>
2026-05-08,20:23:02.640632,IP,172.20.0.20.46413,>
2026-05-08,20:23:02.640941,IP,172.20.0.20.46413,>
2026-05-08,20:23:02.641598,IP,172.20.0.10.5002,>
2026-05-08,20:23:02.642003,IP,172.20.0.10.5002,>
2026-05-08,20:23:02.642179,IP,172.20.0.20.46413,>
2026-05-08,20:23:02.642444,IP,172.20.0.20.46413,>
2026-05-08,20:23:02.643384,IP,172.20.0.10.5002,>
2026-05-08,20:23:02.643568,IP,172.20.0.10.5002,>
2026-05-08,20:23:02.643953,IP,172.20.0.20.46413,>
2026-05-08,20:23:02.644221,IP,172.20.0.20.46413,>
2026-05-08,20:23:02.648997,IP,172.20.0.10.5002,>
2026-05-08,20:23:02.649413,IP,172.20.0.20.46413,>
2026-05-08,20:23:02.649541,IP,172.20.0.10.5002,>
2026-05-08,20:23:02.650303,IP,172.20.0.20.46413,>
2026-05-08,20:23:02.650959,IP,172.20.0.10.5002,>
2026-05-08,20:23:02.651068,IP,172.20.0.10.5002,>
2026-05-08,20:23:02.651304,IP,172.20.0.20.46413,>
2026-05-08,20:23:02.651595,IP,172.20.0.20.46413,>
2026-05-08,20:23:02.652386,IP,172.20.0.10.5002,>
2026-05-08,20:23:02.652609,IP,172.20.0.10.5002,>
2026-05-08,20:23:02.652830,IP,172.20.0.20.46413,>
2026-05-08,20:23:02.653107,IP,172.20.0.20.46413,>
2026-05-08,20:23:02.654414,IP,172.20.0.10.5002,>
2026-05-08,20:23:02.654498,IP,172.20.0.10.5002,>
2026-05-08,20:23:02.654761,IP,172.20.0.20.46413,>
2026-05-08,20:23:02.655150,IP,172.20.0.20.46413,>
2026-05-08,20:23:02.659770,IP,172.20.0.10.5002,>
2026-05-08,20:23:02.660112,IP,172.20.0.20.46413,>
2026-05-08,20:23:02.660512,IP,172.20.0.10.5002,>
2026-05-08,20:23:02.661098,IP,172.20.0.20.46413,>
2026-05-08,20:23:02.661643,IP,172.20.0.10.5002,>
2026-05-08,20:23:02.661727,IP,172.20.0.10.5002,>
2026-05-08,20:23:02.662158,IP,172.20.0.20.46413,>
2026-05-08,20:23:02.662418,IP,172.20.0.20.46413,>
2026-05-08,20:23:02.663043,IP,172.20.0.10.5002,>
2026-05-08,20:23:02.663327,IP,172.20.0.10.5002,>
2026-05-08,20:23:02.663529,IP,172.20.0.20.46413,>
2026-05-08,20:23:02.663914,IP,172.20.0.20.46413,>
2026-05-08,20:23:02.665099,IP,172.20.0.10.5002,>
2026-05-08,20:23:02.665383,IP,172.20.0.10.5002,>
2026-05-08,20:23:02.665430,IP,172.20.0.20.46413,>
2026-05-08,20:23:02.665686,IP,172.20.0.20.46413,>
2026-05-08,20:23:02.670357,IP,172.20.0.10.5002,>
2026-05-08,20:23:02.670769,IP,172.20.0.20.46413,>
2026-05-08,20:23:02.671315,IP,172.20.0.10.5002,>
2026-05-08,20:23:02.671823,IP,172.20.0.20.46413,>
2026-05-08,20:23:02.672422,IP,172.20.0.10.5002,>
2026-05-08,20:23:02.672655,IP,172.20.0.10.5002,>
2026-05-08,20:23:02.672739,IP,172.20.0.20.46413,>
2026-05-08,20:23:02.673104,IP,172.20.0.20.46413,>
2026-05-08,20:23:02.673853,IP,172.20.0.10.5002,>
2026-05-08,20:23:02.674091,IP,172.20.0.10.5002,>
2026-05-08,20:23:02.674231,IP,172.20.0.20.46413,>
2026-05-08,20:23:02.674551,IP,172.20.0.20.46413,>
2026-05-08,20:23:02.675779,IP,172.20.0.10.5002,>
2026-05-08,20:23:02.675941,IP,172.20.0.10.5002,>
2026-05-08,20:23:02.676366,IP,172.20.0.20.46413,>
2026-05-08,20:23:02.676664,IP,172.20.0.20.46413,>
2026-05-08,20:23:02.681036,IP,172.20.0.10.5002,>
2026-05-08,20:23:02.681445,IP,172.20.0.20.46413,>
2026-05-08,20:23:02.682015,IP,172.20.0.10.5002,>
2026-05-08,20:23:02.682391,IP,172.20.0.20.46413,>
2026-05-08,20:23:02.683238,IP,172.20.0.10.5002,>
2026-05-08,20:23:02.683392,IP,172.20.0.10.5002,>
2026-05-08,20:23:02.683617,IP,172.20.0.20.46413,>
2026-05-08,20:23:02.683963,IP,172.20.0.20.46413,>
2026-05-08,20:23:02.684448,IP,172.20.0.10.5002,>
2026-05-08,20:23:02.684813,IP,172.20.0.10.5002,>
2026-05-08,20:23:02.684839,IP,172.20.0.20.46413,>
2026-05-08,20:23:02.685191,IP,172.20.0.20.46413,>
2026-05-08,20:23:02.686656,IP,172.20.0.10.5002,>
2026-05-08,20:23:02.686911,IP,172.20.0.10.5002,>
2026-05-08,20:23:02.687083,IP,172.20.0.20.46413,>
2026-05-08,20:23:02.687394,IP,172.20.0.20.46413,>
2026-05-08,20:23:02.691663,IP,172.20.0.10.5002,>
2026-05-08,20:23:02.692030,IP,172.20.0.20.46413,>
2026-05-08,20:23:02.692609,IP,172.20.0.10.5002,>
2026-05-08,20:23:02.693043,IP,172.20.0.20.46413,>
2026-05-08,20:23:02.694443,IP,172.20.0.10.5002,>
2026-05-08,20:23:02.694685,IP,172.20.0.10.5002,>
2026-05-08,20:23:02.694848,IP,172.20.0.20.46413,>
2026-05-08,20:23:02.695099,IP,172.20.0.10.5002,>
2026-05-08,20:23:02.695133,IP,172.20.0.20.46413,>
2026-05-08,20:23:02.695412,IP,172.20.0.20.46413,>
2026-05-08,20:23:02.695509,IP,172.20.0.10.5002,>
2026-05-08,20:23:02.695864,IP,172.20.0.20.46413,>
2026-05-08,20:23:02.697373,IP,172.20.0.10.5002,>
2026-05-08,20:23:02.697610,IP,172.20.0.10.5002,>
2026-05-08,20:23:02.697834,IP,172.20.0.20.46413,>
2026-05-08,20:23:02.698212,IP,172.20.0.20.46413,>
2026-05-08,20:23:02.702245,IP,172.20.0.10.5002,>
2026-05-08,20:23:02.702685,IP,172.20.0.20.46413,>
2026-05-08,20:23:02.703209,IP,172.20.0.10.5002,>
2026-05-08,20:23:02.704031,IP,172.20.0.20.46413,>
2026-05-08,20:23:02.705094,IP,172.20.0.10.5002,>
2026-05-08,20:23:02.705370,IP,172.20.0.10.5002,>
2026-05-08,20:23:02.705764,IP,172.20.0.10.5002,>
2026-05-08,20:23:02.706020,IP,172.20.0.10.5002,>
2026-05-08,20:23:02.706275,IP,172.20.0.20.46413,>
2026-05-08,20:23:02.706564,IP,172.20.0.20.46413,>
2026-05-08,20:23:02.708096,IP,172.20.0.10.5002,>
2026-05-08,20:23:02.708209,IP,172.20.0.20.46413,>
2026-05-08,20:23:02.708494,IP,172.20.0.20.46413,>
2026-05-08,20:23:02.708605,IP,172.20.0.10.5002,>
2026-05-08,20:23:02.709489,IP,172.20.0.20.46413,>
2026-05-08,20:23:02.709741,IP,172.20.0.20.46413,>
2026-05-08,20:23:02.712906,IP,172.20.0.10.5002,>
2026-05-08,20:23:02.713240,IP,172.20.0.20.46413,>
2026-05-08,20:23:02.714227,IP,172.20.0.10.5002,>
2026-05-08,20:23:02.714577,IP,172.20.0.20.46413,>
2026-05-08,20:23:02.716565,IP,172.20.0.10.5002,>
2026-05-08,20:23:02.716814,IP,172.20.0.10.5002,>
2026-05-08,20:23:02.716937,IP,172.20.0.20.46413,>
2026-05-08,20:23:02.717209,IP,172.20.0.20.46413,>
2026-05-08,20:23:02.718471,IP,172.20.0.10.5002,>
2026-05-08,20:23:02.718704,IP,172.20.0.10.5002,>
2026-05-08,20:23:02.718914,IP,172.20.0.20.46413,>
2026-05-08,20:23:02.719194,IP,172.20.0.20.46413,>
2026-05-08,20:23:02.720004,IP,172.20.0.10.5002,>
2026-05-08,20:23:02.720073,IP,172.20.0.10.5002,>
2026-05-08,20:23:02.720687,IP,172.20.0.20.46413,>
2026-05-08,20:23:02.721039,IP,172.20.0.20.46413,>
2026-05-08,20:23:02.723468,IP,172.20.0.10.5002,>
2026-05-08,20:23:02.723893,IP,172.20.0.20.46413,>
2026-05-08,20:23:02.724833,IP,172.20.0.10.5002,>
2026-05-08,20:23:02.725176,IP,172.20.0.20.46413,>
2026-05-08,20:23:02.727247,IP,172.20.0.10.5002,>
2026-05-08,20:23:02.727342,IP,172.20.0.10.5002,>
2026-05-08,20:23:02.727649,IP,172.20.0.20.46413,>
2026-05-08,20:23:02.727988,IP,172.20.0.20.46413,>
2026-05-08,20:23:02.729130,IP,172.20.0.10.5002,>
2026-05-08,20:23:02.729426,IP,172.20.0.20.46413,>
2026-05-08,20:23:02.729614,IP,172.20.0.10.5002,>
2026-05-08,20:23:02.730487,IP,172.20.0.20.46413,>
2026-05-08,20:23:02.731070,IP,172.20.0.10.5002,>
2026-05-08,20:23:02.731228,IP,172.20.0.10.5002,>
2026-05-08,20:23:02.731479,IP,172.20.0.20.46413,>
2026-05-08,20:23:02.731745,IP,172.20.0.20.46413,>
2026-05-08,20:23:02.734219,IP,172.20.0.10.5002,>
2026-05-08,20:23:02.734557,IP,172.20.0.20.46413,>
2026-05-08,20:23:02.735426,IP,172.20.0.10.5002,>
2026-05-08,20:23:02.735739,IP,172.20.0.20.46413,>
2026-05-08,20:23:02.737937,IP,172.20.0.10.5002,>
2026-05-08,20:23:02.738196,IP,172.20.0.10.5002,>
2026-05-08,20:23:02.738334,IP,172.20.0.20.46413,>
2026-05-08,20:23:02.738623,IP,172.20.0.20.46413,>
2026-05-08,20:23:02.739632,IP,172.20.0.10.5002,>
2026-05-08,20:23:02.740223,IP,172.20.0.20.46413,>
2026-05-08,20:23:02.740717,IP,172.20.0.10.5002,>
2026-05-08,20:23:02.741269,IP,172.20.0.20.46413,>
2026-05-08,20:23:02.741833,IP,172.20.0.10.5002,>
2026-05-08,20:23:02.741971,IP,172.20.0.10.5002,>
2026-05-08,20:23:02.742225,IP,172.20.0.20.46413,>
2026-05-08,20:23:02.742483,IP,172.20.0.20.46413,>
2026-05-08,20:23:02.744841,IP,172.20.0.10.5002,>
2026-05-08,20:23:02.745192,IP,172.20.0.20.46413,>
2026-05-08,20:23:02.745973,IP,172.20.0.10.5002,>
2026-05-08,20:23:02.746314,IP,172.20.0.20.46413,>
2026-05-08,20:23:02.748617,IP,172.20.0.10.5002,>
2026-05-08,20:23:02.748812,IP,172.20.0.10.5002,>
2026-05-08,20:23:02.748996,IP,172.20.0.20.46413,>
2026-05-08,20:23:02.749547,IP,172.20.0.20.46413,>
2026-05-08,20:23:02.750429,IP,172.20.0.10.5002,>
2026-05-08,20:23:02.750776,IP,172.20.0.20.46413,>
2026-05-08,20:23:02.751504,IP,172.20.0.10.5002,>
2026-05-08,20:23:02.751837,IP,172.20.0.20.46413,>
2026-05-08,20:23:02.752608,IP,172.20.0.10.5002,>
2026-05-08,20:23:02.752674,IP,172.20.0.10.5002,>
2026-05-08,20:23:02.752979,IP,172.20.0.20.46413,>
2026-05-08,20:23:02.753233,IP,172.20.0.20.46413,>
2026-05-08,20:23:02.755419,IP,172.20.0.10.5002,>
2026-05-08,20:23:02.755787,IP,172.20.0.20.46413,>
2026-05-08,20:23:02.756504,IP,172.20.0.10.5002,>
2026-05-08,20:23:02.756867,IP,172.20.0.20.46413,>
2026-05-08,20:23:02.759307,IP,172.20.0.10.5002,>
2026-05-08,20:23:02.759602,IP,172.20.0.20.46413,>
2026-05-08,20:23:02.759738,IP,172.20.0.10.5002,>
2026-05-08,20:23:02.760071,IP,172.20.0.20.46413,>
2026-05-08,20:23:02.761013,IP,172.20.0.10.5002,>
2026-05-08,20:23:02.761308,IP,172.20.0.20.46413,>
2026-05-08,20:23:02.762051,IP,172.20.0.10.5002,>
2026-05-08,20:23:02.762356,IP,172.20.0.20.46413,>
2026-05-08,20:23:02.763248,IP,172.20.0.10.5002,>
2026-05-08,20:23:02.763372,IP,172.20.0.10.5002,>
2026-05-08,20:23:02.763591,IP,172.20.0.20.46413,>
2026-05-08,20:23:02.763897,IP,172.20.0.20.46413,>
2026-05-08,20:23:02.765996,IP,172.20.0.10.5002,>
2026-05-08,20:23:02.766323,IP,172.20.0.20.46413,>
2026-05-08,20:23:02.767104,IP,172.20.0.10.5002,>
2026-05-08,20:23:02.767437,IP,172.20.0.20.46413,>
2026-05-08,20:23:02.769942,IP,172.20.0.10.5002,>
2026-05-08,20:23:02.770250,IP,172.20.0.10.5002,>
2026-05-08,20:23:02.770309,IP,172.20.0.20.46413,>
2026-05-08,20:23:02.770613,IP,172.20.0.20.46413,>
2026-05-08,20:23:02.771526,IP,172.20.0.10.5002,>
2026-05-08,20:23:02.771877,IP,172.20.0.20.46413,>
2026-05-08,20:23:02.772565,IP,172.20.0.10.5002,>
2026-05-08,20:23:02.773068,IP,172.20.0.20.46413,>
2026-05-08,20:23:02.773929,IP,172.20.0.10.5002,>
2026-05-08,20:23:02.774059,IP,172.20.0.10.5002,>
2026-05-08,20:23:02.774321,IP,172.20.0.20.46413,>
2026-05-08,20:23:02.774607,IP,172.20.0.20.46413,>
2026-05-08,20:23:02.776529,IP,172.20.0.10.5002,>
2026-05-08,20:23:02.776971,IP,172.20.0.20.46413,>
2026-05-08,20:23:02.777607,IP,172.20.0.10.5002,>
2026-05-08,20:23:02.778170,IP,172.20.0.20.46413,>
2026-05-08,20:23:02.780564,IP,172.20.0.10.5002,>
2026-05-08,20:23:02.780924,IP,172.20.0.10.5002,>
2026-05-08,20:23:02.781003,IP,172.20.0.20.46413,>
2026-05-08,20:23:02.781303,IP,172.20.0.20.46413,>
2026-05-08,20:23:02.782065,IP,172.20.0.10.5002,>
2026-05-08,20:23:02.782441,IP,172.20.0.20.46413,>
2026-05-08,20:23:02.783358,IP,172.20.0.10.5002,>
2026-05-08,20:23:02.783786,IP,172.20.0.20.46413,>
2026-05-08,20:23:02.784718,IP,172.20.0.10.5002,>
2026-05-08,20:23:02.784815,IP,172.20.0.10.5002,>
2026-05-08,20:23:02.785111,IP,172.20.0.20.46413,>
2026-05-08,20:23:02.785444,IP,172.20.0.20.46413,>
2026-05-08,20:23:02.787197,IP,172.20.0.10.5002,>
2026-05-08,20:23:02.787541,IP,172.20.0.20.46413,>
2026-05-08,20:23:02.788379,IP,172.20.0.10.5002,>
2026-05-08,20:23:02.788719,IP,172.20.0.20.46413,>
2026-05-08,20:23:02.791314,IP,172.20.0.10.5002,>
2026-05-08,20:23:02.791567,IP,172.20.0.10.5002,>
2026-05-08,20:23:02.791855,IP,172.20.0.20.46413,>
2026-05-08,20:23:02.792550,IP,172.20.0.20.46413,>
2026-05-08,20:23:02.792605,IP,172.20.0.10.5002,>
2026-05-08,20:23:02.793045,IP,172.20.0.20.46413,>
2026-05-08,20:23:02.794025,IP,172.20.0.10.5002,>
2026-05-08,20:23:02.794591,IP,172.20.0.20.46413,>
2026-05-08,20:23:02.795497,IP,172.20.0.10.5002,>
2026-05-08,20:23:02.795601,IP,172.20.0.10.5002,>
2026-05-08,20:23:02.796006,IP,172.20.0.20.46413,>
2026-05-08,20:23:02.796296,IP,172.20.0.20.46413,>
2026-05-08,20:23:02.797789,IP,172.20.0.10.5002,>
2026-05-08,20:23:02.798145,IP,172.20.0.20.46413,>
2026-05-08,20:23:02.798966,IP,172.20.0.10.5002,>
2026-05-08,20:23:02.799377,IP,172.20.0.20.46413,>
2026-05-08,20:23:02.802162,IP,172.20.0.10.5002,>
2026-05-08,20:23:02.802776,IP,172.20.0.10.5002,>
2026-05-08,20:23:02.802785,IP,172.20.0.20.46413,>
2026-05-08,20:23:02.803077,IP,172.20.0.20.46413,>
2026-05-08,20:23:02.803323,IP,172.20.0.10.5002,>
2026-05-08,20:23:02.803917,IP,172.20.0.20.46413,>
2026-05-08,20:23:02.804827,IP,172.20.0.10.5002,>
2026-05-08,20:23:02.805222,IP,172.20.0.20.46413,>
2026-05-08,20:23:02.806272,IP,172.20.0.10.5002,>
2026-05-08,20:23:02.806437,IP,172.20.0.10.5002,>
2026-05-08,20:23:02.806626,IP,172.20.0.20.46413,>
2026-05-08,20:23:02.806916,IP,172.20.0.20.46413,>
2026-05-08,20:23:02.808350,IP,172.20.0.10.5002,>
2026-05-08,20:23:02.808751,IP,172.20.0.20.46413,>
2026-05-08,20:23:02.809598,IP,172.20.0.10.5002,>
2026-05-08,20:23:02.810041,IP,172.20.0.20.46413,>
2026-05-08,20:23:02.813288,IP,172.20.0.10.5002,>
2026-05-08,20:23:02.813423,IP,172.20.0.10.5002,>
2026-05-08,20:23:02.813644,IP,172.20.0.20.46413,>
2026-05-08,20:23:02.813994,IP,172.20.0.20.46413,>
2026-05-08,20:23:02.814135,IP,172.20.0.10.5002,>
2026-05-08,20:23:02.814528,IP,172.20.0.20.46413,>
2026-05-08,20:23:02.815513,IP,172.20.0.10.5002,>
2026-05-08,20:23:02.815920,IP,172.20.0.20.46413,>
2026-05-08,20:23:02.817044,IP,172.20.0.10.5002,>
2026-05-08,20:23:02.817126,IP,172.20.0.10.5002,>
2026-05-08,20:23:02.817431,IP,172.20.0.20.46413,>
2026-05-08,20:23:02.817750,IP,172.20.0.20.46413,>
2026-05-08,20:23:02.818942,IP,172.20.0.10.5002,>
2026-05-08,20:23:02.819331,IP,172.20.0.20.46413,>
2026-05-08,20:23:02.820288,IP,172.20.0.10.5002,>
2026-05-08,20:23:02.820645,IP,172.20.0.20.46413,>
2026-05-08,20:23:02.824107,IP,172.20.0.10.5002,>
2026-05-08,20:23:02.824309,IP,172.20.0.10.5002,>
2026-05-08,20:23:02.824534,IP,172.20.0.20.46413,>
2026-05-08,20:23:02.824761,IP,172.20.0.10.5002,>
2026-05-08,20:23:02.824872,IP,172.20.0.20.46413,>
2026-05-08,20:23:02.825166,IP,172.20.0.20.46413,>
2026-05-08,20:23:02.826111,IP,172.20.0.10.5002,>
2026-05-08,20:23:02.826531,IP,172.20.0.20.46413,>
2026-05-08,20:23:02.828126,IP,172.20.0.10.5002,>
2026-05-08,20:23:02.828219,IP,172.20.0.10.5002,>
2026-05-08,20:23:02.829412,IP,172.20.0.20.46413,>
2026-05-08,20:23:02.829699,IP,172.20.0.20.46413,>
2026-05-08,20:23:02.829714,IP,172.20.0.10.5002,>
2026-05-08,20:23:02.830078,IP,172.20.0.20.46413,>
2026-05-08,20:23:02.830849,IP,172.20.0.10.5002,>
2026-05-08,20:23:02.832520,IP,172.20.0.20.46413,>
2026-05-08,20:23:02.834905,IP,172.20.0.10.5002,>
2026-05-08,20:23:02.835036,IP,172.20.0.10.5002,>
2026-05-08,20:23:02.835296,IP,172.20.0.20.46413,>
2026-05-08,20:23:02.835561,IP,172.20.0.20.46413,>
2026-05-08,20:23:02.835612,IP,172.20.0.10.5002,>
2026-05-08,20:23:02.835949,IP,172.20.0.20.46413,>
2026-05-08,20:23:02.836977,IP,172.20.0.10.5002,>
2026-05-08,20:23:02.837292,IP,172.20.0.20.46413,>
2026-05-08,20:23:02.839721,IP,172.20.0.10.5002,>
2026-05-08,20:23:02.839950,IP,172.20.0.10.5002,>
2026-05-08,20:23:02.840070,IP,172.20.0.20.46413,>
2026-05-08,20:23:02.840239,IP,172.20.0.10.5002,>
2026-05-08,20:23:02.840332,IP,172.20.0.20.46413,>
2026-05-08,20:23:02.840538,IP,172.20.0.20.46413,>
2026-05-08,20:23:02.842857,IP,172.20.0.10.5002,>
2026-05-08,20:23:02.843179,IP,172.20.0.20.46413,>
2026-05-08,20:23:02.845654,IP,172.20.0.10.5002,>
2026-05-08,20:23:02.845727,IP,172.20.0.10.5002,>
2026-05-08,20:23:02.846055,IP,172.20.0.20.46413,>
2026-05-08,20:23:02.846195,IP,172.20.0.10.5002,>
2026-05-08,20:23:02.846291,IP,172.20.0.20.46413,>
2026-05-08,20:23:02.846511,IP,172.20.0.20.46413,>
2026-05-08,20:23:02.847537,IP,172.20.0.10.5002,>
2026-05-08,20:23:02.847950,IP,172.20.0.20.46413,>
2026-05-08,20:23:02.850425,IP,172.20.0.10.5002,>
2026-05-08,20:23:02.850497,IP,172.20.0.10.5002,>
2026-05-08,20:23:02.850766,IP,172.20.0.10.5002,>
2026-05-08,20:23:02.850786,IP,172.20.0.20.46413,>
2026-05-08,20:23:02.851129,IP,172.20.0.20.46413,>
2026-05-08,20:23:02.851382,IP,172.20.0.20.46413,>
2026-05-08,20:23:02.853394,IP,172.20.0.10.5002,>
2026-05-08,20:23:02.853730,IP,172.20.0.20.46413,>
2026-05-08,20:23:02.856488,IP,172.20.0.10.5002,>
2026-05-08,20:23:02.856552,IP,172.20.0.10.5002,>
2026-05-08,20:23:02.856639,IP,172.20.0.10.5002,>
2026-05-08,20:23:02.856914,IP,172.20.0.20.46413,>
2026-05-08,20:23:02.857178,IP,172.20.0.20.46413,>
2026-05-08,20:23:02.857420,IP,172.20.0.20.46413,>
2026-05-08,20:23:02.858199,IP,172.20.0.10.5002,>
2026-05-08,20:23:02.858508,IP,172.20.0.20.46413,>
2026-05-08,20:23:02.861123,IP,172.20.0.10.5002,>
2026-05-08,20:23:02.861304,IP,172.20.0.10.5002,>
2026-05-08,20:23:02.861473,IP,172.20.0.20.46413,>
2026-05-08,20:23:02.861604,IP,172.20.0.10.5002,>
2026-05-08,20:23:02.861780,IP,172.20.0.20.46413,>
2026-05-08,20:23:02.862171,IP,172.20.0.20.46413,>
2026-05-08,20:23:02.864144,IP,172.20.0.10.5002,>
2026-05-08,20:23:02.864432,IP,172.20.0.20.46413,>
2026-05-08,20:23:02.867222,IP,172.20.0.10.5002,>
2026-05-08,20:23:02.867297,IP,172.20.0.10.5002,>
2026-05-08,20:23:02.867625,IP,172.20.0.20.46413,>
2026-05-08,20:23:02.867931,IP,172.20.0.20.46413,>
2026-05-08,20:23:02.867955,IP,172.20.0.10.5002,>
2026-05-08,20:23:02.868266,IP,172.20.0.20.46413,>
2026-05-08,20:23:02.868778,IP,172.20.0.10.5002,>
2026-05-08,20:23:02.869184,IP,172.20.0.20.46413,>
2026-05-08,20:23:02.871717,IP,172.20.0.10.5002,>
2026-05-08,20:23:02.872031,IP,172.20.0.10.5002,>
2026-05-08,20:23:02.872047,IP,172.20.0.20.46413,>
2026-05-08,20:23:02.872296,IP,172.20.0.20.46413,>
2026-05-08,20:23:02.872347,IP,172.20.0.10.5002,>
2026-05-08,20:23:02.872595,IP,172.20.0.20.46413,>
2026-05-08,20:23:02.874649,IP,172.20.0.10.5002,>
2026-05-08,20:23:02.874984,IP,172.20.0.20.46413,>
2026-05-08,20:23:02.877965,IP,172.20.0.10.5002,>
2026-05-08,20:23:02.878164,IP,172.20.0.10.5002,>
2026-05-08,20:23:02.878460,IP,172.20.0.10.5002,>
2026-05-08,20:23:02.878496,IP,172.20.0.20.46413,>
2026-05-08,20:23:02.878773,IP,172.20.0.20.46413,>
2026-05-08,20:23:02.879031,IP,172.20.0.20.46413,>
2026-05-08,20:23:02.879368,IP,172.20.0.10.5002,>
2026-05-08,20:23:02.879765,IP,172.20.0.20.46413,>
2026-05-08,20:23:02.882360,IP,172.20.0.10.5002,>
2026-05-08,20:23:02.882428,IP,172.20.0.10.5002,>
2026-05-08,20:23:02.882738,IP,172.20.0.20.46413,>
2026-05-08,20:23:02.882779,IP,172.20.0.10.5002,>
2026-05-08,20:23:02.883056,IP,172.20.0.20.46413,>
2026-05-08,20:23:02.883326,IP,172.20.0.20.46413,>
2026-05-08,20:23:02.885193,IP,172.20.0.10.5002,>
2026-05-08,20:23:02.885601,IP,172.20.0.20.46413,>
2026-05-08,20:23:02.888865,IP,172.20.0.10.5002,>
2026-05-08,20:23:02.888940,IP,172.20.0.10.5002,>
2026-05-08,20:23:02.889204,IP,172.20.0.10.5002,>
2026-05-08,20:23:02.889240,IP,172.20.0.20.46413,>
2026-05-08,20:23:02.889656,IP,172.20.0.20.46413,>
2026-05-08,20:23:02.890174,IP,172.20.0.10.5002,>
2026-05-08,20:23:02.890179,IP,172.20.0.20.46413,>
2026-05-08,20:23:02.890781,IP,172.20.0.20.46413,>
2026-05-08,20:23:02.893614,IP,172.20.0.10.5002,>
2026-05-08,20:23:02.893694,IP,172.20.0.10.5002,>
2026-05-08,20:23:02.893770,IP,172.20.0.10.5002,>
2026-05-08,20:23:02.894094,IP,172.20.0.20.46413,>
2026-05-08,20:23:02.894405,IP,172.20.0.20.46413,>
2026-05-08,20:23:02.894660,IP,172.20.0.20.46413,>
2026-05-08,20:23:02.896087,IP,172.20.0.10.5002,>
2026-05-08,20:23:02.896440,IP,172.20.0.20.46413,>
2026-05-08,20:23:02.899549,IP,172.20.0.10.5002,>
2026-05-08,20:23:02.899983,IP,172.20.0.10.5002,>
2026-05-08,20:23:02.899986,IP,172.20.0.20.46413,>
2026-05-08,20:23:02.900352,IP,172.20.0.10.5002,>
2026-05-08,20:23:02.900591,IP,172.20.0.20.46413,>
2026-05-08,20:23:02.900907,IP,172.20.0.20.46413,>
2026-05-08,20:23:02.901074,IP,172.20.0.10.5002,>
2026-05-08,20:23:02.901585,IP,172.20.0.20.46413,>
2026-05-08,20:23:02.904491,IP,172.20.0.10.5002,>
2026-05-08,20:23:02.904565,IP,172.20.0.10.5002,>
2026-05-08,20:23:02.904895,IP,172.20.0.10.5002,>
2026-05-08,20:23:02.904917,IP,172.20.0.20.46413,>
2026-05-08,20:23:02.905263,IP,172.20.0.20.46413,>
2026-05-08,20:23:02.905505,IP,172.20.0.20.46413,>
2026-05-08,20:23:02.906654,IP,172.20.0.10.5002,>
2026-05-08,20:23:02.907065,IP,172.20.0.20.46413,>
2026-05-08,20:23:02.910296,IP,172.20.0.10.5002,>
2026-05-08,20:23:02.910667,IP,172.20.0.20.46413,>
2026-05-08,20:23:02.910890,IP,172.20.0.10.5002,>
2026-05-08,20:23:02.911226,IP,172.20.0.20.46413,>
2026-05-08,20:23:02.911694,IP,172.20.0.10.5002,>
2026-05-08,20:23:02.912005,IP,172.20.0.10.5002,>
2026-05-08,20:23:02.912164,IP,172.20.0.20.46413,>
2026-05-08,20:23:02.912425,IP,172.20.0.20.46413,>
2026-05-08,20:23:02.915454,IP,172.20.0.10.5002,>
2026-05-08,20:23:02.915654,IP,172.20.0.10.5002,>
2026-05-08,20:23:02.915785,IP,172.20.0.10.5002,>
2026-05-08,20:23:02.915887,IP,172.20.0.20.46413,>
2026-05-08,20:23:02.916206,IP,172.20.0.20.46413,>
2026-05-08,20:23:02.916461,IP,172.20.0.20.46413,>
2026-05-08,20:23:02.917265,IP,172.20.0.10.5002,>
2026-05-08,20:23:02.917655,IP,172.20.0.20.46413,>
2026-05-08,20:23:02.921143,IP,172.20.0.10.5002,>
2026-05-08,20:23:02.921538,IP,172.20.0.20.46413,>
2026-05-08,20:23:02.922184,IP,172.20.0.10.5002,>
2026-05-08,20:23:02.922526,IP,172.20.0.20.46413,>
2026-05-08,20:23:02.922534,IP,172.20.0.10.5002,>
2026-05-08,20:23:02.922596,IP,172.20.0.10.5002,>
2026-05-08,20:23:02.922785,IP,172.20.0.20.46413,>
2026-05-08,20:23:02.923055,IP,172.20.0.20.46413,>
2026-05-08,20:23:02.926146,IP,172.20.0.10.5002,>
2026-05-08,20:23:02.926363,IP,172.20.0.10.5002,>
2026-05-08,20:23:02.926568,IP,172.20.0.20.46413,>
2026-05-08,20:23:02.926730,IP,172.20.0.10.5002,>
2026-05-08,20:23:02.927273,IP,172.20.0.20.46413,>
2026-05-08,20:23:02.927847,IP,172.20.0.10.5002,>
2026-05-08,20:23:02.928045,IP,172.20.0.20.46413,>
2026-05-08,20:23:02.928442,IP,172.20.0.20.46413,>
2026-05-08,20:23:02.931758,IP,172.20.0.10.5002,>
2026-05-08,20:23:02.932159,IP,172.20.0.20.46413,>
2026-05-08,20:23:02.932894,IP,172.20.0.10.5002,>
2026-05-08,20:23:02.933016,IP,172.20.0.10.5002,>
2026-05-08,20:23:02.933217,IP,172.20.0.10.5002,>
2026-05-08,20:23:02.933264,IP,172.20.0.20.46413,>
2026-05-08,20:23:02.933554,IP,172.20.0.20.46413,>
2026-05-08,20:23:02.933855,IP,172.20.0.20.46413,>
2026-05-08,20:23:02.936896,IP,172.20.0.10.5002,>
2026-05-08,20:23:02.937336,IP,172.20.0.20.46413,>
2026-05-08,20:23:02.937736,IP,172.20.0.10.5002,>
2026-05-08,20:23:02.938158,IP,172.20.0.20.46413,>
2026-05-08,20:23:02.938279,IP,172.20.0.10.5002,>
2026-05-08,20:23:02.938599,IP,172.20.0.10.5002,>
2026-05-08,20:23:02.938607,IP,172.20.0.20.46413,>
2026-05-08,20:23:02.938893,IP,172.20.0.20.46413,>
2026-05-08,20:23:02.942428,IP,172.20.0.10.5002,>
2026-05-08,20:23:02.942848,IP,172.20.0.20.46413,>
2026-05-08,20:23:02.943457,IP,172.20.0.10.5002,>
2026-05-08,20:23:02.943730,IP,172.20.0.10.5002,>
2026-05-08,20:23:02.943896,IP,172.20.0.20.46413,>
2026-05-08,20:23:02.944040,IP,172.20.0.10.5002,>
2026-05-08,20:23:02.944147,IP,172.20.0.20.46413,>
2026-05-08,20:23:02.944373,IP,172.20.0.20.46413,>
2026-05-08,20:23:02.947663,IP,172.20.0.10.5002,>
2026-05-08,20:23:02.948051,IP,172.20.0.20.46413,>
2026-05-08,20:23:02.948333,IP,172.20.0.10.5002,>
2026-05-08,20:23:02.948862,IP,172.20.0.10.5002,>
2026-05-08,20:23:02.949076,IP,172.20.0.20.46413,>
2026-05-08,20:23:02.949093,IP,172.20.0.10.5002,>
2026-05-08,20:23:02.949323,IP,172.20.0.20.46413,>
2026-05-08,20:23:02.949547,IP,172.20.0.20.46413,>
2026-05-08,20:23:02.953146,IP,172.20.0.10.5002,>
2026-05-08,20:23:02.953475,IP,172.20.0.20.46413,>
2026-05-08,20:23:02.954078,IP,172.20.0.10.5002,>
2026-05-08,20:23:02.954316,IP,172.20.0.10.5002,>
2026-05-08,20:23:02.954461,IP,172.20.0.20.46413,>
2026-05-08,20:23:02.954541,IP,172.20.0.10.5002,>
2026-05-08,20:23:02.954736,IP,172.20.0.20.46413,>
2026-05-08,20:23:02.955018,IP,172.20.0.20.46413,>
2026-05-08,20:23:02.958520,IP,172.20.0.10.5002,>
2026-05-08,20:23:02.958886,IP,172.20.0.20.46413,>
2026-05-08,20:23:02.959286,IP,172.20.0.10.5002,>
2026-05-08,20:23:02.959588,IP,172.20.0.20.46413,>
2026-05-08,20:23:02.959745,IP,172.20.0.10.5002,>
2026-05-08,20:23:02.959751,IP,172.20.0.10.5002,>
2026-05-08,20:23:02.960091,IP,172.20.0.20.46413,>
2026-05-08,20:23:02.960326,IP,172.20.0.20.46413,>
2026-05-08,20:23:02.963764,IP,172.20.0.10.5002,>
2026-05-08,20:23:02.964117,IP,172.20.0.20.46413,>
2026-05-08,20:23:02.964683,IP,172.20.0.10.5002,>
2026-05-08,20:23:02.965009,IP,172.20.0.20.46413,>
2026-05-08,20:23:02.965082,IP,172.20.0.10.5002,>
2026-05-08,20:23:02.965345,IP,172.20.0.10.5002,>
2026-05-08,20:23:02.965571,IP,172.20.0.20.46413,>
2026-05-08,20:23:02.965823,IP,172.20.0.20.46413,>
2026-05-08,20:23:02.969148,IP,172.20.0.10.5002,>
2026-05-08,20:23:02.969510,IP,172.20.0.20.46413,>
2026-05-08,20:23:02.969761,IP,172.20.0.10.5002,>
2026-05-08,20:23:02.970129,IP,172.20.0.20.46413,>
2026-05-08,20:23:02.970379,IP,172.20.0.10.5002,>
2026-05-08,20:23:02.970481,IP,172.20.0.10.5002,>
2026-05-08,20:23:02.971048,IP,172.20.0.20.46413,>
2026-05-08,20:23:02.971296,IP,172.20.0.20.46413,>
2026-05-08,20:23:02.974488,IP,172.20.0.10.5002,>
2026-05-08,20:23:02.974981,IP,172.20.0.20.46413,>
2026-05-08,20:23:02.975582,IP,172.20.0.10.5002,>
2026-05-08,20:23:02.975758,IP,172.20.0.10.5002,>
2026-05-08,20:23:02.976014,IP,172.20.0.20.46413,>
2026-05-08,20:23:02.976106,IP,172.20.0.10.5002,>
2026-05-08,20:23:02.976353,IP,172.20.0.20.46413,>
2026-05-08,20:23:02.976811,IP,172.20.0.20.46413,>
2026-05-08,20:23:02.979895,IP,172.20.0.10.5002,>
2026-05-08,20:23:02.980360,IP,172.20.0.20.46413,>
2026-05-08,20:23:02.980400,IP,172.20.0.10.5002,>
2026-05-08,20:23:02.981235,IP,172.20.0.10.5002,>
2026-05-08,20:23:02.981267,IP,172.20.0.20.46413,>
2026-05-08,20:23:02.981518,IP,172.20.0.10.5002,>
2026-05-08,20:23:02.981692,IP,172.20.0.20.46413,>
2026-05-08,20:23:02.982125,IP,172.20.0.20.46413,>
2026-05-08,20:23:02.985306,IP,172.20.0.10.5002,>
2026-05-08,20:23:02.985739,IP,172.20.0.20.46413,>
2026-05-08,20:23:02.986618,IP,172.20.0.10.5002,>
2026-05-08,20:23:02.986715,IP,172.20.0.10.5002,>
2026-05-08,20:23:02.986963,IP,172.20.0.20.46413,>
2026-05-08,20:23:02.986987,IP,172.20.0.10.5002,>
2026-05-08,20:23:02.987206,IP,172.20.0.20.46413,>
2026-05-08,20:23:02.987426,IP,172.20.0.20.46413,>
2026-05-08,20:23:02.990865,IP,172.20.0.10.5002,>
2026-05-08,20:23:02.991515,IP,172.20.0.10.5002,>
2026-05-08,20:23:02.991558,IP,172.20.0.20.46413,>
2026-05-08,20:23:02.992013,IP,172.20.0.20.46413,>
2026-05-08,20:23:02.992020,IP,172.20.0.10.5002,>
2026-05-08,20:23:02.992307,IP,172.20.0.10.5002,>
2026-05-08,20:23:02.992408,IP,172.20.0.20.46413,>
2026-05-08,20:23:02.992917,IP,172.20.0.20.46413,>
2026-05-08,20:23:02.996125,IP,172.20.0.10.5002,>
2026-05-08,20:23:02.996441,IP,172.20.0.20.46413,>
2026-05-08,20:23:02.997213,IP,172.20.0.10.5002,>
2026-05-08,20:23:02.997554,IP,172.20.0.10.5002,>
2026-05-08,20:23:02.997737,IP,172.20.0.10.5002,>
2026-05-08,20:23:02.998046,IP,172.20.0.20.46413,>
2026-05-08,20:23:02.998486,IP,172.20.0.20.46413,>
2026-05-08,20:23:02.998770,IP,172.20.0.20.46413,>
2026-05-08,20:23:03.002280,IP,172.20.0.10.5002,>
2026-05-08,20:23:03.002652,IP,172.20.0.20.46413,>
2026-05-08,20:23:03.003063,IP,172.20.0.10.5002,>
2026-05-08,20:23:03.003152,IP,172.20.0.10.5002,>
2026-05-08,20:23:03.003225,IP,172.20.0.10.5002,>
2026-05-08,20:23:03.003431,IP,172.20.0.20.46413,>
2026-05-08,20:23:03.003695,IP,172.20.0.20.46413,>
2026-05-08,20:23:03.003978,IP,172.20.0.20.46413,>
2026-05-08,20:23:03.006788,IP,172.20.0.10.5002,>
2026-05-08,20:23:03.007153,IP,172.20.0.20.46413,>
2026-05-08,20:23:03.008230,IP,172.20.0.10.5002,>
2026-05-08,20:23:03.008553,IP,172.20.0.20.46413,>
2026-05-08,20:23:03.008691,IP,172.20.0.10.5002,>
2026-05-08,20:23:03.008949,IP,172.20.0.10.5002,>
2026-05-08,20:23:03.009048,IP,172.20.0.20.46413,>
2026-05-08,20:23:03.009299,IP,172.20.0.20.46413,>
2026-05-08,20:23:03.013029,IP,172.20.0.10.5002,>
2026-05-08,20:23:03.013438,IP,172.20.0.20.46413,>
2026-05-08,20:23:03.013664,IP,172.20.0.10.5002,>
2026-05-08,20:23:03.013887,IP,172.20.0.10.5002,>
2026-05-08,20:23:03.014060,IP,172.20.0.20.46413,>
2026-05-08,20:23:03.014134,IP,172.20.0.10.5002,>
2026-05-08,20:23:03.014309,IP,172.20.0.20.46413,>
2026-05-08,20:23:03.014550,IP,172.20.0.20.46413,>
2026-05-08,20:23:03.017548,IP,172.20.0.10.5002,>
2026-05-08,20:23:03.017913,IP,172.20.0.20.46413,>
2026-05-08,20:23:03.018778,IP,172.20.0.10.5002,>
2026-05-08,20:23:03.019236,IP,172.20.0.20.46413,>
2026-05-08,20:23:03.019279,IP,172.20.0.10.5002,>
2026-05-08,20:23:03.019466,IP,172.20.0.10.5002,>
2026-05-08,20:23:03.019592,IP,172.20.0.20.46413,>
2026-05-08,20:23:03.019939,IP,172.20.0.20.46413,>
2026-05-08,20:23:03.023819,IP,172.20.0.10.5002,>
2026-05-08,20:23:03.024268,IP,172.20.0.10.5002,>
2026-05-08,20:23:03.024426,IP,172.20.0.20.46413,>
2026-05-08,20:23:03.024602,IP,172.20.0.10.5002,>
2026-05-08,20:23:03.024678,IP,172.20.0.10.5002,>
2026-05-08,20:23:03.024735,IP,172.20.0.20.46413,>
2026-05-08,20:23:03.025036,IP,172.20.0.20.46413,>
2026-05-08,20:23:03.025333,IP,172.20.0.20.46413,>
2026-05-08,20:23:03.028187,IP,172.20.0.10.5002,>
2026-05-08,20:23:03.028740,IP,172.20.0.20.46413,>
2026-05-08,20:23:03.029543,IP,172.20.0.10.5002,>
2026-05-08,20:23:03.029817,IP,172.20.0.10.5002,>
2026-05-08,20:23:03.030128,IP,172.20.0.10.5002,>
2026-05-08,20:23:03.030128,IP,172.20.0.20.46413,>
2026-05-08,20:23:03.030450,IP,172.20.0.20.46413,>
2026-05-08,20:23:03.030732,IP,172.20.0.20.46413,>
2026-05-08,20:23:03.034865,IP,172.20.0.10.5002,>
2026-05-08,20:23:03.034992,IP,172.20.0.10.5002,>
2026-05-08,20:23:03.035334,IP,172.20.0.20.46413,>
2026-05-08,20:23:03.035361,IP,172.20.0.10.5002,>
2026-05-08,20:23:03.035524,IP,172.20.0.10.5002,>
2026-05-08,20:23:03.035854,IP,172.20.0.20.46413,>
2026-05-08,20:23:03.036196,IP,172.20.0.20.46413,>
2026-05-08,20:23:03.036534,IP,172.20.0.20.46413,>
2026-05-08,20:23:03.039271,IP,172.20.0.10.5002,>
2026-05-08,20:23:03.039716,IP,172.20.0.20.46413,>
2026-05-08,20:23:03.040432,IP,172.20.0.10.5002,>
2026-05-08,20:23:03.040680,IP,172.20.0.10.5002,>
2026-05-08,20:23:03.040891,IP,172.20.0.20.46413,>
2026-05-08,20:23:03.040972,IP,172.20.0.10.5002,>
2026-05-08,20:23:03.041231,IP,172.20.0.20.46413,>
2026-05-08,20:23:03.041573,IP,172.20.0.20.46413,>
2026-05-08,20:23:03.045737,IP,172.20.0.10.5002,>
2026-05-08,20:23:03.046111,IP,172.20.0.10.5002,>
2026-05-08,20:23:03.046213,IP,172.20.0.20.46413,>
2026-05-08,20:23:03.046383,IP,172.20.0.10.5002,>
2026-05-08,20:23:03.046505,IP,172.20.0.20.46413,>
2026-05-08,20:23:03.046722,IP,172.20.0.10.5002,>
2026-05-08,20:23:03.046776,IP,172.20.0.20.46413,>
2026-05-08,20:23:03.047070,IP,172.20.0.20.46413,>
2026-05-08,20:23:03.050028,IP,172.20.0.10.5002,>
2026-05-08,20:23:03.050380,IP,172.20.0.20.46413,>
2026-05-08,20:23:03.051149,IP,172.20.0.10.5002,>
2026-05-08,20:23:03.051479,IP,172.20.0.10.5002,>
2026-05-08,20:23:03.051523,IP,172.20.0.20.46413,>
2026-05-08,20:23:03.051779,IP,172.20.0.10.5002,>
2026-05-08,20:23:03.051867,IP,172.20.0.20.46413,>
2026-05-08,20:23:03.052186,IP,172.20.0.20.46413,>
2026-05-08,20:23:03.056582,IP,172.20.0.10.5002,>
2026-05-08,20:23:03.056658,IP,172.20.0.10.5002,>
2026-05-08,20:23:03.057036,IP,172.20.0.20.46413,>
2026-05-08,20:23:03.057054,IP,172.20.0.10.5002,>
2026-05-08,20:23:03.057284,IP,172.20.0.10.5002,>
2026-05-08,20:23:03.057353,IP,172.20.0.20.46413,>
2026-05-08,20:23:03.057643,IP,172.20.0.20.46413,>
2026-05-08,20:23:03.058057,IP,172.20.0.20.46413,>
2026-05-08,20:23:03.060676,IP,172.20.0.10.5002,>
2026-05-08,20:23:03.061041,IP,172.20.0.20.46413,>
2026-05-08,20:23:03.061739,IP,172.20.0.10.5002,>
2026-05-08,20:23:03.062164,IP,172.20.0.10.5002,>
2026-05-08,20:23:03.062191,IP,172.20.0.20.46413,>
2026-05-08,20:23:03.062650,IP,172.20.0.20.46413,>
2026-05-08,20:23:03.062669,IP,172.20.0.10.5002,>
2026-05-08,20:23:03.063036,IP,172.20.0.20.46413,>
2026-05-08,20:23:03.067341,IP,172.20.0.10.5002,>
2026-05-08,20:23:03.067551,IP,172.20.0.10.5002,>
2026-05-08,20:23:03.067707,IP,172.20.0.20.46413,>
2026-05-08,20:23:03.067852,IP,172.20.0.10.5002,>
2026-05-08,20:23:03.068026,IP,172.20.0.20.46413,>
2026-05-08,20:23:03.068272,IP,172.20.0.20.46413,>
2026-05-08,20:23:03.068349,IP,172.20.0.10.5002,>
2026-05-08,20:23:03.069038,IP,172.20.0.20.46413,>
2026-05-08,20:23:03.071394,IP,172.20.0.10.5002,>
2026-05-08,20:23:03.071775,IP,172.20.0.20.46413,>
2026-05-08,20:23:03.072444,IP,172.20.0.10.5002,>
2026-05-08,20:23:03.072827,IP,172.20.0.20.46413,>
2026-05-08,20:23:03.073141,IP,172.20.0.10.5002,>
2026-05-08,20:23:03.073231,IP,172.20.0.10.5002,>
2026-05-08,20:23:03.073621,IP,172.20.0.20.46413,>
2026-05-08,20:23:03.074119,IP,172.20.0.20.46413,>
2026-05-08,20:23:03.078185,IP,172.20.0.10.5002,>
2026-05-08,20:23:03.078522,IP,172.20.0.10.5002,>
2026-05-08,20:23:03.078696,IP,172.20.0.20.46413,>
2026-05-08,20:23:03.078920,IP,172.20.0.10.5002,>
2026-05-08,20:23:03.078998,IP,172.20.0.20.46413,>
2026-05-08,20:23:03.079203,IP,172.20.0.20.46413,>
2026-05-08,20:23:03.079907,IP,172.20.0.10.5002,>
2026-05-08,20:23:03.080352,IP,172.20.0.20.46413,>
2026-05-08,20:23:03.082126,IP,172.20.0.10.5002,>
2026-05-08,20:23:03.082462,IP,172.20.0.20.46413,>
2026-05-08,20:23:03.084030,IP,172.20.0.10.5002,>
2026-05-08,20:23:03.084190,IP,172.20.0.10.5002,>
2026-05-08,20:23:03.084310,IP,172.20.0.10.5002,>
2026-05-08,20:23:03.084429,IP,172.20.0.20.46413,>
2026-05-08,20:23:03.084700,IP,172.20.0.20.46413,>
2026-05-08,20:23:03.084997,IP,172.20.0.20.46413,>
2026-05-08,20:23:03.089152,IP,172.20.0.10.5002,>
2026-05-08,20:23:03.089280,IP,172.20.0.10.5002,>
2026-05-08,20:23:03.089408,IP,172.20.0.10.5002,>
2026-05-08,20:23:03.089521,IP,172.20.0.20.46413,>
2026-05-08,20:23:03.089856,IP,172.20.0.20.46413,>
2026-05-08,20:23:03.090134,IP,172.20.0.20.46413,>
2026-05-08,20:23:03.090727,IP,172.20.0.10.5002,>
2026-05-08,20:23:03.091188,IP,172.20.0.20.46413,>
2026-05-08,20:23:03.092838,IP,172.20.0.10.5002,>
2026-05-08,20:23:03.093255,IP,172.20.0.20.46413,>
2026-05-08,20:23:03.094815,IP,172.20.0.10.5002,>
2026-05-08,20:23:03.094939,IP,172.20.0.10.5002,>
2026-05-08,20:23:03.095125,IP,172.20.0.20.46413,>
2026-05-08,20:23:03.095232,IP,172.20.0.10.5002,>
2026-05-08,20:23:03.095373,IP,172.20.0.20.46413,>
2026-05-08,20:23:03.095630,IP,172.20.0.20.46413,>
2026-05-08,20:23:03.099986,IP,172.20.0.10.5002,>
2026-05-08,20:23:03.100134,IP,172.20.0.10.5002,>
2026-05-08,20:23:03.100330,IP,172.20.0.10.5002,>
2026-05-08,20:23:03.100368,IP,172.20.0.20.46413,>
2026-05-08,20:23:03.100674,IP,172.20.0.20.46413,>
2026-05-08,20:23:03.100963,IP,172.20.0.20.46413,>
2026-05-08,20:23:03.101422,IP,172.20.0.10.5002,>
2026-05-08,20:23:03.101782,IP,172.20.0.20.46413,>
2026-05-08,20:23:03.103638,IP,172.20.0.10.5002,>
2026-05-08,20:23:03.104012,IP,172.20.0.20.46413,>
2026-05-08,20:23:03.105422,IP,172.20.0.10.5002,>
2026-05-08,20:23:03.105622,IP,172.20.0.10.5002,>
2026-05-08,20:23:03.105907,IP,172.20.0.10.5002,>
2026-05-08,20:23:03.106107,IP,172.20.0.20.46413,>
2026-05-08,20:23:03.106490,IP,172.20.0.20.46413,>
2026-05-08,20:23:03.107122,IP,172.20.0.20.46413,>
2026-05-08,20:23:03.110717,IP,172.20.0.10.5002,>
2026-05-08,20:23:03.110873,IP,172.20.0.10.5002,>
2026-05-08,20:23:03.111150,IP,172.20.0.10.5002,>
2026-05-08,20:23:03.111219,IP,172.20.0.20.46413,>
2026-05-08,20:23:03.111550,IP,172.20.0.20.46413,>
2026-05-08,20:23:03.111790,IP,172.20.0.20.46413,>
2026-05-08,20:23:03.112281,IP,172.20.0.10.5002,>
2026-05-08,20:23:03.112571,IP,172.20.0.20.46413,>
2026-05-08,20:23:03.114356,IP,172.20.0.10.5002,>
2026-05-08,20:23:03.114674,IP,172.20.0.20.46413,>
2026-05-08,20:23:03.116366,IP,172.20.0.10.5002,>
2026-05-08,20:23:03.116699,IP,172.20.0.20.46413,>
2026-05-08,20:23:03.116776,IP,172.20.0.10.5002,>
2026-05-08,20:23:03.117168,IP,172.20.0.20.46413,>
2026-05-08,20:23:03.117317,IP,172.20.0.10.5002,>
2026-05-08,20:23:03.117620,IP,172.20.0.20.46413,>
2026-05-08,20:23:03.121636,IP,172.20.0.10.5002,>
2026-05-08,20:23:03.121722,IP,172.20.0.10.5002,>
2026-05-08,20:23:03.122080,IP,172.20.0.10.5002,>
2026-05-08,20:23:03.122156,IP,172.20.0.20.46413,>
2026-05-08,20:23:03.122437,IP,172.20.0.20.46413,>
2026-05-08,20:23:03.122667,IP,172.20.0.20.46413,>
2026-05-08,20:23:03.122877,IP,172.20.0.10.5002,>
2026-05-08,20:23:03.123191,IP,172.20.0.20.46413,>
2026-05-08,20:23:03.125056,IP,172.20.0.10.5002,>
2026-05-08,20:23:03.125435,IP,172.20.0.20.46413,>
2026-05-08,20:23:03.126922,IP,172.20.0.10.5002,>
2026-05-08,20:23:03.127307,IP,172.20.0.20.46413,>
2026-05-08,20:23:03.127475,IP,172.20.0.10.5002,>
2026-05-08,20:23:03.127820,IP,172.20.0.10.5002,>
2026-05-08,20:23:03.128086,IP,172.20.0.20.46413,>
2026-05-08,20:23:03.128500,IP,172.20.0.20.46413,>
2026-05-08,20:23:03.132543,IP,172.20.0.10.5002,>
2026-05-08,20:23:03.132624,IP,172.20.0.10.5002,>
2026-05-08,20:23:03.132886,IP,172.20.0.10.5002,>
2026-05-08,20:23:03.133034,IP,172.20.0.20.46413,>
2026-05-08,20:23:03.133412,IP,172.20.0.10.5002,>
2026-05-08,20:23:03.133684,IP,172.20.0.20.46413,>
2026-05-08,20:23:03.134218,IP,172.20.0.20.46413,>
2026-05-08,20:23:03.134755,IP,172.20.0.20.46413,>
2026-05-08,20:23:03.135734,IP,172.20.0.10.5002,>
2026-05-08,20:23:03.137507,IP,172.20.0.10.5002,>
2026-05-08,20:23:03.138264,IP,172.20.0.10.5002,>
2026-05-08,20:23:03.138657,IP,172.20.0.10.5002,>
2026-05-08,20:23:03.139973,IP,172.20.0.20.46413,>
2026-05-08,20:23:03.140354,IP,172.20.0.20.46413,>
2026-05-08,20:23:03.140660,IP,172.20.0.20.46413,>
2026-05-08,20:23:03.141028,IP,172.20.0.20.46413,>
2026-05-08,20:23:03.143321,IP,172.20.0.10.5002,>
2026-05-08,20:23:03.143867,IP,172.20.0.10.5002,>
2026-05-08,20:23:03.143909,IP,172.20.0.20.46413,>
2026-05-08,20:23:03.144215,IP,172.20.0.20.46413,>
2026-05-08,20:23:03.144477,IP,172.20.0.10.5002,>
2026-05-08,20:23:03.144829,IP,172.20.0.20.46413,>
2026-05-08,20:23:03.144961,IP,172.20.0.10.5002,>
2026-05-08,20:23:03.145265,IP,172.20.0.20.46413,>
2026-05-08,20:23:03.150608,IP,172.20.0.10.5002,>
2026-05-08,20:23:03.150712,IP,172.20.0.10.5002,>
2026-05-08,20:23:03.150761,IP,172.20.0.10.5002,>
2026-05-08,20:23:03.151012,IP,172.20.0.20.46413,>
2026-05-08,20:23:03.151245,IP,172.20.0.10.5002,>
2026-05-08,20:23:03.151308,IP,172.20.0.20.46413,>
2026-05-08,20:23:03.151598,IP,172.20.0.20.46413,>
2026-05-08,20:23:03.151947,IP,172.20.0.20.46413,>
2026-05-08,20:23:03.154237,IP,172.20.0.10.5002,>
2026-05-08,20:23:03.154328,IP,172.20.0.10.5002,>
2026-05-08,20:23:03.154593,IP,172.20.0.20.46413,>
2026-05-08,20:23:03.155023,IP,172.20.0.10.5002,>
2026-05-08,20:23:03.155162,IP,172.20.0.20.46413,>
2026-05-08,20:23:03.155423,IP,172.20.0.20.46413,>
2026-05-08,20:23:03.155476,IP,172.20.0.10.5002,>
2026-05-08,20:23:03.155994,IP,172.20.0.20.46413,>
2026-05-08,20:23:03.161319,IP,172.20.0.10.5002,>
2026-05-08,20:23:03.161468,IP,172.20.0.10.5002,>
2026-05-08,20:23:03.161731,IP,172.20.0.20.46413,>
2026-05-08,20:23:03.161778,IP,172.20.0.10.5002,>
2026-05-08,20:23:03.162301,IP,172.20.0.20.46413,>
2026-05-08,20:23:03.162440,IP,172.20.0.10.5002,>
2026-05-08,20:23:03.162611,IP,172.20.0.20.46413,>
2026-05-08,20:23:03.162868,IP,172.20.0.20.46413,>
2026-05-08,20:23:03.164905,IP,172.20.0.10.5002,>
2026-05-08,20:23:03.165301,IP,172.20.0.20.46413,>
2026-05-08,20:23:03.165433,IP,172.20.0.10.5002,>
2026-05-08,20:23:03.165617,IP,172.20.0.10.5002,>
2026-05-08,20:23:03.165762,IP,172.20.0.20.46413,>
2026-05-08,20:23:03.166104,IP,172.20.0.20.46413,>
2026-05-08,20:23:03.166177,IP,172.20.0.10.5002,>
2026-05-08,20:23:03.166437,IP,172.20.0.20.46413,>
2026-05-08,20:23:03.172116,IP,172.20.0.10.5002,>
2026-05-08,20:23:03.172518,IP,172.20.0.20.46413,>
2026-05-08,20:23:03.172636,IP,172.20.0.10.5002,>
2026-05-08,20:23:03.172725,IP,172.20.0.10.5002,>
2026-05-08,20:23:03.173063,IP,172.20.0.20.46413,>
2026-05-08,20:23:03.173105,IP,172.20.0.10.5002,>
2026-05-08,20:23:03.173424,IP,172.20.0.20.46413,>
2026-05-08,20:23:03.173846,IP,172.20.0.20.46413,>
2026-05-08,20:23:03.175621,IP,172.20.0.10.5002,>
2026-05-08,20:23:03.176010,IP,172.20.0.20.46413,>
2026-05-08,20:23:03.176020,IP,172.20.0.10.5002,>
2026-05-08,20:23:03.176253,IP,172.20.0.20.46413,>
2026-05-08,20:23:03.176328,IP,172.20.0.10.5002,>
2026-05-08,20:23:03.176576,IP,172.20.0.10.5002,>
2026-05-08,20:23:03.176602,IP,172.20.0.20.46413,>
2026-05-08,20:23:03.176862,IP,172.20.0.20.46413,>
2026-05-08,20:23:03.182981,IP,172.20.0.10.5002,>
2026-05-08,20:23:03.183311,IP,172.20.0.10.5002,>
2026-05-08,20:23:03.183321,IP,172.20.0.20.46413,>
2026-05-08,20:23:03.183576,IP,172.20.0.20.46413,>
2026-05-08,20:23:03.183652,IP,172.20.0.10.5002,>
2026-05-08,20:23:03.184096,IP,172.20.0.10.5002,>
2026-05-08,20:23:03.184098,IP,172.20.0.20.46413,>
2026-05-08,20:23:03.184427,IP,172.20.0.20.46413,>
2026-05-08,20:23:03.186650,IP,172.20.0.10.5002,>
2026-05-08,20:23:03.186729,IP,172.20.0.10.5002,>
2026-05-08,20:23:03.186826,IP,172.20.0.10.5002,>
2026-05-08,20:23:03.186989,IP,172.20.0.20.46413,>
2026-05-08,20:23:03.187036,IP,172.20.0.10.5002,>
2026-05-08,20:23:03.187230,IP,172.20.0.20.46413,>
2026-05-08,20:23:03.187454,IP,172.20.0.20.46413,>
2026-05-08,20:23:03.187667,IP,172.20.0.20.46413,>
2026-05-08,20:23:03.193574,IP,172.20.0.10.5002,>
2026-05-08,20:23:03.193790,IP,172.20.0.10.5002,>
2026-05-08,20:23:03.194206,IP,172.20.0.20.46413,>
2026-05-08,20:23:03.194386,IP,172.20.0.10.5002,>
2026-05-08,20:23:03.194469,IP,172.20.0.20.46413,>
2026-05-08,20:23:03.194597,IP,172.20.0.10.5002,>
2026-05-08,20:23:03.194678,IP,172.20.0.20.46413,>
2026-05-08,20:23:03.194918,IP,172.20.0.20.46413,>
2026-05-08,20:23:03.197223,IP,172.20.0.10.5002,>
2026-05-08,20:23:03.197644,IP,172.20.0.10.5002,>
2026-05-08,20:23:03.197652,IP,172.20.0.10.5002,>
2026-05-08,20:23:03.197674,IP,172.20.0.20.46413,>
2026-05-08,20:23:03.197848,IP,172.20.0.10.5002,>
2026-05-08,20:23:03.198054,IP,172.20.0.20.46413,>
2026-05-08,20:23:03.198307,IP,172.20.0.20.46413,>
2026-05-08,20:23:03.198549,IP,172.20.0.20.46413,>
2026-05-08,20:23:03.204630,IP,172.20.0.10.5002,>
2026-05-08,20:23:03.204760,IP,172.20.0.10.5002,>
2026-05-08,20:23:03.204881,IP,172.20.0.10.5002,>
2026-05-08,20:23:03.205073,IP,172.20.0.20.46413,>
2026-05-08,20:23:03.205081,IP,172.20.0.10.5002,>
2026-05-08,20:23:03.205370,IP,172.20.0.20.46413,>
2026-05-08,20:23:03.205657,IP,172.20.0.20.46413,>
2026-05-08,20:23:03.206035,IP,172.20.0.20.46413,>
2026-05-08,20:23:03.208077,IP,172.20.0.10.5002,>
2026-05-08,20:23:03.208209,IP,172.20.0.10.5002,>
2026-05-08,20:23:03.208434,IP,172.20.0.20.46413,>
2026-05-08,20:23:03.208486,IP,172.20.0.10.5002,>
2026-05-08,20:23:03.208737,IP,172.20.0.10.5002,>
2026-05-08,20:23:03.208779,IP,172.20.0.20.46413,>
2026-05-08,20:23:03.209071,IP,172.20.0.20.46413,>
2026-05-08,20:23:03.209413,IP,172.20.0.20.46413,>
2026-05-08,20:23:03.215335,IP,172.20.0.10.5002,>
2026-05-08,20:23:03.215538,IP,172.20.0.10.5002,>
2026-05-08,20:23:03.215702,IP,172.20.0.20.46413,>
2026-05-08,20:23:03.215994,IP,172.20.0.10.5002,>
2026-05-08,20:23:03.216043,IP,172.20.0.20.46413,>
2026-05-08,20:23:03.216181,IP,172.20.0.10.5002,>
2026-05-08,20:23:03.216387,IP,172.20.0.20.46413,>
2026-05-08,20:23:03.216692,IP,172.20.0.20.46413,>
2026-05-08,20:23:03.218752,IP,172.20.0.10.5002,>
2026-05-08,20:23:03.218983,IP,172.20.0.10.5002,>
2026-05-08,20:23:03.219135,IP,172.20.0.20.46413,>
2026-05-08,20:23:03.219259,IP,172.20.0.10.5002,>
2026-05-08,20:23:03.219491,IP,172.20.0.20.46413,>
2026-05-08,20:23:03.219551,IP,172.20.0.10.5002,>
2026-05-08,20:23:03.221188,IP,172.20.0.20.46413,>
2026-05-08,20:23:03.221470,IP,172.20.0.20.46413,>
2026-05-08,20:23:03.228270,IP,172.20.0.10.5002,>
2026-05-08,20:23:03.228357,IP,172.20.0.10.5002,>
2026-05-08,20:23:03.228431,IP,172.20.0.10.5002,>
2026-05-08,20:23:03.228501,IP,172.20.0.10.5002,>
2026-05-08,20:23:03.228673,IP,172.20.0.20.46413,>
2026-05-08,20:23:03.228999,IP,172.20.0.20.46413,>
2026-05-08,20:23:03.229273,IP,172.20.0.20.46413,>
2026-05-08,20:23:03.229520,IP,172.20.0.20.46413,>
2026-05-08,20:23:03.229719,IP,172.20.0.10.5002,>
2026-05-08,20:23:03.229903,IP,172.20.0.10.5002,>
2026-05-08,20:23:03.230172,IP,172.20.0.20.46413,>
2026-05-08,20:23:03.230493,IP,172.20.0.20.46413,>
2026-05-08,20:23:03.231395,IP,172.20.0.10.5002,>
2026-05-08,20:23:03.231688,IP,172.20.0.10.5002,>
2026-05-08,20:23:03.231759,IP,172.20.0.20.46413,>
2026-05-08,20:23:03.232060,IP,172.20.0.20.46413,>
2026-05-08,20:23:03.238989,IP,172.20.0.10.5002,>
2026-05-08,20:23:03.239202,IP,172.20.0.10.5002,>
2026-05-08,20:23:03.239350,IP,172.20.0.20.46413,>
2026-05-08,20:23:03.239577,IP,172.20.0.10.5002,>
2026-05-08,20:23:03.239668,IP,172.20.0.20.46413,>
2026-05-08,20:23:03.239996,IP,172.20.0.20.46413,>
2026-05-08,20:23:03.240114,IP,172.20.0.10.5002,>
2026-05-08,20:23:03.240625,IP,172.20.0.10.5002,>
2026-05-08,20:23:03.240703,IP,172.20.0.20.46413,>
2026-05-08,20:23:03.241042,IP,172.20.0.20.46413,>
2026-05-08,20:23:03.241166,IP,172.20.0.10.5002,>
2026-05-08,20:23:03.241846,IP,172.20.0.20.46413,>
2026-05-08,20:23:03.241960,IP,172.20.0.10.5002,>
2026-05-08,20:23:03.242334,IP,172.20.0.10.5002,>
2026-05-08,20:23:03.242355,IP,172.20.0.20.46413,>
2026-05-08,20:23:03.242686,IP,172.20.0.20.46413,>
2026-05-08,20:23:03.249957,IP,172.20.0.10.5002,>
2026-05-08,20:23:03.250341,IP,172.20.0.10.5002,>
2026-05-08,20:23:03.250352,IP,172.20.0.20.46413,>
2026-05-08,20:23:03.250501,IP,172.20.0.10.5002,>
2026-05-08,20:23:03.250833,IP,172.20.0.20.46413,>
2026-05-08,20:23:03.251154,IP,172.20.0.20.46413,>
2026-05-08,20:23:03.251381,IP,172.20.0.10.5002,>
2026-05-08,20:23:03.251729,IP,172.20.0.20.46413,>
2026-05-08,20:23:03.253105,IP,172.20.0.10.5002,>
2026-05-08,20:23:03.253508,IP,172.20.0.20.46413,>
2026-05-08,20:23:03.253512,IP,172.20.0.10.5002,>
2026-05-08,20:23:03.253605,IP,172.20.0.10.5002,>
2026-05-08,20:23:03.253675,IP,172.20.0.10.5002,>
2026-05-08,20:23:03.253841,IP,172.20.0.20.46413,>
2026-05-08,20:23:03.254423,IP,172.20.0.20.46413,>
2026-05-08,20:23:03.254430,IP,172.20.0.20.46413,>
2026-05-08,20:23:03.260649,IP,172.20.0.10.5002,>
2026-05-08,20:23:03.261031,IP,172.20.0.10.5002,>
2026-05-08,20:23:03.261095,IP,172.20.0.20.46413,>
2026-05-08,20:23:03.261340,IP,172.20.0.10.5002,>
2026-05-08,20:23:03.261475,IP,172.20.0.20.46413,>
2026-05-08,20:23:03.261764,IP,172.20.0.20.46413,>
2026-05-08,20:23:03.261979,IP,172.20.0.10.5002,>
2026-05-08,20:23:03.262402,IP,172.20.0.20.46413,>
2026-05-08,20:23:03.263774,IP,172.20.0.10.5002,>
2026-05-08,20:23:03.264047,IP,172.20.0.10.5002,>
2026-05-08,20:23:03.264174,IP,172.20.0.20.46413,>
2026-05-08,20:23:03.264492,IP,172.20.0.20.46413,>
2026-05-08,20:23:03.264666,IP,172.20.0.10.5002,>
2026-05-08,20:23:03.264788,IP,172.20.0.10.5002,>
2026-05-08,20:23:03.265044,IP,172.20.0.20.46413,>
2026-05-08,20:23:03.265339,IP,172.20.0.20.46413,>
2026-05-08,20:23:03.271425,IP,172.20.0.10.5002,>
2026-05-08,20:23:03.271664,IP,172.20.0.10.5002,>
2026-05-08,20:23:03.271872,IP,172.20.0.20.46413,>
2026-05-08,20:23:03.272010,IP,172.20.0.10.5002,>
2026-05-08,20:23:03.272134,IP,172.20.0.20.46413,>
2026-05-08,20:23:03.272339,IP,172.20.0.20.46413,>
2026-05-08,20:23:03.272590,IP,172.20.0.10.5002,>
2026-05-08,20:23:03.272941,IP,172.20.0.20.46413,>
2026-05-08,20:23:03.274470,IP,172.20.0.10.5002,>
2026-05-08,20:23:03.274685,IP,172.20.0.10.5002,>
2026-05-08,20:23:03.274938,IP,172.20.0.20.46413,>
2026-05-08,20:23:03.275227,IP,172.20.0.20.46413,>
2026-05-08,20:23:03.275259,IP,172.20.0.10.5002,>
2026-05-08,20:23:03.275520,IP,172.20.0.10.5002,>
2026-05-08,20:23:03.275550,IP,172.20.0.20.46413,>
2026-05-08,20:23:03.275841,IP,172.20.0.20.46413,>
2026-05-08,20:23:03.282201,IP,172.20.0.10.5002,>
2026-05-08,20:23:03.282282,IP,172.20.0.10.5002,>
2026-05-08,20:23:03.282547,IP,172.20.0.10.5002,>
2026-05-08,20:23:03.282608,IP,172.20.0.20.46413,>
2026-05-08,20:23:03.282950,IP,172.20.0.20.46413,>
2026-05-08,20:23:03.283123,IP,172.20.0.10.5002,>
2026-05-08,20:23:03.283232,IP,172.20.0.20.46413,>
2026-05-08,20:23:03.283487,IP,172.20.0.20.46413,>
2026-05-08,20:23:03.285233,IP,172.20.0.10.5002,>
2026-05-08,20:23:03.285442,IP,172.20.0.10.5002,>
2026-05-08,20:23:03.285582,IP,172.20.0.20.46413,>
2026-05-08,20:23:03.285732,IP,172.20.0.10.5002,>
2026-05-08,20:23:03.285856,IP,172.20.0.20.46413,>
2026-05-08,20:23:03.286044,IP,172.20.0.10.5002,>
2026-05-08,20:23:03.286400,IP,172.20.0.20.46413,>
2026-05-08,20:23:03.286407,IP,172.20.0.20.46413,>
2026-05-08,20:23:03.292926,IP,172.20.0.10.5002,>
2026-05-08,20:23:03.293153,IP,172.20.0.10.5002,>
2026-05-08,20:23:03.293283,IP,172.20.0.20.46413,>
2026-05-08,20:23:03.293475,IP,172.20.0.10.5002,>
2026-05-08,20:23:03.293555,IP,172.20.0.20.46413,>
2026-05-08,20:23:03.293669,IP,172.20.0.10.5002,>
2026-05-08,20:23:03.293766,IP,172.20.0.20.46413,>
2026-05-08,20:23:03.294105,IP,172.20.0.20.46413,>
2026-05-08,20:23:03.296578,IP,172.20.0.10.5002,>
2026-05-08,20:23:03.296657,IP,172.20.0.10.5002,>
2026-05-08,20:23:03.296733,IP,172.20.0.10.5002,>
2026-05-08,20:23:03.296812,IP,172.20.0.10.5002,>
2026-05-08,20:23:03.296929,IP,172.20.0.20.46413,>
2026-05-08,20:23:03.297256,IP,172.20.0.20.46413,>
2026-05-08,20:23:03.297535,IP,172.20.0.20.46413,>
2026-05-08,20:23:03.297774,IP,172.20.0.20.46413,>
2026-05-08,20:23:03.303633,IP,172.20.0.10.5002,>
2026-05-08,20:23:03.303713,IP,172.20.0.10.5002,>
2026-05-08,20:23:03.304016,IP,172.20.0.10.5002,>
2026-05-08,20:23:03.304030,IP,172.20.0.20.46413,>
2026-05-08,20:23:03.304302,IP,172.20.0.20.46413,>
2026-05-08,20:23:03.304520,IP,172.20.0.10.5002,>
2026-05-08,20:23:03.304532,IP,172.20.0.20.46413,>
2026-05-08,20:23:03.304784,IP,172.20.0.20.46413,>
2026-05-08,20:23:03.307215,IP,172.20.0.10.5002,>
2026-05-08,20:23:03.307442,IP,172.20.0.10.5002,>
2026-05-08,20:23:03.307594,IP,172.20.0.20.46413,>
2026-05-08,20:23:03.307816,IP,172.20.0.10.5002,>
2026-05-08,20:23:03.307874,IP,172.20.0.20.46413,>
2026-05-08,20:23:03.308100,IP,172.20.0.20.46413,>
2026-05-08,20:23:03.308159,IP,172.20.0.10.5002,>
2026-05-08,20:23:03.308515,IP,172.20.0.20.46413,>
2026-05-08,20:23:03.314412,IP,172.20.0.10.5002,>
2026-05-08,20:23:03.314491,IP,172.20.0.10.5002,>
2026-05-08,20:23:03.314734,IP,172.20.0.10.5002,>
2026-05-08,20:23:03.314847,IP,172.20.0.20.46413,>
2026-05-08,20:23:03.315067,IP,172.20.0.10.5002,>
2026-05-08,20:23:03.315130,IP,172.20.0.20.46413,>
2026-05-08,20:23:03.315416,IP,172.20.0.20.46413,>
2026-05-08,20:23:03.315710,IP,172.20.0.20.46413,>
2026-05-08,20:23:03.317924,IP,172.20.0.10.5002,>
2026-05-08,20:23:03.318013,IP,172.20.0.10.5002,>
2026-05-08,20:23:03.318279,IP,172.20.0.20.46413,>
2026-05-08,20:23:03.318350,IP,172.20.0.10.5002,>
2026-05-08,20:23:03.318546,IP,172.20.0.20.46413,>
2026-05-08,20:23:03.318764,IP,172.20.0.20.46413,>
2026-05-08,20:23:03.318951,IP,172.20.0.10.5002,>
2026-05-08,20:23:03.319313,IP,172.20.0.20.46413,>
2026-05-08,20:23:03.325236,IP,172.20.0.10.5002,>
2026-05-08,20:23:03.325384,IP,172.20.0.10.5002,>
2026-05-08,20:23:03.325610,IP,172.20.0.10.5002,>
2026-05-08,20:23:03.326038,IP,172.20.0.10.5002,>
2026-05-08,20:23:03.326825,IP,172.20.0.20.46413,>
2026-05-08,20:23:03.327110,IP,172.20.0.20.46413,>
2026-05-08,20:23:03.327373,IP,172.20.0.20.46413,>
2026-05-08,20:23:03.327597,IP,172.20.0.20.46413,>
2026-05-08,20:23:03.328561,IP,172.20.0.10.5002,>
2026-05-08,20:23:03.328851,IP,172.20.0.10.5002,>
2026-05-08,20:23:03.328980,IP,172.20.0.10.5002,>
2026-05-08,20:23:03.329576,IP,172.20.0.10.5002,>
2026-05-08,20:23:03.329685,IP,172.20.0.20.46413,>
2026-05-08,20:23:03.330129,IP,172.20.0.20.46413,>
2026-05-08,20:23:03.330403,IP,172.20.0.20.46413,>
2026-05-08,20:23:03.330768,IP,172.20.0.20.46413,>
2026-05-08,20:23:03.337243,IP,172.20.0.10.5002,>
2026-05-08,20:23:03.337407,IP,172.20.0.10.5002,>
2026-05-08,20:23:03.337549,IP,172.20.0.10.5002,>
2026-05-08,20:23:03.337788,IP,172.20.0.20.46413,>
2026-05-08,20:23:03.337821,IP,172.20.0.10.5002,>
2026-05-08,20:23:03.339417,IP,172.20.0.20.46413,>
2026-05-08,20:23:03.339429,IP,172.20.0.20.46413,>
2026-05-08,20:23:03.339438,IP,172.20.0.20.46413,>
2026-05-08,20:23:03.340205,IP,172.20.0.10.5002,>
2026-05-08,20:23:03.340346,IP,172.20.0.10.5002,>
2026-05-08,20:23:03.340591,IP,172.20.0.10.5002,>
2026-05-08,20:23:03.340999,IP,172.20.0.20.46413,>
2026-05-08,20:23:03.341010,IP,172.20.0.10.5002,>
2026-05-08,20:23:03.341655,IP,172.20.0.20.46413,>
2026-05-08,20:23:03.342146,IP,172.20.0.20.46413,>
2026-05-08,20:23:03.342715,IP,172.20.0.20.46413,>
2026-05-08,20:23:03.348310,IP,172.20.0.10.5002,>
2026-05-08,20:23:03.348781,IP,172.20.0.20.46413,>
2026-05-08,20:23:03.349721,IP,172.20.0.10.5002,>
2026-05-08,20:23:03.349907,IP,172.20.0.10.5002,>
2026-05-08,20:23:03.350091,IP,172.20.0.10.5002,>
2026-05-08,20:23:03.350180,IP,172.20.0.20.46413,>
2026-05-08,20:23:03.350449,IP,172.20.0.20.46413,>
2026-05-08,20:23:03.350686,IP,172.20.0.20.46413,>
2026-05-08,20:23:03.351351,IP,172.20.0.10.5002,>
2026-05-08,20:23:03.351759,IP,172.20.0.20.46413,>
2026-05-08,20:23:03.352028,IP,172.20.0.10.5002,>
2026-05-08,20:23:03.352505,IP,172.20.0.20.46413,>
2026-05-08,20:23:03.352781,IP,172.20.0.10.5002,>
2026-05-08,20:23:03.353093,IP,172.20.0.10.5002,>
2026-05-08,20:23:03.353440,IP,172.20.0.20.46413,>
2026-05-08,20:23:03.353752,IP,172.20.0.20.46413,>
2026-05-08,20:23:03.359170,IP,172.20.0.10.5002,>
2026-05-08,20:23:03.359543,IP,172.20.0.20.46413,>
2026-05-08,20:23:03.360417,IP,172.20.0.10.5002,>
2026-05-08,20:23:03.360690,IP,172.20.0.10.5002,>
2026-05-08,20:23:03.360838,IP,172.20.0.20.46413,>
2026-05-08,20:23:03.360953,IP,172.20.0.10.5002,>
2026-05-08,20:23:03.361232,IP,172.20.0.20.46413,>
2026-05-08,20:23:03.361461,IP,172.20.0.20.46413,>
2026-05-08,20:23:03.362093,IP,172.20.0.10.5002,>
2026-05-08,20:23:03.362628,IP,172.20.0.20.46413,>
2026-05-08,20:23:03.362707,IP,172.20.0.10.5002,>
2026-05-08,20:23:03.363612,IP,172.20.0.20.46413,>
2026-05-08,20:23:03.363646,IP,172.20.0.10.5002,>
2026-05-08,20:23:03.364023,IP,172.20.0.20.46413,>
2026-05-08,20:23:03.364078,IP,172.20.0.10.5002,>
2026-05-08,20:23:03.364941,IP,172.20.0.20.46413,>
2026-05-08,20:23:03.369939,IP,172.20.0.10.5002,>
2026-05-08,20:23:03.370349,IP,172.20.0.20.46413,>
2026-05-08,20:23:03.371074,IP,172.20.0.10.5002,>
2026-05-08,20:23:03.371451,IP,172.20.0.10.5002,>
2026-05-08,20:23:03.371584,IP,172.20.0.20.46413,>
2026-05-08,20:23:03.371651,IP,172.20.0.10.5002,>
2026-05-08,20:23:03.372137,IP,172.20.0.20.46413,>
2026-05-08,20:23:03.372710,IP,172.20.0.20.46413,>
2026-05-08,20:23:03.372916,IP,172.20.0.10.5002,>
2026-05-08,20:23:03.373246,IP,172.20.0.20.46413,>
2026-05-08,20:23:03.373832,IP,172.20.0.10.5002,>
2026-05-08,20:23:03.374208,IP,172.20.0.20.46413,>
2026-05-08,20:23:03.374244,IP,172.20.0.10.5002,>
2026-05-08,20:23:03.374511,IP,172.20.0.20.46413,>
2026-05-08,20:23:03.375084,IP,172.20.0.10.5002,>
2026-05-08,20:23:03.375380,IP,172.20.0.20.46413,>
2026-05-08,20:23:03.380687,IP,172.20.0.10.5002,>
2026-05-08,20:23:03.381037,IP,172.20.0.20.46413,>
2026-05-08,20:23:03.381808,IP,172.20.0.10.5002,>
2026-05-08,20:23:03.382183,IP,172.20.0.20.46413,>
2026-05-08,20:23:03.382444,IP,172.20.0.10.5002,>
2026-05-08,20:23:03.382826,IP,172.20.0.20.46413,>
2026-05-08,20:23:03.382931,IP,172.20.0.10.5002,>
2026-05-08,20:23:03.383285,IP,172.20.0.20.46413,>
2026-05-08,20:23:03.383495,IP,172.20.0.10.5002,>
2026-05-08,20:23:03.383893,IP,172.20.0.20.46413,>
2026-05-08,20:23:03.384395,IP,172.20.0.10.5002,>
2026-05-08,20:23:03.384677,IP,172.20.0.10.5002,>
2026-05-08,20:23:03.384699,IP,172.20.0.20.46413,>
2026-05-08,20:23:03.384971,IP,172.20.0.20.46413,>
2026-05-08,20:23:03.385553,IP,172.20.0.10.5002,>
2026-05-08,20:23:03.385966,IP,172.20.0.20.46413,>
2026-05-08,20:23:03.391312,IP,172.20.0.10.5002,>
2026-05-08,20:23:03.391674,IP,172.20.0.20.46413,>
2026-05-08,20:23:03.392521,IP,172.20.0.10.5002,>
2026-05-08,20:23:03.392972,IP,172.20.0.20.46413,>
2026-05-08,20:23:03.393023,IP,172.20.0.10.5002,>
2026-05-08,20:23:03.393352,IP,172.20.0.20.46413,>
2026-05-08,20:23:03.393509,IP,172.20.0.10.5002,>
2026-05-08,20:23:03.394135,IP,172.20.0.20.46413,>
2026-05-08,20:23:03.394261,IP,172.20.0.10.5002,>
2026-05-08,20:23:03.394583,IP,172.20.0.20.46413,>
2026-05-08,20:23:03.395138,IP,172.20.0.10.5002,>
2026-05-08,20:23:03.395216,IP,172.20.0.10.5002,>
2026-05-08,20:23:03.395472,IP,172.20.0.20.46413,>
2026-05-08,20:23:03.395727,IP,172.20.0.20.46413,>
2026-05-08,20:23:03.396135,IP,172.20.0.10.5002,>
2026-05-08,20:23:03.396436,IP,172.20.0.20.46413,>
2026-05-08,20:23:03.401984,IP,172.20.0.10.5002,>
2026-05-08,20:23:03.402356,IP,172.20.0.20.46413,>
2026-05-08,20:23:03.403246,IP,172.20.0.10.5002,>
2026-05-08,20:23:03.403517,IP,172.20.0.10.5002,>
2026-05-08,20:23:03.403654,IP,172.20.0.20.46413,>
2026-05-08,20:23:03.403965,IP,172.20.0.20.46413,>
2026-05-08,20:23:03.404410,IP,172.20.0.10.5002,>
2026-05-08,20:23:03.404767,IP,172.20.0.20.46413,>
2026-05-08,20:23:03.404851,IP,172.20.0.10.5002,>
2026-05-08,20:23:03.405196,IP,172.20.0.20.46413,>
2026-05-08,20:23:03.405692,IP,172.20.0.10.5002,>
2026-05-08,20:23:03.405913,IP,172.20.0.10.5002,>
2026-05-08,20:23:03.406100,IP,172.20.0.20.46413,>
2026-05-08,20:23:03.406348,IP,172.20.0.20.46413,>
2026-05-08,20:23:03.406696,IP,172.20.0.10.5002,>
2026-05-08,20:23:03.407059,IP,172.20.0.20.46413,>
2026-05-08,20:23:03.412765,IP,172.20.0.10.5002,>
2026-05-08,20:23:03.413209,IP,172.20.0.20.46413,>
2026-05-08,20:23:03.413882,IP,172.20.0.10.5002,>
2026-05-08,20:23:03.414177,IP,172.20.0.10.5002,>
2026-05-08,20:23:03.414297,IP,172.20.0.20.46413,>
2026-05-08,20:23:03.414596,IP,172.20.0.20.46413,>
2026-05-08,20:23:03.415000,IP,172.20.0.10.5002,>
2026-05-08,20:23:03.415363,IP,172.20.0.20.46413,>
2026-05-08,20:23:03.415438,IP,172.20.0.10.5002,>
2026-05-08,20:23:03.415823,IP,172.20.0.20.46413,>
2026-05-08,20:23:03.416313,IP,172.20.0.10.5002,>
2026-05-08,20:23:03.416541,IP,172.20.0.10.5002,>
2026-05-08,20:23:03.416625,IP,172.20.0.20.46413,>
2026-05-08,20:23:03.416905,IP,172.20.0.20.46413,>
2026-05-08,20:23:03.417390,IP,172.20.0.10.5002,>
2026-05-08,20:23:03.417820,IP,172.20.0.20.46413,>
2026-05-08,20:23:03.423510,IP,172.20.0.10.5002,>
2026-05-08,20:23:03.423873,IP,172.20.0.20.46413,>
2026-05-08,20:23:03.424821,IP,172.20.0.10.5002,>
2026-05-08,20:23:03.424941,IP,172.20.0.10.5002,>
2026-05-08,20:23:03.425239,IP,172.20.0.20.46413,>
2026-05-08,20:23:03.425497,IP,172.20.0.20.46413,>
2026-05-08,20:23:03.425557,IP,172.20.0.10.5002,>
2026-05-08,20:23:03.425899,IP,172.20.0.20.46413,>
2026-05-08,20:23:03.426124,IP,172.20.0.10.5002,>
2026-05-08,20:23:03.426576,IP,172.20.0.20.46413,>
2026-05-08,20:23:03.426821,IP,172.20.0.10.5002,>
2026-05-08,20:23:03.427144,IP,172.20.0.10.5002,>
2026-05-08,20:23:03.427172,IP,172.20.0.20.46413,>
2026-05-08,20:23:03.427740,IP,172.20.0.20.46413,>
2026-05-08,20:23:03.428052,IP,172.20.0.10.5002,>
2026-05-08,20:23:03.428378,IP,172.20.0.20.46413,>
2026-05-08,20:23:03.434333,IP,172.20.0.10.5002,>
2026-05-08,20:23:03.434661,IP,172.20.0.20.46413,>
2026-05-08,20:23:03.435517,IP,172.20.0.10.5002,>
2026-05-08,20:23:03.435724,IP,172.20.0.10.5002,>
2026-05-08,20:23:03.435953,IP,172.20.0.20.46413,>
2026-05-08,20:23:03.436095,IP,172.20.0.10.5002,>
2026-05-08,20:23:03.436278,IP,172.20.0.20.46413,>
2026-05-08,20:23:03.436492,IP,172.20.0.20.46413,>
2026-05-08,20:23:03.436827,IP,172.20.0.10.5002,>
2026-05-08,20:23:03.437365,IP,172.20.0.20.46413,>
2026-05-08,20:23:03.437379,IP,172.20.0.10.5002,>
2026-05-08,20:23:03.437836,IP,172.20.0.20.46413,>
2026-05-08,20:23:03.438025,IP,172.20.0.10.5002,>
2026-05-08,20:23:03.438430,IP,172.20.0.20.46413,>
2026-05-08,20:23:03.438747,IP,172.20.0.10.5002,>
2026-05-08,20:23:03.439243,IP,172.20.0.20.46413,>
2026-05-08,20:23:03.445106,IP,172.20.0.10.5002,>
2026-05-08,20:23:03.445536,IP,172.20.0.20.46413,>
2026-05-08,20:23:03.446190,IP,172.20.0.10.5002,>
2026-05-08,20:23:03.446534,IP,172.20.0.20.46413,>
2026-05-08,20:23:03.446569,IP,172.20.0.10.5002,>
2026-05-08,20:23:03.446715,IP,172.20.0.10.5002,>
2026-05-08,20:23:03.446945,IP,172.20.0.20.46413,>
2026-05-08,20:23:03.447211,IP,172.20.0.20.46413,>
2026-05-08,20:23:03.448089,IP,172.20.0.10.5002,>
2026-05-08,20:23:03.448231,IP,172.20.0.10.5002,>
2026-05-08,20:23:03.448449,IP,172.20.0.20.46413,>
2026-05-08,20:23:03.448641,IP,172.20.0.10.5002,>
2026-05-08,20:23:03.448722,IP,172.20.0.20.46413,>
2026-05-08,20:23:03.449006,IP,172.20.0.20.46413,>
2026-05-08,20:23:03.449775,IP,172.20.0.10.5002,>
2026-05-08,20:23:03.450158,IP,172.20.0.20.46413,>
2026-05-08,20:23:03.455958,IP,172.20.0.10.5002,>
2026-05-08,20:23:03.456372,IP,172.20.0.20.46413,>
2026-05-08,20:23:03.457059,IP,172.20.0.10.5002,>
2026-05-08,20:23:03.457202,IP,172.20.0.10.5002,>
2026-05-08,20:23:03.457418,IP,172.20.0.20.46413,>
2026-05-08,20:23:03.457444,IP,172.20.0.10.5002,>
2026-05-08,20:23:03.457713,IP,172.20.0.20.46413,>
2026-05-08,20:23:03.458359,IP,172.20.0.20.46413,>
2026-05-08,20:23:03.459120,IP,172.20.0.10.5002,>
2026-05-08,20:23:03.459198,IP,172.20.0.10.5002,>
2026-05-08,20:23:03.459286,IP,172.20.0.10.5002,>
2026-05-08,20:23:03.459474,IP,172.20.0.20.46413,>
2026-05-08,20:23:03.459735,IP,172.20.0.20.46413,>
2026-05-08,20:23:03.460154,IP,172.20.0.20.46413,>
2026-05-08,20:23:03.461019,IP,172.20.0.10.5002,>
2026-05-08,20:23:03.461389,IP,172.20.0.20.46413,>
2026-05-08,20:23:03.466842,IP,172.20.0.10.5002,>
2026-05-08,20:23:03.467249,IP,172.20.0.20.46413,>
2026-05-08,20:23:03.467672,IP,172.20.0.10.5002,>
2026-05-08,20:23:03.467995,IP,172.20.0.10.5002,>
2026-05-08,20:23:03.468029,IP,172.20.0.20.46413,>
2026-05-08,20:23:03.468266,IP,172.20.0.20.46413,>
2026-05-08,20:23:03.468585,IP,172.20.0.10.5002,>
2026-05-08,20:23:03.468939,IP,172.20.0.20.46413,>
2026-05-08,20:23:03.469783,IP,172.20.0.10.5002,>
2026-05-08,20:23:03.470010,IP,172.20.0.10.5002,>
2026-05-08,20:23:03.470139,IP,172.20.0.20.46413,>
2026-05-08,20:23:03.470317,IP,172.20.0.10.5002,>
2026-05-08,20:23:03.470431,IP,172.20.0.20.46413,>
2026-05-08,20:23:03.470694,IP,172.20.0.20.46413,>
2026-05-08,20:23:03.471616,IP,172.20.0.10.5002,>
2026-05-08,20:23:03.471968,IP,172.20.0.20.46413,>
2026-05-08,20:23:03.477588,IP,172.20.0.10.5002,>
2026-05-08,20:23:03.478070,IP,172.20.0.20.46413,>
2026-05-08,20:23:03.478196,IP,172.20.0.10.5002,>
2026-05-08,20:23:03.478526,IP,172.20.0.20.46413,>
2026-05-08,20:23:03.478765,IP,172.20.0.10.5002,>
2026-05-08,20:23:03.479143,IP,172.20.0.10.5002,>
2026-05-08,20:23:03.479143,IP,172.20.0.20.46413,>
2026-05-08,20:23:03.479448,IP,172.20.0.20.46413,>
2026-05-08,20:23:03.480490,IP,172.20.0.10.5002,>
2026-05-08,20:23:03.480571,IP,172.20.0.10.5002,>
2026-05-08,20:23:03.480827,IP,172.20.0.20.46413,>
2026-05-08,20:23:03.480893,IP,172.20.0.10.5002,>
2026-05-08,20:23:03.481158,IP,172.20.0.20.46413,>
2026-05-08,20:23:03.481399,IP,172.20.0.20.46413,>
2026-05-08,20:23:03.482250,IP,172.20.0.10.5002,>
2026-05-08,20:23:03.482566,IP,172.20.0.20.46413,>
2026-05-08,20:23:03.488679,IP,172.20.0.10.5002,>
2026-05-08,20:23:03.488766,IP,172.20.0.10.5002,>
2026-05-08,20:23:03.489152,IP,172.20.0.20.46413,>
2026-05-08,20:23:03.489431,IP,172.20.0.10.5002,>
2026-05-08,20:23:03.489708,IP,172.20.0.10.5002,>
2026-05-08,20:23:03.489752,IP,172.20.0.20.46413,>
2026-05-08,20:23:03.490155,IP,172.20.0.20.46413,>
2026-05-08,20:23:03.490439,IP,172.20.0.20.46413,>
2026-05-08,20:23:03.491177,IP,172.20.0.10.5002,>
2026-05-08,20:23:03.491275,IP,172.20.0.10.5002,>
2026-05-08,20:23:03.491589,IP,172.20.0.10.5002,>
2026-05-08,20:23:03.491831,IP,172.20.0.20.46413,>
2026-05-08,20:23:03.492088,IP,172.20.0.20.46413,>
2026-05-08,20:23:03.492744,IP,172.20.0.20.46413,>
2026-05-08,20:23:03.492751,IP,172.20.0.10.5002,>
2026-05-08,20:23:03.493341,IP,172.20.0.20.46413,>
2026-05-08,20:23:03.499713,IP,172.20.0.10.5002,>
2026-05-08,20:23:03.500077,IP,172.20.0.10.5002,>
2026-05-08,20:23:03.500372,IP,172.20.0.10.5002,>
2026-05-08,20:23:03.500601,IP,172.20.0.10.5002,>
2026-05-08,20:23:03.501011,IP,172.20.0.20.46413,>
2026-05-08,20:23:03.501328,IP,172.20.0.20.46413,>
2026-05-08,20:23:03.502081,IP,172.20.0.10.5002,>
2026-05-08,20:23:03.502203,IP,172.20.0.20.46413,>
2026-05-08,20:23:03.502385,IP,172.20.0.10.5002,>
2026-05-08,20:23:03.502486,IP,172.20.0.20.46413,>
2026-05-08,20:23:03.502969,IP,172.20.0.10.5002,>
2026-05-08,20:23:03.503307,IP,172.20.0.20.46413,>
2026-05-08,20:23:03.503533,IP,172.20.0.10.5002,>
2026-05-08,20:23:03.503588,IP,172.20.0.20.46413,>
2026-05-08,20:23:03.503865,IP,172.20.0.20.46413,>
2026-05-08,20:23:03.504106,IP,172.20.0.20.46413,>
2026-05-08,20:23:03.511394,IP,172.20.0.10.5002,>
2026-05-08,20:23:03.511483,IP,172.20.0.10.5002,>
2026-05-08,20:23:03.511819,IP,172.20.0.20.46413,>
2026-05-08,20:23:03.512218,IP,172.20.0.20.46413,>
2026-05-08,20:23:03.512419,IP,172.20.0.10.5002,>
2026-05-08,20:23:03.512633,IP,172.20.0.10.5002,>
2026-05-08,20:23:03.512745,IP,172.20.0.20.46413,>
2026-05-08,20:23:03.513012,IP,172.20.0.20.46413,>
2026-05-08,20:23:03.513586,IP,172.20.0.10.5002,>
2026-05-08,20:23:03.513725,IP,172.20.0.10.5002,>
2026-05-08,20:23:03.513937,IP,172.20.0.20.46413,>
2026-05-08,20:23:03.514062,IP,172.20.0.10.5002,>
2026-05-08,20:23:03.514165,IP,172.20.0.20.46413,>
2026-05-08,20:23:03.514297,IP,172.20.0.10.5002,>
2026-05-08,20:23:03.514416,IP,172.20.0.20.46413,>
2026-05-08,20:23:03.514626,IP,172.20.0.20.46413,>
2026-05-08,20:23:03.522121,IP,172.20.0.10.5002,>
2026-05-08,20:23:03.522439,IP,172.20.0.10.5002,>
2026-05-08,20:23:03.522470,IP,172.20.0.20.46413,>
2026-05-08,20:23:03.522739,IP,172.20.0.20.46413,>
2026-05-08,20:23:03.523041,IP,172.20.0.10.5002,>
2026-05-08,20:23:03.523368,IP,172.20.0.10.5002,>
2026-05-08,20:23:03.523682,IP,172.20.0.20.46413,>
2026-05-08,20:23:03.524006,IP,172.20.0.20.46413,>
2026-05-08,20:23:03.524315,IP,172.20.0.10.5002,>
2026-05-08,20:23:03.524432,IP,172.20.0.10.5002,>
2026-05-08,20:23:03.524517,IP,172.20.0.10.5002,>
2026-05-08,20:23:03.524636,IP,172.20.0.20.46413,>
2026-05-08,20:23:03.524825,IP,172.20.0.10.5002,>
2026-05-08,20:23:03.524958,IP,172.20.0.20.46413,>
2026-05-08,20:23:03.525193,IP,172.20.0.20.46413,>
2026-05-08,20:23:03.525423,IP,172.20.0.20.46413,>
2026-05-08,20:23:03.532785,IP,172.20.0.10.5002,>
2026-05-08,20:23:03.532988,IP,172.20.0.10.5002,>
2026-05-08,20:23:03.533241,IP,172.20.0.20.46413,>
2026-05-08,20:23:03.533521,IP,172.20.0.20.46413,>
2026-05-08,20:23:03.533939,IP,172.20.0.10.5002,>
2026-05-08,20:23:03.534173,IP,172.20.0.10.5002,>
2026-05-08,20:23:03.534651,IP,172.20.0.20.46413,>
2026-05-08,20:23:03.534933,IP,172.20.0.10.5002,>
2026-05-08,20:23:03.534999,IP,172.20.0.20.46413,>
2026-05-08,20:23:03.535140,IP,172.20.0.10.5002,>
2026-05-08,20:23:03.535530,IP,172.20.0.10.5002,>
2026-05-08,20:23:03.535593,IP,172.20.0.20.46413,>
2026-05-08,20:23:03.535615,IP,172.20.0.10.5002,>
2026-05-08,20:23:03.535926,IP,172.20.0.20.46413,>
2026-05-08,20:23:03.536441,IP,172.20.0.20.46413,>
2026-05-08,20:23:03.537339,IP,172.20.0.20.46413,>
2026-05-08,20:23:03.543542,IP,172.20.0.10.5002,>
2026-05-08,20:23:03.543742,IP,172.20.0.10.5002,>
2026-05-08,20:23:03.543975,IP,172.20.0.20.46413,>
2026-05-08,20:23:03.544273,IP,172.20.0.20.46413,>
2026-05-08,20:23:03.544893,IP,172.20.0.10.5002,>
2026-05-08,20:23:03.545235,IP,172.20.0.20.46413,>
2026-05-08,20:23:03.545534,IP,172.20.0.10.5002,>
2026-05-08,20:23:03.545993,IP,172.20.0.20.46413,>
2026-05-08,20:23:03.546321,IP,172.20.0.10.5002,>
2026-05-08,20:23:03.546639,IP,172.20.0.10.5002,>
2026-05-08,20:23:03.546693,IP,172.20.0.20.46413,>
2026-05-08,20:23:03.546833,IP,172.20.0.10.5002,>
2026-05-08,20:23:03.547489,IP,172.20.0.10.5002,>
2026-05-08,20:23:03.547601,IP,172.20.0.20.46413,>
2026-05-08,20:23:03.548067,IP,172.20.0.20.46413,>
2026-05-08,20:23:03.548699,IP,172.20.0.20.46413,>
2026-05-08,20:23:03.554315,IP,172.20.0.10.5002,>
2026-05-08,20:23:03.554431,IP,172.20.0.10.5002,>
2026-05-08,20:23:03.554745,IP,172.20.0.20.46413,>
2026-05-08,20:23:03.555083,IP,172.20.0.20.46413,>
2026-05-08,20:23:03.555400,IP,172.20.0.10.5002,>
2026-05-08,20:23:03.555760,IP,172.20.0.20.46413,>
2026-05-08,20:23:03.556156,IP,172.20.0.10.5002,>
2026-05-08,20:23:03.556497,IP,172.20.0.20.46413,>
2026-05-08,20:23:03.557022,IP,172.20.0.10.5002,>
2026-05-08,20:23:03.557369,IP,172.20.0.20.46413,>
2026-05-08,20:23:03.557836,IP,172.20.0.10.5002,>
2026-05-08,20:23:03.558199,IP,172.20.0.20.46413,>
2026-05-08,20:23:03.558281,IP,172.20.0.10.5002,>
2026-05-08,20:23:03.558645,IP,172.20.0.20.46413,>
2026-05-08,20:23:03.558930,IP,172.20.0.10.5002,>
2026-05-08,20:23:03.559585,IP,172.20.0.20.46413,>
2026-05-08,20:23:03.565065,IP,172.20.0.10.5002,>
2026-05-08,20:23:03.565257,IP,172.20.0.10.5002,>
2026-05-08,20:23:03.565504,IP,172.20.0.20.46413,>
2026-05-08,20:23:03.565832,IP,172.20.0.20.46413,>
2026-05-08,20:23:03.565970,IP,172.20.0.10.5002,>
2026-05-08,20:23:03.566299,IP,172.20.0.20.46413,>
2026-05-08,20:23:03.566735,IP,172.20.0.10.5002,>
2026-05-08,20:23:03.567163,IP,172.20.0.20.46413,>
2026-05-08,20:23:03.567648,IP,172.20.0.10.5002,>
2026-05-08,20:23:03.568008,IP,172.20.0.20.46413,>
2026-05-08,20:23:03.568480,IP,172.20.0.10.5002,>
2026-05-08,20:23:03.568775,IP,172.20.0.20.46413,>
2026-05-08,20:23:03.568851,IP,172.20.0.10.5002,>
2026-05-08,20:23:03.569118,IP,172.20.0.20.46413,>
2026-05-08,20:23:03.569787,IP,172.20.0.10.5002,>
2026-05-08,20:23:03.570195,IP,172.20.0.20.46413,>
2026-05-08,20:23:03.575819,IP,172.20.0.10.5002,>
2026-05-08,20:23:03.576046,IP,172.20.0.10.5002,>
2026-05-08,20:23:03.576233,IP,172.20.0.20.46413,>
2026-05-08,20:23:03.576492,IP,172.20.0.10.5002,>
2026-05-08,20:23:03.576546,IP,172.20.0.20.46413,>
2026-05-08,20:23:03.576858,IP,172.20.0.20.46413,>
2026-05-08,20:23:03.577346,IP,172.20.0.10.5002,>
2026-05-08,20:23:03.577692,IP,172.20.0.20.46413,>
2026-05-08,20:23:03.578289,IP,172.20.0.10.5002,>
2026-05-08,20:23:03.578557,IP,172.20.0.20.46413,>
2026-05-08,20:23:03.578997,IP,172.20.0.10.5002,>
2026-05-08,20:23:03.579293,IP,172.20.0.10.5002,>
2026-05-08,20:23:03.579362,IP,172.20.0.20.46413,>
2026-05-08,20:23:03.579638,IP,172.20.0.20.46413,>
2026-05-08,20:23:03.580387,IP,172.20.0.10.5002,>
2026-05-08,20:23:03.580701,IP,172.20.0.20.46413,>
2026-05-08,20:23:03.586584,IP,172.20.0.10.5002,>
2026-05-08,20:23:03.586728,IP,172.20.0.10.5002,>
2026-05-08,20:23:03.587049,IP,172.20.0.20.46413,>
2026-05-08,20:23:03.587143,IP,172.20.0.10.5002,>
2026-05-08,20:23:03.587339,IP,172.20.0.20.46413,>
2026-05-08,20:23:03.587551,IP,172.20.0.20.46413,>
2026-05-08,20:23:03.587945,IP,172.20.0.10.5002,>
2026-05-08,20:23:03.588272,IP,172.20.0.20.46413,>
2026-05-08,20:23:03.588828,IP,172.20.0.10.5002,>
2026-05-08,20:23:03.589245,IP,172.20.0.20.46413,>
2026-05-08,20:23:03.589531,IP,172.20.0.10.5002,>
2026-05-08,20:23:03.589839,IP,172.20.0.10.5002,>
2026-05-08,20:23:03.590062,IP,172.20.0.20.46413,>
2026-05-08,20:23:03.590427,IP,172.20.0.20.46413,>
2026-05-08,20:23:03.590880,IP,172.20.0.10.5002,>
2026-05-08,20:23:03.591427,IP,172.20.0.20.46413,>
2026-05-08,20:23:03.597409,IP,172.20.0.10.5002,>
2026-05-08,20:23:03.597598,IP,172.20.0.10.5002,>
2026-05-08,20:23:03.597690,IP,172.20.0.10.5002,>
2026-05-08,20:23:03.597815,IP,172.20.0.20.46413,>
2026-05-08,20:23:03.598171,IP,172.20.0.20.46413,>
2026-05-08,20:23:03.598496,IP,172.20.0.10.5002,>
2026-05-08,20:23:03.598515,IP,172.20.0.20.46413,>
2026-05-08,20:23:03.598833,IP,172.20.0.20.46413,>
2026-05-08,20:23:03.599560,IP,172.20.0.10.5002,>
2026-05-08,20:23:03.599926,IP,172.20.0.20.46413,>
2026-05-08,20:23:03.600261,IP,172.20.0.10.5002,>
2026-05-08,20:23:03.600612,IP,172.20.0.10.5002,>
2026-05-08,20:23:03.600648,IP,172.20.0.20.46413,>
2026-05-08,20:23:03.600951,IP,172.20.0.20.46413,>
2026-05-08,20:23:03.601741,IP,172.20.0.10.5002,>
2026-05-08,20:23:03.602331,IP,172.20.0.20.46413,>
2026-05-08,20:23:03.608124,IP,172.20.0.10.5002,>
2026-05-08,20:23:03.608343,IP,172.20.0.10.5002,>
2026-05-08,20:23:03.608534,IP,172.20.0.20.46413,>
2026-05-08,20:23:03.608687,IP,172.20.0.10.5002,>
2026-05-08,20:23:03.608824,IP,172.20.0.20.46413,>
2026-05-08,20:23:03.609000,IP,172.20.0.10.5002,>
2026-05-08,20:23:03.609073,IP,172.20.0.20.46413,>
2026-05-08,20:23:03.609301,IP,172.20.0.20.46413,>
2026-05-08,20:23:03.610176,IP,172.20.0.10.5002,>
2026-05-08,20:23:03.610500,IP,172.20.0.20.46413,>
2026-05-08,20:23:03.610877,IP,172.20.0.10.5002,>
2026-05-08,20:23:03.611117,IP,172.20.0.10.5002,>
2026-05-08,20:23:03.611278,IP,172.20.0.20.46413,>
2026-05-08,20:23:03.611736,IP,172.20.0.20.46413,>
2026-05-08,20:23:03.612516,IP,172.20.0.10.5002,>
2026-05-08,20:23:03.612993,IP,172.20.0.20.46413,>
2026-05-08,20:23:03.618886,IP,172.20.0.10.5002,>
2026-05-08,20:23:03.618970,IP,172.20.0.10.5002,>
2026-05-08,20:23:03.619232,IP,172.20.0.10.5002,>
2026-05-08,20:23:03.619377,IP,172.20.0.20.46413,>
2026-05-08,20:23:03.619536,IP,172.20.0.10.5002,>
2026-05-08,20:23:03.619723,IP,172.20.0.20.46413,>
2026-05-08,20:23:03.620423,IP,172.20.0.20.46413,>
2026-05-08,20:23:03.620745,IP,172.20.0.20.46413,>
2026-05-08,20:23:03.620764,IP,172.20.0.10.5002,>
2026-05-08,20:23:03.621303,IP,172.20.0.20.46413,>
2026-05-08,20:23:03.621934,IP,172.20.0.10.5002,>
2026-05-08,20:23:03.622014,IP,172.20.0.10.5002,>
2026-05-08,20:23:03.622458,IP,172.20.0.20.46413,>
2026-05-08,20:23:03.622753,IP,172.20.0.20.46413,>
2026-05-08,20:23:03.623227,IP,172.20.0.10.5002,>
2026-05-08,20:23:03.623557,IP,172.20.0.20.46413,>
2026-05-08,20:23:03.629761,IP,172.20.0.10.5002,>
2026-05-08,20:23:03.629889,IP,172.20.0.10.5002,>
2026-05-08,20:23:03.630268,IP,172.20.0.20.46413,>
2026-05-08,20:23:03.630534,IP,172.20.0.20.46413,>
2026-05-08,20:23:03.630741,IP,172.20.0.10.5002,>
2026-05-08,20:23:03.631001,IP,172.20.0.10.5002,>
2026-05-08,20:23:03.631344,IP,172.20.0.20.46413,>
2026-05-08,20:23:03.631632,IP,172.20.0.10.5002,>
2026-05-08,20:23:03.631720,IP,172.20.0.20.46413,>
2026-05-08,20:23:03.632217,IP,172.20.0.20.46413,>
2026-05-08,20:23:03.632662,IP,172.20.0.10.5002,>
2026-05-08,20:23:03.632950,IP,172.20.0.10.5002,>
2026-05-08,20:23:03.633062,IP,172.20.0.20.46413,>
2026-05-08,20:23:03.633369,IP,172.20.0.20.46413,>
2026-05-08,20:23:03.633778,IP,172.20.0.10.5002,>
2026-05-08,20:23:03.634146,IP,172.20.0.20.46413,>
2026-05-08,20:23:03.640608,IP,172.20.0.10.5002,>
2026-05-08,20:23:03.640683,IP,172.20.0.10.5002,>
2026-05-08,20:23:03.641075,IP,172.20.0.20.46413,>
2026-05-08,20:23:03.641375,IP,172.20.0.20.46413,>
2026-05-08,20:23:03.641544,IP,172.20.0.10.5002,>
2026-05-08,20:23:03.642212,IP,172.20.0.10.5002,>
2026-05-08,20:23:03.642259,IP,172.20.0.20.46413,>
2026-05-08,20:23:03.642455,IP,172.20.0.10.5002,>
2026-05-08,20:23:03.642652,IP,172.20.0.20.46413,>
2026-05-08,20:23:03.642977,IP,172.20.0.20.46413,>
2026-05-08,20:23:03.643236,IP,172.20.0.10.5002,>
2026-05-08,20:23:03.643554,IP,172.20.0.10.5002,>
2026-05-08,20:23:03.643676,IP,172.20.0.20.46413,>
2026-05-08,20:23:03.643988,IP,172.20.0.20.46413,>
2026-05-08,20:23:03.644355,IP,172.20.0.10.5002,>
2026-05-08,20:23:03.644732,IP,172.20.0.20.46413,>
2026-05-08,20:23:03.651462,IP,172.20.0.10.5002,>
2026-05-08,20:23:03.651544,IP,172.20.0.10.5002,>
2026-05-08,20:23:03.651938,IP,172.20.0.20.46413,>
2026-05-08,20:23:03.652469,IP,172.20.0.10.5002,>
2026-05-08,20:23:03.652483,IP,172.20.0.20.46413,>
2026-05-08,20:23:03.652879,IP,172.20.0.10.5002,>
2026-05-08,20:23:03.652954,IP,172.20.0.20.46413,>
2026-05-08,20:23:03.653227,IP,172.20.0.10.5002,>
2026-05-08,20:23:03.653396,IP,172.20.0.20.46413,>
2026-05-08,20:23:03.653735,IP,172.20.0.20.46413,>
2026-05-08,20:23:03.653881,IP,172.20.0.10.5002,>
2026-05-08,20:23:03.654231,IP,172.20.0.10.5002,>
2026-05-08,20:23:03.654382,IP,172.20.0.20.46413,>
2026-05-08,20:23:03.654947,IP,172.20.0.10.5002,>
2026-05-08,20:23:03.655421,IP,172.20.0.20.46413,>
2026-05-08,20:23:03.655711,IP,172.20.0.20.46413,>
2026-05-08,20:23:03.662258,IP,172.20.0.10.5002,>
2026-05-08,20:23:03.662712,IP,172.20.0.10.5002,>
2026-05-08,20:23:03.662712,IP,172.20.0.20.46413,>
2026-05-08,20:23:03.663052,IP,172.20.0.20.46413,>
2026-05-08,20:23:03.663130,IP,172.20.0.10.5002,>
2026-05-08,20:23:03.663577,IP,172.20.0.10.5002,>
2026-05-08,20:23:03.663750,IP,172.20.0.20.46413,>
2026-05-08,20:23:03.664077,IP,172.20.0.20.46413,>
2026-05-08,20:23:03.664107,IP,172.20.0.10.5002,>
2026-05-08,20:23:03.664616,IP,172.20.0.20.46413,>
2026-05-08,20:23:03.664624,IP,172.20.0.10.5002,>
2026-05-08,20:23:03.665224,IP,172.20.0.20.46413,>
2026-05-08,20:23:03.665655,IP,172.20.0.10.5002,>
2026-05-08,20:23:03.665951,IP,172.20.0.10.5002,>
2026-05-08,20:23:03.666376,IP,172.20.0.20.46413,>
2026-05-08,20:23:03.666972,IP,172.20.0.20.46413,>
2026-05-08,20:23:03.673082,IP,172.20.0.10.5002,>
2026-05-08,20:23:03.673335,IP,172.20.0.10.5002,>
2026-05-08,20:23:03.673559,IP,172.20.0.20.46413,>
2026-05-08,20:23:03.673934,IP,172.20.0.10.5002,>
2026-05-08,20:23:03.674065,IP,172.20.0.20.46413,>
2026-05-08,20:23:03.674289,IP,172.20.0.10.5002,>
2026-05-08,20:23:03.674920,IP,172.20.0.20.46413,>
2026-05-08,20:23:03.674938,IP,172.20.0.10.5002,>
2026-05-08,20:23:03.675184,IP,172.20.0.20.46413,>
2026-05-08,20:23:03.675438,IP,172.20.0.20.46413,>
2026-05-08,20:23:03.675468,IP,172.20.0.10.5002,>
2026-05-08,20:23:03.675744,IP,172.20.0.20.46413,>
2026-05-08,20:23:03.676593,IP,172.20.0.10.5002,>
2026-05-08,20:23:03.677206,IP,172.20.0.10.5002,>
2026-05-08,20:23:03.677657,IP,172.20.0.20.46413,>
2026-05-08,20:23:03.678037,IP,172.20.0.20.46413,>
2026-05-08,20:23:03.684000,IP,172.20.0.10.5002,>
2026-05-08,20:23:03.684382,IP,172.20.0.20.46413,>
2026-05-08,20:23:03.684533,IP,172.20.0.10.5002,>
2026-05-08,20:23:03.685032,IP,172.20.0.20.46413,>
2026-05-08,20:23:03.685089,IP,172.20.0.10.5002,>
2026-05-08,20:23:03.685326,IP,172.20.0.10.5002,>
2026-05-08,20:23:03.685492,IP,172.20.0.20.46413,>
2026-05-08,20:23:03.685667,IP,172.20.0.10.5002,>
2026-05-08,20:23:03.685909,IP,172.20.0.20.46413,>
2026-05-08,20:23:03.686059,IP,172.20.0.10.5002,>
2026-05-08,20:23:03.686445,IP,172.20.0.20.46413,>
2026-05-08,20:23:03.686452,IP,172.20.0.20.46413,>
2026-05-08,20:23:03.687905,IP,172.20.0.10.5002,>
2026-05-08,20:23:03.688219,IP,172.20.0.10.5002,>
2026-05-08,20:23:03.688248,IP,172.20.0.20.46413,>
2026-05-08,20:23:03.688697,IP,172.20.0.20.46413,>
2026-05-08,20:23:03.694743,IP,172.20.0.10.5002,>
2026-05-08,20:23:03.695152,IP,172.20.0.20.46413,>
2026-05-08,20:23:03.695241,IP,172.20.0.10.5002,>
2026-05-08,20:23:03.695639,IP,172.20.0.20.46413,>
2026-05-08,20:23:03.695715,IP,172.20.0.10.5002,>
2026-05-08,20:23:03.696053,IP,172.20.0.20.46413,>
2026-05-08,20:23:03.696080,IP,172.20.0.10.5002,>
2026-05-08,20:23:03.696402,IP,172.20.0.20.46413,>
2026-05-08,20:23:03.696722,IP,172.20.0.10.5002,>
2026-05-08,20:23:03.696837,IP,172.20.0.10.5002,>
2026-05-08,20:23:03.697073,IP,172.20.0.20.46413,>
2026-05-08,20:23:03.697322,IP,172.20.0.20.46413,>
2026-05-08,20:23:03.698522,IP,172.20.0.10.5002,>
2026-05-08,20:23:03.698915,IP,172.20.0.20.46413,>
2026-05-08,20:23:03.698930,IP,172.20.0.10.5002,>
2026-05-08,20:23:03.699197,IP,172.20.0.20.46413,>
2026-05-08,20:23:03.705542,IP,172.20.0.10.5002,>
2026-05-08,20:23:03.706087,IP,172.20.0.20.46413,>
2026-05-08,20:23:03.706253,IP,172.20.0.10.5002,>
2026-05-08,20:23:03.706326,IP,172.20.0.10.5002,>
2026-05-08,20:23:03.706576,IP,172.20.0.20.46413,>
2026-05-08,20:23:03.706637,IP,172.20.0.10.5002,>
2026-05-08,20:23:03.706843,IP,172.20.0.20.46413,>
2026-05-08,20:23:03.707155,IP,172.20.0.20.46413,>
2026-05-08,20:23:03.707356,IP,172.20.0.10.5002,>
2026-05-08,20:23:03.707442,IP,172.20.0.10.5002,>
2026-05-08,20:23:03.707642,IP,172.20.0.20.46413,>
2026-05-08,20:23:03.707910,IP,172.20.0.20.46413,>
2026-05-08,20:23:03.709349,IP,172.20.0.10.5002,>
2026-05-08,20:23:03.709714,IP,172.20.0.20.46413,>
2026-05-08,20:23:03.710057,IP,172.20.0.10.5002,>
2026-05-08,20:23:03.710408,IP,172.20.0.20.46413,>
2026-05-08,20:23:03.716983,IP,172.20.0.10.5002,>
2026-05-08,20:23:03.717361,IP,172.20.0.20.46413,>
2026-05-08,20:23:03.717455,IP,172.20.0.10.5002,>
2026-05-08,20:23:03.717571,IP,172.20.0.10.5002,>
2026-05-08,20:23:03.717578,IP,172.20.0.10.5002,>
2026-05-08,20:23:03.717960,IP,172.20.0.20.46413,>
2026-05-08,20:23:03.717988,IP,172.20.0.10.5002,>
2026-05-08,20:23:03.718077,IP,172.20.0.10.5002,>
2026-05-08,20:23:03.718233,IP,172.20.0.20.46413,>
2026-05-08,20:23:03.718510,IP,172.20.0.20.46413,>
2026-05-08,20:23:03.718776,IP,172.20.0.20.46413,>
2026-05-08,20:23:03.719039,IP,172.20.0.20.46413,>
2026-05-08,20:23:03.720145,IP,172.20.0.10.5002,>
2026-05-08,20:23:03.720608,IP,172.20.0.10.5002,>
2026-05-08,20:23:03.720621,IP,172.20.0.20.46413,>
2026-05-08,20:23:03.720938,IP,172.20.0.20.46413,>
2026-05-08,20:23:03.729108,IP,172.20.0.10.5002,>
2026-05-08,20:23:03.729192,IP,172.20.0.10.5002,>
2026-05-08,20:23:03.729271,IP,172.20.0.10.5002,>
2026-05-08,20:23:03.729395,IP,172.20.0.10.5002,>
2026-05-08,20:23:03.729518,IP,172.20.0.20.46413,>
2026-05-08,20:23:03.729615,IP,172.20.0.10.5002,>
2026-05-08,20:23:03.729771,IP,172.20.0.10.5002,>
2026-05-08,20:23:03.729857,IP,172.20.0.20.46413,>
2026-05-08,20:23:03.730621,IP,172.20.0.20.46413,>
2026-05-08,20:23:03.730870,IP,172.20.0.10.5002,>
2026-05-08,20:23:03.730946,IP,172.20.0.20.46413,>
2026-05-08,20:23:03.731105,IP,172.20.0.10.5002,>
2026-05-08,20:23:03.731226,IP,172.20.0.20.46413,>
2026-05-08,20:23:03.731461,IP,172.20.0.20.46413,>
2026-05-08,20:23:03.731706,IP,172.20.0.20.46413,>
2026-05-08,20:23:03.731960,IP,172.20.0.20.46413,>
2026-05-08,20:23:03.740816,IP,172.20.0.10.5002,>
2026-05-08,20:23:03.741153,IP,172.20.0.10.5002,>
2026-05-08,20:23:03.741216,IP,172.20.0.20.46413,>
2026-05-08,20:23:03.741328,IP,172.20.0.10.5002,>
2026-05-08,20:23:03.741451,IP,172.20.0.10.5002,>
2026-05-08,20:23:03.741541,IP,172.20.0.20.46413,>
2026-05-08,20:23:03.741779,IP,172.20.0.20.46413,>
2026-05-08,20:23:03.742166,IP,172.20.0.10.5002,>
2026-05-08,20:23:03.742191,IP,172.20.0.20.46413,>
2026-05-08,20:23:03.742272,IP,172.20.0.10.5002,>
2026-05-08,20:23:03.742556,IP,172.20.0.20.46413,>
2026-05-08,20:23:03.742765,IP,172.20.0.10.5002,>
2026-05-08,20:23:03.743097,IP,172.20.0.20.46413,>
2026-05-08,20:23:03.743333,IP,172.20.0.10.5002,>
2026-05-08,20:23:03.743391,IP,172.20.0.20.46413,>
2026-05-08,20:23:03.743664,IP,172.20.0.20.46413,>
2026-05-08,20:23:03.751711,IP,172.20.0.10.5002,>
2026-05-08,20:23:03.751811,IP,172.20.0.10.5002,>
2026-05-08,20:23:03.752114,IP,172.20.0.20.46413,>
2026-05-08,20:23:03.752387,IP,172.20.0.20.46413,>
2026-05-08,20:23:03.752459,IP,172.20.0.10.5002,>
2026-05-08,20:23:03.752851,IP,172.20.0.20.46413,>
2026-05-08,20:23:03.753620,IP,172.20.0.10.5002,>
2026-05-08,20:23:03.753886,IP,172.20.0.10.5002,>
2026-05-08,20:23:03.753893,IP,172.20.0.10.5002,>
2026-05-08,20:23:03.753895,IP,172.20.0.10.5002,>
2026-05-08,20:23:03.754117,IP,172.20.0.10.5002,>
2026-05-08,20:23:03.754138,IP,172.20.0.20.46413,>
2026-05-08,20:23:03.754401,IP,172.20.0.20.46413,>
2026-05-08,20:23:03.754653,IP,172.20.0.20.46413,>
2026-05-08,20:23:03.755009,IP,172.20.0.20.46413,>
2026-05-08,20:23:03.755254,IP,172.20.0.20.46413,>
2026-05-08,20:23:03.762443,IP,172.20.0.10.5002,>
2026-05-08,20:23:03.762613,IP,172.20.0.10.5002,>
2026-05-08,20:23:03.762958,IP,172.20.0.20.46413,>
2026-05-08,20:23:03.763099,IP,172.20.0.10.5002,>
2026-05-08,20:23:03.763648,IP,172.20.0.20.46413,>
2026-05-08,20:23:03.764212,IP,172.20.0.20.46413,>
2026-05-08,20:23:03.764336,IP,172.20.0.10.5002,>
2026-05-08,20:23:03.764756,IP,172.20.0.20.46413,>
2026-05-08,20:23:03.764902,IP,172.20.0.10.5002,>
2026-05-08,20:23:03.765212,IP,172.20.0.20.46413,>
2026-05-08,20:23:03.765649,IP,172.20.0.10.5002,>
2026-05-08,20:23:03.765829,IP,172.20.0.10.5002,>
2026-05-08,20:23:03.765841,IP,172.20.0.10.5002,>
2026-05-08,20:23:03.766544,IP,172.20.0.20.46413,>
2026-05-08,20:23:03.766551,IP,172.20.0.20.46413,>
2026-05-08,20:23:03.766816,IP,172.20.0.20.46413,>
2026-05-08,20:23:03.773285,IP,172.20.0.10.5002,>
2026-05-08,20:23:03.773834,IP,172.20.0.20.46413,>
2026-05-08,20:23:03.773900,IP,172.20.0.10.5002,>
2026-05-08,20:23:03.774231,IP,172.20.0.20.46413,>
2026-05-08,20:23:03.774379,IP,172.20.0.10.5002,>
2026-05-08,20:23:03.774949,IP,172.20.0.20.46413,>
2026-05-08,20:23:03.775100,IP,172.20.0.10.5002,>
2026-05-08,20:23:03.775692,IP,172.20.0.20.46413,>
2026-05-08,20:23:03.775869,IP,172.20.0.10.5002,>
2026-05-08,20:23:03.776264,IP,172.20.0.20.46413,>
2026-05-08,20:23:03.777476,IP,172.20.0.10.5002,>
2026-05-08,20:23:03.777549,IP,172.20.0.10.5002,>
2026-05-08,20:23:03.777898,IP,172.20.0.20.46413,>
2026-05-08,20:23:03.777943,IP,172.20.0.10.5002,>
2026-05-08,20:23:03.778723,IP,172.20.0.20.46413,>
2026-05-08,20:23:03.779420,IP,172.20.0.20.46413,>
2026-05-08,20:23:03.784220,IP,172.20.0.10.5002,>
2026-05-08,20:23:03.784406,IP,172.20.0.10.5002,>
2026-05-08,20:23:03.784599,IP,172.20.0.20.46413,>
2026-05-08,20:23:03.784882,IP,172.20.0.20.46413,>
2026-05-08,20:23:03.785438,IP,172.20.0.10.5002,>
2026-05-08,20:23:03.785924,IP,172.20.0.10.5002,>
2026-05-08,20:23:03.786080,IP,172.20.0.20.46413,>
2026-05-08,20:23:03.786566,IP,172.20.0.10.5002,>
2026-05-08,20:23:03.786597,IP,172.20.0.20.46413,>
2026-05-08,20:23:03.787458,IP,172.20.0.20.46413,>
2026-05-08,20:23:03.788096,IP,172.20.0.10.5002,>
2026-05-08,20:23:03.788378,IP,172.20.0.20.46413,>
2026-05-08,20:23:03.788927,IP,172.20.0.10.5002,>
2026-05-08,20:23:03.789308,IP,172.20.0.20.46413,>
2026-05-08,20:23:03.789618,IP,172.20.0.10.5002,>
2026-05-08,20:23:03.790016,IP,172.20.0.20.46413,>
2026-05-08,20:23:03.794925,IP,172.20.0.10.5002,>
2026-05-08,20:23:03.795057,IP,172.20.0.10.5002,>
2026-05-08,20:23:03.795322,IP,172.20.0.20.46413,>
2026-05-08,20:23:03.795657,IP,172.20.0.20.46413,>
2026-05-08,20:23:03.796303,IP,172.20.0.10.5002,>
2026-05-08,20:23:03.796625,IP,172.20.0.20.46413,>
2026-05-08,20:23:03.796779,IP,172.20.0.10.5002,>
2026-05-08,20:23:03.797103,IP,172.20.0.20.46413,>
2026-05-08,20:23:03.797734,IP,172.20.0.10.5002,>
2026-05-08,20:23:03.798096,IP,172.20.0.20.46413,>
2026-05-08,20:23:03.798583,IP,172.20.0.10.5002,>
2026-05-08,20:23:03.799115,IP,172.20.0.20.46413,>
2026-05-08,20:23:03.799627,IP,172.20.0.10.5002,>
2026-05-08,20:23:03.800117,IP,172.20.0.20.46413,>
2026-05-08,20:23:03.800206,IP,172.20.0.10.5002,>
2026-05-08,20:23:03.800556,IP,172.20.0.20.46413,>
2026-05-08,20:23:03.805735,IP,172.20.0.10.5002,>
2026-05-08,20:23:03.806131,IP,172.20.0.10.5002,>
2026-05-08,20:23:03.806165,IP,172.20.0.20.46413,>
2026-05-08,20:23:03.806446,IP,172.20.0.20.46413,>
2026-05-08,20:23:03.806911,IP,172.20.0.10.5002,>
2026-05-08,20:23:03.807224,IP,172.20.0.20.46413,>
2026-05-08,20:23:03.807266,IP,172.20.0.10.5002,>
2026-05-08,20:23:03.807686,IP,172.20.0.20.46413,>
2026-05-08,20:23:03.808569,IP,172.20.0.10.5002,>
2026-05-08,20:23:03.809031,IP,172.20.0.20.46413,>
2026-05-08,20:23:03.809287,IP,172.20.0.10.5002,>
2026-05-08,20:23:03.809631,IP,172.20.0.20.46413,>
2026-05-08,20:23:03.810336,IP,172.20.0.10.5002,>
2026-05-08,20:23:03.810667,IP,172.20.0.20.46413,>
2026-05-08,20:23:03.810766,IP,172.20.0.10.5002,>
2026-05-08,20:23:03.811104,IP,172.20.0.20.46413,>
2026-05-08,20:23:03.816473,IP,172.20.0.10.5002,>
2026-05-08,20:23:03.816654,IP,172.20.0.10.5002,>
2026-05-08,20:23:03.816926,IP,172.20.0.20.46413,>
2026-05-08,20:23:03.817303,IP,172.20.0.20.46413,>
2026-05-08,20:23:03.817491,IP,172.20.0.10.5002,>
2026-05-08,20:23:03.817960,IP,172.20.0.10.5002,>
2026-05-08,20:23:03.818056,IP,172.20.0.20.46413,>
2026-05-08,20:23:03.818330,IP,172.20.0.20.46413,>
2026-05-08,20:23:03.819322,IP,172.20.0.10.5002,>
2026-05-08,20:23:03.819666,IP,172.20.0.20.46413,>
2026-05-08,20:23:03.820451,IP,172.20.0.10.5002,>
2026-05-08,20:23:03.820815,IP,172.20.0.20.46413,>
2026-05-08,20:23:03.820898,IP,172.20.0.10.5002,>
2026-05-08,20:23:03.821227,IP,172.20.0.20.46413,>
2026-05-08,20:23:03.821336,IP,172.20.0.10.5002,>
2026-05-08,20:23:03.821663,IP,172.20.0.20.46413,>
2026-05-08,20:23:03.827210,IP,172.20.0.10.5002,>
2026-05-08,20:23:03.827469,IP,172.20.0.10.5002,>
2026-05-08,20:23:03.827595,IP,172.20.0.20.46413,>
2026-05-08,20:23:03.827874,IP,172.20.0.20.46413,>
2026-05-08,20:23:03.828646,IP,172.20.0.10.5002,>
2026-05-08,20:23:03.828722,IP,172.20.0.10.5002,>
2026-05-08,20:23:03.829937,IP,172.20.0.10.5002,>
2026-05-08,20:23:03.830494,IP,172.20.0.20.46413,>
2026-05-08,20:23:03.831096,IP,172.20.0.10.5002,>
2026-05-08,20:23:03.831551,IP,172.20.0.10.5002,>
2026-05-08,20:23:03.831856,IP,172.20.0.10.5002,>
2026-05-08,20:23:03.832759,IP,172.20.0.20.46413,>
2026-05-08,20:23:03.833150,IP,172.20.0.20.46413,>
2026-05-08,20:23:03.833478,IP,172.20.0.20.46413,>
2026-05-08,20:23:03.833782,IP,172.20.0.20.46413,>
2026-05-08,20:23:03.835099,IP,172.20.0.20.46413,>
2026-05-08,20:23:03.838136,IP,172.20.0.10.5002,>
2026-05-08,20:23:03.838229,IP,172.20.0.10.5002,>
2026-05-08,20:23:03.838521,IP,172.20.0.20.46413,>
2026-05-08,20:23:03.839240,IP,172.20.0.20.46413,>
2026-05-08,20:23:03.841042,IP,172.20.0.10.5002,>
2026-05-08,20:23:03.841369,IP,172.20.0.20.46413,>
2026-05-08,20:23:03.842968,IP,172.20.0.10.5002,>
2026-05-08,20:23:03.843282,IP,172.20.0.20.46413,>
2026-05-08,20:23:03.843376,IP,172.20.0.10.5002,>
2026-05-08,20:23:03.844152,IP,172.20.0.20.46413,>
2026-05-08,20:23:03.844783,IP,172.20.0.10.5002,>
2026-05-08,20:23:03.844894,IP,172.20.0.10.5002,>
2026-05-08,20:23:03.845126,IP,172.20.0.20.46413,>
2026-05-08,20:23:03.845310,IP,172.20.0.10.5002,>
2026-05-08,20:23:03.845709,IP,172.20.0.20.46413,>
2026-05-08,20:23:03.846784,IP,172.20.0.20.46413,>
2026-05-08,20:23:03.848857,IP,172.20.0.10.5002,>
2026-05-08,20:23:03.849333,IP,172.20.0.20.46413,>
2026-05-08,20:23:03.849604,IP,172.20.0.10.5002,>
2026-05-08,20:23:03.850895,IP,172.20.0.20.46413,>
2026-05-08,20:23:03.851511,IP,172.20.0.10.5002,>
2026-05-08,20:23:03.851980,IP,172.20.0.20.46413,>
2026-05-08,20:23:03.853560,IP,172.20.0.10.5002,>
2026-05-08,20:23:03.854161,IP,172.20.0.20.46413,>
2026-05-08,20:23:03.854449,IP,172.20.0.10.5002,>
2026-05-08,20:23:03.855330,IP,172.20.0.10.5002,>
2026-05-08,20:23:03.855372,IP,172.20.0.20.46413,>
2026-05-08,20:23:03.855772,IP,172.20.0.20.46413,>
2026-05-08,20:23:03.855972,IP,172.20.0.10.5002,>
2026-05-08,20:23:03.856993,IP,172.20.0.10.5002,>
2026-05-08,20:23:03.857310,IP,172.20.0.20.46413,>
2026-05-08,20:23:03.857761,IP,172.20.0.20.46413,>
2026-05-08,20:23:03.859632,IP,172.20.0.10.5002,>
2026-05-08,20:23:03.860132,IP,172.20.0.20.46413,>
2026-05-08,20:23:03.861161,IP,172.20.0.10.5002,>
2026-05-08,20:23:03.862155,IP,172.20.0.10.5002,>
2026-05-08,20:23:03.862464,IP,172.20.0.20.46413,>
2026-05-08,20:23:03.862893,IP,172.20.0.20.46413,>
2026-05-08,20:23:03.864337,IP,172.20.0.10.5002,>
2026-05-08,20:23:03.865343,IP,172.20.0.20.46413,>
2026-05-08,20:23:03.865716,IP,172.20.0.10.5002,>
2026-05-08,20:23:03.866064,IP,172.20.0.10.5002,>
2026-05-08,20:23:03.866316,IP,172.20.0.20.46413,>
2026-05-08,20:23:03.866701,IP,172.20.0.20.46413,>
2026-05-08,20:23:03.867497,IP,172.20.0.10.5002,>
2026-05-08,20:23:03.867954,IP,172.20.0.20.46413,>
2026-05-08,20:23:03.868036,IP,172.20.0.10.5002,>
2026-05-08,20:23:03.868361,IP,172.20.0.20.46413,>
2026-05-08,20:23:03.870432,IP,172.20.0.10.5002,>
2026-05-08,20:23:03.870988,IP,172.20.0.20.46413,>
2026-05-08,20:23:03.872729,IP,172.20.0.10.5002,>
2026-05-08,20:23:03.873053,IP,172.20.0.10.5002,>
2026-05-08,20:23:03.873170,IP,172.20.0.20.46413,>
2026-05-08,20:23:03.873440,IP,172.20.0.20.46413,>
2026-05-08,20:23:03.875544,IP,172.20.0.10.5002,>
2026-05-08,20:23:03.875863,IP,172.20.0.20.46413,>
2026-05-08,20:23:03.876608,IP,172.20.0.10.5002,>
2026-05-08,20:23:03.876924,IP,172.20.0.20.46413,>
2026-05-08,20:23:03.876958,IP,172.20.0.10.5002,>
2026-05-08,20:23:03.877187,IP,172.20.0.20.46413,>
2026-05-08,20:23:03.878452,IP,172.20.0.10.5002,>
2026-05-08,20:23:03.878779,IP,172.20.0.10.5002,>
2026-05-08,20:23:03.878835,IP,172.20.0.20.46413,>
2026-05-08,20:23:03.879106,IP,172.20.0.20.46413,>
2026-05-08,20:23:03.881221,IP,172.20.0.10.5002,>
2026-05-08,20:23:03.881578,IP,172.20.0.20.46413,>
2026-05-08,20:23:03.883437,IP,172.20.0.10.5002,>
2026-05-08,20:23:03.883688,IP,172.20.0.10.5002,>
2026-05-08,20:23:03.883845,IP,172.20.0.20.46413,>
2026-05-08,20:23:03.884282,IP,172.20.0.20.46413,>
2026-05-08,20:23:03.886094,IP,172.20.0.10.5002,>
2026-05-08,20:23:03.887080,IP,172.20.0.20.46413,>
2026-05-08,20:23:03.887263,IP,172.20.0.10.5002,>
2026-05-08,20:23:03.887465,IP,172.20.0.10.5002,>
2026-05-08,20:23:03.887965,IP,172.20.0.20.46413,>
2026-05-08,20:23:03.888325,IP,172.20.0.20.46413,>
2026-05-08,20:23:03.889127,IP,172.20.0.10.5002,>
2026-05-08,20:23:03.889360,IP,172.20.0.10.5002,>
2026-05-08,20:23:03.889530,IP,172.20.0.20.46413,>
2026-05-08,20:23:03.890010,IP,172.20.0.20.46413,>
2026-05-08,20:23:03.892012,IP,172.20.0.10.5002,>
2026-05-08,20:23:03.892381,IP,172.20.0.20.46413,>
2026-05-08,20:23:03.894084,IP,172.20.0.10.5002,>
2026-05-08,20:23:03.894519,IP,172.20.0.20.46413,>
2026-05-08,20:23:03.894525,IP,172.20.0.10.5002,>
2026-05-08,20:23:03.894937,IP,172.20.0.20.46413,>
2026-05-08,20:23:03.900271,IP,172.20.0.10.5002,>
2026-05-08,20:23:03.900426,IP,172.20.0.10.5002,>
2026-05-08,20:23:03.900558,IP,172.20.0.10.5002,>
2026-05-08,20:23:03.900672,IP,172.20.0.10.5002,>
2026-05-08,20:23:03.900815,IP,172.20.0.10.5002,>
2026-05-08,20:23:03.901049,IP,172.20.0.20.46413,>
2026-05-08,20:23:03.901577,IP,172.20.0.20.46413,>
2026-05-08,20:23:03.902163,IP,172.20.0.20.46413,>
2026-05-08,20:23:03.902481,IP,172.20.0.20.46413,>
2026-05-08,20:23:03.902745,IP,172.20.0.10.5002,>
2026-05-08,20:23:03.902933,IP,172.20.0.20.46413,>
2026-05-08,20:23:03.903700,IP,172.20.0.20.46413,>
2026-05-08,20:23:03.904761,IP,172.20.0.10.5002,>
2026-05-08,20:23:03.905157,IP,172.20.0.10.5002,>
2026-05-08,20:23:03.905176,IP,172.20.0.20.46413,>
2026-05-08,20:23:03.905497,IP,172.20.0.20.46413,>
2026-05-08,20:23:03.911259,IP,172.20.0.10.5002,>
2026-05-08,20:23:03.911699,IP,172.20.0.20.46413,>
2026-05-08,20:23:03.911887,IP,172.20.0.10.5002,>
2026-05-08,20:23:03.912283,IP,172.20.0.20.46413,>
2026-05-08,20:23:03.912375,IP,172.20.0.10.5002,>
2026-05-08,20:23:03.912730,IP,172.20.0.20.46413,>
2026-05-08,20:23:03.912774,IP,172.20.0.10.5002,>
2026-05-08,20:23:03.913142,IP,172.20.0.10.5002,>
2026-05-08,20:23:03.913246,IP,172.20.0.20.46413,>
2026-05-08,20:23:03.913522,IP,172.20.0.20.46413,>
2026-05-08,20:23:03.913964,IP,172.20.0.10.5002,>
2026-05-08,20:23:03.914270,IP,172.20.0.20.46413,>
2026-05-08,20:23:03.915398,IP,172.20.0.10.5002,>
2026-05-08,20:23:03.915665,IP,172.20.0.10.5002,>
2026-05-08,20:23:03.915760,IP,172.20.0.20.46413,>
2026-05-08,20:23:03.916070,IP,172.20.0.20.46413,>
2026-05-08,20:23:03.921913,IP,172.20.0.10.5002,>
2026-05-08,20:23:03.922259,IP,172.20.0.20.46413,>
2026-05-08,20:23:03.922602,IP,172.20.0.10.5002,>
2026-05-08,20:23:03.922934,IP,172.20.0.10.5002,>
2026-05-08,20:23:03.923022,IP,172.20.0.20.46413,>
2026-05-08,20:23:03.923276,IP,172.20.0.20.46413,>
2026-05-08,20:23:03.923401,IP,172.20.0.10.5002,>
2026-05-08,20:23:03.923675,IP,172.20.0.10.5002,>
2026-05-08,20:23:03.924492,IP,172.20.0.10.5002,>
2026-05-08,20:23:03.924969,IP,172.20.0.20.46413,>
2026-05-08,20:23:03.925221,IP,172.20.0.20.46413,>
2026-05-08,20:23:03.925488,IP,172.20.0.20.46413,>
2026-05-08,20:23:03.925969,IP,172.20.0.10.5002,>
2026-05-08,20:23:03.926228,IP,172.20.0.10.5002,>
2026-05-08,20:23:03.926599,IP,172.20.0.20.46413,>
2026-05-08,20:23:03.926976,IP,172.20.0.20.46413,>
2026-05-08,20:23:03.932476,IP,172.20.0.10.5002,>
2026-05-08,20:23:03.932851,IP,172.20.0.20.46413,>
2026-05-08,20:23:03.933679,IP,172.20.0.10.5002,>
2026-05-08,20:23:03.933766,IP,172.20.0.10.5002,>
2026-05-08,20:23:03.934107,IP,172.20.0.20.46413,>
2026-05-08,20:23:03.934443,IP,172.20.0.20.46413,>
2026-05-08,20:23:03.935190,IP,172.20.0.10.5002,>
2026-05-08,20:23:03.935358,IP,172.20.0.10.5002,>
2026-05-08,20:23:03.935521,IP,172.20.0.20.46413,>
2026-05-08,20:23:03.935778,IP,172.20.0.20.46413,>
2026-05-08,20:23:03.936072,IP,172.20.0.10.5002,>
2026-05-08,20:23:03.936405,IP,172.20.0.20.46413,>
2026-05-08,20:23:03.936820,IP,172.20.0.10.5002,>
2026-05-08,20:23:03.937193,IP,172.20.0.20.46413,>
2026-05-08,20:23:03.938025,IP,172.20.0.10.5002,>
2026-05-08,20:23:03.938423,IP,172.20.0.20.46413,>
2026-05-08,20:23:03.943073,IP,172.20.0.10.5002,>
2026-05-08,20:23:03.943485,IP,172.20.0.20.46413,>
2026-05-08,20:23:03.944398,IP,172.20.0.10.5002,>
2026-05-08,20:23:03.944622,IP,172.20.0.10.5002,>
2026-05-08,20:23:03.944825,IP,172.20.0.20.46413,>
2026-05-08,20:23:03.945216,IP,172.20.0.20.46413,>
2026-05-08,20:23:03.945707,IP,172.20.0.10.5002,>
2026-05-08,20:23:03.945945,IP,172.20.0.10.5002,>
2026-05-08,20:23:03.946149,IP,172.20.0.20.46413,>
2026-05-08,20:23:03.946555,IP,172.20.0.20.46413,>
2026-05-08,20:23:03.946642,IP,172.20.0.10.5002,>
2026-05-08,20:23:03.947021,IP,172.20.0.20.46413,>
2026-05-08,20:23:03.947525,IP,172.20.0.10.5002,>
2026-05-08,20:23:03.947875,IP,172.20.0.20.46413,>
2026-05-08,20:23:03.948625,IP,172.20.0.10.5002,>
2026-05-08,20:23:03.949021,IP,172.20.0.20.46413,>
2026-05-08,20:23:03.953755,IP,172.20.0.10.5002,>
2026-05-08,20:23:03.954187,IP,172.20.0.20.46413,>
2026-05-08,20:23:03.955188,IP,172.20.0.10.5002,>
2026-05-08,20:23:03.955450,IP,172.20.0.10.5002,>
2026-05-08,20:23:03.955594,IP,172.20.0.20.46413,>
2026-05-08,20:23:03.955895,IP,172.20.0.20.46413,>
2026-05-08,20:23:03.956301,IP,172.20.0.10.5002,>
2026-05-08,20:23:03.956695,IP,172.20.0.10.5002,>
2026-05-08,20:23:03.956866,IP,172.20.0.20.46413,>
2026-05-08,20:23:03.957148,IP,172.20.0.20.46413,>
2026-05-08,20:23:03.957287,IP,172.20.0.10.5002,>
2026-05-08,20:23:03.957598,IP,172.20.0.20.46413,>
2026-05-08,20:23:03.958084,IP,172.20.0.10.5002,>
2026-05-08,20:23:03.958426,IP,172.20.0.20.46413,>
2026-05-08,20:23:03.959281,IP,172.20.0.10.5002,>
2026-05-08,20:23:03.959600,IP,172.20.0.20.46413,>
2026-05-08,20:23:03.964501,IP,172.20.0.10.5002,>
2026-05-08,20:23:03.965005,IP,172.20.0.20.46413,>
2026-05-08,20:23:03.965896,IP,172.20.0.10.5002,>
2026-05-08,20:23:03.966050,IP,172.20.0.10.5002,>
2026-05-08,20:23:03.966336,IP,172.20.0.20.46413,>
2026-05-08,20:23:03.966669,IP,172.20.0.20.46413,>
2026-05-08,20:23:03.967043,IP,172.20.0.10.5002,>
2026-05-08,20:23:03.967332,IP,172.20.0.10.5002,>
2026-05-08,20:23:03.967411,IP,172.20.0.20.46413,>
2026-05-08,20:23:03.967682,IP,172.20.0.20.46413,>
2026-05-08,20:23:03.967844,IP,172.20.0.10.5002,>
2026-05-08,20:23:03.968180,IP,172.20.0.20.46413,>
2026-05-08,20:23:03.968840,IP,172.20.0.10.5002,>
2026-05-08,20:23:03.969181,IP,172.20.0.20.46413,>
2026-05-08,20:23:03.969775,IP,172.20.0.10.5002,>
2026-05-08,20:23:03.970189,IP,172.20.0.20.46413,>
2026-05-08,20:23:03.975256,IP,172.20.0.10.5002,>
2026-05-08,20:23:03.975624,IP,172.20.0.20.46413,>
2026-05-08,20:23:03.976584,IP,172.20.0.10.5002,>
2026-05-08,20:23:03.976819,IP,172.20.0.10.5002,>
2026-05-08,20:23:03.976936,IP,172.20.0.20.46413,>
2026-05-08,20:23:03.977186,IP,172.20.0.20.46413,>
2026-05-08,20:23:03.977585,IP,172.20.0.10.5002,>
2026-05-08,20:23:03.978013,IP,172.20.0.10.5002,>
2026-05-08,20:23:03.978032,IP,172.20.0.20.46413,>
2026-05-08,20:23:03.978327,IP,172.20.0.20.46413,>
2026-05-08,20:23:03.978447,IP,172.20.0.10.5002,>
2026-05-08,20:23:03.978962,IP,172.20.0.20.46413,>
2026-05-08,20:23:03.979366,IP,172.20.0.10.5002,>
2026-05-08,20:23:03.979655,IP,172.20.0.20.46413,>
2026-05-08,20:23:03.980672,IP,172.20.0.10.5002,>
2026-05-08,20:23:03.981067,IP,172.20.0.20.46413,>
2026-05-08,20:23:03.985829,IP,172.20.0.10.5002,>
2026-05-08,20:23:03.986197,IP,172.20.0.20.46413,>
2026-05-08,20:23:03.987234,IP,172.20.0.10.5002,>
2026-05-08,20:23:03.987358,IP,172.20.0.10.5002,>
2026-05-08,20:23:03.987627,IP,172.20.0.20.46413,>
2026-05-08,20:23:03.987958,IP,172.20.0.20.46413,>
2026-05-08,20:23:03.988241,IP,172.20.0.10.5002,>
2026-05-08,20:23:03.988483,IP,172.20.0.10.5002,>
2026-05-08,20:23:03.988569,IP,172.20.0.20.46413,>
2026-05-08,20:23:03.988897,IP,172.20.0.20.46413,>
2026-05-08,20:23:03.989249,IP,172.20.0.10.5002,>
2026-05-08,20:23:03.989610,IP,172.20.0.20.46413,>
2026-05-08,20:23:03.989930,IP,172.20.0.10.5002,>
2026-05-08,20:23:03.990278,IP,172.20.0.20.46413,>
2026-05-08,20:23:03.991272,IP,172.20.0.10.5002,>
2026-05-08,20:23:03.991977,IP,172.20.0.20.46413,>
2026-05-08,20:23:03.996442,IP,172.20.0.10.5002,>
2026-05-08,20:23:03.996838,IP,172.20.0.20.46413,>
2026-05-08,20:23:03.997975,IP,172.20.0.10.5002,>
2026-05-08,20:23:03.998384,IP,172.20.0.20.46413,>
2026-05-08,20:23:03.998682,IP,172.20.0.10.5002,>
2026-05-08,20:23:03.998858,IP,172.20.0.10.5002,>
2026-05-08,20:23:03.999053,IP,172.20.0.10.5002,>
2026-05-08,20:23:03.999069,IP,172.20.0.20.46413,>
2026-05-08,20:23:03.999381,IP,172.20.0.20.46413,>
2026-05-08,20:23:03.999644,IP,172.20.0.20.46413,>
2026-05-08,20:23:04.000141,IP,172.20.0.10.5002,>
2026-05-08,20:23:04.000503,IP,172.20.0.20.46413,>
2026-05-08,20:23:04.000872,IP,172.20.0.10.5002,>
2026-05-08,20:23:04.001296,IP,172.20.0.20.46413,>
2026-05-08,20:23:04.002184,IP,172.20.0.10.5002,>
2026-05-08,20:23:04.002554,IP,172.20.0.20.46413,>
2026-05-08,20:23:04.007062,IP,172.20.0.10.5002,>
2026-05-08,20:23:04.007447,IP,172.20.0.20.46413,>
2026-05-08,20:23:04.008825,IP,172.20.0.10.5002,>
2026-05-08,20:23:04.009187,IP,172.20.0.20.46413,>
2026-05-08,20:23:04.009247,IP,172.20.0.10.5002,>
2026-05-08,20:23:04.009567,IP,172.20.0.20.46413,>
2026-05-08,20:23:04.009592,IP,172.20.0.10.5002,>
2026-05-08,20:23:04.009852,IP,172.20.0.10.5002,>
2026-05-08,20:23:04.010003,IP,172.20.0.20.46413,>
2026-05-08,20:23:04.010246,IP,172.20.0.20.46413,>
2026-05-08,20:23:04.010755,IP,172.20.0.10.5002,>
2026-05-08,20:23:04.011147,IP,172.20.0.20.46413,>
2026-05-08,20:23:04.011540,IP,172.20.0.10.5002,>
2026-05-08,20:23:04.012130,IP,172.20.0.20.46413,>
2026-05-08,20:23:04.012752,IP,172.20.0.10.5002,>
2026-05-08,20:23:04.013118,IP,172.20.0.20.46413,>
2026-05-08,20:23:04.017647,IP,172.20.0.10.5002,>
2026-05-08,20:23:04.018136,IP,172.20.0.20.46413,>
2026-05-08,20:23:04.019615,IP,172.20.0.10.5002,>
2026-05-08,20:23:04.019937,IP,172.20.0.10.5002,>
2026-05-08,20:23:04.020089,IP,172.20.0.20.46413,>
2026-05-08,20:23:04.020345,IP,172.20.0.20.46413,>
2026-05-08,20:23:04.020555,IP,172.20.0.10.5002,>
2026-05-08,20:23:04.020653,IP,172.20.0.10.5002,>
2026-05-08,20:23:04.021043,IP,172.20.0.20.46413,>
2026-05-08,20:23:04.021314,IP,172.20.0.20.46413,>
2026-05-08,20:23:04.021358,IP,172.20.0.10.5002,>
2026-05-08,20:23:04.021789,IP,172.20.0.20.46413,>
2026-05-08,20:23:04.022365,IP,172.20.0.10.5002,>
2026-05-08,20:23:04.022668,IP,172.20.0.20.46413,>
2026-05-08,20:23:04.023305,IP,172.20.0.10.5002,>
2026-05-08,20:23:04.023606,IP,172.20.0.20.46413,>
2026-05-08,20:23:04.028407,IP,172.20.0.10.5002,>
2026-05-08,20:23:04.028830,IP,172.20.0.20.46413,>
2026-05-08,20:23:04.030394,IP,172.20.0.10.5002,>
2026-05-08,20:23:04.030471,IP,172.20.0.10.5002,>
2026-05-08,20:23:04.030752,IP,172.20.0.20.46413,>
2026-05-08,20:23:04.031048,IP,172.20.0.20.46413,>
2026-05-08,20:23:04.031320,IP,172.20.0.10.5002,>
2026-05-08,20:23:04.031459,IP,172.20.0.10.5002,>
2026-05-08,20:23:04.031645,IP,172.20.0.20.46413,>
2026-05-08,20:23:04.031931,IP,172.20.0.20.46413,>
2026-05-08,20:23:04.032330,IP,172.20.0.10.5002,>
2026-05-08,20:23:04.032677,IP,172.20.0.20.46413,>
2026-05-08,20:23:04.033569,IP,172.20.0.10.5002,>
2026-05-08,20:23:04.034016,IP,172.20.0.20.46413,>
2026-05-08,20:23:04.034175,IP,172.20.0.10.5002,>
2026-05-08,20:23:04.034523,IP,172.20.0.20.46413,>
2026-05-08,20:23:04.039045,IP,172.20.0.10.5002,>
2026-05-08,20:23:04.039448,IP,172.20.0.20.46413,>
2026-05-08,20:23:04.041075,IP,172.20.0.10.5002,>
2026-05-08,20:23:04.041214,IP,172.20.0.10.5002,>
2026-05-08,20:23:04.041534,IP,172.20.0.20.46413,>
2026-05-08,20:23:04.041839,IP,172.20.0.20.46413,>
2026-05-08,20:23:04.042350,IP,172.20.0.10.5002,>
2026-05-08,20:23:04.042607,IP,172.20.0.10.5002,>
2026-05-08,20:23:04.042873,IP,172.20.0.20.46413,>
2026-05-08,20:23:04.042930,IP,172.20.0.10.5002,>
2026-05-08,20:23:04.043232,IP,172.20.0.20.46413,>
2026-05-08,20:23:04.043543,IP,172.20.0.20.46413,>
2026-05-08,20:23:04.044226,IP,172.20.0.10.5002,>
2026-05-08,20:23:04.044712,IP,172.20.0.20.46413,>
2026-05-08,20:23:04.044785,IP,172.20.0.10.5002,>
2026-05-08,20:23:04.045174,IP,172.20.0.20.46413,>
2026-05-08,20:23:04.049708,IP,172.20.0.10.5002,>
2026-05-08,20:23:04.050170,IP,172.20.0.20.46413,>
2026-05-08,20:23:04.052120,IP,172.20.0.10.5002,>
2026-05-08,20:23:04.052268,IP,172.20.0.10.5002,>
2026-05-08,20:23:04.052782,IP,172.20.0.20.46413,>
2026-05-08,20:23:04.053073,IP,172.20.0.20.46413,>
2026-05-08,20:23:04.053102,IP,172.20.0.10.5002,>
2026-05-08,20:23:04.053417,IP,172.20.0.20.46413,>
2026-05-08,20:23:04.053431,IP,172.20.0.10.5002,>
2026-05-08,20:23:04.053891,IP,172.20.0.10.5002,>
2026-05-08,20:23:04.053977,IP,172.20.0.20.46413,>
2026-05-08,20:23:04.054285,IP,172.20.0.20.46413,>
2026-05-08,20:23:04.055020,IP,172.20.0.10.5002,>
2026-05-08,20:23:04.055373,IP,172.20.0.20.46413,>
2026-05-08,20:23:04.055472,IP,172.20.0.10.5002,>
2026-05-08,20:23:04.055759,IP,172.20.0.20.46413,>
2026-05-08,20:23:04.060362,IP,172.20.0.10.5002,>
2026-05-08,20:23:04.060778,IP,172.20.0.20.46413,>
2026-05-08,20:23:04.063089,IP,172.20.0.10.5002,>
2026-05-08,20:23:04.063265,IP,172.20.0.10.5002,>
2026-05-08,20:23:04.063507,IP,172.20.0.20.46413,>
2026-05-08,20:23:04.063628,IP,172.20.0.10.5002,>
2026-05-08,20:23:04.063848,IP,172.20.0.20.46413,>
2026-05-08,20:23:04.064251,IP,172.20.0.20.46413,>
2026-05-08,20:23:04.064292,IP,172.20.0.10.5002,>
2026-05-08,20:23:04.064547,IP,172.20.0.10.5002,>
2026-05-08,20:23:04.064656,IP,172.20.0.20.46413,>
2026-05-08,20:23:04.064942,IP,172.20.0.20.46413,>
2026-05-08,20:23:04.065545,IP,172.20.0.10.5002,>
2026-05-08,20:23:04.065960,IP,172.20.0.10.5002,>
2026-05-08,20:23:04.066248,IP,172.20.0.20.46413,>
2026-05-08,20:23:04.066650,IP,172.20.0.20.46413,>
2026-05-08,20:23:04.071054,IP,172.20.0.10.5002,>
2026-05-08,20:23:04.071535,IP,172.20.0.20.46413,>
2026-05-08,20:23:04.073861,IP,172.20.0.10.5002,>
2026-05-08,20:23:04.074037,IP,172.20.0.10.5002,>
2026-05-08,20:23:04.074261,IP,172.20.0.20.46413,>
2026-05-08,20:23:04.074432,IP,172.20.0.10.5002,>
2026-05-08,20:23:04.074615,IP,172.20.0.20.46413,>
2026-05-08,20:23:04.074877,IP,172.20.0.10.5002,>
2026-05-08,20:23:04.075062,IP,172.20.0.20.46413,>
2026-05-08,20:23:04.075440,IP,172.20.0.20.46413,>
2026-05-08,20:23:04.075556,IP,172.20.0.10.5002,>
2026-05-08,20:23:04.076038,IP,172.20.0.20.46413,>
2026-05-08,20:23:04.076522,IP,172.20.0.10.5002,>
2026-05-08,20:23:04.076881,IP,172.20.0.10.5002,>
2026-05-08,20:23:04.076922,IP,172.20.0.20.46413,>
2026-05-08,20:23:04.077206,IP,172.20.0.20.46413,>
2026-05-08,20:23:04.082075,IP,172.20.0.10.5002,>
2026-05-08,20:23:04.082474,IP,172.20.0.20.46413,>
2026-05-08,20:23:04.084685,IP,172.20.0.10.5002,>
2026-05-08,20:23:04.084764,IP,172.20.0.10.5002,>
2026-05-08,20:23:04.085103,IP,172.20.0.20.46413,>
2026-05-08,20:23:04.085375,IP,172.20.0.10.5002,>
2026-05-08,20:23:04.085400,IP,172.20.0.20.46413,>
2026-05-08,20:23:04.085682,IP,172.20.0.20.46413,>
2026-05-08,20:23:04.085753,IP,172.20.0.10.5002,>
2026-05-08,20:23:04.086125,IP,172.20.0.20.46413,>
2026-05-08,20:23:04.086322,IP,172.20.0.10.5002,>
2026-05-08,20:23:04.086663,IP,172.20.0.20.46413,>
2026-05-08,20:23:04.087181,IP,172.20.0.10.5002,>
2026-05-08,20:23:04.087393,IP,172.20.0.10.5002,>
2026-05-08,20:23:04.087771,IP,172.20.0.20.46413,>
2026-05-08,20:23:04.088237,IP,172.20.0.20.46413,>
2026-05-08,20:23:04.092689,IP,172.20.0.10.5002,>
2026-05-08,20:23:04.093094,IP,172.20.0.20.46413,>
2026-05-08,20:23:04.095524,IP,172.20.0.10.5002,>
2026-05-08,20:23:04.095602,IP,172.20.0.10.5002,>
2026-05-08,20:23:04.095972,IP,172.20.0.20.46413,>
2026-05-08,20:23:04.095999,IP,172.20.0.10.5002,>
2026-05-08,20:23:04.096314,IP,172.20.0.10.5002,>
2026-05-08,20:23:04.096375,IP,172.20.0.20.46413,>
2026-05-08,20:23:04.096716,IP,172.20.0.20.46413,>
2026-05-08,20:23:04.097022,IP,172.20.0.10.5002,>
2026-05-08,20:23:04.097065,IP,172.20.0.20.46413,>
2026-05-08,20:23:04.097395,IP,172.20.0.20.46413,>
2026-05-08,20:23:04.097951,IP,172.20.0.10.5002,>
2026-05-08,20:23:04.098374,IP,172.20.0.20.46413,>
2026-05-08,20:23:04.098470,IP,172.20.0.10.5002,>
2026-05-08,20:23:04.098973,IP,172.20.0.20.46413,>
2026-05-08,20:23:04.103315,IP,172.20.0.10.5002,>
2026-05-08,20:23:04.103728,IP,172.20.0.20.46413,>
2026-05-08,20:23:04.106298,IP,172.20.0.10.5002,>
2026-05-08,20:23:04.106557,IP,172.20.0.10.5002,>
2026-05-08,20:23:04.106707,IP,172.20.0.20.46413,>
2026-05-08,20:23:04.106951,IP,172.20.0.10.5002,>
2026-05-08,20:23:04.107184,IP,172.20.0.20.46413,>
2026-05-08,20:23:04.107250,IP,172.20.0.10.5002,>
2026-05-08,20:23:04.107577,IP,172.20.0.20.46413,>
2026-05-08,20:23:04.107987,IP,172.20.0.20.46413,>
2026-05-08,20:23:04.108052,IP,172.20.0.10.5002,>
2026-05-08,20:23:04.108517,IP,172.20.0.20.46413,>
2026-05-08,20:23:04.108770,IP,172.20.0.10.5002,>
2026-05-08,20:23:04.109223,IP,172.20.0.10.5002,>
2026-05-08,20:23:04.109227,IP,172.20.0.20.46413,>
2026-05-08,20:23:04.109584,IP,172.20.0.20.46413,>
2026-05-08,20:23:04.114067,IP,172.20.0.10.5002,>
2026-05-08,20:23:04.114569,IP,172.20.0.20.46413,>
2026-05-08,20:23:04.117177,IP,172.20.0.10.5002,>
2026-05-08,20:23:04.117422,IP,172.20.0.10.5002,>
2026-05-08,20:23:04.117584,IP,172.20.0.20.46413,>
2026-05-08,20:23:04.118085,IP,172.20.0.20.46413,>
2026-05-08,20:23:04.118356,IP,172.20.0.10.5002,>
2026-05-08,20:23:04.118495,IP,172.20.0.10.5002,>
2026-05-08,20:23:04.118830,IP,172.20.0.20.46413,>
2026-05-08,20:23:04.119269,IP,172.20.0.10.5002,>
2026-05-08,20:23:04.119363,IP,172.20.0.20.46413,>
2026-05-08,20:23:04.119417,IP,172.20.0.10.5002,>
2026-05-08,20:23:04.119766,IP,172.20.0.20.46413,>
2026-05-08,20:23:04.119856,IP,172.20.0.10.5002,>
2026-05-08,20:23:04.120204,IP,172.20.0.20.46413,>
2026-05-08,20:23:04.120746,IP,172.20.0.20.46413,>
2026-05-08,20:23:04.124812,IP,172.20.0.10.5002,>
2026-05-08,20:23:04.125171,IP,172.20.0.20.46413,>
2026-05-08,20:23:04.127910,IP,172.20.0.10.5002,>
2026-05-08,20:23:04.128260,IP,172.20.0.10.5002,>
2026-05-08,20:23:04.128286,IP,172.20.0.20.46413,>
2026-05-08,20:23:04.128555,IP,172.20.0.20.46413,>
2026-05-08,20:23:04.129026,IP,172.20.0.10.5002,>
2026-05-08,20:23:04.129398,IP,172.20.0.20.46413,>
2026-05-08,20:23:04.129556,IP,172.20.0.10.5002,>
2026-05-08,20:23:04.129902,IP,172.20.0.20.46413,>
2026-05-08,20:23:04.130087,IP,172.20.0.10.5002,>
2026-05-08,20:23:04.130402,IP,172.20.0.20.46413,>
2026-05-08,20:23:04.130411,IP,172.20.0.10.5002,>
2026-05-08,20:23:04.130990,IP,172.20.0.10.5002,>
2026-05-08,20:23:04.131546,IP,172.20.0.20.46413,>
2026-05-08,20:23:04.131832,IP,172.20.0.20.46413,>
2026-05-08,20:23:04.135377,IP,172.20.0.10.5002,>
2026-05-08,20:23:04.135773,IP,172.20.0.20.46413,>
2026-05-08,20:23:04.138594,IP,172.20.0.10.5002,>
2026-05-08,20:23:04.138749,IP,172.20.0.10.5002,>
2026-05-08,20:23:04.139024,IP,172.20.0.20.46413,>
2026-05-08,20:23:04.139320,IP,172.20.0.20.46413,>
2026-05-08,20:23:04.139661,IP,172.20.0.10.5002,>
2026-05-08,20:23:04.140112,IP,172.20.0.10.5002,>
2026-05-08,20:23:04.140116,IP,172.20.0.20.46413,>
2026-05-08,20:23:04.140417,IP,172.20.0.20.46413,>
2026-05-08,20:23:04.140923,IP,172.20.0.10.5002,>
2026-05-08,20:23:04.141410,IP,172.20.0.20.46413,>
2026-05-08,20:23:04.141747,IP,172.20.0.10.5002,>
2026-05-08,20:23:04.142026,IP,172.20.0.10.5002,>
2026-05-08,20:23:04.142180,IP,172.20.0.20.46413,>
2026-05-08,20:23:04.142433,IP,172.20.0.20.46413,>
2026-05-08,20:23:04.146016,IP,172.20.0.10.5002,>
2026-05-08,20:23:04.146415,IP,172.20.0.20.46413,>
2026-05-08,20:23:04.149440,IP,172.20.0.10.5002,>
2026-05-08,20:23:04.149514,IP,172.20.0.10.5002,>
2026-05-08,20:23:04.149938,IP,172.20.0.20.46413,>
2026-05-08,20:23:04.150290,IP,172.20.0.20.46413,>
2026-05-08,20:23:04.150347,IP,172.20.0.10.5002,>
2026-05-08,20:23:04.150613,IP,172.20.0.10.5002,>
2026-05-08,20:23:04.150883,IP,172.20.0.20.46413,>
2026-05-08,20:23:04.151173,IP,172.20.0.20.46413,>
2026-05-08,20:23:04.151698,IP,172.20.0.10.5002,>
2026-05-08,20:23:04.152192,IP,172.20.0.20.46413,>
2026-05-08,20:23:04.152401,IP,172.20.0.10.5002,>
2026-05-08,20:23:04.152633,IP,172.20.0.10.5002,>
2026-05-08,20:23:04.153041,IP,172.20.0.20.46413,>
2026-05-08,20:23:04.153385,IP,172.20.0.20.46413,>
2026-05-08,20:23:04.156703,IP,172.20.0.10.5002,>
2026-05-08,20:23:04.157478,IP,172.20.0.20.46413,>
2026-05-08,20:23:04.160277,IP,172.20.0.10.5002,>
2026-05-08,20:23:04.160521,IP,172.20.0.10.5002,>
2026-05-08,20:23:04.160639,IP,172.20.0.20.46413,>
2026-05-08,20:23:04.160946,IP,172.20.0.20.46413,>
2026-05-08,20:23:04.161118,IP,172.20.0.10.5002,>
2026-05-08,20:23:04.161316,IP,172.20.0.10.5002,>
2026-05-08,20:23:04.161533,IP,172.20.0.20.46413,>
2026-05-08,20:23:04.161896,IP,172.20.0.20.46413,>
2026-05-08,20:23:04.162453,IP,172.20.0.10.5002,>
2026-05-08,20:23:04.162835,IP,172.20.0.20.46413,>
2026-05-08,20:23:04.163508,IP,172.20.0.10.5002,>
2026-05-08,20:23:04.163515,IP,172.20.0.10.5002,>
2026-05-08,20:23:04.163935,IP,172.20.0.20.46413,>
2026-05-08,20:23:04.164371,IP,172.20.0.20.46413,>
2026-05-08,20:23:04.167668,IP,172.20.0.10.5002,>
2026-05-08,20:23:04.168037,IP,172.20.0.20.46413,>
2026-05-08,20:23:04.170994,IP,172.20.0.10.5002,>
2026-05-08,20:23:04.171068,IP,172.20.0.10.5002,>
2026-05-08,20:23:04.171393,IP,172.20.0.20.46413,>
2026-05-08,20:23:04.171664,IP,172.20.0.20.46413,>
2026-05-08,20:23:04.171845,IP,172.20.0.10.5002,>
2026-05-08,20:23:04.172134,IP,172.20.0.10.5002,>
2026-05-08,20:23:04.172248,IP,172.20.0.20.46413,>
2026-05-08,20:23:04.172487,IP,172.20.0.20.46413,>
2026-05-08,20:23:04.173162,IP,172.20.0.10.5002,>
2026-05-08,20:23:04.173566,IP,172.20.0.20.46413,>
2026-05-08,20:23:04.174081,IP,172.20.0.10.5002,>
2026-05-08,20:23:04.174399,IP,172.20.0.20.46413,>
2026-05-08,20:23:04.174617,IP,172.20.0.10.5002,>
2026-05-08,20:23:04.175004,IP,172.20.0.20.46413,>
2026-05-08,20:23:04.178246,IP,172.20.0.10.5002,>
2026-05-08,20:23:04.178656,IP,172.20.0.20.46413,>
2026-05-08,20:23:04.181782,IP,172.20.0.10.5002,>
2026-05-08,20:23:04.182239,IP,172.20.0.10.5002,>
2026-05-08,20:23:04.182223,IP,172.20.0.20.46413,>
2026-05-08,20:23:04.182495,IP,172.20.0.10.5002,>
2026-05-08,20:23:04.182525,IP,172.20.0.20.46413,>
2026-05-08,20:23:04.182611,IP,172.20.0.10.5002,>
2026-05-08,20:23:04.182760,IP,172.20.0.20.46413,>
2026-05-08,20:23:04.183145,IP,172.20.0.20.46413,>
2026-05-08,20:23:04.183868,IP,172.20.0.10.5002,>
2026-05-08,20:23:04.184245,IP,172.20.0.20.46413,>
2026-05-08,20:23:04.184572,IP,172.20.0.10.5002,>
2026-05-08,20:23:04.184941,IP,172.20.0.20.46413,>
2026-05-08,20:23:04.185313,IP,172.20.0.10.5002,>
2026-05-08,20:23:04.185688,IP,172.20.0.20.46413,>
2026-05-08,20:23:04.188879,IP,172.20.0.10.5002,>
2026-05-08,20:23:04.189243,IP,172.20.0.20.46413,>
2026-05-08,20:23:04.192556,IP,172.20.0.10.5002,>
2026-05-08,20:23:04.192641,IP,172.20.0.10.5002,>
2026-05-08,20:23:04.192944,IP,172.20.0.10.5002,>
2026-05-08,20:23:04.192962,IP,172.20.0.20.46413,>
2026-05-08,20:23:04.193237,IP,172.20.0.20.46413,>
2026-05-08,20:23:04.193450,IP,172.20.0.10.5002,>
2026-05-08,20:23:04.194084,IP,172.20.0.20.46413,>
2026-05-08,20:23:04.194480,IP,172.20.0.20.46413,>
2026-05-08,20:23:04.194600,IP,172.20.0.10.5002,>
2026-05-08,20:23:04.195067,IP,172.20.0.20.46413,>
2026-05-08,20:23:04.195140,IP,172.20.0.10.5002,>
2026-05-08,20:23:04.195590,IP,172.20.0.20.46413,>
2026-05-08,20:23:04.195978,IP,172.20.0.10.5002,>
2026-05-08,20:23:04.196367,IP,172.20.0.20.46413,>
2026-05-08,20:23:04.199702,IP,172.20.0.10.5002,>
2026-05-08,20:23:04.200096,IP,172.20.0.20.46413,>
2026-05-08,20:23:04.203185,IP,172.20.0.10.5002,>
2026-05-08,20:23:04.203375,IP,172.20.0.10.5002,>
2026-05-08,20:23:04.203562,IP,172.20.0.20.46413,>
2026-05-08,20:23:04.203850,IP,172.20.0.20.46413,>
2026-05-08,20:23:04.204415,IP,172.20.0.10.5002,>
2026-05-08,20:23:04.204750,IP,172.20.0.10.5002,>
2026-05-08,20:23:04.204962,IP,172.20.0.20.46413,>
2026-05-08,20:23:04.205265,IP,172.20.0.20.46413,>
2026-05-08,20:23:04.205341,IP,172.20.0.10.5002,>
2026-05-08,20:23:04.206014,IP,172.20.0.10.5002,>
2026-05-08,20:23:04.206159,IP,172.20.0.20.46413,>
2026-05-08,20:23:04.206448,IP,172.20.0.20.46413,>
2026-05-08,20:23:04.206533,IP,172.20.0.10.5002,>
2026-05-08,20:23:04.207065,IP,172.20.0.20.46413,>
2026-05-08,20:23:04.210302,IP,172.20.0.10.5002,>
2026-05-08,20:23:04.210639,IP,172.20.0.20.46413,>
2026-05-08,20:23:04.213894,IP,172.20.0.10.5002,>
2026-05-08,20:23:04.214018,IP,172.20.0.10.5002,>
2026-05-08,20:23:04.214300,IP,172.20.0.20.46413,>
2026-05-08,20:23:04.214582,IP,172.20.0.20.46413,>
2026-05-08,20:23:04.215207,IP,172.20.0.10.5002,>
2026-05-08,20:23:04.215465,IP,172.20.0.10.5002,>
2026-05-08,20:23:04.215637,IP,172.20.0.20.46413,>
2026-05-08,20:23:04.215947,IP,172.20.0.20.46413,>
2026-05-08,20:23:04.216401,IP,172.20.0.10.5002,>
2026-05-08,20:23:04.216631,IP,172.20.0.10.5002,>
2026-05-08,20:23:04.216874,IP,172.20.0.20.46413,>
2026-05-08,20:23:04.217239,IP,172.20.0.20.46413,>
2026-05-08,20:23:04.217303,IP,172.20.0.10.5002,>
2026-05-08,20:23:04.218042,IP,172.20.0.20.46413,>
2026-05-08,20:23:04.220843,IP,172.20.0.10.5002,>
2026-05-08,20:23:04.221318,IP,172.20.0.20.46413,>
2026-05-08,20:23:04.224567,IP,172.20.0.10.5002,>
2026-05-08,20:23:04.224768,IP,172.20.0.10.5002,>
2026-05-08,20:23:04.225046,IP,172.20.0.20.46413,>
2026-05-08,20:23:04.225333,IP,172.20.0.20.46413,>
2026-05-08,20:23:04.225921,IP,172.20.0.10.5002,>
2026-05-08,20:23:04.226134,IP,172.20.0.10.5002,>
2026-05-08,20:23:04.226307,IP,172.20.0.20.46413,>
2026-05-08,20:23:04.226621,IP,172.20.0.20.46413,>
2026-05-08,20:23:04.227199,IP,172.20.0.10.5002,>
2026-05-08,20:23:04.227416,IP,172.20.0.10.5002,>
2026-05-08,20:23:04.227537,IP,172.20.0.20.46413,>
2026-05-08,20:23:04.227741,IP,172.20.0.20.46413,>
2026-05-08,20:23:04.228315,IP,172.20.0.10.5002,>
2026-05-08,20:23:04.228692,IP,172.20.0.20.46413,>
2026-05-08,20:23:04.231561,IP,172.20.0.10.5002,>
2026-05-08,20:23:04.231973,IP,172.20.0.20.46413,>
2026-05-08,20:23:04.235364,IP,172.20.0.10.5002,>
2026-05-08,20:23:04.235477,IP,172.20.0.10.5002,>
2026-05-08,20:23:04.235753,IP,172.20.0.20.46413,>
2026-05-08,20:23:04.236054,IP,172.20.0.20.46413,>
2026-05-08,20:23:04.236462,IP,172.20.0.10.5002,>
2026-05-08,20:23:04.236752,IP,172.20.0.10.5002,>
2026-05-08,20:23:04.236869,IP,172.20.0.20.46413,>
2026-05-08,20:23:04.237039,IP,172.20.0.20.46413,>
2026-05-08,20:23:04.237869,IP,172.20.0.10.5002,>
2026-05-08,20:23:04.237953,IP,172.20.0.10.5002,>
2026-05-08,20:23:04.238114,IP,172.20.0.20.46413,>
2026-05-08,20:23:04.238294,IP,172.20.0.20.46413,>
2026-05-08,20:23:04.238965,IP,172.20.0.10.5002,>
2026-05-08,20:23:04.239308,IP,172.20.0.20.46413,>
2026-05-08,20:23:04.242175,IP,172.20.0.10.5002,>
2026-05-08,20:23:04.242552,IP,172.20.0.20.46413,>
2026-05-08,20:23:04.246097,IP,172.20.0.10.5002,>
2026-05-08,20:23:04.246181,IP,172.20.0.10.5002,>
2026-05-08,20:23:04.246505,IP,172.20.0.20.46413,>
2026-05-08,20:23:04.246756,IP,172.20.0.20.46413,>
2026-05-08,20:23:04.247102,IP,172.20.0.10.5002,>
2026-05-08,20:23:04.247165,IP,172.20.0.10.5002,>
2026-05-08,20:23:04.247439,IP,172.20.0.20.46413,>
2026-05-08,20:23:04.247710,IP,172.20.0.20.46413,>
2026-05-08,20:23:04.248383,IP,172.20.0.10.5002,>
2026-05-08,20:23:04.248458,IP,172.20.0.10.5002,>
2026-05-08,20:23:04.248748,IP,172.20.0.20.46413,>
2026-05-08,20:23:04.249020,IP,172.20.0.20.46413,>
2026-05-08,20:23:04.249492,IP,172.20.0.10.5002,>
2026-05-08,20:23:04.249833,IP,172.20.0.20.46413,>
2026-05-08,20:23:04.252789,IP,172.20.0.10.5002,>
2026-05-08,20:23:04.253134,IP,172.20.0.20.46413,>
2026-05-08,20:23:04.256802,IP,172.20.0.10.5002,>
2026-05-08,20:23:04.256993,IP,172.20.0.10.5002,>
2026-05-08,20:23:04.257220,IP,172.20.0.20.46413,>
2026-05-08,20:23:04.257666,IP,172.20.0.20.46413,>
2026-05-08,20:23:04.257907,IP,172.20.0.10.5002,>
2026-05-08,20:23:04.258065,IP,172.20.0.10.5002,>
2026-05-08,20:23:04.258210,IP,172.20.0.20.46413,>
2026-05-08,20:23:04.258472,IP,172.20.0.20.46413,>
2026-05-08,20:23:04.259162,IP,172.20.0.10.5002,>
2026-05-08,20:23:04.259257,IP,172.20.0.10.5002,>
2026-05-08,20:23:04.259546,IP,172.20.0.20.46413,>
2026-05-08,20:23:04.259848,IP,172.20.0.20.46413,>
2026-05-08,20:23:04.260074,IP,172.20.0.10.5002,>
2026-05-08,20:23:04.260319,IP,172.20.0.20.46413,>
2026-05-08,20:23:04.263430,IP,172.20.0.10.5002,>
2026-05-08,20:23:04.263704,IP,172.20.0.20.46413,>
2026-05-08,20:23:04.267672,IP,172.20.0.10.5002,>
2026-05-08,20:23:04.267845,IP,172.20.0.10.5002,>
2026-05-08,20:23:04.267983,IP,172.20.0.20.46413,>
2026-05-08,20:23:04.268154,IP,172.20.0.20.46413,>
2026-05-08,20:23:04.268461,IP,172.20.0.10.5002,>
2026-05-08,20:23:04.268612,IP,172.20.0.10.5002,>
2026-05-08,20:23:04.269029,IP,172.20.0.20.46413,>
2026-05-08,20:23:04.269315,IP,172.20.0.20.46413,>
2026-05-08,20:23:04.269855,IP,172.20.0.10.5002,>
2026-05-08,20:23:04.270132,IP,172.20.0.10.5002,>
2026-05-08,20:23:04.270219,IP,172.20.0.20.46413,>
2026-05-08,20:23:04.270401,IP,172.20.0.20.46413,>
2026-05-08,20:23:04.270663,IP,172.20.0.10.5002,>
2026-05-08,20:23:04.271026,IP,172.20.0.20.46413,>
2026-05-08,20:23:04.273922,IP,172.20.0.10.5002,>
2026-05-08,20:23:04.274361,IP,172.20.0.20.46413,>
2026-05-08,20:23:04.278294,IP,172.20.0.10.5002,>
2026-05-08,20:23:04.278378,IP,172.20.0.10.5002,>
2026-05-08,20:23:04.278735,IP,172.20.0.20.46413,>
2026-05-08,20:23:04.279045,IP,172.20.0.20.46413,>
2026-05-08,20:23:04.279624,IP,172.20.0.10.5002,>
2026-05-08,20:23:04.279701,IP,172.20.0.10.5002,>
2026-05-08,20:23:04.279997,IP,172.20.0.20.46413,>
2026-05-08,20:23:04.280254,IP,172.20.0.20.46413,>
2026-05-08,20:23:04.280705,IP,172.20.0.10.5002,>
2026-05-08,20:23:04.280890,IP,172.20.0.10.5002,>
2026-05-08,20:23:04.281041,IP,172.20.0.20.46413,>
2026-05-08,20:23:04.281175,IP,172.20.0.10.5002,>
2026-05-08,20:23:04.281567,IP,172.20.0.20.46413,>
2026-05-08,20:23:04.281856,IP,172.20.0.20.46413,>
2026-05-08,20:23:04.284533,IP,172.20.0.10.5002,>
2026-05-08,20:23:04.284966,IP,172.20.0.20.46413,>
2026-05-08,20:23:04.289166,IP,172.20.0.10.5002,>
2026-05-08,20:23:04.289178,IP,172.20.0.10.5002,>
2026-05-08,20:23:04.289555,IP,172.20.0.20.46413,>
2026-05-08,20:23:04.289859,IP,172.20.0.20.46413,>
2026-05-08,20:23:04.290166,IP,172.20.0.10.5002,>
2026-05-08,20:23:04.290496,IP,172.20.0.20.46413,>
2026-05-08,20:23:04.290540,IP,172.20.0.10.5002,>
2026-05-08,20:23:04.290881,IP,172.20.0.20.46413,>
2026-05-08,20:23:04.291413,IP,172.20.0.10.5002,>
2026-05-08,20:23:04.291717,IP,172.20.0.20.46413,>
2026-05-08,20:23:04.291721,IP,172.20.0.10.5002,>
2026-05-08,20:23:04.291987,IP,172.20.0.20.46413,>
2026-05-08,20:23:04.292052,IP,172.20.0.10.5002,>
2026-05-08,20:23:04.293391,IP,172.20.0.20.46413,>
2026-05-08,20:23:04.295222,IP,172.20.0.10.5002,>
2026-05-08,20:23:04.295630,IP,172.20.0.20.46413,>
2026-05-08,20:23:04.300026,IP,172.20.0.10.5002,>
2026-05-08,20:23:04.300119,IP,172.20.0.10.5002,>
2026-05-08,20:23:04.300430,IP,172.20.0.20.46413,>
2026-05-08,20:23:04.300837,IP,172.20.0.20.46413,>
2026-05-08,20:23:04.300880,IP,172.20.0.10.5002,>
2026-05-08,20:23:04.301068,IP,172.20.0.10.5002,>
2026-05-08,20:23:04.301402,IP,172.20.0.20.46413,>
2026-05-08,20:23:04.301912,IP,172.20.0.20.46413,>
2026-05-08,20:23:04.302035,IP,172.20.0.10.5002,>
2026-05-08,20:23:04.302158,IP,172.20.0.10.5002,>
2026-05-08,20:23:04.302742,IP,172.20.0.20.46413,>
2026-05-08,20:23:04.303171,IP,172.20.0.20.46413,>
2026-05-08,20:23:04.303520,IP,172.20.0.10.5002,>
2026-05-08,20:23:04.304007,IP,172.20.0.20.46413,>
2026-05-08,20:23:04.305809,IP,172.20.0.10.5002,>
2026-05-08,20:23:04.306183,IP,172.20.0.20.46413,>
2026-05-08,20:23:04.310741,IP,172.20.0.10.5002,>
2026-05-08,20:23:04.311159,IP,172.20.0.20.46413,>
2026-05-08,20:23:04.311204,IP,172.20.0.10.5002,>
2026-05-08,20:23:04.311817,IP,172.20.0.10.5002,>
2026-05-08,20:23:04.311831,IP,172.20.0.20.46413,>
2026-05-08,20:23:04.312069,IP,172.20.0.10.5002,>
2026-05-08,20:23:04.312092,IP,172.20.0.20.46413,>
2026-05-08,20:23:04.312304,IP,172.20.0.20.46413,>
2026-05-08,20:23:04.313088,IP,172.20.0.10.5002,>
2026-05-08,20:23:04.313426,IP,172.20.0.10.5002,>
2026-05-08,20:23:04.313506,IP,172.20.0.20.46413,>
2026-05-08,20:23:04.313887,IP,172.20.0.20.46413,>
2026-05-08,20:23:04.314328,IP,172.20.0.10.5002,>
2026-05-08,20:23:04.314721,IP,172.20.0.20.46413,>
2026-05-08,20:23:04.316428,IP,172.20.0.10.5002,>
2026-05-08,20:23:04.316863,IP,172.20.0.20.46413,>
2026-05-08,20:23:04.321555,IP,172.20.0.10.5002,>
2026-05-08,20:23:04.322106,IP,172.20.0.20.46413,>
2026-05-08,20:23:04.322202,IP,172.20.0.10.5002,>
2026-05-08,20:23:04.322347,IP,172.20.0.10.5002,>
2026-05-08,20:23:04.322485,IP,172.20.0.10.5002,>
2026-05-08,20:23:04.322660,IP,172.20.0.20.46413,>
2026-05-08,20:23:04.323038,IP,172.20.0.20.46413,>
2026-05-08,20:23:04.323276,IP,172.20.0.20.46413,>
2026-05-08,20:23:04.323814,IP,172.20.0.10.5002,>
2026-05-08,20:23:04.324067,IP,172.20.0.10.5002,>
2026-05-08,20:23:04.324120,IP,172.20.0.20.46413,>
2026-05-08,20:23:04.324370,IP,172.20.0.20.46413,>
2026-05-08,20:23:04.324936,IP,172.20.0.10.5002,>
2026-05-08,20:23:04.325394,IP,172.20.0.20.46413,>
2026-05-08,20:23:04.327267,IP,172.20.0.10.5002,>
2026-05-08,20:23:04.327604,IP,172.20.0.20.46413,>
2026-05-08,20:23:04.332439,IP,172.20.0.10.5002,>
2026-05-08,20:23:04.332850,IP,172.20.0.20.46413,>
2026-05-08,20:23:04.333026,IP,172.20.0.10.5002,>
2026-05-08,20:23:04.333182,IP,172.20.0.10.5002,>
2026-05-08,20:23:04.333358,IP,172.20.0.20.46413,>
2026-05-08,20:23:04.333540,IP,172.20.0.10.5002,>
2026-05-08,20:23:04.333687,IP,172.20.0.20.46413,>
2026-05-08,20:23:04.334045,IP,172.20.0.20.46413,>
2026-05-08,20:23:04.334448,IP,172.20.0.10.5002,>
2026-05-08,20:23:04.334524,IP,172.20.0.10.5002,>
2026-05-08,20:23:04.334826,IP,172.20.0.20.46413,>
2026-05-08,20:23:04.335097,IP,172.20.0.20.46413,>
2026-05-08,20:23:04.335585,IP,172.20.0.10.5002,>
2026-05-08,20:23:04.336006,IP,172.20.0.20.46413,>
2026-05-08,20:23:04.337827,IP,172.20.0.10.5002,>
2026-05-08,20:23:04.338197,IP,172.20.0.20.46413,>
2026-05-08,20:23:04.343321,IP,172.20.0.10.5002,>
2026-05-08,20:23:04.343695,IP,172.20.0.20.46413,>
2026-05-08,20:23:04.343873,IP,172.20.0.10.5002,>
2026-05-08,20:23:04.344020,IP,172.20.0.10.5002,>
2026-05-08,20:23:04.344211,IP,172.20.0.10.5002,>
2026-05-08,20:23:04.344212,IP,172.20.0.20.46413,>
2026-05-08,20:23:04.344468,IP,172.20.0.20.46413,>
2026-05-08,20:23:04.344699,IP,172.20.0.20.46413,>
2026-05-08,20:23:04.345101,IP,172.20.0.10.5002,>
2026-05-08,20:23:04.345302,IP,172.20.0.10.5002,>
2026-05-08,20:23:04.345413,IP,172.20.0.20.46413,>
2026-05-08,20:23:04.345780,IP,172.20.0.20.46413,>
2026-05-08,20:23:04.346209,IP,172.20.0.10.5002,>
2026-05-08,20:23:04.346556,IP,172.20.0.20.46413,>
2026-05-08,20:23:04.348425,IP,172.20.0.10.5002,>
2026-05-08,20:23:04.348887,IP,172.20.0.20.46413,>
2026-05-08,20:23:04.354030,IP,172.20.0.10.5002,>
2026-05-08,20:23:04.354426,IP,172.20.0.20.46413,>
2026-05-08,20:23:04.354454,IP,172.20.0.10.5002,>
2026-05-08,20:23:04.354854,IP,172.20.0.10.5002,>
2026-05-08,20:23:04.354963,IP,172.20.0.10.5002,>
2026-05-08,20:23:04.355221,IP,172.20.0.20.46413,>
2026-05-08,20:23:04.355478,IP,172.20.0.20.46413,>
2026-05-08,20:23:04.355650,IP,172.20.0.10.5002,>
2026-05-08,20:23:04.355762,IP,172.20.0.20.46413,>
2026-05-08,20:23:04.356082,IP,172.20.0.20.46413,>
2026-05-08,20:23:04.356275,IP,172.20.0.10.5002,>
2026-05-08,20:23:04.356699,IP,172.20.0.20.46413,>
2026-05-08,20:23:04.356926,IP,172.20.0.10.5002,>
2026-05-08,20:23:04.357441,IP,172.20.0.20.46413,>
2026-05-08,20:23:04.359081,IP,172.20.0.10.5002,>
2026-05-08,20:23:04.359529,IP,172.20.0.20.46413,>
2026-05-08,20:23:04.364830,IP,172.20.0.10.5002,>
2026-05-08,20:23:04.365166,IP,172.20.0.20.46413,>
2026-05-08,20:23:04.365413,IP,172.20.0.10.5002,>
2026-05-08,20:23:04.365682,IP,172.20.0.10.5002,>
2026-05-08,20:23:04.365763,IP,172.20.0.20.46413,>
2026-05-08,20:23:04.366104,IP,172.20.0.20.46413,>
2026-05-08,20:23:04.366671,IP,172.20.0.10.5002,>
2026-05-08,20:23:04.366942,IP,172.20.0.10.5002,>
2026-05-08,20:23:04.367029,IP,172.20.0.20.46413,>
2026-05-08,20:23:04.367052,IP,172.20.0.10.5002,>
2026-05-08,20:23:04.367288,IP,172.20.0.20.46413,>
2026-05-08,20:23:04.367528,IP,172.20.0.20.46413,>
2026-05-08,20:23:04.367755,IP,172.20.0.10.5002,>
2026-05-08,20:23:04.368253,IP,172.20.0.20.46413,>
2026-05-08,20:23:04.369740,IP,172.20.0.10.5002,>
2026-05-08,20:23:04.370107,IP,172.20.0.20.46413,>
2026-05-08,20:23:04.375471,IP,172.20.0.10.5002,>
2026-05-08,20:23:04.375870,IP,172.20.0.20.46413,>
2026-05-08,20:23:04.376091,IP,172.20.0.10.5002,>
2026-05-08,20:23:04.376314,IP,172.20.0.10.5002,>
2026-05-08,20:23:04.376490,IP,172.20.0.20.46413,>
2026-05-08,20:23:04.376750,IP,172.20.0.20.46413,>
2026-05-08,20:23:04.377204,IP,172.20.0.10.5002,>
2026-05-08,20:23:04.377576,IP,172.20.0.20.46413,>
2026-05-08,20:23:04.377659,IP,172.20.0.10.5002,>
2026-05-08,20:23:04.377676,IP,172.20.0.10.5002,>
2026-05-08,20:23:04.378093,IP,172.20.0.20.46413,>
2026-05-08,20:23:04.378313,IP,172.20.0.20.46413,>
2026-05-08,20:23:04.378502,IP,172.20.0.10.5002,>
2026-05-08,20:23:04.378820,IP,172.20.0.20.46413,>
2026-05-08,20:23:04.380292,IP,172.20.0.10.5002,>
2026-05-08,20:23:04.380698,IP,172.20.0.20.46413,>
2026-05-08,20:23:04.386161,IP,172.20.0.10.5002,>
2026-05-08,20:23:04.386591,IP,172.20.0.20.46413,>
2026-05-08,20:23:04.386761,IP,172.20.0.10.5002,>
2026-05-08,20:23:04.386888,IP,172.20.0.10.5002,>
2026-05-08,20:23:04.387495,IP,172.20.0.20.46413,>
2026-05-08,20:23:04.387785,IP,172.20.0.20.46413,>
2026-05-08,20:23:04.387837,IP,172.20.0.10.5002,>
2026-05-08,20:23:04.388112,IP,172.20.0.20.46413,>
2026-05-08,20:23:04.388438,IP,172.20.0.10.5002,>
2026-05-08,20:23:04.388555,IP,172.20.0.10.5002,>
2026-05-08,20:23:04.388982,IP,172.20.0.20.46413,>
2026-05-08,20:23:04.389012,IP,172.20.0.10.5002,>
2026-05-08,20:23:04.389266,IP,172.20.0.20.46413,>
2026-05-08,20:23:04.389645,IP,172.20.0.20.46413,>
2026-05-08,20:23:04.390997,IP,172.20.0.10.5002,>
2026-05-08,20:23:04.391366,IP,172.20.0.20.46413,>
2026-05-08,20:23:04.396967,IP,172.20.0.10.5002,>
2026-05-08,20:23:04.397439,IP,172.20.0.20.46413,>
2026-05-08,20:23:04.397726,IP,172.20.0.10.5002,>
2026-05-08,20:23:04.398051,IP,172.20.0.10.5002,>
2026-05-08,20:23:04.398149,IP,172.20.0.20.46413,>
2026-05-08,20:23:04.398400,IP,172.20.0.10.5002,>
2026-05-08,20:23:04.398413,IP,172.20.0.20.46413,>
2026-05-08,20:23:04.398633,IP,172.20.0.20.46413,>
2026-05-08,20:23:04.400129,IP,172.20.0.10.5002,>
2026-05-08,20:23:04.400207,IP,172.20.0.10.5002,>
2026-05-08,20:23:04.400247,IP,172.20.0.10.5002,>
2026-05-08,20:23:04.400583,IP,172.20.0.20.46413,>
2026-05-08,20:23:04.400891,IP,172.20.0.20.46413,>
2026-05-08,20:23:04.401193,IP,172.20.0.20.46413,>
2026-05-08,20:23:04.401547,IP,172.20.0.10.5002,>
2026-05-08,20:23:04.402100,IP,172.20.0.20.46413,>
2026-05-08,20:23:04.407751,IP,172.20.0.10.5002,>
2026-05-08,20:23:04.408187,IP,172.20.0.20.46413,>
2026-05-08,20:23:04.408529,IP,172.20.0.10.5002,>
2026-05-08,20:23:04.408612,IP,172.20.0.10.5002,>
2026-05-08,20:23:04.408913,IP,172.20.0.10.5002,>
2026-05-08,20:23:04.408933,IP,172.20.0.20.46413,>
2026-05-08,20:23:04.409208,IP,172.20.0.20.46413,>
2026-05-08,20:23:04.409448,IP,172.20.0.20.46413,>
2026-05-08,20:23:04.410904,IP,172.20.0.10.5002,>
2026-05-08,20:23:04.411077,IP,172.20.0.10.5002,>
2026-05-08,20:23:04.411223,IP,172.20.0.20.46413,>
2026-05-08,20:23:04.411404,IP,172.20.0.10.5002,>
2026-05-08,20:23:04.411480,IP,172.20.0.20.46413,>
2026-05-08,20:23:04.411702,IP,172.20.0.20.46413,>
2026-05-08,20:23:04.412345,IP,172.20.0.10.5002,>
2026-05-08,20:23:04.412656,IP,172.20.0.20.46413,>
2026-05-08,20:23:04.418507,IP,172.20.0.10.5002,>
2026-05-08,20:23:04.418991,IP,172.20.0.20.46413,>
2026-05-08,20:23:04.419132,IP,172.20.0.10.5002,>
2026-05-08,20:23:04.419450,IP,172.20.0.10.5002,>
2026-05-08,20:23:04.419586,IP,172.20.0.20.46413,>
2026-05-08,20:23:04.419855,IP,172.20.0.10.5002,>
2026-05-08,20:23:04.419915,IP,172.20.0.20.46413,>
2026-05-08,20:23:04.420189,IP,172.20.0.20.46413,>
2026-05-08,20:23:04.421594,IP,172.20.0.10.5002,>
2026-05-08,20:23:04.421670,IP,172.20.0.10.5002,>
2026-05-08,20:23:04.422094,IP,172.20.0.20.46413,>
2026-05-08,20:23:04.422364,IP,172.20.0.10.5002,>
2026-05-08,20:23:04.422395,IP,172.20.0.20.46413,>
2026-05-08,20:23:04.422783,IP,172.20.0.20.46413,>
2026-05-08,20:23:04.422894,IP,172.20.0.10.5002,>
2026-05-08,20:23:04.423257,IP,172.20.0.20.46413,>
2026-05-08,20:23:04.429413,IP,172.20.0.10.5002,>
2026-05-08,20:23:04.429812,IP,172.20.0.10.5002,>
2026-05-08,20:23:04.429915,IP,172.20.0.20.46413,>
2026-05-08,20:23:04.430096,IP,172.20.0.10.5002,>
2026-05-08,20:23:04.430278,IP,172.20.0.20.46413,>
2026-05-08,20:23:04.430441,IP,172.20.0.10.5002,>
2026-05-08,20:23:04.430615,IP,172.20.0.20.46413,>
2026-05-08,20:23:04.430953,IP,172.20.0.20.46413,>
2026-05-08,20:23:04.432391,IP,172.20.0.10.5002,>
2026-05-08,20:23:04.432629,IP,172.20.0.10.5002,>
2026-05-08,20:23:04.432736,IP,172.20.0.20.46413,>
2026-05-08,20:23:04.433004,IP,172.20.0.10.5002,>
2026-05-08,20:23:04.433311,IP,172.20.0.20.46413,>
2026-05-08,20:23:04.433414,IP,172.20.0.10.5002,>
2026-05-08,20:23:04.433686,IP,172.20.0.20.46413,>
2026-05-08,20:23:04.434031,IP,172.20.0.20.46413,>
2026-05-08,20:23:04.440284,IP,172.20.0.10.5002,>
2026-05-08,20:23:04.440474,IP,172.20.0.10.5002,>
2026-05-08,20:23:04.440637,IP,172.20.0.20.46413,>
2026-05-08,20:23:04.440861,IP,172.20.0.10.5002,>
2026-05-08,20:23:04.440968,IP,172.20.0.20.46413,>
2026-05-08,20:23:04.441429,IP,172.20.0.20.46413,>
2026-05-08,20:23:04.441560,IP,172.20.0.10.5002,>
2026-05-08,20:23:04.442085,IP,172.20.0.20.46413,>
2026-05-08,20:23:04.443039,IP,172.20.0.10.5002,>
2026-05-08,20:23:04.443354,IP,172.20.0.20.46413,>
2026-05-08,20:23:04.443874,IP,172.20.0.10.5002,>
2026-05-08,20:23:04.443994,IP,172.20.0.10.5002,>
2026-05-08,20:23:04.444176,IP,172.20.0.20.46413,>
2026-05-08,20:23:04.444319,IP,172.20.0.10.5002,>
2026-05-08,20:23:04.444745,IP,172.20.0.20.46413,>
2026-05-08,20:23:04.445514,IP,172.20.0.20.46413,>
2026-05-08,20:23:04.450977,IP,172.20.0.10.5002,>
2026-05-08,20:23:04.451215,IP,172.20.0.10.5002,>
2026-05-08,20:23:04.451397,IP,172.20.0.20.46413,>
2026-05-08,20:23:04.451685,IP,172.20.0.20.46413,>
2026-05-08,20:23:04.452102,IP,172.20.0.10.5002,>
2026-05-08,20:23:04.452448,IP,172.20.0.20.46413,>
2026-05-08,20:23:04.452455,IP,172.20.0.10.5002,>
2026-05-08,20:23:04.452698,IP,172.20.0.20.46413,>
2026-05-08,20:23:04.453649,IP,172.20.0.10.5002,>
2026-05-08,20:23:04.454177,IP,172.20.0.20.46413,>
2026-05-08,20:23:04.454384,IP,172.20.0.10.5002,>
2026-05-08,20:23:04.454718,IP,172.20.0.20.46413,>
2026-05-08,20:23:04.454976,IP,172.20.0.10.5002,>
2026-05-08,20:23:04.455384,IP,172.20.0.20.46413,>
2026-05-08,20:23:04.455704,IP,172.20.0.10.5002,>
2026-05-08,20:23:04.456102,IP,172.20.0.20.46413,>
2026-05-08,20:23:04.461760,IP,172.20.0.10.5002,>
2026-05-08,20:23:04.461868,IP,172.20.0.10.5002,>
2026-05-08,20:23:04.462282,IP,172.20.0.20.46413,>
2026-05-08,20:23:04.462627,IP,172.20.0.20.46413,>
2026-05-08,20:23:04.462642,IP,172.20.0.10.5002,>
2026-05-08,20:23:04.462905,IP,172.20.0.10.5002,>
2026-05-08,20:23:04.462916,IP,172.20.0.20.46413,>
2026-05-08,20:23:04.463133,IP,172.20.0.20.46413,>
2026-05-08,20:23:04.464448,IP,172.20.0.10.5002,>
2026-05-08,20:23:04.464772,IP,172.20.0.20.46413,>
2026-05-08,20:23:04.465087,IP,172.20.0.10.5002,>
2026-05-08,20:23:04.465468,IP,172.20.0.20.46413,>
2026-05-08,20:23:04.465609,IP,172.20.0.10.5002,>
2026-05-08,20:23:04.466113,IP,172.20.0.20.46413,>
2026-05-08,20:23:04.466289,IP,172.20.0.10.5002,>
2026-05-08,20:23:04.466649,IP,172.20.0.20.46413,>
2026-05-08,20:23:04.472699,IP,172.20.0.10.5002,>
2026-05-08,20:23:04.473113,IP,172.20.0.20.46413,>
2026-05-08,20:23:04.473129,IP,172.20.0.10.5002,>
2026-05-08,20:23:04.473200,IP,172.20.0.10.5002,>
2026-05-08,20:23:04.473274,IP,172.20.0.10.5002,>
2026-05-08,20:23:04.473565,IP,172.20.0.20.46413,>
2026-05-08,20:23:04.474052,IP,172.20.0.20.46413,>
2026-05-08,20:23:04.474334,IP,172.20.0.20.46413,>
2026-05-08,20:23:04.475139,IP,172.20.0.10.5002,>
2026-05-08,20:23:04.475541,IP,172.20.0.20.46413,>
2026-05-08,20:23:04.475682,IP,172.20.0.10.5002,>
2026-05-08,20:23:04.476039,IP,172.20.0.20.46413,>
2026-05-08,20:23:04.476324,IP,172.20.0.10.5002,>
2026-05-08,20:23:04.476938,IP,172.20.0.10.5002,>
2026-05-08,20:23:04.477217,IP,172.20.0.20.46413,>
2026-05-08,20:23:04.477988,IP,172.20.0.20.46413,>
2026-05-08,20:23:04.483521,IP,172.20.0.10.5002,>
2026-05-08,20:23:04.483948,IP,172.20.0.20.46413,>
2026-05-08,20:23:04.484056,IP,172.20.0.10.5002,>
2026-05-08,20:23:04.484265,IP,172.20.0.10.5002,>
2026-05-08,20:23:04.484380,IP,172.20.0.20.46413,>
2026-05-08,20:23:04.484522,IP,172.20.0.10.5002,>
2026-05-08,20:23:04.484646,IP,172.20.0.20.46413,>
2026-05-08,20:23:04.485121,IP,172.20.0.20.46413,>
2026-05-08,20:23:04.485899,IP,172.20.0.10.5002,>
2026-05-08,20:23:04.486211,IP,172.20.0.10.5002,>
2026-05-08,20:23:04.486332,IP,172.20.0.20.46413,>
2026-05-08,20:23:04.486586,IP,172.20.0.20.46413,>
2026-05-08,20:23:04.487454,IP,172.20.0.10.5002,>
2026-05-08,20:23:04.487744,IP,172.20.0.20.46413,>
2026-05-08,20:23:04.488200,IP,172.20.0.10.5002,>
2026-05-08,20:23:04.488608,IP,172.20.0.20.46413,>
2026-05-08,20:23:04.494287,IP,172.20.0.10.5002,>
2026-05-08,20:23:04.494568,IP,172.20.0.10.5002,>
2026-05-08,20:23:04.494737,IP,172.20.0.20.46413,>
2026-05-08,20:23:04.494859,IP,172.20.0.10.5002,>
2026-05-08,20:23:04.495079,IP,172.20.0.20.46413,>
2026-05-08,20:23:04.495345,IP,172.20.0.10.5002,>
2026-05-08,20:23:04.495346,IP,172.20.0.20.46413,>
2026-05-08,20:23:04.495589,IP,172.20.0.20.46413,>
2026-05-08,20:23:04.496738,IP,172.20.0.10.5002,>
2026-05-08,20:23:04.496837,IP,172.20.0.10.5002,>
2026-05-08,20:23:04.497182,IP,172.20.0.20.46413,>
2026-05-08,20:23:04.497522,IP,172.20.0.20.46413,>
2026-05-08,20:23:04.497943,IP,172.20.0.10.5002,>
2026-05-08,20:23:04.498407,IP,172.20.0.20.46413,>
2026-05-08,20:23:04.498849,IP,172.20.0.10.5002,>
2026-05-08,20:23:04.499215,IP,172.20.0.20.46413,>
2026-05-08,20:23:04.505206,IP,172.20.0.10.5002,>
2026-05-08,20:23:04.505439,IP,172.20.0.10.5002,>
2026-05-08,20:23:04.505526,IP,172.20.0.10.5002,>
2026-05-08,20:23:04.505652,IP,172.20.0.20.46413,>
2026-05-08,20:23:04.505776,IP,172.20.0.10.5002,>
2026-05-08,20:23:04.506079,IP,172.20.0.20.46413,>
2026-05-08,20:23:04.506335,IP,172.20.0.20.46413,>
2026-05-08,20:23:04.506591,IP,172.20.0.20.46413,>
2026-05-08,20:23:04.507509,IP,172.20.0.10.5002,>
2026-05-08,20:23:04.507766,IP,172.20.0.10.5002,>
2026-05-08,20:23:04.507957,IP,172.20.0.20.46413,>
2026-05-08,20:23:04.508319,IP,172.20.0.20.46413,>
2026-05-08,20:23:04.508616,IP,172.20.0.10.5002,>
2026-05-08,20:23:04.509044,IP,172.20.0.20.46413,>
2026-05-08,20:23:04.509436,IP,172.20.0.10.5002,>
2026-05-08,20:23:04.509862,IP,172.20.0.20.46413,>
2026-05-08,20:23:04.516155,IP,172.20.0.10.5002,>
2026-05-08,20:23:04.516178,IP,172.20.0.10.5002,>
2026-05-08,20:23:04.516608,IP,172.20.0.20.46413,>
2026-05-08,20:23:04.516623,IP,172.20.0.10.5002,>
2026-05-08,20:23:04.516770,IP,172.20.0.10.5002,>
2026-05-08,20:23:04.517006,IP,172.20.0.20.46413,>
2026-05-08,20:23:04.517446,IP,172.20.0.20.46413,>
2026-05-08,20:23:04.517915,IP,172.20.0.20.46413,>
2026-05-08,20:23:04.518358,IP,172.20.0.10.5002,>
2026-05-08,20:23:04.518718,IP,172.20.0.20.46413,>
2026-05-08,20:23:04.518731,IP,172.20.0.10.5002,>
2026-05-08,20:23:04.519089,IP,172.20.0.20.46413,>
2026-05-08,20:23:04.519235,IP,172.20.0.10.5002,>
2026-05-08,20:23:04.519553,IP,172.20.0.20.46413,>
2026-05-08,20:23:04.520114,IP,172.20.0.10.5002,>
2026-05-08,20:23:04.520586,IP,172.20.0.20.46413,>
2026-05-08,20:23:04.527009,IP,172.20.0.10.5002,>
2026-05-08,20:23:04.527277,IP,172.20.0.10.5002,>
2026-05-08,20:23:04.527469,IP,172.20.0.20.46413,>
2026-05-08,20:23:04.527665,IP,172.20.0.10.5002,>
2026-05-08,20:23:04.527787,IP,172.20.0.20.46413,>
2026-05-08,20:23:04.528103,IP,172.20.0.20.46413,>
2026-05-08,20:23:04.528355,IP,172.20.0.10.5002,>
2026-05-08,20:23:04.529109,IP,172.20.0.10.5002,>
2026-05-08,20:23:04.529135,IP,172.20.0.20.46413,>
2026-05-08,20:23:04.529297,IP,172.20.0.10.5002,>
2026-05-08,20:23:04.529418,IP,172.20.0.20.46413,>
2026-05-08,20:23:04.529661,IP,172.20.0.20.46413,>
2026-05-08,20:23:04.529779,IP,172.20.0.10.5002,>
2026-05-08,20:23:04.530485,IP,172.20.0.20.46413,>
2026-05-08,20:23:04.530788,IP,172.20.0.10.5002,>
2026-05-08,20:23:04.531291,IP,172.20.0.20.46413,>
2026-05-08,20:23:04.537788,IP,172.20.0.10.5002,>
2026-05-08,20:23:04.538010,IP,172.20.0.10.5002,>
2026-05-08,20:23:04.538288,IP,172.20.0.10.5002,>
2026-05-08,20:23:04.538354,IP,172.20.0.20.46413,>
2026-05-08,20:23:04.538647,IP,172.20.0.20.46413,>
2026-05-08,20:23:04.539415,IP,172.20.0.10.5002,>
2026-05-08,20:23:04.539522,IP,172.20.0.20.46413,>
2026-05-08,20:23:04.539719,IP,172.20.0.10.5002,>
2026-05-08,20:23:04.539853,IP,172.20.0.10.5002,>
2026-05-08,20:23:04.540071,IP,172.20.0.20.46413,>
2026-05-08,20:23:04.540442,IP,172.20.0.20.46413,>
2026-05-08,20:23:04.540693,IP,172.20.0.20.46413,>
2026-05-08,20:23:04.540734,IP,172.20.0.10.5002,>
2026-05-08,20:23:04.541078,IP,172.20.0.20.46413,>
2026-05-08,20:23:04.541511,IP,172.20.0.10.5002,>
2026-05-08,20:23:04.542010,IP,172.20.0.20.46413,>
2026-05-08,20:23:04.548786,IP,172.20.0.10.5002,>
2026-05-08,20:23:04.548927,IP,172.20.0.10.5002,>
2026-05-08,20:23:04.549244,IP,172.20.0.20.46413,>
2026-05-08,20:23:04.549554,IP,172.20.0.20.46413,>
2026-05-08,20:23:04.549994,IP,172.20.0.10.5002,>
2026-05-08,20:23:04.550287,IP,172.20.0.10.5002,>
2026-05-08,20:23:04.550351,IP,172.20.0.20.46413,>
2026-05-08,20:23:04.550702,IP,172.20.0.10.5002,>
2026-05-08,20:23:04.550957,IP,172.20.0.10.5002,>
2026-05-08,20:23:04.550976,IP,172.20.0.20.46413,>
2026-05-08,20:23:04.551395,IP,172.20.0.10.5002,>
2026-05-08,20:23:04.551470,IP,172.20.0.20.46413,>
2026-05-08,20:23:04.551724,IP,172.20.0.20.46413,>
2026-05-08,20:23:04.551983,IP,172.20.0.20.46413,>
2026-05-08,20:23:04.552240,IP,172.20.0.10.5002,>
2026-05-08,20:23:04.552865,IP,172.20.0.20.46413,>
2026-05-08,20:23:04.559673,IP,172.20.0.10.5002,>
2026-05-08,20:23:04.559777,IP,172.20.0.10.5002,>
2026-05-08,20:23:04.560117,IP,172.20.0.20.46413,>
2026-05-08,20:23:04.560396,IP,172.20.0.20.46413,>
2026-05-08,20:23:04.560701,IP,172.20.0.10.5002,>
2026-05-08,20:23:04.561094,IP,172.20.0.20.46413,>
2026-05-08,20:23:04.561229,IP,172.20.0.10.5002,>
2026-05-08,20:23:04.561816,IP,172.20.0.20.46413,>
2026-05-08,20:23:04.561829,IP,172.20.0.10.5002,>
2026-05-08,20:23:04.562024,IP,172.20.0.10.5002,>
2026-05-08,20:23:04.562137,IP,172.20.0.20.46413,>
2026-05-08,20:23:04.562218,IP,172.20.0.10.5002,>
2026-05-08,20:23:04.562535,IP,172.20.0.20.46413,>
2026-05-08,20:23:04.563085,IP,172.20.0.10.5002,>
2026-05-08,20:23:04.563111,IP,172.20.0.20.46413,>
2026-05-08,20:23:04.563379,IP,172.20.0.20.46413,>
2026-05-08,20:23:04.570475,IP,172.20.0.10.5002,>
2026-05-08,20:23:04.570582,IP,172.20.0.10.5002,>
2026-05-08,20:23:04.570900,IP,172.20.0.20.46413,>
2026-05-08,20:23:04.571256,IP,172.20.0.20.46413,>
2026-05-08,20:23:04.571554,IP,172.20.0.10.5002,>
2026-05-08,20:23:04.572045,IP,172.20.0.10.5002,>
2026-05-08,20:23:04.572116,IP,172.20.0.20.46413,>
2026-05-08,20:23:04.572382,IP,172.20.0.20.46413,>
2026-05-08,20:23:04.572781,IP,172.20.0.10.5002,>
2026-05-08,20:23:04.572905,IP,172.20.0.10.5002,>
2026-05-08,20:23:04.573137,IP,172.20.0.20.46413,>
2026-05-08,20:23:04.573361,IP,172.20.0.20.46413,>
2026-05-08,20:23:04.573372,IP,172.20.0.10.5002,>
2026-05-08,20:23:04.573665,IP,172.20.0.10.5002,>
2026-05-08,20:23:04.573665,IP,172.20.0.20.46413,>
2026-05-08,20:23:04.574188,IP,172.20.0.20.46413,>
2026-05-08,20:23:04.581227,IP,172.20.0.10.5002,>
2026-05-08,20:23:04.581461,IP,172.20.0.10.5002,>
2026-05-08,20:23:04.581612,IP,172.20.0.20.46413,>
2026-05-08,20:23:04.581972,IP,172.20.0.20.46413,>
2026-05-08,20:23:04.582332,IP,172.20.0.10.5002,>
2026-05-08,20:23:04.582904,IP,172.20.0.20.46413,>
2026-05-08,20:23:04.583226,IP,172.20.0.10.5002,>
2026-05-08,20:23:04.583493,IP,172.20.0.10.5002,>
2026-05-08,20:23:04.583558,IP,172.20.0.20.46413,>
2026-05-08,20:23:04.583585,IP,172.20.0.10.5002,>
2026-05-08,20:23:04.583856,IP,172.20.0.20.46413,>
2026-05-08,20:23:04.583934,IP,172.20.0.10.5002,>
2026-05-08,20:23:04.584121,IP,172.20.0.20.46413,>
2026-05-08,20:23:04.584347,IP,172.20.0.20.46413,>
2026-05-08,20:23:04.584418,IP,172.20.0.10.5002,>
2026-05-08,20:23:04.584698,IP,172.20.0.20.46413,>
2026-05-08,20:23:04.592013,IP,172.20.0.10.5002,>
2026-05-08,20:23:04.592101,IP,172.20.0.10.5002,>
2026-05-08,20:23:04.592444,IP,172.20.0.20.46413,>
2026-05-08,20:23:04.592746,IP,172.20.0.20.46413,>
2026-05-08,20:23:04.593104,IP,172.20.0.10.5002,>
2026-05-08,20:23:04.593539,IP,172.20.0.20.46413,>
2026-05-08,20:23:04.593762,IP,172.20.0.10.5002,>
2026-05-08,20:23:04.594187,IP,172.20.0.20.46413,>
2026-05-08,20:23:04.594241,IP,172.20.0.10.5002,>
2026-05-08,20:23:04.594337,IP,172.20.0.10.5002,>
2026-05-08,20:23:04.594589,IP,172.20.0.20.46413,>
2026-05-08,20:23:04.594892,IP,172.20.0.10.5002,>
2026-05-08,20:23:04.594981,IP,172.20.0.20.46413,>
2026-05-08,20:23:04.595000,IP,172.20.0.10.5002,>
2026-05-08,20:23:04.595296,IP,172.20.0.20.46413,>
2026-05-08,20:23:04.595661,IP,172.20.0.20.46413,>
2026-05-08,20:23:04.602817,IP,172.20.0.10.5002,>
2026-05-08,20:23:04.603090,IP,172.20.0.10.5002,>
2026-05-08,20:23:04.603238,IP,172.20.0.20.46413,>
2026-05-08,20:23:04.603521,IP,172.20.0.20.46413,>
2026-05-08,20:23:04.603816,IP,172.20.0.10.5002,>
2026-05-08,20:23:04.604228,IP,172.20.0.20.46413,>
2026-05-08,20:23:04.604620,IP,172.20.0.10.5002,>
2026-05-08,20:23:04.604817,IP,172.20.0.10.5002,>
2026-05-08,20:23:04.605026,IP,172.20.0.20.46413,>
2026-05-08,20:23:04.605171,IP,172.20.0.10.5002,>
2026-05-08,20:23:04.605303,IP,172.20.0.20.46413,>
2026-05-08,20:23:04.605566,IP,172.20.0.20.46413,>
2026-05-08,20:23:04.605621,IP,172.20.0.10.5002,>
2026-05-08,20:23:04.606045,IP,172.20.0.20.46413,>
2026-05-08,20:23:04.606074,IP,172.20.0.10.5002,>
2026-05-08,20:23:04.606338,IP,172.20.0.20.46413,>
2026-05-08,20:23:04.613571,IP,172.20.0.10.5002,>
2026-05-08,20:23:04.613661,IP,172.20.0.10.5002,>
2026-05-08,20:23:04.614041,IP,172.20.0.20.46413,>
2026-05-08,20:23:04.614336,IP,172.20.0.20.46413,>
2026-05-08,20:23:04.614465,IP,172.20.0.10.5002,>
2026-05-08,20:23:04.614762,IP,172.20.0.20.46413,>
2026-05-08,20:23:04.615635,IP,172.20.0.10.5002,>
2026-05-08,20:23:04.616028,IP,172.20.0.20.46413,>
2026-05-08,20:23:04.616077,IP,172.20.0.10.5002,>
2026-05-08,20:23:04.616231,IP,172.20.0.10.5002,>
2026-05-08,20:23:04.616314,IP,172.20.0.10.5002,>
2026-05-08,20:23:04.616383,IP,172.20.0.20.46413,>
2026-05-08,20:23:04.616545,IP,172.20.0.10.5002,>
2026-05-08,20:23:04.616657,IP,172.20.0.20.46413,>
2026-05-08,20:23:04.616941,IP,172.20.0.20.46413,>
2026-05-08,20:23:04.617167,IP,172.20.0.20.46413,>
2026-05-08,20:23:04.624459,IP,172.20.0.10.5002,>
2026-05-08,20:23:04.624676,IP,172.20.0.10.5002,>
2026-05-08,20:23:04.624924,IP,172.20.0.20.46413,>
2026-05-08,20:23:04.625004,IP,172.20.0.10.5002,>
2026-05-08,20:23:04.625231,IP,172.20.0.20.46413,>
2026-05-08,20:23:04.625465,IP,172.20.0.20.46413,>
2026-05-08,20:23:04.626624,IP,172.20.0.10.5002,>
2026-05-08,20:23:04.626830,IP,172.20.0.10.5002,>
2026-05-08,20:23:04.626935,IP,172.20.0.10.5002,>
2026-05-08,20:23:04.627029,IP,172.20.0.20.46413,>
2026-05-08,20:23:04.627130,IP,172.20.0.10.5002,>
2026-05-08,20:23:04.627280,IP,172.20.0.20.46413,>
2026-05-08,20:23:04.627347,IP,172.20.0.10.5002,>
2026-05-08,20:23:04.627547,IP,172.20.0.20.46413,>
2026-05-08,20:23:04.627765,IP,172.20.0.20.46413,>
2026-05-08,20:23:04.628068,IP,172.20.0.20.46413,>
2026-05-08,20:23:04.635300,IP,172.20.0.10.5002,>
2026-05-08,20:23:04.635390,IP,172.20.0.10.5002,>
2026-05-08,20:23:04.635685,IP,172.20.0.10.5002,>
2026-05-08,20:23:04.635714,IP,172.20.0.20.46413,>
2026-05-08,20:23:04.636013,IP,172.20.0.20.46413,>
2026-05-08,20:23:04.636270,IP,172.20.0.20.46413,>
2026-05-08,20:23:04.637340,IP,172.20.0.10.5002,>
2026-05-08,20:23:04.637704,IP,172.20.0.10.5002,>
2026-05-08,20:23:04.637723,IP,172.20.0.20.46413,>
2026-05-08,20:23:04.637761,IP,172.20.0.10.5002,>
2026-05-08,20:23:04.637961,IP,172.20.0.10.5002,>
2026-05-08,20:23:04.638068,IP,172.20.0.20.46413,>
2026-05-08,20:23:04.638285,IP,172.20.0.20.46413,>
2026-05-08,20:23:04.638339,IP,172.20.0.10.5002,>
2026-05-08,20:23:04.638632,IP,172.20.0.20.46413,>
2026-05-08,20:23:04.639017,IP,172.20.0.20.46413,>
2026-05-08,20:23:04.646006,IP,172.20.0.10.5002,>
2026-05-08,20:23:04.646251,IP,172.20.0.10.5002,>
2026-05-08,20:23:04.646405,IP,172.20.0.20.46413,>
2026-05-08,20:23:04.646461,IP,172.20.0.10.5002,>
2026-05-08,20:23:04.647011,IP,172.20.0.20.46413,>
2026-05-08,20:23:04.647436,IP,172.20.0.20.46413,>
2026-05-08,20:23:04.648107,IP,172.20.0.10.5002,>
2026-05-08,20:23:04.648309,IP,172.20.0.10.5002,>
2026-05-08,20:23:04.648670,IP,172.20.0.20.46413,>
2026-05-08,20:23:04.649108,IP,172.20.0.20.46413,>
2026-05-08,20:23:04.649463,IP,172.20.0.10.5002,>
2026-05-08,20:23:04.649588,IP,172.20.0.10.5002,>
2026-05-08,20:23:04.649640,IP,172.20.0.10.5002,>
2026-05-08,20:23:04.650060,IP,172.20.0.20.46413,>
2026-05-08,20:23:04.650400,IP,172.20.0.20.46413,>
2026-05-08,20:23:04.650781,IP,172.20.0.20.46413,>
2026-05-08,20:23:04.656712,IP,172.20.0.10.5002,>
2026-05-08,20:23:04.657203,IP,172.20.0.10.5002,>
2026-05-08,20:23:04.657207,IP,172.20.0.20.46413,>
2026-05-08,20:23:04.657566,IP,172.20.0.20.46413,>
2026-05-08,20:23:04.657659,IP,172.20.0.10.5002,>
2026-05-08,20:23:04.658109,IP,172.20.0.20.46413,>
2026-05-08,20:23:04.658908,IP,172.20.0.10.5002,>
2026-05-08,20:23:04.659508,IP,172.20.0.20.46413,>
2026-05-08,20:23:04.659949,IP,172.20.0.10.5002,>
2026-05-08,20:23:04.660298,IP,172.20.0.10.5002,>
2026-05-08,20:23:04.660398,IP,172.20.0.20.46413,>
2026-05-08,20:23:04.660604,IP,172.20.0.10.5002,>
2026-05-08,20:23:04.660760,IP,172.20.0.20.46413,>
2026-05-08,20:23:04.661016,IP,172.20.0.10.5002,>
2026-05-08,20:23:04.661118,IP,172.20.0.20.46413,>
2026-05-08,20:23:04.661436,IP,172.20.0.20.46413,>
2026-05-08,20:23:04.668253,IP,172.20.0.10.5002,>
2026-05-08,20:23:04.668346,IP,172.20.0.10.5002,>
2026-05-08,20:23:04.668408,IP,172.20.0.10.5002,>
2026-05-08,20:23:04.668744,IP,172.20.0.20.46413,>
2026-05-08,20:23:04.669135,IP,172.20.0.20.46413,>
2026-05-08,20:23:04.669519,IP,172.20.0.20.46413,>
2026-05-08,20:23:04.672164,IP,172.20.0.10.5002,>
2026-05-08,20:23:04.672368,IP,172.20.0.10.5002,>
2026-05-08,20:23:04.672454,IP,172.20.0.10.5002,>
2026-05-08,20:23:04.672526,IP,172.20.0.10.5002,>
2026-05-08,20:23:04.672610,IP,172.20.0.10.5002,>
2026-05-08,20:23:04.672636,IP,172.20.0.20.46413,>
2026-05-08,20:23:04.672960,IP,172.20.0.20.46413,>
2026-05-08,20:23:04.673234,IP,172.20.0.20.46413,>
2026-05-08,20:23:04.673439,IP,172.20.0.20.46413,>
2026-05-08,20:23:04.673629,IP,172.20.0.20.46413,>
2026-05-08,20:23:04.679105,IP,172.20.0.10.5002,>
2026-05-08,20:23:04.679334,IP,172.20.0.10.5002,>
2026-05-08,20:23:04.679531,IP,172.20.0.20.46413,>
2026-05-08,20:23:04.679702,IP,172.20.0.10.5002,>
2026-05-08,20:23:04.679902,IP,172.20.0.20.46413,>
2026-05-08,20:23:04.680132,IP,172.20.0.20.46413,>
2026-05-08,20:23:04.682957,IP,172.20.0.10.5002,>
2026-05-08,20:23:04.683325,IP,172.20.0.10.5002,>
2026-05-08,20:23:04.683330,IP,172.20.0.20.46413,>
2026-05-08,20:23:04.683562,IP,172.20.0.10.5002,>
2026-05-08,20:23:04.683617,IP,172.20.0.10.5002,>
2026-05-08,20:23:04.683677,IP,172.20.0.20.46413,>
2026-05-08,20:23:04.683864,IP,172.20.0.10.5002,>
2026-05-08,20:23:04.683956,IP,172.20.0.20.46413,>
2026-05-08,20:23:04.684186,IP,172.20.0.20.46413,>
2026-05-08,20:23:04.684408,IP,172.20.0.20.46413,>
2026-05-08,20:23:04.689989,IP,172.20.0.10.5002,>
2026-05-08,20:23:04.690133,IP,172.20.0.10.5002,>
2026-05-08,20:23:04.690304,IP,172.20.0.10.5002,>
2026-05-08,20:23:04.690393,IP,172.20.0.20.46413,>
2026-05-08,20:23:04.690667,IP,172.20.0.20.46413,>
2026-05-08,20:23:04.691110,IP,172.20.0.20.46413,>
2026-05-08,20:23:04.694003,IP,172.20.0.10.5002,>
2026-05-08,20:23:04.694251,IP,172.20.0.10.5002,>
2026-05-08,20:23:04.694333,IP,172.20.0.10.5002,>
2026-05-08,20:23:04.694360,IP,172.20.0.20.46413,>
2026-05-08,20:23:04.694409,IP,172.20.0.10.5002,>
2026-05-08,20:23:04.694590,IP,172.20.0.10.5002,>
2026-05-08,20:23:04.694607,IP,172.20.0.20.46413,>
2026-05-08,20:23:04.694865,IP,172.20.0.20.46413,>
2026-05-08,20:23:04.695109,IP,172.20.0.20.46413,>
2026-05-08,20:23:04.695366,IP,172.20.0.20.46413,>
2026-05-08,20:23:04.700671,IP,172.20.0.10.5002,>
2026-05-08,20:23:04.700887,IP,172.20.0.10.5002,>
2026-05-08,20:23:04.701098,IP,172.20.0.20.46413,>
2026-05-08,20:23:04.701309,IP,172.20.0.10.5002,>
2026-05-08,20:23:04.701385,IP,172.20.0.20.46413,>
2026-05-08,20:23:04.701660,IP,172.20.0.20.46413,>
2026-05-08,20:23:04.704570,IP,172.20.0.10.5002,>
2026-05-08,20:23:04.704886,IP,172.20.0.10.5002,>
2026-05-08,20:23:04.705069,IP,172.20.0.10.5002,>
2026-05-08,20:23:04.705202,IP,172.20.0.20.46413,>
2026-05-08,20:23:04.705302,IP,172.20.0.10.5002,>
2026-05-08,20:23:04.705531,IP,172.20.0.20.46413,>
2026-05-08,20:23:04.705535,IP,172.20.0.10.5002,>
2026-05-08,20:23:04.705816,IP,172.20.0.20.46413,>
2026-05-08,20:23:04.706226,IP,172.20.0.20.46413,>
2026-05-08,20:23:04.706762,IP,172.20.0.20.46413,>
2026-05-08,20:23:04.711433,IP,172.20.0.10.5002,>
2026-05-08,20:23:04.711624,IP,172.20.0.10.5002,>
2026-05-08,20:23:04.711848,IP,172.20.0.20.46413,>
2026-05-08,20:23:04.711867,IP,172.20.0.10.5002,>
2026-05-08,20:23:04.712146,IP,172.20.0.20.46413,>
2026-05-08,20:23:04.712417,IP,172.20.0.20.46413,>
2026-05-08,20:23:04.715394,IP,172.20.0.10.5002,>
2026-05-08,20:23:04.715821,IP,172.20.0.10.5002,>
2026-05-08,20:23:04.715819,IP,172.20.0.20.46413,>
2026-05-08,20:23:04.716026,IP,172.20.0.10.5002,>
2026-05-08,20:23:04.716080,IP,172.20.0.20.46413,>
2026-05-08,20:23:04.716317,IP,172.20.0.20.46413,>
2026-05-08,20:23:04.716466,IP,172.20.0.10.5002,>
2026-05-08,20:23:04.716827,IP,172.20.0.20.46413,>
2026-05-08,20:23:04.716997,IP,172.20.0.10.5002,>
2026-05-08,20:23:04.717313,IP,172.20.0.20.46413,>
2026-05-08,20:23:04.722120,IP,172.20.0.10.5002,>
2026-05-08,20:23:04.722289,IP,172.20.0.10.5002,>
2026-05-08,20:23:04.722523,IP,172.20.0.20.46413,>
2026-05-08,20:23:04.722563,IP,172.20.0.10.5002,>
2026-05-08,20:23:04.722882,IP,172.20.0.20.46413,>
2026-05-08,20:23:04.723195,IP,172.20.0.20.46413,>
2026-05-08,20:23:04.725980,IP,172.20.0.10.5002,>
2026-05-08,20:23:04.726316,IP,172.20.0.10.5002,>
2026-05-08,20:23:04.726336,IP,172.20.0.20.46413,>
2026-05-08,20:23:04.726485,IP,172.20.0.10.5002,>
2026-05-08,20:23:04.726593,IP,172.20.0.20.46413,>
2026-05-08,20:23:04.726851,IP,172.20.0.20.46413,>
2026-05-08,20:23:04.727133,IP,172.20.0.10.5002,>
2026-05-08,20:23:04.727492,IP,172.20.0.10.5002,>
2026-05-08,20:23:04.727585,IP,172.20.0.20.46413,>
2026-05-08,20:23:04.727884,IP,172.20.0.20.46413,>
2026-05-08,20:23:04.732842,IP,172.20.0.10.5002,>
2026-05-08,20:23:04.733047,IP,172.20.0.10.5002,>
2026-05-08,20:23:04.733164,IP,172.20.0.20.46413,>
2026-05-08,20:23:04.733364,IP,172.20.0.10.5002,>
2026-05-08,20:23:04.733465,IP,172.20.0.20.46413,>
2026-05-08,20:23:04.733715,IP,172.20.0.20.46413,>
2026-05-08,20:23:04.736528,IP,172.20.0.10.5002,>
2026-05-08,20:23:04.736841,IP,172.20.0.10.5002,>
2026-05-08,20:23:04.736897,IP,172.20.0.20.46413,>
2026-05-08,20:23:04.736987,IP,172.20.0.10.5002,>
2026-05-08,20:23:04.737212,IP,172.20.0.20.46413,>
2026-05-08,20:23:04.737502,IP,172.20.0.20.46413,>
2026-05-08,20:23:04.737756,IP,172.20.0.10.5002,>
2026-05-08,20:23:04.738008,IP,172.20.0.10.5002,>
2026-05-08,20:23:04.738093,IP,172.20.0.20.46413,>
2026-05-08,20:23:04.738350,IP,172.20.0.20.46413,>
2026-05-08,20:23:04.743523,IP,172.20.0.10.5002,>
2026-05-08,20:23:04.743665,IP,172.20.0.10.5002,>
2026-05-08,20:23:04.743933,IP,172.20.0.10.5002,>
2026-05-08,20:23:04.743960,IP,172.20.0.20.46413,>
2026-05-08,20:23:04.744268,IP,172.20.0.20.46413,>
2026-05-08,20:23:04.744551,IP,172.20.0.20.46413,>
2026-05-08,20:23:04.747062,IP,172.20.0.10.5002,>
2026-05-08,20:23:04.747434,IP,172.20.0.20.46413,>
2026-05-08,20:23:04.747463,IP,172.20.0.10.5002,>
2026-05-08,20:23:04.747668,IP,172.20.0.10.5002,>
2026-05-08,20:23:04.747710,IP,172.20.0.20.46413,>
2026-05-08,20:23:04.748008,IP,172.20.0.20.46413,>
2026-05-08,20:23:04.748237,IP,172.20.0.10.5002,>
2026-05-08,20:23:04.748505,IP,172.20.0.10.5002,>
2026-05-08,20:23:04.748512,IP,172.20.0.20.46413,>
2026-05-08,20:23:04.748728,IP,172.20.0.20.46413,>
2026-05-08,20:23:04.754246,IP,172.20.0.10.5002,>
2026-05-08,20:23:04.754400,IP,172.20.0.10.5002,>
2026-05-08,20:23:04.754702,IP,172.20.0.10.5002,>
2026-05-08,20:23:04.754777,IP,172.20.0.20.46413,>
2026-05-08,20:23:04.755007,IP,172.20.0.20.46413,>
2026-05-08,20:23:04.755180,IP,172.20.0.20.46413,>
2026-05-08,20:23:04.757618,IP,172.20.0.10.5002,>
2026-05-08,20:23:04.757835,IP,172.20.0.20.46413,>
2026-05-08,20:23:04.757985,IP,172.20.0.10.5002,>
2026-05-08,20:23:04.758237,IP,172.20.0.20.46413,>
2026-05-08,20:23:04.758557,IP,172.20.0.10.5002,>
2026-05-08,20:23:04.758637,IP,172.20.0.10.5002,>
2026-05-08,20:23:04.758828,IP,172.20.0.20.46413,>
2026-05-08,20:23:04.758879,IP,172.20.0.10.5002,>
2026-05-08,20:23:04.759079,IP,172.20.0.20.46413,>
2026-05-08,20:23:04.759285,IP,172.20.0.20.46413,>
2026-05-08,20:23:04.777763,IP,172.20.0.10.5002,>
2026-05-08,20:23:04.777884,IP,172.20.0.10.5002,>
2026-05-08,20:23:04.777959,IP,172.20.0.10.5002,>
2026-05-08,20:23:04.778090,IP,172.20.0.10.5002,>
2026-05-08,20:23:04.778159,IP,172.20.0.20.46413,>
2026-05-08,20:23:04.778212,IP,172.20.0.10.5002,>
2026-05-08,20:23:04.778263,IP,172.20.0.10.5002,>
2026-05-08,20:23:04.778328,IP,172.20.0.10.5002,>
2026-05-08,20:23:04.778369,IP,172.20.0.10.5002,>
2026-05-08,20:23:04.778421,IP,172.20.0.20.46413,>
2026-05-08,20:23:04.778750,IP,172.20.0.20.46413,>
2026-05-08,20:23:04.778999,IP,172.20.0.20.46413,>
2026-05-08,20:23:04.779212,IP,172.20.0.20.46413,>
2026-05-08,20:23:04.779442,IP,172.20.0.20.46413,>
2026-05-08,20:23:04.779664,IP,172.20.0.20.46413,>
2026-05-08,20:23:04.779893,IP,172.20.0.20.46413,>
2026-05-08,20:23:04.788550,IP,172.20.0.10.5002,>
2026-05-08,20:23:04.788650,IP,172.20.0.10.5002,>
2026-05-08,20:23:04.788893,IP,172.20.0.10.5002,>
2026-05-08,20:23:04.789013,IP,172.20.0.20.46413,>
2026-05-08,20:23:04.789153,IP,172.20.0.10.5002,>
2026-05-08,20:23:04.789261,IP,172.20.0.20.46413,>
2026-05-08,20:23:04.789418,IP,172.20.0.10.5002,>
2026-05-08,20:23:04.789443,IP,172.20.0.20.46413,>
2026-05-08,20:23:04.789566,IP,172.20.0.10.5002,>
2026-05-08,20:23:04.789618,IP,172.20.0.20.46413,>
2026-05-08,20:23:04.789850,IP,172.20.0.20.46413,>
2026-05-08,20:23:04.789956,IP,172.20.0.10.5002,>
2026-05-08,20:23:04.790019,IP,172.20.0.10.5002,>
2026-05-08,20:23:04.790061,IP,172.20.0.20.46413,>
2026-05-08,20:23:04.790254,IP,172.20.0.20.46413,>
2026-05-08,20:23:04.790450,IP,172.20.0.20.46413,>
2026-05-08,20:23:04.799514,IP,172.20.0.10.5002,>
2026-05-08,20:23:04.799527,IP,172.20.0.10.5002,>
2026-05-08,20:23:04.799673,IP,172.20.0.10.5002,>
2026-05-08,20:23:04.799914,IP,172.20.0.20.46413,>
2026-05-08,20:23:04.800061,IP,172.20.0.20.46413,>
2026-05-08,20:23:04.800179,IP,172.20.0.20.46413,>
2026-05-08,20:23:04.800224,IP,172.20.0.10.5002,>
2026-05-08,20:23:04.800232,IP,172.20.0.10.5002,>
2026-05-08,20:23:04.800234,IP,172.20.0.10.5002,>
2026-05-08,20:23:04.800434,IP,172.20.0.10.5002,>
2026-05-08,20:23:04.800589,IP,172.20.0.20.46413,>
2026-05-08,20:23:04.800733,IP,172.20.0.20.46413,>
2026-05-08,20:23:04.800763,IP,172.20.0.10.5002,>
2026-05-08,20:23:04.800885,IP,172.20.0.20.46413,>
2026-05-08,20:23:04.800992,IP,172.20.0.20.46413,>
2026-05-08,20:23:04.801097,IP,172.20.0.20.46413,>
2026-05-08,20:23:04.810284,IP,172.20.0.10.5002,>
2026-05-08,20:23:04.810549,IP,172.20.0.10.5002,>
2026-05-08,20:23:04.810577,IP,172.20.0.20.46413,>
2026-05-08,20:23:04.810622,IP,172.20.0.10.5002,>
2026-05-08,20:23:04.810696,IP,172.20.0.10.5002,>
2026-05-08,20:23:04.810816,IP,172.20.0.20.46413,>
2026-05-08,20:23:04.811017,IP,172.20.0.20.46413,>
2026-05-08,20:23:04.811041,IP,172.20.0.10.5002,>
2026-05-08,20:23:04.811122,IP,172.20.0.10.5002,>
2026-05-08,20:23:04.811185,IP,172.20.0.10.5002,>
2026-05-08,20:23:04.811194,IP,172.20.0.20.46413,>
2026-05-08,20:23:04.811252,IP,172.20.0.10.5002,>
2026-05-08,20:23:04.811366,IP,172.20.0.20.46413,>
2026-05-08,20:23:04.811530,IP,172.20.0.20.46413,>
2026-05-08,20:23:04.811690,IP,172.20.0.20.46413,>
2026-05-08,20:23:04.811864,IP,172.20.0.20.46413,>
2026-05-08,20:23:04.821232,IP,172.20.0.10.5002,>
2026-05-08,20:23:04.821374,IP,172.20.0.10.5002,>
2026-05-08,20:23:04.821548,IP,172.20.0.20.46413,>
2026-05-08,20:23:04.821553,IP,172.20.0.10.5002,>
2026-05-08,20:23:04.821654,IP,172.20.0.10.5002,>
2026-05-08,20:23:04.821760,IP,172.20.0.20.46413,>
2026-05-08,20:23:04.821896,IP,172.20.0.10.5002,>
2026-05-08,20:23:04.821967,IP,172.20.0.10.5002,>
2026-05-08,20:23:04.822020,IP,172.20.0.20.46413,>
2026-05-08,20:23:04.822034,IP,172.20.0.10.5002,>
2026-05-08,20:23:04.822092,IP,172.20.0.10.5002,>
2026-05-08,20:23:04.822190,IP,172.20.0.20.46413,>
2026-05-08,20:23:04.822353,IP,172.20.0.20.46413,>
2026-05-08,20:23:04.822584,IP,172.20.0.20.46413,>
2026-05-08,20:23:04.822743,IP,172.20.0.20.46413,>
2026-05-08,20:23:04.822943,IP,172.20.0.20.46413,>
2026-05-08,20:23:04.832017,IP,172.20.0.10.5002,>
2026-05-08,20:23:04.832101,IP,172.20.0.10.5002,>
2026-05-08,20:23:04.832190,IP,172.20.0.10.5002,>
2026-05-08,20:23:04.832338,IP,172.20.0.20.46413,>
2026-05-08,20:23:04.832362,IP,172.20.0.10.5002,>
2026-05-08,20:23:04.832544,IP,172.20.0.20.46413,>
2026-05-08,20:23:04.832704,IP,172.20.0.10.5002,>
2026-05-08,20:23:04.832716,IP,172.20.0.20.46413,>
2026-05-08,20:23:04.832785,IP,172.20.0.10.5002,>
2026-05-08,20:23:04.832940,IP,172.20.0.10.5002,>
2026-05-08,20:23:04.832943,IP,172.20.0.20.46413,>
2026-05-08,20:23:04.833131,IP,172.20.0.20.46413,>
2026-05-08,20:23:04.833136,IP,172.20.0.10.5002,>
2026-05-08,20:23:04.833295,IP,172.20.0.20.46413,>
2026-05-08,20:23:04.833447,IP,172.20.0.20.46413,>
2026-05-08,20:23:04.833660,IP,172.20.0.20.46413,>
2026-05-08,20:23:04.842671,IP,172.20.0.10.5002,>
2026-05-08,20:23:04.842760,IP,172.20.0.10.5002,>
2026-05-08,20:23:04.842926,IP,172.20.0.10.5002,>
2026-05-08,20:23:04.843003,IP,172.20.0.20.46413,>
2026-05-08,20:23:04.843225,IP,172.20.0.20.46413,>
2026-05-08,20:23:04.843226,IP,172.20.0.10.5002,>
2026-05-08,20:23:04.843399,IP,172.20.0.20.46413,>
2026-05-08,20:23:04.843403,IP,172.20.0.10.5002,>
2026-05-08,20:23:04.843474,IP,172.20.0.10.5002,>
2026-05-08,20:23:04.843536,IP,172.20.0.10.5002,>
2026-05-08,20:23:04.843546,IP,172.20.0.20.46413,>
2026-05-08,20:23:04.843729,IP,172.20.0.20.46413,>
2026-05-08,20:23:04.843905,IP,172.20.0.20.46413,>
2026-05-08,20:23:04.843996,IP,172.20.0.10.5002,>
2026-05-08,20:23:04.844051,IP,172.20.0.20.46413,>
2026-05-08,20:23:04.844189,IP,172.20.0.20.46413,>
2026-05-08,20:23:04.853515,IP,172.20.0.10.5002,>
2026-05-08,20:23:04.853696,IP,172.20.0.10.5002,>
2026-05-08,20:23:04.853772,IP,172.20.0.10.5002,>
2026-05-08,20:23:04.853890,IP,172.20.0.10.5002,>
2026-05-08,20:23:04.853926,IP,172.20.0.20.46413,>
2026-05-08,20:23:04.854147,IP,172.20.0.10.5002,>
2026-05-08,20:23:04.854206,IP,172.20.0.20.46413,>
2026-05-08,20:23:04.854222,IP,172.20.0.10.5002,>
2026-05-08,20:23:04.854293,IP,172.20.0.10.5002,>
2026-05-08,20:23:04.854359,IP,172.20.0.10.5002,>
2026-05-08,20:23:04.854425,IP,172.20.0.20.46413,>
2026-05-08,20:23:04.854617,IP,172.20.0.20.46413,>
2026-05-08,20:23:04.854865,IP,172.20.0.20.46413,>
2026-05-08,20:23:04.855085,IP,172.20.0.20.46413,>
2026-05-08,20:23:04.855281,IP,172.20.0.20.46413,>
2026-05-08,20:23:04.855458,IP,172.20.0.20.46413,>
2026-05-08,20:23:04.864483,IP,172.20.0.10.5002,>
2026-05-08,20:23:04.864569,IP,172.20.0.10.5002,>
2026-05-08,20:23:04.864606,IP,172.20.0.10.5002,>
2026-05-08,20:23:04.864823,IP,172.20.0.10.5002,>
2026-05-08,20:23:04.864854,IP,172.20.0.20.46413,>
2026-05-08,20:23:04.865106,IP,172.20.0.10.5002,>
2026-05-08,20:23:04.865138,IP,172.20.0.20.46413,>
2026-05-08,20:23:04.865176,IP,172.20.0.10.5002,>
2026-05-08,20:23:04.865441,IP,172.20.0.20.46413,>
2026-05-08,20:23:04.865458,IP,172.20.0.10.5002,>
2026-05-08,20:23:04.865654,IP,172.20.0.20.46413,>
2026-05-08,20:23:04.865678,IP,172.20.0.10.5002,>
2026-05-08,20:23:04.865860,IP,172.20.0.20.46413,>
2026-05-08,20:23:04.866189,IP,172.20.0.20.46413,>
2026-05-08,20:23:04.866397,IP,172.20.0.20.46413,>
2026-05-08,20:23:04.866672,IP,172.20.0.20.46413,>
2026-05-08,20:23:04.875234,IP,172.20.0.10.5002,>
2026-05-08,20:23:04.875462,IP,172.20.0.10.5002,>
2026-05-08,20:23:04.875567,IP,172.20.0.20.46413,>
2026-05-08,20:23:04.875690,IP,172.20.0.10.5002,>
2026-05-08,20:23:04.875861,IP,172.20.0.20.46413,>
2026-05-08,20:23:04.875955,IP,172.20.0.10.5002,>
2026-05-08,20:23:04.876086,IP,172.20.0.20.46413,>
2026-05-08,20:23:04.876108,IP,172.20.0.10.5002,>
2026-05-08,20:23:04.876345,IP,172.20.0.10.5002,>
2026-05-08,20:23:04.876409,IP,172.20.0.20.46413,>
2026-05-08,20:23:04.876601,IP,172.20.0.10.5002,>
2026-05-08,20:23:04.876674,IP,172.20.0.20.46413,>
2026-05-08,20:23:04.876910,IP,172.20.0.20.46413,>
2026-05-08,20:23:04.877076,IP,172.20.0.10.5002,>
2026-05-08,20:23:04.877086,IP,172.20.0.20.46413,>
2026-05-08,20:23:04.877285,IP,172.20.0.20.46413,>
2026-05-08,20:23:04.886015,IP,172.20.0.10.5002,>
2026-05-08,20:23:04.886098,IP,172.20.0.10.5002,>
2026-05-08,20:23:04.886309,IP,172.20.0.10.5002,>
2026-05-08,20:23:04.886331,IP,172.20.0.20.46413,>
2026-05-08,20:23:04.886571,IP,172.20.0.20.46413,>
2026-05-08,20:23:04.886680,IP,172.20.0.10.5002,>
2026-05-08,20:23:04.886779,IP,172.20.0.20.46413,>
2026-05-08,20:23:04.886925,IP,172.20.0.10.5002,>
2026-05-08,20:23:04.887009,IP,172.20.0.10.5002,>
2026-05-08,20:23:04.887024,IP,172.20.0.20.46413,>
2026-05-08,20:23:04.887227,IP,172.20.0.10.5002,>
2026-05-08,20:23:04.887250,IP,172.20.0.20.46413,>
2026-05-08,20:23:04.887406,IP,172.20.0.20.46413,>
2026-05-08,20:23:04.887477,IP,172.20.0.10.5002,>
2026-05-08,20:23:04.887557,IP,172.20.0.20.46413,>
2026-05-08,20:23:04.887818,IP,172.20.0.20.46413,>
2026-05-08,20:23:04.896634,IP,172.20.0.10.5002,>
2026-05-08,20:23:04.896720,IP,172.20.0.10.5002,>
2026-05-08,20:23:04.896998,IP,172.20.0.10.5002,>
2026-05-08,20:23:04.897262,IP,172.20.0.20.46413,>
2026-05-08,20:23:04.897301,IP,172.20.0.10.5002,>
2026-05-08,20:23:04.897420,IP,172.20.0.10.5002,>
2026-05-08,20:23:04.897498,IP,172.20.0.10.5002,>
2026-05-08,20:23:04.897747,IP,172.20.0.20.46413,>
2026-05-08,20:23:04.897774,IP,172.20.0.10.5002,>
2026-05-08,20:23:04.897983,IP,172.20.0.10.5002,>
2026-05-08,20:23:04.898287,IP,172.20.0.20.46413,>
2026-05-08,20:23:04.898571,IP,172.20.0.20.46413,>
2026-05-08,20:23:04.898875,IP,172.20.0.20.46413,>
2026-05-08,20:23:04.899137,IP,172.20.0.20.46413,>
2026-05-08,20:23:04.899370,IP,172.20.0.20.46413,>
2026-05-08,20:23:04.899698,IP,172.20.0.20.46413,>
2026-05-08,20:23:04.907602,IP,172.20.0.10.5002,>
2026-05-08,20:23:04.907974,IP,172.20.0.20.46413,>
2026-05-08,20:23:04.908316,IP,172.20.0.10.5002,>
2026-05-08,20:23:04.908420,IP,172.20.0.10.5002,>
2026-05-08,20:23:04.908710,IP,172.20.0.20.46413,>
2026-05-08,20:23:04.909017,IP,172.20.0.20.46413,>
2026-05-08,20:23:04.909205,IP,172.20.0.10.5002,>
2026-05-08,20:23:04.909365,IP,172.20.0.10.5002,>
2026-05-08,20:23:04.909435,IP,172.20.0.10.5002,>
2026-05-08,20:23:04.909501,IP,172.20.0.10.5002,>
2026-05-08,20:23:04.909628,IP,172.20.0.20.46413,>
2026-05-08,20:23:04.909896,IP,172.20.0.10.5002,>
2026-05-08,20:23:04.910037,IP,172.20.0.20.46413,>
2026-05-08,20:23:04.910362,IP,172.20.0.20.46413,>
2026-05-08,20:23:04.910639,IP,172.20.0.20.46413,>
2026-05-08,20:23:04.910946,IP,172.20.0.20.46413,>
2026-05-08,20:23:04.918366,IP,172.20.0.10.5002,>
2026-05-08,20:23:04.918680,IP,172.20.0.20.46413,>
2026-05-08,20:23:04.918947,IP,172.20.0.10.5002,>
2026-05-08,20:23:04.919181,IP,172.20.0.10.5002,>
2026-05-08,20:23:04.919374,IP,172.20.0.20.46413,>
2026-05-08,20:23:04.919655,IP,172.20.0.20.46413,>
2026-05-08,20:23:04.919855,IP,172.20.0.10.5002,>
2026-05-08,20:23:04.920277,IP,172.20.0.10.5002,>
2026-05-08,20:23:04.920429,IP,172.20.0.20.46413,>
2026-05-08,20:23:04.920511,IP,172.20.0.10.5002,>
2026-05-08,20:23:04.920844,IP,172.20.0.20.46413,>
2026-05-08,20:23:04.920861,IP,172.20.0.10.5002,>
2026-05-08,20:23:04.921083,IP,172.20.0.10.5002,>
2026-05-08,20:23:04.921208,IP,172.20.0.20.46413,>
2026-05-08,20:23:04.921525,IP,172.20.0.20.46413,>
2026-05-08,20:23:04.921895,IP,172.20.0.20.46413,>
2026-05-08,20:23:04.928982,IP,172.20.0.10.5002,>
2026-05-08,20:23:04.929414,IP,172.20.0.20.46413,>
2026-05-08,20:23:04.929549,IP,172.20.0.10.5002,>
2026-05-08,20:23:04.929906,IP,172.20.0.20.46413,>
2026-05-08,20:23:04.929929,IP,172.20.0.10.5002,>
2026-05-08,20:23:04.930256,IP,172.20.0.20.46413,>
2026-05-08,20:23:04.930679,IP,172.20.0.10.5002,>
2026-05-08,20:23:04.931041,IP,172.20.0.20.46413,>
2026-05-08,20:23:04.931109,IP,172.20.0.10.5002,>
2026-05-08,20:23:04.931437,IP,172.20.0.10.5002,>
2026-05-08,20:23:04.931518,IP,172.20.0.20.46413,>
2026-05-08,20:23:04.931746,IP,172.20.0.10.5002,>
2026-05-08,20:23:04.931862,IP,172.20.0.20.46413,>
2026-05-08,20:23:04.932103,IP,172.20.0.10.5002,>
2026-05-08,20:23:04.932120,IP,172.20.0.20.46413,>
2026-05-08,20:23:04.932416,IP,172.20.0.20.46413,>
2026-05-08,20:23:04.939880,IP,172.20.0.10.5002,>
2026-05-08,20:23:04.940272,IP,172.20.0.20.46413,>
2026-05-08,20:23:04.940325,IP,172.20.0.10.5002,>
2026-05-08,20:23:04.940419,IP,172.20.0.10.5002,>
2026-05-08,20:23:04.940699,IP,172.20.0.20.46413,>
2026-05-08,20:23:04.941179,IP,172.20.0.20.46413,>
2026-05-08,20:23:04.941346,IP,172.20.0.10.5002,>
2026-05-08,20:23:04.941866,IP,172.20.0.10.5002,>
2026-05-08,20:23:04.941899,IP,172.20.0.20.46413,>
2026-05-08,20:23:04.942244,IP,172.20.0.10.5002,>
2026-05-08,20:23:04.942325,IP,172.20.0.10.5002,>
2026-05-08,20:23:04.942340,IP,172.20.0.20.46413,>
2026-05-08,20:23:04.942693,IP,172.20.0.20.46413,>
2026-05-08,20:23:04.942740,IP,172.20.0.10.5002,>
2026-05-08,20:23:04.942961,IP,172.20.0.20.46413,>
2026-05-08,20:23:04.943182,IP,172.20.0.20.46413,>
2026-05-08,20:23:04.950655,IP,172.20.0.10.5002,>
2026-05-08,20:23:04.950948,IP,172.20.0.10.5002,>
2026-05-08,20:23:04.951120,IP,172.20.0.20.46413,>
2026-05-08,20:23:04.951396,IP,172.20.0.20.46413,>
2026-05-08,20:23:04.951725,IP,172.20.0.10.5002,>
2026-05-08,20:23:04.952149,IP,172.20.0.20.46413,>
2026-05-08,20:23:04.952199,IP,172.20.0.10.5002,>
2026-05-08,20:23:04.952665,IP,172.20.0.10.5002,>
2026-05-08,20:23:04.952671,IP,172.20.0.20.46413,>
2026-05-08,20:23:04.952999,IP,172.20.0.10.5002,>
2026-05-08,20:23:04.953033,IP,172.20.0.20.46413,>
2026-05-08,20:23:04.953069,IP,172.20.0.10.5002,>
2026-05-08,20:23:04.953294,IP,172.20.0.20.46413,>
2026-05-08,20:23:04.953405,IP,172.20.0.10.5002,>
2026-05-08,20:23:04.953524,IP,172.20.0.20.46413,>
2026-05-08,20:23:04.953758,IP,172.20.0.20.46413,>
2026-05-08,20:23:04.961461,IP,172.20.0.10.5002,>
2026-05-08,20:23:04.961576,IP,172.20.0.10.5002,>
2026-05-08,20:23:04.961912,IP,172.20.0.20.46413,>
2026-05-08,20:23:04.962247,IP,172.20.0.20.46413,>
2026-05-08,20:23:04.962321,IP,172.20.0.10.5002,>
2026-05-08,20:23:04.962640,IP,172.20.0.20.46413,>
2026-05-08,20:23:04.962881,IP,172.20.0.10.5002,>
2026-05-08,20:23:04.963263,IP,172.20.0.10.5002,>
2026-05-08,20:23:04.963372,IP,172.20.0.20.46413,>
2026-05-08,20:23:04.963431,IP,172.20.0.10.5002,>
2026-05-08,20:23:04.963619,IP,172.20.0.20.46413,>
2026-05-08,20:23:04.963701,IP,172.20.0.10.5002,>
2026-05-08,20:23:04.963920,IP,172.20.0.20.46413,>
2026-05-08,20:23:04.964234,IP,172.20.0.10.5002,>
2026-05-08,20:23:04.964555,IP,172.20.0.20.46413,>
2026-05-08,20:23:04.964829,IP,172.20.0.20.46413,>
2026-05-08,20:23:04.972237,IP,172.20.0.10.5002,>
2026-05-08,20:23:04.972543,IP,172.20.0.10.5002,>
2026-05-08,20:23:04.972661,IP,172.20.0.20.46413,>
2026-05-08,20:23:04.972908,IP,172.20.0.10.5002,>
2026-05-08,20:23:04.973015,IP,172.20.0.20.46413,>
2026-05-08,20:23:04.973527,IP,172.20.0.20.46413,>
2026-05-08,20:23:04.973585,IP,172.20.0.10.5002,>
2026-05-08,20:23:04.973964,IP,172.20.0.20.46413,>
2026-05-08,20:23:04.974021,IP,172.20.0.10.5002,>
2026-05-08,20:23:04.974186,IP,172.20.0.10.5002,>
2026-05-08,20:23:04.974986,IP,172.20.0.20.46413,>
2026-05-08,20:23:04.975274,IP,172.20.0.20.46413,>
2026-05-08,20:23:04.975320,IP,172.20.0.10.5002,>
2026-05-08,20:23:04.975395,IP,172.20.0.10.5002,>
2026-05-08,20:23:04.975629,IP,172.20.0.20.46413,>
2026-05-08,20:23:04.976244,IP,172.20.0.20.46413,>
2026-05-08,20:23:04.983031,IP,172.20.0.10.5002,>
2026-05-08,20:23:04.983244,IP,172.20.0.10.5002,>
2026-05-08,20:23:04.983484,IP,172.20.0.20.46413,>
2026-05-08,20:23:04.983764,IP,172.20.0.10.5002,>
2026-05-08,20:23:04.983770,IP,172.20.0.20.46413,>
2026-05-08,20:23:04.984117,IP,172.20.0.20.46413,>
2026-05-08,20:23:04.984180,IP,172.20.0.10.5002,>
2026-05-08,20:23:04.984875,IP,172.20.0.20.46413,>
2026-05-08,20:23:04.985296,IP,172.20.0.10.5002,>
2026-05-08,20:23:04.985475,IP,172.20.0.10.5002,>
2026-05-08,20:23:04.985671,IP,172.20.0.20.46413,>
2026-05-08,20:23:04.985818,IP,172.20.0.10.5002,>
2026-05-08,20:23:04.985998,IP,172.20.0.20.46413,>
2026-05-08,20:23:04.986256,IP,172.20.0.20.46413,>
2026-05-08,20:23:04.986410,IP,172.20.0.10.5002,>
2026-05-08,20:23:04.987003,IP,172.20.0.20.46413,>
2026-05-08,20:23:04.993827,IP,172.20.0.10.5002,>
2026-05-08,20:23:04.994051,IP,172.20.0.10.5002,>
2026-05-08,20:23:04.994233,IP,172.20.0.20.46413,>
2026-05-08,20:23:04.994359,IP,172.20.0.10.5002,>
2026-05-08,20:23:04.994508,IP,172.20.0.20.46413,>
2026-05-08,20:23:04.994736,IP,172.20.0.20.46413,>
2026-05-08,20:23:04.995061,IP,172.20.0.10.5002,>
2026-05-08,20:23:04.995645,IP,172.20.0.20.46413,>
2026-05-08,20:23:04.996094,IP,172.20.0.10.5002,>
2026-05-08,20:23:04.996478,IP,172.20.0.10.5002,>
2026-05-08,20:23:04.996519,IP,172.20.0.20.46413,>
2026-05-08,20:23:04.996662,IP,172.20.0.10.5002,>
2026-05-08,20:23:04.996939,IP,172.20.0.20.46413,>
2026-05-08,20:23:04.997207,IP,172.20.0.20.46413,>
2026-05-08,20:23:04.997265,IP,172.20.0.10.5002,>
2026-05-08,20:23:04.997518,IP,172.20.0.20.46413,>
2026-05-08,20:23:05.004591,IP,172.20.0.10.5002,>
2026-05-08,20:23:05.004686,IP,172.20.0.10.5002,>
2026-05-08,20:23:05.004920,IP,172.20.0.10.5002,>
2026-05-08,20:23:05.005098,IP,172.20.0.20.46413,>
2026-05-08,20:23:05.005398,IP,172.20.0.20.46413,>
2026-05-08,20:23:05.005682,IP,172.20.0.20.46413,>
2026-05-08,20:23:05.006081,IP,172.20.0.10.5002,>
2026-05-08,20:23:05.006590,IP,172.20.0.20.46413,>
2026-05-08,20:23:05.008148,IP,172.20.0.10.5002,>
2026-05-08,20:23:05.008492,IP,172.20.0.20.46413,>
2026-05-08,20:23:05.008559,IP,172.20.0.10.5002,>
2026-05-08,20:23:05.008891,IP,172.20.0.20.46413,>
2026-05-08,20:23:05.008932,IP,172.20.0.10.5002,>
2026-05-08,20:23:05.009016,IP,172.20.0.10.5002,>
2026-05-08,20:23:05.009208,IP,172.20.0.20.46413,>
2026-05-08,20:23:05.009446,IP,172.20.0.20.46413,>
2026-05-08,20:23:05.015433,IP,172.20.0.10.5002,>
2026-05-08,20:23:05.015616,IP,172.20.0.10.5002,>
2026-05-08,20:23:05.015831,IP,172.20.0.20.46413,>
2026-05-08,20:23:05.016126,IP,172.20.0.20.46413,>
2026-05-08,20:23:05.016680,IP,172.20.0.10.5002,>
2026-05-08,20:23:05.016776,IP,172.20.0.10.5002,>
2026-05-08,20:23:05.017056,IP,172.20.0.20.46413,>
2026-05-08,20:23:05.017294,IP,172.20.0.20.46413,>
2026-05-08,20:23:05.018891,IP,172.20.0.10.5002,>
2026-05-08,20:23:05.019211,IP,172.20.0.20.46413,>
2026-05-08,20:23:05.020926,IP,172.20.0.10.5002,>
2026-05-08,20:23:05.021244,IP,172.20.0.10.5002,>
2026-05-08,20:23:05.021276,IP,172.20.0.20.46413,>
2026-05-08,20:23:05.021316,IP,172.20.0.10.5002,>
2026-05-08,20:23:05.021523,IP,172.20.0.20.46413,>
2026-05-08,20:23:05.021757,IP,172.20.0.20.46413,>
2026-05-08,20:23:05.026206,IP,172.20.0.10.5002,>
2026-05-08,20:23:05.026216,IP,172.20.0.10.5002,>
2026-05-08,20:23:05.026650,IP,172.20.0.20.46413,>
2026-05-08,20:23:05.026969,IP,172.20.0.20.46413,>
2026-05-08,20:23:05.027212,IP,172.20.0.10.5002,>
2026-05-08,20:23:05.027568,IP,172.20.0.20.46413,>
2026-05-08,20:23:05.028234,IP,172.20.0.10.5002,>
2026-05-08,20:23:05.028556,IP,172.20.0.20.46413,>
2026-05-08,20:23:05.029562,IP,172.20.0.10.5002,>
2026-05-08,20:23:05.029984,IP,172.20.0.20.46413,>
2026-05-08,20:23:05.031460,IP,172.20.0.10.5002,>
2026-05-08,20:23:05.031779,IP,172.20.0.20.46413,>
2026-05-08,20:23:05.032416,IP,172.20.0.10.5002,>
2026-05-08,20:23:05.032496,IP,172.20.0.10.5002,>
2026-05-08,20:23:05.032774,IP,172.20.0.20.46413,>
2026-05-08,20:23:05.033079,IP,172.20.0.20.46413,>
2026-05-08,20:23:05.037041,IP,172.20.0.10.5002,>
2026-05-08,20:23:05.037131,IP,172.20.0.10.5002,>
2026-05-08,20:23:05.037464,IP,172.20.0.20.46413,>
2026-05-08,20:23:05.037787,IP,172.20.0.20.46413,>
2026-05-08,20:23:05.037931,IP,172.20.0.10.5002,>
2026-05-08,20:23:05.038265,IP,172.20.0.20.46413,>
2026-05-08,20:23:05.038763,IP,172.20.0.10.5002,>
2026-05-08,20:23:05.039498,IP,172.20.0.20.46413,>
2026-05-08,20:23:05.040296,IP,172.20.0.10.5002,>
2026-05-08,20:23:05.040662,IP,172.20.0.20.46413,>
2026-05-08,20:23:05.042036,IP,172.20.0.10.5002,>
2026-05-08,20:23:05.042382,IP,172.20.0.20.46413,>
2026-05-08,20:23:05.042965,IP,172.20.0.10.5002,>
2026-05-08,20:23:05.043287,IP,172.20.0.10.5002,>
2026-05-08,20:23:05.043297,IP,172.20.0.20.46413,>
2026-05-08,20:23:05.043564,IP,172.20.0.20.46413,>
2026-05-08,20:23:05.047787,IP,172.20.0.10.5002,>
2026-05-08,20:23:05.048210,IP,172.20.0.20.46413,>
2026-05-08,20:23:05.048535,IP,172.20.0.10.5002,>
2026-05-08,20:23:05.048581,IP,172.20.0.10.5002,>
2026-05-08,20:23:05.048957,IP,172.20.0.20.46413,>
2026-05-08,20:23:05.049215,IP,172.20.0.20.46413,>
2026-05-08,20:23:05.049725,IP,172.20.0.10.5002,>
2026-05-08,20:23:05.050113,IP,172.20.0.20.46413,>
2026-05-08,20:23:05.050998,IP,172.20.0.10.5002,>
2026-05-08,20:23:05.051409,IP,172.20.0.20.46413,>
2026-05-08,20:23:05.052722,IP,172.20.0.10.5002,>
2026-05-08,20:23:05.053099,IP,172.20.0.20.46413,>
2026-05-08,20:23:05.053724,IP,172.20.0.10.5002,>
2026-05-08,20:23:05.053817,IP,172.20.0.10.5002,>
2026-05-08,20:23:05.054109,IP,172.20.0.20.46413,>
2026-05-08,20:23:05.054347,IP,172.20.0.20.46413,>
2026-05-08,20:23:05.058735,IP,172.20.0.10.5002,>
2026-05-08,20:23:05.059134,IP,172.20.0.20.46413,>
2026-05-08,20:23:05.059294,IP,172.20.0.10.5002,>
2026-05-08,20:23:05.059380,IP,172.20.0.10.5002,>
2026-05-08,20:23:05.059680,IP,172.20.0.20.46413,>
2026-05-08,20:23:05.059982,IP,172.20.0.20.46413,>
2026-05-08,20:23:05.060357,IP,172.20.0.10.5002,>
2026-05-08,20:23:05.060687,IP,172.20.0.20.46413,>
2026-05-08,20:23:05.061980,IP,172.20.0.10.5002,>
2026-05-08,20:23:05.062310,IP,172.20.0.20.46413,>
2026-05-08,20:23:05.067467,IP,172.20.0.10.5002,>
2026-05-08,20:23:05.067489,IP,172.20.0.10.5002,>
2026-05-08,20:23:05.067576,IP,172.20.0.10.5002,>
2026-05-08,20:23:05.067868,IP,172.20.0.20.46413,>
2026-05-08,20:23:05.068262,IP,172.20.0.20.46413,>
2026-05-08,20:23:05.068515,IP,172.20.0.20.46413,>
2026-05-08,20:23:05.069535,IP,172.20.0.10.5002,>
2026-05-08,20:23:05.069893,IP,172.20.0.20.46413,>
2026-05-08,20:23:05.070278,IP,172.20.0.10.5002,>
2026-05-08,20:23:05.070660,IP,172.20.0.20.46413,>
2026-05-08,20:23:05.070723,IP,172.20.0.10.5002,>
2026-05-08,20:23:05.070864,IP,172.20.0.10.5002,>
2026-05-08,20:23:05.071072,IP,172.20.0.20.46413,>
2026-05-08,20:23:05.071316,IP,172.20.0.20.46413,>
2026-05-08,20:23:05.074643,IP,172.20.0.10.5002,>
2026-05-08,20:23:05.075025,IP,172.20.0.20.46413,>
2026-05-08,20:23:05.078059,IP,172.20.0.10.5002,>
2026-05-08,20:23:05.078429,IP,172.20.0.20.46413,>
2026-05-08,20:23:05.078632,IP,172.20.0.10.5002,>
2026-05-08,20:23:05.078704,IP,172.20.0.10.5002,>
2026-05-08,20:23:05.078989,IP,172.20.0.20.46413,>
2026-05-08,20:23:05.079258,IP,172.20.0.20.46413,>
2026-05-08,20:23:05.080283,IP,172.20.0.10.5002,>
2026-05-08,20:23:05.080686,IP,172.20.0.20.46413,>
2026-05-08,20:23:05.081113,IP,172.20.0.10.5002,>
2026-05-08,20:23:05.081190,IP,172.20.0.10.5002,>
2026-05-08,20:23:05.081430,IP,172.20.0.20.46413,>
2026-05-08,20:23:05.081592,IP,172.20.0.10.5002,>
2026-05-08,20:23:05.081684,IP,172.20.0.20.46413,>
2026-05-08,20:23:05.082019,IP,172.20.0.20.46413,>
2026-05-08,20:23:05.085388,IP,172.20.0.10.5002,>
2026-05-08,20:23:05.085826,IP,172.20.0.20.46413,>
2026-05-08,20:23:05.088833,IP,172.20.0.10.5002,>
2026-05-08,20:23:05.089248,IP,172.20.0.20.46413,>
2026-05-08,20:23:05.089620,IP,172.20.0.10.5002,>
2026-05-08,20:23:05.089908,IP,172.20.0.10.5002,>
2026-05-08,20:23:05.090317,IP,172.20.0.20.46413,>
2026-05-08,20:23:05.090654,IP,172.20.0.20.46413,>
2026-05-08,20:23:05.090980,IP,172.20.0.10.5002,>
2026-05-08,20:23:05.091364,IP,172.20.0.20.46413,>
2026-05-08,20:23:05.091778,IP,172.20.0.10.5002,>
2026-05-08,20:23:05.092087,IP,172.20.0.10.5002,>
2026-05-08,20:23:05.092134,IP,172.20.0.20.46413,>
2026-05-08,20:23:05.092157,IP,172.20.0.10.5002,>
2026-05-08,20:23:05.092372,IP,172.20.0.20.46413,>
2026-05-08,20:23:05.092598,IP,172.20.0.20.46413,>
2026-05-08,20:23:05.096179,IP,172.20.0.10.5002,>
2026-05-08,20:23:05.096595,IP,172.20.0.20.46413,>
2026-05-08,20:23:05.099520,IP,172.20.0.10.5002,>
2026-05-08,20:23:05.100038,IP,172.20.0.20.46413,>
2026-05-08,20:23:05.100564,IP,172.20.0.10.5002,>
2026-05-08,20:23:05.100869,IP,172.20.0.10.5002,>
2026-05-08,20:23:05.101029,IP,172.20.0.20.46413,>
2026-05-08,20:23:05.101457,IP,172.20.0.20.46413,>
2026-05-08,20:23:05.101696,IP,172.20.0.10.5002,>
2026-05-08,20:23:05.102099,IP,172.20.0.20.46413,>
2026-05-08,20:23:05.102316,IP,172.20.0.10.5002,>
2026-05-08,20:23:05.102553,IP,172.20.0.10.5002,>
2026-05-08,20:23:05.102646,IP,172.20.0.20.46413,>
2026-05-08,20:23:05.102809,IP,172.20.0.10.5002,>
2026-05-08,20:23:05.102948,IP,172.20.0.20.46413,>
2026-05-08,20:23:05.103251,IP,172.20.0.20.46413,>
2026-05-08,20:23:05.106920,IP,172.20.0.10.5002,>
2026-05-08,20:23:05.107221,IP,172.20.0.20.46413,>
2026-05-08,20:23:05.110386,IP,172.20.0.10.5002,>
2026-05-08,20:23:05.110920,IP,172.20.0.20.46413,>
2026-05-08,20:23:05.111257,IP,172.20.0.10.5002,>
2026-05-08,20:23:05.111613,IP,172.20.0.10.5002,>
2026-05-08,20:23:05.112126,IP,172.20.0.20.46413,>
2026-05-08,20:23:05.112335,IP,172.20.0.10.5002,>
2026-05-08,20:23:05.112514,IP,172.20.0.20.46413,>
2026-05-08,20:23:05.112854,IP,172.20.0.20.46413,>
2026-05-08,20:23:05.112967,IP,172.20.0.10.5002,>
2026-05-08,20:23:05.113162,IP,172.20.0.10.5002,>
2026-05-08,20:23:05.113429,IP,172.20.0.10.5002,>
2026-05-08,20:23:05.113509,IP,172.20.0.20.46413,>
2026-05-08,20:23:05.113785,IP,172.20.0.20.46413,>
2026-05-08,20:23:05.114147,IP,172.20.0.20.46413,>
2026-05-08,20:23:05.117572,IP,172.20.0.10.5002,>
2026-05-08,20:23:05.118054,IP,172.20.0.20.46413,>
2026-05-08,20:23:05.121206,IP,172.20.0.10.5002,>
2026-05-08,20:23:05.121626,IP,172.20.0.20.46413,>
2026-05-08,20:23:05.122368,IP,172.20.0.10.5002,>
2026-05-08,20:23:05.122707,IP,172.20.0.20.46413,>
2026-05-08,20:23:05.122815,IP,172.20.0.10.5002,>
2026-05-08,20:23:05.123232,IP,172.20.0.20.46413,>
2026-05-08,20:23:05.123383,IP,172.20.0.10.5002,>
2026-05-08,20:23:05.123716,IP,172.20.0.10.5002,>
2026-05-08,20:23:05.123724,IP,172.20.0.20.46413,>
2026-05-08,20:23:05.124035,IP,172.20.0.10.5002,>
2026-05-08,20:23:05.124050,IP,172.20.0.20.46413,>
2026-05-08,20:23:05.124318,IP,172.20.0.10.5002,>
2026-05-08,20:23:05.124334,IP,172.20.0.20.46413,>
2026-05-08,20:23:05.124602,IP,172.20.0.20.46413,>
2026-05-08,20:23:05.128392,IP,172.20.0.10.5002,>
2026-05-08,20:23:05.128734,IP,172.20.0.20.46413,>
2026-05-08,20:23:05.131883,IP,172.20.0.10.5002,>
2026-05-08,20:23:05.132302,IP,172.20.0.20.46413,>
2026-05-08,20:23:05.133005,IP,172.20.0.10.5002,>
2026-05-08,20:23:05.133382,IP,172.20.0.20.46413,>
2026-05-08,20:23:05.133410,IP,172.20.0.10.5002,>
2026-05-08,20:23:05.133821,IP,172.20.0.20.46413,>
2026-05-08,20:23:05.134266,IP,172.20.0.10.5002,>
2026-05-08,20:23:05.134348,IP,172.20.0.10.5002,>
2026-05-08,20:23:05.134454,IP,172.20.0.10.5002,>
2026-05-08,20:23:05.134766,IP,172.20.0.10.5002,>
2026-05-08,20:23:05.134852,IP,172.20.0.20.46413,>
2026-05-08,20:23:05.135137,IP,172.20.0.20.46413,>
2026-05-08,20:23:05.135381,IP,172.20.0.20.46413,>
2026-05-08,20:23:05.135622,IP,172.20.0.20.46413,>
2026-05-08,20:23:05.139194,IP,172.20.0.10.5002,>
2026-05-08,20:23:05.139515,IP,172.20.0.20.46413,>
2026-05-08,20:23:05.142471,IP,172.20.0.10.5002,>
2026-05-08,20:23:05.142770,IP,172.20.0.20.46413,>
2026-05-08,20:23:05.143633,IP,172.20.0.10.5002,>
2026-05-08,20:23:05.143959,IP,172.20.0.20.46413,>
2026-05-08,20:23:05.144032,IP,172.20.0.10.5002,>
2026-05-08,20:23:05.144318,IP,172.20.0.20.46413,>
2026-05-08,20:23:05.145165,IP,172.20.0.10.5002,>
2026-05-08,20:23:05.145291,IP,172.20.0.10.5002,>
2026-05-08,20:23:05.145526,IP,172.20.0.20.46413,>
2026-05-08,20:23:05.145559,IP,172.20.0.10.5002,>
2026-05-08,20:23:05.145817,IP,172.20.0.10.5002,>
2026-05-08,20:23:05.146040,IP,172.20.0.20.46413,>
2026-05-08,20:23:05.146307,IP,172.20.0.20.46413,>
2026-05-08,20:23:05.146551,IP,172.20.0.20.46413,>
2026-05-08,20:23:05.149820,IP,172.20.0.10.5002,>
2026-05-08,20:23:05.150191,IP,172.20.0.20.46413,>
2026-05-08,20:23:05.153044,IP,172.20.0.10.5002,>
2026-05-08,20:23:05.153451,IP,172.20.0.20.46413,>
2026-05-08,20:23:05.154193,IP,172.20.0.10.5002,>
2026-05-08,20:23:05.154513,IP,172.20.0.10.5002,>
2026-05-08,20:23:05.154601,IP,172.20.0.20.46413,>
2026-05-08,20:23:05.154891,IP,172.20.0.20.46413,>
2026-05-08,20:23:05.155845,IP,172.20.0.10.5002,>
2026-05-08,20:23:05.156186,IP,172.20.0.20.46413,>
2026-05-08,20:23:05.156253,IP,172.20.0.10.5002,>
2026-05-08,20:23:05.156455,IP,172.20.0.10.5002,>
2026-05-08,20:23:05.156554,IP,172.20.0.20.46413,>
2026-05-08,20:23:05.156831,IP,172.20.0.20.46413,>
2026-05-08,20:23:05.156840,IP,172.20.0.10.5002,>
2026-05-08,20:23:05.157061,IP,172.20.0.20.46413,>
2026-05-08,20:23:05.160543,IP,172.20.0.10.5002,>
2026-05-08,20:23:05.160978,IP,172.20.0.20.46413,>
2026-05-08,20:23:05.163694,IP,172.20.0.10.5002,>
2026-05-08,20:23:05.164070,IP,172.20.0.20.46413,>
2026-05-08,20:23:05.164830,IP,172.20.0.10.5002,>
2026-05-08,20:23:05.165142,IP,172.20.0.10.5002,>
2026-05-08,20:23:05.165179,IP,172.20.0.20.46413,>
2026-05-08,20:23:05.165468,IP,172.20.0.20.46413,>
2026-05-08,20:23:05.166485,IP,172.20.0.10.5002,>
2026-05-08,20:23:05.166855,IP,172.20.0.10.5002,>
2026-05-08,20:23:05.166876,IP,172.20.0.20.46413,>
2026-05-08,20:23:05.167082,IP,172.20.0.10.5002,>
2026-05-08,20:23:05.167139,IP,172.20.0.20.46413,>
2026-05-08,20:23:05.167235,IP,172.20.0.10.5002,>
2026-05-08,20:23:05.167365,IP,172.20.0.20.46413,>
2026-05-08,20:23:05.167611,IP,172.20.0.20.46413,>
2026-05-08,20:23:05.171308,IP,172.20.0.10.5002,>
2026-05-08,20:23:05.171718,IP,172.20.0.20.46413,>
2026-05-08,20:23:05.174296,IP,172.20.0.10.5002,>
2026-05-08,20:23:05.174629,IP,172.20.0.20.46413,>
2026-05-08,20:23:05.175391,IP,172.20.0.10.5002,>
2026-05-08,20:23:05.175684,IP,172.20.0.10.5002,>
2026-05-08,20:23:05.175767,IP,172.20.0.20.46413,>
2026-05-08,20:23:05.176140,IP,172.20.0.20.46413,>
2026-05-08,20:23:05.177208,IP,172.20.0.10.5002,>
2026-05-08,20:23:05.177968,IP,172.20.0.10.5002,>
2026-05-08,20:23:05.177977,IP,172.20.0.10.5002,>
2026-05-08,20:23:05.178034,IP,172.20.0.20.46413,>
2026-05-08,20:23:05.178110,IP,172.20.0.10.5002,>
2026-05-08,20:23:05.178405,IP,172.20.0.20.46413,>
2026-05-08,20:23:05.178673,IP,172.20.0.20.46413,>
2026-05-08,20:23:05.179114,IP,172.20.0.20.46413,>
2026-05-08,20:23:05.182290,IP,172.20.0.10.5002,>
2026-05-08,20:23:05.182688,IP,172.20.0.20.46413,>
2026-05-08,20:23:05.184898,IP,172.20.0.10.5002,>
2026-05-08,20:23:05.185270,IP,172.20.0.20.46413,>
2026-05-08,20:23:05.186069,IP,172.20.0.10.5002,>
2026-05-08,20:23:05.186900,IP,172.20.0.10.5002,>
2026-05-08,20:23:05.187010,IP,172.20.0.20.46413,>
2026-05-08,20:23:05.187304,IP,172.20.0.20.46413,>
2026-05-08,20:23:05.188395,IP,172.20.0.10.5002,>
2026-05-08,20:23:05.188604,IP,172.20.0.10.5002,>
2026-05-08,20:23:05.188840,IP,172.20.0.20.46413,>
2026-05-08,20:23:05.188943,IP,172.20.0.10.5002,>
2026-05-08,20:23:05.189199,IP,172.20.0.20.46413,>
2026-05-08,20:23:05.189352,IP,172.20.0.10.5002,>
2026-05-08,20:23:05.189539,IP,172.20.0.20.46413,>
2026-05-08,20:23:05.189940,IP,172.20.0.20.46413,>
2026-05-08,20:23:05.192990,IP,172.20.0.10.5002,>
2026-05-08,20:23:05.193664,IP,172.20.0.20.46413,>
2026-05-08,20:23:05.195492,IP,172.20.0.10.5002,>
2026-05-08,20:23:05.195934,IP,172.20.0.20.46413,>
2026-05-08,20:23:05.197278,IP,172.20.0.10.5002,>
2026-05-08,20:23:05.197501,IP,172.20.0.10.5002,>
2026-05-08,20:23:05.198077,IP,172.20.0.20.46413,>
2026-05-08,20:23:05.198704,IP,172.20.0.20.46413,>
2026-05-08,20:23:05.199197,IP,172.20.0.10.5002,>
2026-05-08,20:23:05.199453,IP,172.20.0.10.5002,>
2026-05-08,20:23:05.199541,IP,172.20.0.20.46413,>
2026-05-08,20:23:05.199780,IP,172.20.0.10.5002,>
2026-05-08,20:23:05.199827,IP,172.20.0.20.46413,>
2026-05-08,20:23:05.200120,IP,172.20.0.10.5002,>
2026-05-08,20:23:05.200371,IP,172.20.0.20.46413,>
2026-05-08,20:23:05.200852,IP,172.20.0.20.46413,>
2026-05-08,20:23:05.204038,IP,172.20.0.10.5002,>
2026-05-08,20:23:05.204502,IP,172.20.0.20.46413,>
2026-05-08,20:23:05.206122,IP,172.20.0.10.5002,>
2026-05-08,20:23:05.206448,IP,172.20.0.20.46413,>
2026-05-08,20:23:05.208266,IP,172.20.0.10.5002,>
2026-05-08,20:23:05.208716,IP,172.20.0.20.46413,>
2026-05-08,20:23:05.208937,IP,172.20.0.10.5002,>
2026-05-08,20:23:05.209297,IP,172.20.0.20.46413,>
2026-05-08,20:23:05.209982,IP,172.20.0.10.5002,>
2026-05-08,20:23:05.210075,IP,172.20.0.10.5002,>
2026-05-08,20:23:05.210312,IP,172.20.0.20.46413,>
2026-05-08,20:23:05.210700,IP,172.20.0.10.5002,>
2026-05-08,20:23:05.210775,IP,172.20.0.20.46413,>
2026-05-08,20:23:05.211050,IP,172.20.0.10.5002,>
2026-05-08,20:23:05.211061,IP,172.20.0.20.46413,>
2026-05-08,20:23:05.211295,IP,172.20.0.20.46413,>
2026-05-08,20:23:05.214783,IP,172.20.0.10.5002,>
2026-05-08,20:23:05.215164,IP,172.20.0.20.46413,>
2026-05-08,20:23:05.216657,IP,172.20.0.10.5002,>
2026-05-08,20:23:05.217035,IP,172.20.0.20.46413,>
2026-05-08,20:23:05.218981,IP,172.20.0.10.5002,>
2026-05-08,20:23:05.219337,IP,172.20.0.20.46413,>
2026-05-08,20:23:05.219458,IP,172.20.0.10.5002,>
2026-05-08,20:23:05.219884,IP,172.20.0.20.46413,>
2026-05-08,20:23:05.220609,IP,172.20.0.10.5002,>
2026-05-08,20:23:05.221014,IP,172.20.0.10.5002,>
2026-05-08,20:23:05.221024,IP,172.20.0.20.46413,>
2026-05-08,20:23:05.221207,IP,172.20.0.10.5002,>
2026-05-08,20:23:05.221305,IP,172.20.0.20.46413,>
2026-05-08,20:23:05.221461,IP,172.20.0.10.5002,>
2026-05-08,20:23:05.221544,IP,172.20.0.20.46413,>
2026-05-08,20:23:05.221781,IP,172.20.0.20.46413,>
2026-05-08,20:23:05.225464,IP,172.20.0.10.5002,>
2026-05-08,20:23:05.225987,IP,172.20.0.20.46413,>
2026-05-08,20:23:05.227268,IP,172.20.0.10.5002,>
2026-05-08,20:23:05.227672,IP,172.20.0.20.46413,>
2026-05-08,20:23:05.229679,IP,172.20.0.10.5002,>
2026-05-08,20:23:05.230084,IP,172.20.0.10.5002,>
2026-05-08,20:23:05.230134,IP,172.20.0.20.46413,>
2026-05-08,20:23:05.230391,IP,172.20.0.20.46413,>
2026-05-08,20:23:05.231392,IP,172.20.0.10.5002,>
2026-05-08,20:23:05.231561,IP,172.20.0.10.5002,>
2026-05-08,20:23:05.231719,IP,172.20.0.10.5002,>
2026-05-08,20:23:05.231735,IP,172.20.0.20.46413,>
2026-05-08,20:23:05.232024,IP,172.20.0.20.46413,>
2026-05-08,20:23:05.232056,IP,172.20.0.10.5002,>
2026-05-08,20:23:05.232697,IP,172.20.0.20.46413,>
2026-05-08,20:23:05.232981,IP,172.20.0.20.46413,>
2026-05-08,20:23:05.236249,IP,172.20.0.10.5002,>
2026-05-08,20:23:05.236599,IP,172.20.0.20.46413,>
2026-05-08,20:23:05.237907,IP,172.20.0.10.5002,>
2026-05-08,20:23:05.238226,IP,172.20.0.20.46413,>
2026-05-08,20:23:05.240385,IP,172.20.0.10.5002,>
2026-05-08,20:23:05.240619,IP,172.20.0.10.5002,>
2026-05-08,20:23:05.240701,IP,172.20.0.20.46413,>
2026-05-08,20:23:05.241016,IP,172.20.0.20.46413,>
2026-05-08,20:23:05.242061,IP,172.20.0.10.5002,>
2026-05-08,20:23:05.242139,IP,172.20.0.10.5002,>
2026-05-08,20:23:05.242619,IP,172.20.0.20.46413,>
2026-05-08,20:23:05.242928,IP,172.20.0.10.5002,>
2026-05-08,20:23:05.243107,IP,172.20.0.20.46413,>
2026-05-08,20:23:05.243146,IP,172.20.0.10.5002,>
2026-05-08,20:23:05.243375,IP,172.20.0.20.46413,>
2026-05-08,20:23:05.243626,IP,172.20.0.20.46413,>
2026-05-08,20:23:05.246944,IP,172.20.0.10.5002,>
2026-05-08,20:23:05.247278,IP,172.20.0.20.46413,>
2026-05-08,20:23:05.248450,IP,172.20.0.10.5002,>
2026-05-08,20:23:05.248845,IP,172.20.0.20.46413,>
2026-05-08,20:23:05.250952,IP,172.20.0.10.5002,>
2026-05-08,20:23:05.251167,IP,172.20.0.10.5002,>
2026-05-08,20:23:05.251303,IP,172.20.0.20.46413,>
2026-05-08,20:23:05.251581,IP,172.20.0.20.46413,>
2026-05-08,20:23:05.252953,IP,172.20.0.10.5002,>
2026-05-08,20:23:05.253273,IP,172.20.0.10.5002,>
2026-05-08,20:23:05.253279,IP,172.20.0.20.46413,>
2026-05-08,20:23:05.253519,IP,172.20.0.10.5002,>
2026-05-08,20:23:05.253745,IP,172.20.0.20.46413,>
2026-05-08,20:23:05.253810,IP,172.20.0.10.5002,>
2026-05-08,20:23:05.254129,IP,172.20.0.20.46413,>
2026-05-08,20:23:05.254491,IP,172.20.0.20.46413,>
2026-05-08,20:23:05.257602,IP,172.20.0.10.5002,>
2026-05-08,20:23:05.258058,IP,172.20.0.20.46413,>
2026-05-08,20:23:05.259103,IP,172.20.0.10.5002,>
2026-05-08,20:23:05.259529,IP,172.20.0.20.46413,>
2026-05-08,20:23:05.261514,IP,172.20.0.10.5002,>
2026-05-08,20:23:05.261777,IP,172.20.0.10.5002,>
2026-05-08,20:23:05.261983,IP,172.20.0.20.46413,>
2026-05-08,20:23:05.262255,IP,172.20.0.20.46413,>
2026-05-08,20:23:05.263561,IP,172.20.0.10.5002,>
2026-05-08,20:23:05.263979,IP,172.20.0.20.46413,>
2026-05-08,20:23:05.264037,IP,172.20.0.10.5002,>
2026-05-08,20:23:05.264304,IP,172.20.0.10.5002,>
2026-05-08,20:23:05.264381,IP,172.20.0.20.46413,>
2026-05-08,20:23:05.264676,IP,172.20.0.10.5002,>
2026-05-08,20:23:05.264678,IP,172.20.0.20.46413,>
2026-05-08,20:23:05.264961,IP,172.20.0.20.46413,>
2026-05-08,20:23:05.268349,IP,172.20.0.10.5002,>
2026-05-08,20:23:05.268759,IP,172.20.0.20.46413,>
2026-05-08,20:23:05.269788,IP,172.20.0.10.5002,>
2026-05-08,20:23:05.270193,IP,172.20.0.20.46413,>
2026-05-08,20:23:05.272276,IP,172.20.0.10.5002,>
2026-05-08,20:23:05.272603,IP,172.20.0.20.46413,>
2026-05-08,20:23:05.272644,IP,172.20.0.10.5002,>
2026-05-08,20:23:05.272930,IP,172.20.0.20.46413,>
2026-05-08,20:23:05.274375,IP,172.20.0.10.5002,>
2026-05-08,20:23:05.274598,IP,172.20.0.10.5002,>
2026-05-08,20:23:05.274779,IP,172.20.0.20.46413,>
2026-05-08,20:23:05.274894,IP,172.20.0.10.5002,>
2026-05-08,20:23:05.275061,IP,172.20.0.20.46413,>
2026-05-08,20:23:05.275286,IP,172.20.0.20.46413,>
2026-05-08,20:23:05.275295,IP,172.20.0.10.5002,>
2026-05-08,20:23:05.275558,IP,172.20.0.20.46413,>
2026-05-08,20:23:05.279072,IP,172.20.0.10.5002,>
2026-05-08,20:23:05.279687,IP,172.20.0.20.46413,>
2026-05-08,20:23:05.280407,IP,172.20.0.10.5002,>
2026-05-08,20:23:05.280959,IP,172.20.0.20.46413,>
2026-05-08,20:23:05.282858,IP,172.20.0.10.5002,>
2026-05-08,20:23:05.283153,IP,172.20.0.10.5002,>
2026-05-08,20:23:05.283277,IP,172.20.0.20.46413,>
2026-05-08,20:23:05.283701,IP,172.20.0.20.46413,>
2026-05-08,20:23:05.285185,IP,172.20.0.10.5002,>
2026-05-08,20:23:05.285261,IP,172.20.0.10.5002,>
2026-05-08,20:23:05.285459,IP,172.20.0.10.5002,>
2026-05-08,20:23:05.285597,IP,172.20.0.20.46413,>
2026-05-08,20:23:05.285895,IP,172.20.0.10.5002,>
2026-05-08,20:23:05.286032,IP,172.20.0.20.46413,>
2026-05-08,20:23:05.286356,IP,172.20.0.20.46413,>
2026-05-08,20:23:05.286700,IP,172.20.0.20.46413,>
2026-05-08,20:23:05.290399,IP,172.20.0.10.5002,>
2026-05-08,20:23:05.290745,IP,172.20.0.20.46413,>
2026-05-08,20:23:05.291162,IP,172.20.0.10.5002,>
2026-05-08,20:23:05.291498,IP,172.20.0.20.46413,>
2026-05-08,20:23:05.293518,IP,172.20.0.10.5002,>
2026-05-08,20:23:05.293972,IP,172.20.0.20.46413,>
2026-05-08,20:23:05.294216,IP,172.20.0.10.5002,>
2026-05-08,20:23:05.294610,IP,172.20.0.20.46413,>
2026-05-08,20:23:05.296286,IP,172.20.0.10.5002,>
2026-05-08,20:23:05.296318,IP,172.20.0.10.5002,>
2026-05-08,20:23:05.296522,IP,172.20.0.10.5002,>
2026-05-08,20:23:05.296666,IP,172.20.0.20.46413,>
2026-05-08,20:23:05.296928,IP,172.20.0.10.5002,>
2026-05-08,20:23:05.296961,IP,172.20.0.20.46413,>
2026-05-08,20:23:05.297175,IP,172.20.0.20.46413,>
2026-05-08,20:23:05.297510,IP,172.20.0.20.46413,>
2026-05-08,20:23:05.301103,IP,172.20.0.10.5002,>
2026-05-08,20:23:05.301511,IP,172.20.0.20.46413,>
2026-05-08,20:23:05.301691,IP,172.20.0.10.5002,>
2026-05-08,20:23:05.302182,IP,172.20.0.20.46413,>
2026-05-08,20:23:05.304287,IP,172.20.0.10.5002,>
2026-05-08,20:23:05.304644,IP,172.20.0.20.46413,>
2026-05-08,20:23:05.304882,IP,172.20.0.10.5002,>
2026-05-08,20:23:05.305228,IP,172.20.0.20.46413,>
2026-05-08,20:23:05.307089,IP,172.20.0.10.5002,>
2026-05-08,20:23:05.307168,IP,172.20.0.10.5002,>
2026-05-08,20:23:05.307384,IP,172.20.0.10.5002,>
2026-05-08,20:23:05.307495,IP,172.20.0.20.46413,>
2026-05-08,20:23:05.307696,IP,172.20.0.10.5002,>
2026-05-08,20:23:05.307767,IP,172.20.0.20.46413,>
2026-05-08,20:23:05.308096,IP,172.20.0.20.46413,>
2026-05-08,20:23:05.308505,IP,172.20.0.20.46413,>
2026-05-08,20:23:05.311822,IP,172.20.0.10.5002,>
2026-05-08,20:23:05.312205,IP,172.20.0.20.46413,>
2026-05-08,20:23:05.312903,IP,172.20.0.10.5002,>
2026-05-08,20:23:05.313223,IP,172.20.0.20.46413,>
2026-05-08,20:23:05.314878,IP,172.20.0.10.5002,>
2026-05-08,20:23:05.315200,IP,172.20.0.20.46413,>
2026-05-08,20:23:05.315437,IP,172.20.0.10.5002,>
2026-05-08,20:23:05.315766,IP,172.20.0.20.46413,>
2026-05-08,20:23:05.318041,IP,172.20.0.10.5002,>
2026-05-08,20:23:05.318375,IP,172.20.0.10.5002,>
2026-05-08,20:23:05.318458,IP,172.20.0.20.46413,>
2026-05-08,20:23:05.318461,IP,172.20.0.10.5002,>
2026-05-08,20:23:05.318783,IP,172.20.0.20.46413,>
2026-05-08,20:23:05.318787,IP,172.20.0.10.5002,>
2026-05-08,20:23:05.319062,IP,172.20.0.20.46413,>
2026-05-08,20:23:05.319300,IP,172.20.0.20.46413,>
2026-05-08,20:23:05.322812,IP,172.20.0.10.5002,>
2026-05-08,20:23:05.323238,IP,172.20.0.20.46413,>
2026-05-08,20:23:05.323402,IP,172.20.0.10.5002,>
2026-05-08,20:23:05.323753,IP,172.20.0.20.46413,>
2026-05-08,20:23:05.325403,IP,172.20.0.10.5002,>
2026-05-08,20:23:05.325836,IP,172.20.0.20.46413,>
2026-05-08,20:23:05.326297,IP,172.20.0.10.5002,>
2026-05-08,20:23:05.326756,IP,172.20.0.20.46413,>
2026-05-08,20:23:05.328787,IP,172.20.0.10.5002,>
2026-05-08,20:23:05.328979,IP,172.20.0.10.5002,>
2026-05-08,20:23:05.329175,IP,172.20.0.20.46413,>
2026-05-08,20:23:05.329400,IP,172.20.0.10.5002,>
2026-05-08,20:23:05.329474,IP,172.20.0.10.5002,>
2026-05-08,20:23:05.329484,IP,172.20.0.20.46413,>
2026-05-08,20:23:05.329704,IP,172.20.0.20.46413,>
2026-05-08,20:23:05.330019,IP,172.20.0.20.46413,>
2026-05-08,20:23:05.333542,IP,172.20.0.10.5002,>
2026-05-08,20:23:05.334083,IP,172.20.0.20.46413,>
2026-05-08,20:23:05.334140,IP,172.20.0.10.5002,>
2026-05-08,20:23:05.334503,IP,172.20.0.20.46413,>
2026-05-08,20:23:05.336091,IP,172.20.0.10.5002,>
2026-05-08,20:23:05.336453,IP,172.20.0.20.46413,>
2026-05-08,20:23:05.337139,IP,172.20.0.10.5002,>
2026-05-08,20:23:05.337485,IP,172.20.0.20.46413,>
2026-05-08,20:23:05.339484,IP,172.20.0.10.5002,>
2026-05-08,20:23:05.339633,IP,172.20.0.10.5002,>
2026-05-08,20:23:05.339934,IP,172.20.0.20.46413,>
2026-05-08,20:23:05.339987,IP,172.20.0.10.5002,>
2026-05-08,20:23:05.340313,IP,172.20.0.20.46413,>
2026-05-08,20:23:05.340439,IP,172.20.0.10.5002,>
2026-05-08,20:23:05.340618,IP,172.20.0.20.46413,>
2026-05-08,20:23:05.340910,IP,172.20.0.20.46413,>
2026-05-08,20:23:05.344552,IP,172.20.0.10.5002,>
2026-05-08,20:23:05.344904,IP,172.20.0.20.46413,>
2026-05-08,20:23:05.345316,IP,172.20.0.10.5002,>
2026-05-08,20:23:05.345927,IP,172.20.0.20.46413,>
2026-05-08,20:23:05.346691,IP,172.20.0.10.5002,>
2026-05-08,20:23:05.347054,IP,172.20.0.20.46413,>
2026-05-08,20:23:05.347692,IP,172.20.0.10.5002,>
2026-05-08,20:23:05.348065,IP,172.20.0.20.46413,>
2026-05-08,20:23:05.350310,IP,172.20.0.10.5002,>
2026-05-08,20:23:05.350605,IP,172.20.0.10.5002,>
2026-05-08,20:23:05.350618,IP,172.20.0.20.46413,>
2026-05-08,20:23:05.350748,IP,172.20.0.10.5002,>
2026-05-08,20:23:05.350960,IP,172.20.0.20.46413,>
2026-05-08,20:23:05.351101,IP,172.20.0.10.5002,>
2026-05-08,20:23:05.351168,IP,172.20.0.20.46413,>
2026-05-08,20:23:05.351456,IP,172.20.0.20.46413,>
2026-05-08,20:23:05.355236,IP,172.20.0.10.5002,>
2026-05-08,20:23:05.355605,IP,172.20.0.20.46413,>
2026-05-08,20:23:05.356134,IP,172.20.0.10.5002,>
2026-05-08,20:23:05.356589,IP,172.20.0.20.46413,>
2026-05-08,20:23:05.357234,IP,172.20.0.10.5002,>
2026-05-08,20:23:05.357552,IP,172.20.0.20.46413,>
2026-05-08,20:23:05.358318,IP,172.20.0.10.5002,>
2026-05-08,20:23:05.358648,IP,172.20.0.20.46413,>
2026-05-08,20:23:05.361110,IP,172.20.0.10.5002,>
2026-05-08,20:23:05.361303,IP,172.20.0.10.5002,>
2026-05-08,20:23:05.361383,IP,172.20.0.10.5002,>
2026-05-08,20:23:05.361513,IP,172.20.0.20.46413,>
2026-05-08,20:23:05.362047,IP,172.20.0.10.5002,>
2026-05-08,20:23:05.362125,IP,172.20.0.20.46413,>
2026-05-08,20:23:05.362514,IP,172.20.0.20.46413,>
2026-05-08,20:23:05.362923,IP,172.20.0.20.46413,>
2026-05-08,20:23:05.365971,IP,172.20.0.10.5002,>
2026-05-08,20:23:05.366327,IP,172.20.0.20.46413,>
2026-05-08,20:23:05.366847,IP,172.20.0.10.5002,>
2026-05-08,20:23:05.367179,IP,172.20.0.20.46413,>
2026-05-08,20:23:05.367753,IP,172.20.0.10.5002,>
2026-05-08,20:23:05.368109,IP,172.20.0.20.46413,>
2026-05-08,20:23:05.368935,IP,172.20.0.10.5002,>
2026-05-08,20:23:05.369383,IP,172.20.0.20.46413,>
2026-05-08,20:23:05.371756,IP,172.20.0.10.5002,>
2026-05-08,20:23:05.372158,IP,172.20.0.20.46413,>
2026-05-08,20:23:05.372280,IP,172.20.0.10.5002,>
2026-05-08,20:23:05.372576,IP,172.20.0.20.46413,>
2026-05-08,20:23:05.372658,IP,172.20.0.10.5002,>
2026-05-08,20:23:05.373073,IP,172.20.0.10.5002,>
2026-05-08,20:23:05.374138,IP,172.20.0.20.46413,>
2026-05-08,20:23:05.374419,IP,172.20.0.20.46413,>
2026-05-08,20:23:05.376649,IP,172.20.0.10.5002,>
2026-05-08,20:23:05.377040,IP,172.20.0.20.46413,>
2026-05-08,20:23:05.377443,IP,172.20.0.10.5002,>
2026-05-08,20:23:05.378135,IP,172.20.0.20.46413,>
2026-05-08,20:23:05.378292,IP,172.20.0.10.5002,>
2026-05-08,20:23:05.378725,IP,172.20.0.20.46413,>
2026-05-08,20:23:05.379736,IP,172.20.0.10.5002,>
2026-05-08,20:23:05.380300,IP,172.20.0.20.46413,>
2026-05-08,20:23:05.382556,IP,172.20.0.10.5002,>
2026-05-08,20:23:05.382785,IP,172.20.0.10.5002,>
2026-05-08,20:23:05.382948,IP,172.20.0.20.46413,>
2026-05-08,20:23:05.383216,IP,172.20.0.20.46413,>
2026-05-08,20:23:05.384320,IP,172.20.0.10.5002,>
2026-05-08,20:23:05.384591,IP,172.20.0.10.5002,>
2026-05-08,20:23:05.384688,IP,172.20.0.20.46413,>
2026-05-08,20:23:05.385033,IP,172.20.0.20.46413,>
2026-05-08,20:23:05.387708,IP,172.20.0.10.5002,>
2026-05-08,20:23:05.388086,IP,172.20.0.20.46413,>
2026-05-08,20:23:05.388309,IP,172.20.0.10.5002,>
2026-05-08,20:23:05.388643,IP,172.20.0.20.46413,>
2026-05-08,20:23:05.389090,IP,172.20.0.10.5002,>
2026-05-08,20:23:05.389501,IP,172.20.0.20.46413,>
2026-05-08,20:23:05.390627,IP,172.20.0.10.5002,>
2026-05-08,20:23:05.391157,IP,172.20.0.20.46413,>
2026-05-08,20:23:05.393243,IP,172.20.0.10.5002,>
2026-05-08,20:23:05.393373,IP,172.20.0.10.5002,>
2026-05-08,20:23:05.393646,IP,172.20.0.20.46413,>
2026-05-08,20:23:05.394029,IP,172.20.0.20.46413,>
2026-05-08,20:23:05.394987,IP,172.20.0.10.5002,>
2026-05-08,20:23:05.395258,IP,172.20.0.10.5002,>
2026-05-08,20:23:05.395347,IP,172.20.0.20.46413,>
2026-05-08,20:23:05.395627,IP,172.20.0.20.46413,>
2026-05-08,20:23:05.398584,IP,172.20.0.10.5002,>
2026-05-08,20:23:05.398880,IP,172.20.0.10.5002,>
2026-05-08,20:23:05.398992,IP,172.20.0.20.46413,>
2026-05-08,20:23:05.399259,IP,172.20.0.20.46413,>
2026-05-08,20:23:05.399780,IP,172.20.0.10.5002,>
2026-05-08,20:23:05.400180,IP,172.20.0.20.46413,>
2026-05-08,20:23:05.401494,IP,172.20.0.10.5002,>
2026-05-08,20:23:05.402001,IP,172.20.0.20.46413,>
2026-05-08,20:23:05.404237,IP,172.20.0.10.5002,>
2026-05-08,20:23:05.404363,IP,172.20.0.10.5002,>
2026-05-08,20:23:05.404602,IP,172.20.0.20.46413,>
2026-05-08,20:23:05.404965,IP,172.20.0.20.46413,>
2026-05-08,20:23:05.405690,IP,172.20.0.10.5002,>
2026-05-08,20:23:05.406007,IP,172.20.0.10.5002,>
2026-05-08,20:23:05.406241,IP,172.20.0.20.46413,>
2026-05-08,20:23:05.406517,IP,172.20.0.20.46413,>
2026-05-08,20:23:05.409257,IP,172.20.0.10.5002,>
2026-05-08,20:23:05.409461,IP,172.20.0.10.5002,>
2026-05-08,20:23:05.409716,IP,172.20.0.20.46413,>
2026-05-08,20:23:05.410176,IP,172.20.0.20.46413,>
2026-05-08,20:23:05.410389,IP,172.20.0.10.5002,>
2026-05-08,20:23:05.410869,IP,172.20.0.20.46413,>
2026-05-08,20:23:05.412341,IP,172.20.0.10.5002,>
2026-05-08,20:23:05.412695,IP,172.20.0.20.46413,>
2026-05-08,20:23:05.415727,IP,172.20.0.10.5002,>
2026-05-08,20:23:05.416035,IP,172.20.0.10.5002,>
2026-05-08,20:23:05.416162,IP,172.20.0.20.46413,>
2026-05-08,20:23:05.416420,IP,172.20.0.10.5002,>
2026-05-08,20:23:05.416443,IP,172.20.0.20.46413,>
2026-05-08,20:23:05.416710,IP,172.20.0.20.46413,>
2026-05-08,20:23:05.416738,IP,172.20.0.10.5002,>
2026-05-08,20:23:05.417359,IP,172.20.0.20.46413,>
2026-05-08,20:23:05.420458,IP,172.20.0.10.5002,>
2026-05-08,20:23:05.420553,IP,172.20.0.10.5002,>
2026-05-08,20:23:05.420917,IP,172.20.0.20.46413,>
2026-05-08,20:23:05.421091,IP,172.20.0.10.5002,>
2026-05-08,20:23:05.421188,IP,172.20.0.20.46413,>
2026-05-08,20:23:05.421487,IP,172.20.0.20.46413,>
2026-05-08,20:23:05.423562,IP,172.20.0.10.5002,>
2026-05-08,20:23:05.424079,IP,172.20.0.20.46413,>
2026-05-08,20:23:05.426524,IP,172.20.0.10.5002,>
2026-05-08,20:23:05.426601,IP,172.20.0.10.5002,>
2026-05-08,20:23:05.426919,IP,172.20.0.20.46413,>
2026-05-08,20:23:05.426930,IP,172.20.0.10.5002,>
2026-05-08,20:23:05.427188,IP,172.20.0.20.46413,>
2026-05-08,20:23:05.427435,IP,172.20.0.20.46413,>
2026-05-08,20:23:05.427837,IP,172.20.0.10.5002,>
2026-05-08,20:23:05.428137,IP,172.20.0.20.46413,>
2026-05-08,20:23:05.431255,IP,172.20.0.10.5002,>
2026-05-08,20:23:05.431350,IP,172.20.0.10.5002,>
2026-05-08,20:23:05.431678,IP,172.20.0.20.46413,>
2026-05-08,20:23:05.431694,IP,172.20.0.10.5002,>
2026-05-08,20:23:05.432024,IP,172.20.0.20.46413,>
2026-05-08,20:23:05.432274,IP,172.20.0.20.46413,>
2026-05-08,20:23:05.434313,IP,172.20.0.10.5002,>
2026-05-08,20:23:05.434678,IP,172.20.0.20.46413,>
2026-05-08,20:23:05.437224,IP,172.20.0.10.5002,>
2026-05-08,20:23:05.437346,IP,172.20.0.10.5002,>
2026-05-08,20:23:05.437562,IP,172.20.0.20.46413,>
2026-05-08,20:23:05.437840,IP,172.20.0.20.46413,>
2026-05-08,20:23:05.437940,IP,172.20.0.10.5002,>
2026-05-08,20:23:05.438334,IP,172.20.0.20.46413,>
2026-05-08,20:23:05.438354,IP,172.20.0.10.5002,>
2026-05-08,20:23:05.438630,IP,172.20.0.20.46413,>
2026-05-08,20:23:05.442012,IP,172.20.0.10.5002,>
2026-05-08,20:23:05.442228,IP,172.20.0.10.5002,>
2026-05-08,20:23:05.442371,IP,172.20.0.20.46413,>
2026-05-08,20:23:05.442499,IP,172.20.0.10.5002,>
2026-05-08,20:23:05.442769,IP,172.20.0.20.46413,>
2026-05-08,20:23:05.443078,IP,172.20.0.20.46413,>
2026-05-08,20:23:05.444935,IP,172.20.0.10.5002,>
2026-05-08,20:23:05.445274,IP,172.20.0.20.46413,>
2026-05-08,20:23:05.447870,IP,172.20.0.10.5002,>
2026-05-08,20:23:05.448230,IP,172.20.0.20.46413,>
2026-05-08,20:23:05.448278,IP,172.20.0.10.5002,>
2026-05-08,20:23:05.448505,IP,172.20.0.10.5002,>
2026-05-08,20:23:05.448609,IP,172.20.0.20.46413,>
2026-05-08,20:23:05.448810,IP,172.20.0.10.5002,>
2026-05-08,20:23:05.448910,IP,172.20.0.20.46413,>
2026-05-08,20:23:05.449169,IP,172.20.0.20.46413,>
2026-05-08,20:23:05.452645,IP,172.20.0.10.5002,>
2026-05-08,20:23:05.452968,IP,172.20.0.10.5002,>
2026-05-08,20:23:05.453033,IP,172.20.0.20.46413,>
2026-05-08,20:23:05.453253,IP,172.20.0.10.5002,>
2026-05-08,20:23:05.453336,IP,172.20.0.20.46413,>
2026-05-08,20:23:05.453662,IP,172.20.0.20.46413,>
2026-05-08,20:23:05.455536,IP,172.20.0.10.5002,>
2026-05-08,20:23:05.455915,IP,172.20.0.20.46413,>
2026-05-08,20:23:05.458573,IP,172.20.0.10.5002,>
2026-05-08,20:23:05.458810,IP,172.20.0.10.5002,>
2026-05-08,20:23:05.458985,IP,172.20.0.20.46413,>
2026-05-08,20:23:05.459095,IP,172.20.0.10.5002,>
2026-05-08,20:23:05.459283,IP,172.20.0.20.46413,>
2026-05-08,20:23:05.459412,IP,172.20.0.10.5002,>
2026-05-08,20:23:05.459499,IP,172.20.0.20.46413,>
2026-05-08,20:23:05.459745,IP,172.20.0.20.46413,>
2026-05-08,20:23:05.463360,IP,172.20.0.10.5002,>
2026-05-08,20:23:05.463608,IP,172.20.0.10.5002,>
2026-05-08,20:23:05.463710,IP,172.20.0.20.46413,>
2026-05-08,20:23:05.463880,IP,172.20.0.10.5002,>
2026-05-08,20:23:05.464019,IP,172.20.0.20.46413,>
2026-05-08,20:23:05.464334,IP,172.20.0.20.46413,>
2026-05-08,20:23:05.466162,IP,172.20.0.10.5002,>
2026-05-08,20:23:05.466550,IP,172.20.0.20.46413,>
2026-05-08,20:23:05.469368,IP,172.20.0.10.5002,>
2026-05-08,20:23:05.469475,IP,172.20.0.10.5002,>
2026-05-08,20:23:05.469725,IP,172.20.0.10.5002,>
2026-05-08,20:23:05.469821,IP,172.20.0.20.46413,>
2026-05-08,20:23:05.470150,IP,172.20.0.20.46413,>
2026-05-08,20:23:05.470221,IP,172.20.0.10.5002,>
2026-05-08,20:23:05.470408,IP,172.20.0.20.46413,>
2026-05-08,20:23:05.470755,IP,172.20.0.20.46413,>
2026-05-08,20:23:05.474071,IP,172.20.0.10.5002,>
2026-05-08,20:23:05.474148,IP,172.20.0.10.5002,>
2026-05-08,20:23:05.474456,IP,172.20.0.20.46413,>
2026-05-08,20:23:05.474507,IP,172.20.0.10.5002,>
2026-05-08,20:23:05.474757,IP,172.20.0.20.46413,>
2026-05-08,20:23:05.475358,IP,172.20.0.20.46413,>
2026-05-08,20:23:05.476762,IP,172.20.0.10.5002,>
2026-05-08,20:23:05.477114,IP,172.20.0.20.46413,>
2026-05-08,20:23:05.480099,IP,172.20.0.10.5002,>
2026-05-08,20:23:05.480405,IP,172.20.0.10.5002,>
2026-05-08,20:23:05.480469,IP,172.20.0.20.46413,>
2026-05-08,20:23:05.480615,IP,172.20.0.10.5002,>
2026-05-08,20:23:05.480751,IP,172.20.0.20.46413,>
2026-05-08,20:23:05.481042,IP,172.20.0.10.5002,>
2026-05-08,20:23:05.481458,IP,172.20.0.20.46413,>
2026-05-08,20:23:05.481760,IP,172.20.0.20.46413,>
2026-05-08,20:23:05.484723,IP,172.20.0.10.5002,>
2026-05-08,20:23:05.484968,IP,172.20.0.10.5002,>
2026-05-08,20:23:05.485154,IP,172.20.0.20.46413,>
2026-05-08,20:23:05.485449,IP,172.20.0.20.46413,>
2026-05-08,20:23:05.485563,IP,172.20.0.10.5002,>
2026-05-08,20:23:05.486033,IP,172.20.0.20.46413,>
2026-05-08,20:23:05.487314,IP,172.20.0.10.5002,>
2026-05-08,20:23:05.487712,IP,172.20.0.20.46413,>
2026-05-08,20:23:05.490846,IP,172.20.0.10.5002,>
2026-05-08,20:23:05.490925,IP,172.20.0.10.5002,>
2026-05-08,20:23:05.491291,IP,172.20.0.20.46413,>
2026-05-08,20:23:05.491631,IP,172.20.0.20.46413,>
2026-05-08,20:23:05.491639,IP,172.20.0.10.5002,>
2026-05-08,20:23:05.492087,IP,172.20.0.10.5002,>
2026-05-08,20:23:05.492192,IP,172.20.0.20.46413,>
2026-05-08,20:23:05.492493,IP,172.20.0.20.46413,>
2026-05-08,20:23:05.495432,IP,172.20.0.10.5002,>
2026-05-08,20:23:05.495671,IP,172.20.0.10.5002,>
2026-05-08,20:23:05.495818,IP,172.20.0.20.46413,>
2026-05-08,20:23:05.496188,IP,172.20.0.20.46413,>
2026-05-08,20:23:05.496205,IP,172.20.0.10.5002,>
2026-05-08,20:23:05.496646,IP,172.20.0.20.46413,>
2026-05-08,20:23:05.497940,IP,172.20.0.10.5002,>
2026-05-08,20:23:05.498261,IP,172.20.0.20.46413,>
2026-05-08,20:23:05.501570,IP,172.20.0.10.5002,>
2026-05-08,20:23:05.501898,IP,172.20.0.10.5002,>
2026-05-08,20:23:05.502100,IP,172.20.0.20.46413,>
2026-05-08,20:23:05.502353,IP,172.20.0.10.5002,>
2026-05-08,20:23:05.502584,IP,172.20.0.20.46413,>
2026-05-08,20:23:05.502901,IP,172.20.0.10.5002,>
2026-05-08,20:23:05.502963,IP,172.20.0.20.46413,>
2026-05-08,20:23:05.503205,IP,172.20.0.20.46413,>
2026-05-08,20:23:05.506110,IP,172.20.0.10.5002,>
2026-05-08,20:23:05.506391,IP,172.20.0.10.5002,>
2026-05-08,20:23:05.506500,IP,172.20.0.20.46413,>
2026-05-08,20:23:05.506769,IP,172.20.0.20.46413,>
2026-05-08,20:23:05.506882,IP,172.20.0.10.5002,>
2026-05-08,20:23:05.507270,IP,172.20.0.20.46413,>
2026-05-08,20:23:05.508453,IP,172.20.0.10.5002,>
2026-05-08,20:23:05.508982,IP,172.20.0.20.46413,>
2026-05-08,20:23:05.512422,IP,172.20.0.10.5002,>
2026-05-08,20:23:05.512752,IP,172.20.0.10.5002,>
2026-05-08,20:23:05.512859,IP,172.20.0.20.46413,>
2026-05-08,20:23:05.513117,IP,172.20.0.10.5002,>
2026-05-08,20:23:05.513132,IP,172.20.0.20.46413,>
2026-05-08,20:23:05.513336,IP,172.20.0.20.46413,>
2026-05-08,20:23:05.513360,IP,172.20.0.10.5002,>
2026-05-08,20:23:05.513575,IP,172.20.0.20.46413,>
2026-05-08,20:23:05.516818,IP,172.20.0.10.5002,>
2026-05-08,20:23:05.516959,IP,172.20.0.10.5002,>
2026-05-08,20:23:05.517371,IP,172.20.0.20.46413,>
2026-05-08,20:23:05.517496,IP,172.20.0.10.5002,>
2026-05-08,20:23:05.517907,IP,172.20.0.20.46413,>
2026-05-08,20:23:05.518731,IP,172.20.0.20.46413,>
2026-05-08,20:23:05.519193,IP,172.20.0.10.5002,>
2026-05-08,20:23:05.519700,IP,172.20.0.20.46413,>
2026-05-08,20:23:05.523190,IP,172.20.0.10.5002,>
2026-05-08,20:23:05.523285,IP,172.20.0.10.5002,>
2026-05-08,20:23:05.523537,IP,172.20.0.10.5002,>
2026-05-08,20:23:05.523584,IP,172.20.0.20.46413,>
2026-05-08,20:23:05.523910,IP,172.20.0.20.46413,>
2026-05-08,20:23:05.524014,IP,172.20.0.10.5002,>
2026-05-08,20:23:05.524212,IP,172.20.0.20.46413,>
2026-05-08,20:23:05.524597,IP,172.20.0.20.46413,>
2026-05-08,20:23:05.527998,IP,172.20.0.10.5002,>
2026-05-08,20:23:05.528104,IP,172.20.0.10.5002,>
2026-05-08,20:23:05.528436,IP,172.20.0.20.46413,>
2026-05-08,20:23:05.528743,IP,172.20.0.20.46413,>
2026-05-08,20:23:05.529001,IP,172.20.0.10.5002,>
2026-05-08,20:23:05.529364,IP,172.20.0.20.46413,>
2026-05-08,20:23:05.529973,IP,172.20.0.10.5002,>
2026-05-08,20:23:05.530352,IP,172.20.0.20.46413,>
2026-05-08,20:23:05.533949,IP,172.20.0.10.5002,>
2026-05-08,20:23:05.534047,IP,172.20.0.10.5002,>
2026-05-08,20:23:05.534402,IP,172.20.0.10.5002,>
2026-05-08,20:23:05.534447,IP,172.20.0.20.46413,>
2026-05-08,20:23:05.534731,IP,172.20.0.20.46413,>
2026-05-08,20:23:05.534912,IP,172.20.0.10.5002,>
2026-05-08,20:23:05.534999,IP,172.20.0.20.46413,>
2026-05-08,20:23:05.535273,IP,172.20.0.20.46413,>
2026-05-08,20:23:05.540040,IP,172.20.0.10.5002,>
2026-05-08,20:23:05.540276,IP,172.20.0.10.5002,>
2026-05-08,20:23:05.540375,IP,172.20.0.10.5002,>
2026-05-08,20:23:05.540436,IP,172.20.0.20.46413,>
2026-05-08,20:23:05.540521,IP,172.20.0.10.5002,>
2026-05-08,20:23:05.540710,IP,172.20.0.20.46413,>
2026-05-08,20:23:05.540995,IP,172.20.0.20.46413,>
2026-05-08,20:23:05.541239,IP,172.20.0.20.46413,>
2026-05-08,20:23:05.544777,IP,172.20.0.10.5002,>
2026-05-08,20:23:05.544878,IP,172.20.0.10.5002,>
2026-05-08,20:23:05.545158,IP,172.20.0.10.5002,>
2026-05-08,20:23:05.545167,IP,172.20.0.20.46413,>
2026-05-08,20:23:05.545426,IP,172.20.0.20.46413,>
2026-05-08,20:23:05.545430,IP,172.20.0.10.5002,>
2026-05-08,20:23:05.545671,IP,172.20.0.20.46413,>
2026-05-08,20:23:05.545975,IP,172.20.0.20.46413,>
2026-05-08,20:23:05.550749,IP,172.20.0.10.5002,>
2026-05-08,20:23:05.550899,IP,172.20.0.10.5002,>
2026-05-08,20:23:05.551180,IP,172.20.0.10.5002,>
2026-05-08,20:23:05.551207,IP,172.20.0.20.46413,>
2026-05-08,20:23:05.551369,IP,172.20.0.10.5002,>
2026-05-08,20:23:05.551480,IP,172.20.0.20.46413,>
2026-05-08,20:23:05.551691,IP,172.20.0.20.46413,>
2026-05-08,20:23:05.552003,IP,172.20.0.20.46413,>
2026-05-08,20:23:05.555470,IP,172.20.0.10.5002,>
2026-05-08,20:23:05.555640,IP,172.20.0.10.5002,>
2026-05-08,20:23:05.555916,IP,172.20.0.20.46413,>
2026-05-08,20:23:05.556107,IP,172.20.0.10.5002,>
2026-05-08,20:23:05.556195,IP,172.20.0.20.46413,>
2026-05-08,20:23:05.556378,IP,172.20.0.10.5002,>
2026-05-08,20:23:05.556450,IP,172.20.0.20.46413,>
2026-05-08,20:23:05.556783,IP,172.20.0.20.46413,>
2026-05-08,20:23:05.561536,IP,172.20.0.10.5002,>
2026-05-08,20:23:05.561628,IP,172.20.0.10.5002,>
2026-05-08,20:23:05.561888,IP,172.20.0.10.5002,>
2026-05-08,20:23:05.562040,IP,172.20.0.20.46413,>
2026-05-08,20:23:05.562311,IP,172.20.0.20.46413,>
2026-05-08,20:23:05.562563,IP,172.20.0.20.46413,>
2026-05-08,20:23:05.563446,IP,172.20.0.10.5002,>
2026-05-08,20:23:05.563890,IP,172.20.0.20.46413,>
2026-05-08,20:23:05.566195,IP,172.20.0.10.5002,>
2026-05-08,20:23:05.566351,IP,172.20.0.10.5002,>
2026-05-08,20:23:05.566610,IP,172.20.0.20.46413,>
2026-05-08,20:23:05.566724,IP,172.20.0.10.5002,>
2026-05-08,20:23:05.566923,IP,172.20.0.20.46413,>
2026-05-08,20:23:05.567061,IP,172.20.0.10.5002,>
2026-05-08,20:23:05.567163,IP,172.20.0.20.46413,>
2026-05-08,20:23:05.567883,IP,172.20.0.20.46413,>
2026-05-08,20:23:05.572903,IP,172.20.0.10.5002,>
2026-05-08,20:23:05.573013,IP,172.20.0.10.5002,>
2026-05-08,20:23:05.573247,IP,172.20.0.10.5002,>
2026-05-08,20:23:05.573371,IP,172.20.0.20.46413,>
2026-05-08,20:23:05.573647,IP,172.20.0.20.46413,>
2026-05-08,20:23:05.574046,IP,172.20.0.10.5002,>
2026-05-08,20:23:05.574245,IP,172.20.0.20.46413,>
2026-05-08,20:23:05.574523,IP,172.20.0.20.46413,>
2026-05-08,20:23:05.577242,IP,172.20.0.10.5002,>
2026-05-08,20:23:05.577328,IP,172.20.0.10.5002,>
2026-05-08,20:23:05.577360,IP,172.20.0.10.5002,>
2026-05-08,20:23:05.577670,IP,172.20.0.20.46413,>
2026-05-08,20:23:05.578037,IP,172.20.0.10.5002,>
2026-05-08,20:23:05.578058,IP,172.20.0.20.46413,>
2026-05-08,20:23:05.578319,IP,172.20.0.20.46413,>
2026-05-08,20:23:05.578571,IP,172.20.0.20.46413,>
2026-05-08,20:23:05.583693,IP,172.20.0.10.5002,>
2026-05-08,20:23:05.583776,IP,172.20.0.10.5002,>
2026-05-08,20:23:05.584119,IP,172.20.0.20.46413,>
2026-05-08,20:23:05.584401,IP,172.20.0.20.46413,>
2026-05-08,20:23:05.584458,IP,172.20.0.10.5002,>
2026-05-08,20:23:05.584673,IP,172.20.0.10.5002,>
2026-05-08,20:23:05.585164,IP,172.20.0.20.46413,>
2026-05-08,20:23:05.585673,IP,172.20.0.20.46413,>
2026-05-08,20:23:05.588029,IP,172.20.0.10.5002,>
2026-05-08,20:23:05.588210,IP,172.20.0.10.5002,>
2026-05-08,20:23:05.588513,IP,172.20.0.10.5002,>
2026-05-08,20:23:05.588520,IP,172.20.0.20.46413,>
2026-05-08,20:23:05.588784,IP,172.20.0.10.5002,>
2026-05-08,20:23:05.588837,IP,172.20.0.20.46413,>
2026-05-08,20:23:05.589097,IP,172.20.0.20.46413,>
2026-05-08,20:23:05.589357,IP,172.20.0.20.46413,>
2026-05-08,20:23:05.594429,IP,172.20.0.10.5002,>
2026-05-08,20:23:05.594573,IP,172.20.0.10.5002,>
2026-05-08,20:23:05.595067,IP,172.20.0.20.46413,>
2026-05-08,20:23:05.595343,IP,172.20.0.10.5002,>
2026-05-08,20:23:05.595352,IP,172.20.0.20.46413,>
2026-05-08,20:23:05.595668,IP,172.20.0.20.46413,>
2026-05-08,20:23:05.596059,IP,172.20.0.10.5002,>
2026-05-08,20:23:05.596777,IP,172.20.0.20.46413,>
2026-05-08,20:23:05.598834,IP,172.20.0.10.5002,>
2026-05-08,20:23:05.599019,IP,172.20.0.10.5002,>
2026-05-08,20:23:05.599372,IP,172.20.0.20.46413,>
2026-05-08,20:23:05.599500,IP,172.20.0.10.5002,>
2026-05-08,20:23:05.599525,IP,172.20.0.10.5002,>
2026-05-08,20:23:05.599649,IP,172.20.0.20.46413,>
2026-05-08,20:23:05.599924,IP,172.20.0.20.46413,>
2026-05-08,20:23:05.600151,IP,172.20.0.20.46413,>
2026-05-08,20:23:05.605393,IP,172.20.0.10.5002,>
2026-05-08,20:23:05.605538,IP,172.20.0.10.5002,>
2026-05-08,20:23:05.605825,IP,172.20.0.20.46413,>
2026-05-08,20:23:05.606184,IP,172.20.0.20.46413,>
2026-05-08,20:23:05.606284,IP,172.20.0.10.5002,>
2026-05-08,20:23:05.607191,IP,172.20.0.10.5002,>
2026-05-08,20:23:05.607206,IP,172.20.0.20.46413,>
2026-05-08,20:23:05.607501,IP,172.20.0.20.46413,>
2026-05-08,20:23:05.609949,IP,172.20.0.10.5002,>
2026-05-08,20:23:05.610021,IP,172.20.0.10.5002,>
2026-05-08,20:23:05.610137,IP,172.20.0.10.5002,>
2026-05-08,20:23:05.610367,IP,172.20.0.20.46413,>
2026-05-08,20:23:05.610448,IP,172.20.0.10.5002,>
2026-05-08,20:23:05.611006,IP,172.20.0.20.46413,>
2026-05-08,20:23:05.611398,IP,172.20.0.20.46413,>
2026-05-08,20:23:05.611738,IP,172.20.0.20.46413,>
2026-05-08,20:23:05.616186,IP,172.20.0.10.5002,>
2026-05-08,20:23:05.616414,IP,172.20.0.10.5002,>
2026-05-08,20:23:05.616575,IP,172.20.0.20.46413,>
2026-05-08,20:23:05.616966,IP,172.20.0.20.46413,>
2026-05-08,20:23:05.617400,IP,172.20.0.10.5002,>
2026-05-08,20:23:05.617666,IP,172.20.0.10.5002,>
2026-05-08,20:23:05.618165,IP,172.20.0.20.46413,>
2026-05-08,20:23:05.618444,IP,172.20.0.20.46413,>
2026-05-08,20:23:05.620674,IP,172.20.0.10.5002,>
2026-05-08,20:23:05.621202,IP,172.20.0.10.5002,>
2026-05-08,20:23:05.621327,IP,172.20.0.20.46413,>
2026-05-08,20:23:05.621574,IP,172.20.0.10.5002,>
2026-05-08,20:23:05.621731,IP,172.20.0.20.46413,>
2026-05-08,20:23:05.621950,IP,172.20.0.10.5002,>
2026-05-08,20:23:05.622453,IP,172.20.0.20.46413,>
2026-05-08,20:23:05.622707,IP,172.20.0.20.46413,>
2026-05-08,20:23:05.626964,IP,172.20.0.10.5002,>
2026-05-08,20:23:05.627159,IP,172.20.0.10.5002,>
2026-05-08,20:23:05.627295,IP,172.20.0.20.46413,>
2026-05-08,20:23:05.627557,IP,172.20.0.20.46413,>
2026-05-08,20:23:05.628449,IP,172.20.0.10.5002,>
2026-05-08,20:23:05.628655,IP,172.20.0.10.5002,>
2026-05-08,20:23:05.628759,IP,172.20.0.20.46413,>
2026-05-08,20:23:05.629051,IP,172.20.0.20.46413,>
2026-05-08,20:23:05.631623,IP,172.20.0.10.5002,>
2026-05-08,20:23:05.632207,IP,172.20.0.20.46413,>
2026-05-08,20:23:05.632223,IP,172.20.0.10.5002,>
2026-05-08,20:23:05.632514,IP,172.20.0.20.46413,>
2026-05-08,20:23:05.632595,IP,172.20.0.10.5002,>
2026-05-08,20:23:05.632957,IP,172.20.0.10.5002,>
2026-05-08,20:23:05.633372,IP,172.20.0.20.46413,>
2026-05-08,20:23:05.633627,IP,172.20.0.20.46413,>
2026-05-08,20:23:05.637669,IP,172.20.0.10.5002,>
2026-05-08,20:23:05.637752,IP,172.20.0.10.5002,>
2026-05-08,20:23:05.638086,IP,172.20.0.20.46413,>
2026-05-08,20:23:05.638355,IP,172.20.0.20.46413,>
2026-05-08,20:23:05.638999,IP,172.20.0.10.5002,>
2026-05-08,20:23:05.639277,IP,172.20.0.10.5002,>
2026-05-08,20:23:05.639487,IP,172.20.0.20.46413,>
2026-05-08,20:23:05.639780,IP,172.20.0.20.46413,>
2026-05-08,20:23:05.642575,IP,172.20.0.10.5002,>
2026-05-08,20:23:05.642777,IP,172.20.0.10.5002,>
2026-05-08,20:23:05.642952,IP,172.20.0.20.46413,>
2026-05-08,20:23:05.643228,IP,172.20.0.20.46413,>
2026-05-08,20:23:05.643562,IP,172.20.0.10.5002,>
2026-05-08,20:23:05.643969,IP,172.20.0.20.46413,>
2026-05-08,20:23:05.644024,IP,172.20.0.10.5002,>
2026-05-08,20:23:05.645164,IP,172.20.0.20.46413,>
2026-05-08,20:23:05.648363,IP,172.20.0.10.5002,>
2026-05-08,20:23:05.648619,IP,172.20.0.10.5002,>
2026-05-08,20:23:05.648765,IP,172.20.0.20.46413,>
2026-05-08,20:23:05.649090,IP,172.20.0.20.46413,>
2026-05-08,20:23:05.649657,IP,172.20.0.10.5002,>
2026-05-08,20:23:05.650069,IP,172.20.0.10.5002,>
2026-05-08,20:23:05.650192,IP,172.20.0.20.46413,>
2026-05-08,20:23:05.650475,IP,172.20.0.20.46413,>
2026-05-08,20:23:05.653195,IP,172.20.0.10.5002,>
2026-05-08,20:23:05.653395,IP,172.20.0.10.5002,>
2026-05-08,20:23:05.653584,IP,172.20.0.20.46413,>
2026-05-08,20:23:05.653955,IP,172.20.0.20.46413,>
2026-05-08,20:23:05.655038,IP,172.20.0.10.5002,>
2026-05-08,20:23:05.655358,IP,172.20.0.10.5002,>
2026-05-08,20:23:05.655388,IP,172.20.0.20.46413,>
2026-05-08,20:23:05.655773,IP,172.20.0.20.46413,>
2026-05-08,20:23:05.659081,IP,172.20.0.10.5002,>
2026-05-08,20:23:05.659251,IP,172.20.0.10.5002,>
2026-05-08,20:23:05.659495,IP,172.20.0.20.46413,>
2026-05-08,20:23:05.659782,IP,172.20.0.20.46413,>
2026-05-08,20:23:05.660639,IP,172.20.0.10.5002,>
2026-05-08,20:23:05.660718,IP,172.20.0.10.5002,>
2026-05-08,20:23:05.660978,IP,172.20.0.20.46413,>
2026-05-08,20:23:05.661353,IP,172.20.0.20.46413,>
2026-05-08,20:23:05.664003,IP,172.20.0.10.5002,>
2026-05-08,20:23:05.664093,IP,172.20.0.10.5002,>
2026-05-08,20:23:05.664416,IP,172.20.0.20.46413,>
2026-05-08,20:23:05.664691,IP,172.20.0.20.46413,>
2026-05-08,20:23:05.665556,IP,172.20.0.10.5002,>
2026-05-08,20:23:05.665981,IP,172.20.0.10.5002,>
2026-05-08,20:23:05.666015,IP,172.20.0.20.46413,>
2026-05-08,20:23:05.666283,IP,172.20.0.20.46413,>
2026-05-08,20:23:05.669762,IP,172.20.0.10.5002,>
2026-05-08,20:23:05.669957,IP,172.20.0.10.5002,>
2026-05-08,20:23:05.670127,IP,172.20.0.20.46413,>
2026-05-08,20:23:05.670397,IP,172.20.0.20.46413,>
2026-05-08,20:23:05.671136,IP,172.20.0.10.5002,>
2026-05-08,20:23:05.671459,IP,172.20.0.20.46413,>
2026-05-08,20:23:05.671589,IP,172.20.0.10.5002,>
2026-05-08,20:23:05.671890,IP,172.20.0.20.46413,>
2026-05-08,20:23:05.674694,IP,172.20.0.10.5002,>
2026-05-08,20:23:05.674910,IP,172.20.0.10.5002,>
2026-05-08,20:23:05.675053,IP,172.20.0.20.46413,>
2026-05-08,20:23:05.675319,IP,172.20.0.20.46413,>
2026-05-08,20:23:05.676212,IP,172.20.0.10.5002,>
2026-05-08,20:23:05.676424,IP,172.20.0.10.5002,>
2026-05-08,20:23:05.676599,IP,172.20.0.20.46413,>
2026-05-08,20:23:05.676903,IP,172.20.0.20.46413,>
2026-05-08,20:23:05.680385,IP,172.20.0.10.5002,>
2026-05-08,20:23:05.680597,IP,172.20.0.10.5002,>
2026-05-08,20:23:05.680860,IP,172.20.0.20.46413,>
2026-05-08,20:23:05.681141,IP,172.20.0.20.46413,>
2026-05-08,20:23:05.681666,IP,172.20.0.10.5002,>
2026-05-08,20:23:05.682073,IP,172.20.0.20.46413,>
2026-05-08,20:23:05.682084,IP,172.20.0.10.5002,>
2026-05-08,20:23:05.682336,IP,172.20.0.20.46413,>
2026-05-08,20:23:05.685306,IP,172.20.0.10.5002,>
2026-05-08,20:23:05.685516,IP,172.20.0.10.5002,>
2026-05-08,20:23:05.685724,IP,172.20.0.20.46413,>
2026-05-08,20:23:05.686160,IP,172.20.0.20.46413,>
2026-05-08,20:23:05.686770,IP,172.20.0.10.5002,>
2026-05-08,20:23:05.687052,IP,172.20.0.10.5002,>
2026-05-08,20:23:05.687258,IP,172.20.0.20.46413,>
2026-05-08,20:23:05.687546,IP,172.20.0.20.46413,>
2026-05-08,20:23:05.691105,IP,172.20.0.10.5002,>
2026-05-08,20:23:05.691277,IP,172.20.0.10.5002,>
2026-05-08,20:23:05.691480,IP,172.20.0.20.46413,>
2026-05-08,20:23:05.691743,IP,172.20.0.20.46413,>
2026-05-08,20:23:05.692310,IP,172.20.0.10.5002,>
2026-05-08,20:23:05.692560,IP,172.20.0.10.5002,>
2026-05-08,20:23:05.692899,IP,172.20.0.20.46413,>
2026-05-08,20:23:05.693175,IP,172.20.0.20.46413,>
2026-05-08,20:23:05.696047,IP,172.20.0.10.5002,>
2026-05-08,20:23:05.696373,IP,172.20.0.10.5002,>
2026-05-08,20:23:05.696573,IP,172.20.0.20.46413,>
2026-05-08,20:23:05.696871,IP,172.20.0.20.46413,>
2026-05-08,20:23:05.697456,IP,172.20.0.10.5002,>
2026-05-08,20:23:05.697912,IP,172.20.0.20.46413,>
2026-05-08,20:23:05.697924,IP,172.20.0.10.5002,>
2026-05-08,20:23:05.698222,IP,172.20.0.20.46413,>
2026-05-08,20:23:05.701752,IP,172.20.0.10.5002,>
2026-05-08,20:23:05.701929,IP,172.20.0.10.5002,>
2026-05-08,20:23:05.702120,IP,172.20.0.20.46413,>
2026-05-08,20:23:05.702423,IP,172.20.0.20.46413,>
2026-05-08,20:23:05.703090,IP,172.20.0.10.5002,>
2026-05-08,20:23:05.703326,IP,172.20.0.10.5002,>
2026-05-08,20:23:05.703470,IP,172.20.0.20.46413,>
2026-05-08,20:23:05.703910,IP,172.20.0.20.46413,>
2026-05-08,20:23:05.706936,IP,172.20.0.10.5002,>
2026-05-08,20:23:05.707021,IP,172.20.0.10.5002,>
2026-05-08,20:23:05.707405,IP,172.20.0.20.46413,>
2026-05-08,20:23:05.707895,IP,172.20.0.20.46413,>
2026-05-08,20:23:05.708122,IP,172.20.0.10.5002,>
2026-05-08,20:23:05.708428,IP,172.20.0.10.5002,>
2026-05-08,20:23:05.708463,IP,172.20.0.20.46413,>
2026-05-08,20:23:05.708740,IP,172.20.0.20.46413,>
2026-05-08,20:23:05.712480,IP,172.20.0.10.5002,>
2026-05-08,20:23:05.712564,IP,172.20.0.10.5002,>
2026-05-08,20:23:05.713008,IP,172.20.0.20.46413,>
2026-05-08,20:23:05.713379,IP,172.20.0.20.46413,>
2026-05-08,20:23:05.713624,IP,172.20.0.10.5002,>
2026-05-08,20:23:05.714031,IP,172.20.0.20.46413,>
2026-05-08,20:23:05.714092,IP,172.20.0.10.5002,>
2026-05-08,20:23:05.714564,IP,172.20.0.20.46413,>
2026-05-08,20:23:05.717665,IP,172.20.0.10.5002,>
2026-05-08,20:23:05.718123,IP,172.20.0.10.5002,>
2026-05-08,20:23:05.718163,IP,172.20.0.20.46413,>
2026-05-08,20:23:05.718441,IP,172.20.0.20.46413,>
2026-05-08,20:23:05.718684,IP,172.20.0.10.5002,>
2026-05-08,20:23:05.718956,IP,172.20.0.10.5002,>
2026-05-08,20:23:05.719074,IP,172.20.0.20.46413,>
2026-05-08,20:23:05.719318,IP,172.20.0.20.46413,>
2026-05-08,20:23:05.723335,IP,172.20.0.10.5002,>
2026-05-08,20:23:05.723589,IP,172.20.0.10.5002,>
2026-05-08,20:23:05.723911,IP,172.20.0.20.46413,>
2026-05-08,20:23:05.724184,IP,172.20.0.20.46413,>
2026-05-08,20:23:05.724249,IP,172.20.0.10.5002,>
2026-05-08,20:23:05.724517,IP,172.20.0.20.46413,>
2026-05-08,20:23:05.724729,IP,172.20.0.10.5002,>
2026-05-08,20:23:05.725386,IP,172.20.0.20.46413,>
2026-05-08,20:23:05.728471,IP,172.20.0.10.5002,>
2026-05-08,20:23:05.728553,IP,172.20.0.10.5002,>
2026-05-08,20:23:05.728829,IP,172.20.0.20.46413,>
2026-05-08,20:23:05.729079,IP,172.20.0.20.46413,>
2026-05-08,20:23:05.729271,IP,172.20.0.10.5002,>
2026-05-08,20:23:05.729501,IP,172.20.0.10.5002,>
2026-05-08,20:23:05.729632,IP,172.20.0.20.46413,>
2026-05-08,20:23:05.730472,IP,172.20.0.20.46413,>
2026-05-08,20:23:05.734177,IP,172.20.0.10.5002,>
2026-05-08,20:23:05.734452,IP,172.20.0.10.5002,>
2026-05-08,20:23:05.734605,IP,172.20.0.20.46413,>
2026-05-08,20:23:05.734683,IP,172.20.0.10.5002,>
2026-05-08,20:23:05.734871,IP,172.20.0.20.46413,>
2026-05-08,20:23:05.735080,IP,172.20.0.20.46413,>
2026-05-08,20:23:05.735613,IP,172.20.0.10.5002,>
2026-05-08,20:23:05.736150,IP,172.20.0.20.46413,>
2026-05-08,20:23:05.739114,IP,172.20.0.10.5002,>
2026-05-08,20:23:05.739582,IP,172.20.0.10.5002,>
2026-05-08,20:23:05.739707,IP,172.20.0.20.46413,>
2026-05-08,20:23:05.739873,IP,172.20.0.10.5002,>
2026-05-08,20:23:05.740496,IP,172.20.0.20.46413,>
2026-05-08,20:23:05.740674,IP,172.20.0.10.5002,>
2026-05-08,20:23:05.741154,IP,172.20.0.20.46413,>
2026-05-08,20:23:05.741817,IP,172.20.0.20.46413,>
2026-05-08,20:23:05.745129,IP,172.20.0.10.5002,>
2026-05-08,20:23:05.745599,IP,172.20.0.10.5002,>
2026-05-08,20:23:05.745607,IP,172.20.0.10.5002,>
2026-05-08,20:23:05.745638,IP,172.20.0.20.46413,>
2026-05-08,20:23:05.746127,IP,172.20.0.20.46413,>
2026-05-08,20:23:05.746395,IP,172.20.0.10.5002,>
2026-05-08,20:23:05.746578,IP,172.20.0.20.46413,>
2026-05-08,20:23:05.746916,IP,172.20.0.20.46413,>
2026-05-08,20:23:05.750156,IP,172.20.0.10.5002,>
2026-05-08,20:23:05.750609,IP,172.20.0.20.46413,>
2026-05-08,20:23:05.750764,IP,172.20.0.10.5002,>
2026-05-08,20:23:05.751266,IP,172.20.0.20.46413,>
2026-05-08,20:23:05.751432,IP,172.20.0.10.5002,>
2026-05-08,20:23:05.751732,IP,172.20.0.20.46413,>
2026-05-08,20:23:05.752293,IP,172.20.0.10.5002,>
2026-05-08,20:23:05.752588,IP,172.20.0.20.46413,>
2026-05-08,20:23:05.756065,IP,172.20.0.10.5002,>
2026-05-08,20:23:05.756342,IP,172.20.0.10.5002,>
2026-05-08,20:23:05.756453,IP,172.20.0.20.46413,>
2026-05-08,20:23:05.756762,IP,172.20.0.10.5002,>
2026-05-08,20:23:05.757065,IP,172.20.0.20.46413,>
2026-05-08,20:23:05.757105,IP,172.20.0.10.5002,>
2026-05-08,20:23:05.757350,IP,172.20.0.20.46413,>
2026-05-08,20:23:05.757588,IP,172.20.0.20.46413,>
2026-05-08,20:23:05.760982,IP,172.20.0.10.5002,>
2026-05-08,20:23:05.761316,IP,172.20.0.20.46413,>
2026-05-08,20:23:05.761454,IP,172.20.0.10.5002,>
2026-05-08,20:23:05.761983,IP,172.20.0.10.5002,>
2026-05-08,20:23:05.762169,IP,172.20.0.20.46413,>
2026-05-08,20:23:05.762657,IP,172.20.0.20.46413,>
2026-05-08,20:23:05.762759,IP,172.20.0.10.5002,>
2026-05-08,20:23:05.763215,IP,172.20.0.20.46413,>
2026-05-08,20:23:05.766946,IP,172.20.0.10.5002,>
2026-05-08,20:23:05.767402,IP,172.20.0.20.46413,>
2026-05-08,20:23:05.767780,IP,172.20.0.10.5002,>
2026-05-08,20:23:05.767932,IP,172.20.0.10.5002,>
2026-05-08,20:23:05.768045,IP,172.20.0.10.5002,>
2026-05-08,20:23:05.768364,IP,172.20.0.20.46413,>
2026-05-08,20:23:05.768623,IP,172.20.0.20.46413,>
2026-05-08,20:23:05.768885,IP,172.20.0.20.46413,>
2026-05-08,20:23:05.771707,IP,172.20.0.10.5002,>
2026-05-08,20:23:05.772149,IP,172.20.0.20.46413,>
2026-05-08,20:23:05.772502,IP,172.20.0.10.5002,>
2026-05-08,20:23:05.772939,IP,172.20.0.10.5002,>
2026-05-08,20:23:05.773190,IP,172.20.0.20.46413,>
2026-05-08,20:23:05.773422,IP,172.20.0.10.5002,>
2026-05-08,20:23:05.773444,IP,172.20.0.20.46413,>
2026-05-08,20:23:05.773682,IP,172.20.0.20.46413,>
2026-05-08,20:23:05.777693,IP,172.20.0.10.5002,>
2026-05-08,20:23:05.778144,IP,172.20.0.20.46413,>
2026-05-08,20:23:05.778593,IP,172.20.0.10.5002,>
2026-05-08,20:23:05.778777,IP,172.20.0.10.5002,>
2026-05-08,20:23:05.779048,IP,172.20.0.10.5002,>
2026-05-08,20:23:05.779091,IP,172.20.0.20.46413,>
2026-05-08,20:23:05.779352,IP,172.20.0.20.46413,>
2026-05-08,20:23:05.779587,IP,172.20.0.20.46413,>
2026-05-08,20:23:05.782403,IP,172.20.0.10.5002,>
2026-05-08,20:23:05.782734,IP,172.20.0.20.46413,>
2026-05-08,20:23:05.783359,IP,172.20.0.10.5002,>
2026-05-08,20:23:05.783613,IP,172.20.0.10.5002,>
2026-05-08,20:23:05.783864,IP,172.20.0.10.5002,>
2026-05-08,20:23:05.783995,IP,172.20.0.20.46413,>
2026-05-08,20:23:05.784250,IP,172.20.0.20.46413,>
2026-05-08,20:23:05.784455,IP,172.20.0.20.46413,>
2026-05-08,20:23:05.788395,IP,172.20.0.10.5002,>
2026-05-08,20:23:05.788853,IP,172.20.0.20.46413,>
2026-05-08,20:23:05.789366,IP,172.20.0.10.5002,>
2026-05-08,20:23:05.789534,IP,172.20.0.10.5002,>
2026-05-08,20:23:05.789705,IP,172.20.0.20.46413,>
2026-05-08,20:23:05.789749,IP,172.20.0.10.5002,>
2026-05-08,20:23:05.790022,IP,172.20.0.20.46413,>
2026-05-08,20:23:05.790230,IP,172.20.0.20.46413,>
2026-05-08,20:23:05.793028,IP,172.20.0.10.5002,>
2026-05-08,20:23:05.793372,IP,172.20.0.20.46413,>
2026-05-08,20:23:05.794274,IP,172.20.0.10.5002,>
2026-05-08,20:23:05.794414,IP,172.20.0.10.5002,>
2026-05-08,20:23:05.794698,IP,172.20.0.10.5002,>
2026-05-08,20:23:05.794769,IP,172.20.0.20.46413,>
2026-05-08,20:23:05.795143,IP,172.20.0.20.46413,>
2026-05-08,20:23:05.795381,IP,172.20.0.20.46413,>
2026-05-08,20:23:05.799195,IP,172.20.0.10.5002,>
2026-05-08,20:23:05.799686,IP,172.20.0.20.46413,>
2026-05-08,20:23:05.800112,IP,172.20.0.10.5002,>
2026-05-08,20:23:05.800246,IP,172.20.0.10.5002,>
2026-05-08,20:23:05.800385,IP,172.20.0.10.5002,>
2026-05-08,20:23:05.800464,IP,172.20.0.20.46413,>
2026-05-08,20:23:05.800883,IP,172.20.0.20.46413,>
2026-05-08,20:23:05.801490,IP,172.20.0.20.46413,>
2026-05-08,20:23:05.803630,IP,172.20.0.10.5002,>
2026-05-08,20:23:05.804015,IP,172.20.0.20.46413,>
2026-05-08,20:23:05.804965,IP,172.20.0.10.5002,>
2026-05-08,20:23:05.805379,IP,172.20.0.10.5002,>
2026-05-08,20:23:05.805544,IP,172.20.0.20.46413,>
2026-05-08,20:23:05.805904,IP,172.20.0.10.5002,>
2026-05-08,20:23:05.806214,IP,172.20.0.20.46413,>
2026-05-08,20:23:05.806748,IP,172.20.0.20.46413,>
2026-05-08,20:23:05.810069,IP,172.20.0.10.5002,>
2026-05-08,20:23:05.810422,IP,172.20.0.20.46413,>
2026-05-08,20:23:05.810622,IP,172.20.0.10.5002,>
2026-05-08,20:23:05.811197,IP,172.20.0.20.46413,>
2026-05-08,20:23:05.811232,IP,172.20.0.10.5002,>
2026-05-08,20:23:05.811659,IP,172.20.0.10.5002,>
2026-05-08,20:23:05.811846,IP,172.20.0.20.46413,>
2026-05-08,20:23:05.812113,IP,172.20.0.20.46413,>
2026-05-08,20:23:05.815325,IP,172.20.0.10.5002,>
2026-05-08,20:23:05.815685,IP,172.20.0.20.46413,>
2026-05-08,20:23:05.815728,IP,172.20.0.10.5002,>
2026-05-08,20:23:05.816070,IP,172.20.0.20.46413,>
2026-05-08,20:23:05.816411,IP,172.20.0.10.5002,>
2026-05-08,20:23:05.816715,IP,172.20.0.20.46413,>
2026-05-08,20:23:05.817429,IP,172.20.0.10.5002,>
2026-05-08,20:23:05.817781,IP,172.20.0.20.46413,>
2026-05-08,20:23:05.820878,IP,172.20.0.10.5002,>
2026-05-08,20:23:05.821445,IP,172.20.0.20.46413,>
2026-05-08,20:23:05.821448,IP,172.20.0.10.5002,>
2026-05-08,20:23:05.822025,IP,172.20.0.10.5002,>
2026-05-08,20:23:05.822175,IP,172.20.0.20.46413,>
2026-05-08,20:23:05.822274,IP,172.20.0.10.5002,>
2026-05-08,20:23:05.822520,IP,172.20.0.20.46413,>
2026-05-08,20:23:05.822928,IP,172.20.0.20.46413,>
2026-05-08,20:23:05.825968,IP,172.20.0.10.5002,>
2026-05-08,20:23:05.826228,IP,172.20.0.10.5002,>
2026-05-08,20:23:05.826296,IP,172.20.0.20.46413,>
2026-05-08,20:23:05.826548,IP,172.20.0.20.46413,>
2026-05-08,20:23:05.826933,IP,172.20.0.10.5002,>
2026-05-08,20:23:05.827424,IP,172.20.0.20.46413,>
2026-05-08,20:23:05.828121,IP,172.20.0.10.5002,>
2026-05-08,20:23:05.828438,IP,172.20.0.20.46413,>
2026-05-08,20:23:05.831887,IP,172.20.0.10.5002,>
2026-05-08,20:23:05.832419,IP,172.20.0.10.5002,>
2026-05-08,20:23:05.832642,IP,172.20.0.20.46413,>
2026-05-08,20:23:05.832695,IP,172.20.0.10.5002,>
2026-05-08,20:23:05.833144,IP,172.20.0.20.46413,>
2026-05-08,20:23:05.833159,IP,172.20.0.10.5002,>
2026-05-08,20:23:05.833516,IP,172.20.0.20.46413,>
2026-05-08,20:23:05.833958,IP,172.20.0.20.46413,>
2026-05-08,20:23:05.836565,IP,172.20.0.10.5002,>
2026-05-08,20:23:05.836672,IP,172.20.0.10.5002,>
2026-05-08,20:23:05.836959,IP,172.20.0.20.46413,>
2026-05-08,20:23:05.837464,IP,172.20.0.20.46413,>
2026-05-08,20:23:05.837679,IP,172.20.0.10.5002,>
2026-05-08,20:23:05.838086,IP,172.20.0.20.46413,>
2026-05-08,20:23:05.841213,IP,172.20.0.10.5002,>
2026-05-08,20:23:05.841553,IP,172.20.0.20.46413,>
2026-05-08,20:23:05.842906,IP,172.20.0.10.5002,>
2026-05-08,20:23:05.843245,IP,172.20.0.20.46413,>
2026-05-08,20:23:05.843299,IP,172.20.0.10.5002,>
2026-05-08,20:23:05.843653,IP,172.20.0.10.5002,>
2026-05-08,20:23:05.843898,IP,172.20.0.20.46413,>
2026-05-08,20:23:05.844142,IP,172.20.0.10.5002,>
2026-05-08,20:23:05.844158,IP,172.20.0.20.46413,>
2026-05-08,20:23:05.844387,IP,172.20.0.20.46413,>
2026-05-08,20:23:05.847240,IP,172.20.0.10.5002,>
2026-05-08,20:23:05.847710,IP,172.20.0.20.46413,>
2026-05-08,20:23:05.847952,IP,172.20.0.10.5002,>
2026-05-08,20:23:05.848352,IP,172.20.0.20.46413,>
2026-05-08,20:23:05.848603,IP,172.20.0.10.5002,>
2026-05-08,20:23:05.848963,IP,172.20.0.20.46413,>
2026-05-08,20:23:05.852307,IP,172.20.0.10.5002,>
2026-05-08,20:23:05.852647,IP,172.20.0.20.46413,>
2026-05-08,20:23:05.853566,IP,172.20.0.10.5002,>
2026-05-08,20:23:05.853985,IP,172.20.0.20.46413,>
2026-05-08,20:23:05.854052,IP,172.20.0.10.5002,>
2026-05-08,20:23:05.854296,IP,172.20.0.10.5002,>
2026-05-08,20:23:05.854367,IP,172.20.0.20.46413,>
2026-05-08,20:23:05.854509,IP,172.20.0.10.5002,>
2026-05-08,20:23:05.854609,IP,172.20.0.20.46413,>
2026-05-08,20:23:05.854889,IP,172.20.0.20.46413,>
2026-05-08,20:23:05.862606,IP,172.20.0.10.5002,>
2026-05-08,20:23:05.862711,IP,172.20.0.10.5002,>
2026-05-08,20:23:05.862884,IP,172.20.0.10.5002,>
2026-05-08,20:23:05.862999,IP,172.20.0.10.5002,>
2026-05-08,20:23:05.863282,IP,172.20.0.20.46413,>
2026-05-08,20:23:05.863557,IP,172.20.0.20.46413,>
2026-05-08,20:23:05.863763,IP,172.20.0.20.46413,>
2026-05-08,20:23:05.864013,IP,172.20.0.20.46413,>
2026-05-08,20:23:05.864395,IP,172.20.0.10.5002,>
2026-05-08,20:23:05.864486,IP,172.20.0.10.5002,>
2026-05-08,20:23:05.864725,IP,172.20.0.20.46413,>
2026-05-08,20:23:05.864786,IP,172.20.0.10.5002,>
2026-05-08,20:23:05.865074,IP,172.20.0.10.5002,>
2026-05-08,20:23:05.865131,IP,172.20.0.20.46413,>
2026-05-08,20:23:05.865453,IP,172.20.0.20.46413,>
2026-05-08,20:23:05.865685,IP,172.20.0.20.46413,>
2026-05-08,20:23:05.873600,IP,172.20.0.10.5002,>
2026-05-08,20:23:05.873957,IP,172.20.0.10.5002,>
2026-05-08,20:23:05.874013,IP,172.20.0.10.5002,>
2026-05-08,20:23:05.874136,IP,172.20.0.20.46413,>
2026-05-08,20:23:05.874244,IP,172.20.0.10.5002,>
2026-05-08,20:23:05.874442,IP,172.20.0.20.46413,>
2026-05-08,20:23:05.874658,IP,172.20.0.20.46413,>
2026-05-08,20:23:05.874942,IP,172.20.0.20.46413,>
2026-05-08,20:23:05.875005,IP,172.20.0.10.5002,>
2026-05-08,20:23:05.875352,IP,172.20.0.10.5002,>
2026-05-08,20:23:05.875454,IP,172.20.0.20.46413,>
2026-05-08,20:23:05.875596,IP,172.20.0.10.5002,>
2026-05-08,20:23:05.875884,IP,172.20.0.20.46413,>
2026-05-08,20:23:05.875912,IP,172.20.0.10.5002,>
2026-05-08,20:23:05.876146,IP,172.20.0.20.46413,>
2026-05-08,20:23:05.876377,IP,172.20.0.20.46413,>
2026-05-08,20:23:05.884501,IP,172.20.0.10.5002,>
2026-05-08,20:23:05.884598,IP,172.20.0.10.5002,>
2026-05-08,20:23:05.884889,IP,172.20.0.10.5002,>
2026-05-08,20:23:05.884920,IP,172.20.0.20.46413,>
2026-05-08,20:23:05.885110,IP,172.20.0.10.5002,>
2026-05-08,20:23:05.885203,IP,172.20.0.20.46413,>
2026-05-08,20:23:05.885413,IP,172.20.0.20.46413,>
2026-05-08,20:23:05.885608,IP,172.20.0.20.46413,>
2026-05-08,20:23:05.885705,IP,172.20.0.10.5002,>
2026-05-08,20:23:05.886102,IP,172.20.0.20.46413,>
2026-05-08,20:23:05.886633,IP,172.20.0.10.5002,>
2026-05-08,20:23:05.886716,IP,172.20.0.10.5002,>
2026-05-08,20:23:05.886823,IP,172.20.0.10.5002,>
2026-05-08,20:23:05.886949,IP,172.20.0.20.46413,>
2026-05-08,20:23:05.887192,IP,172.20.0.20.46413,>
2026-05-08,20:23:05.887479,IP,172.20.0.20.46413,>
2026-05-08,20:23:05.895324,IP,172.20.0.10.5002,>
2026-05-08,20:23:05.895437,IP,172.20.0.10.5002,>
2026-05-08,20:23:05.895565,IP,172.20.0.10.5002,>
2026-05-08,20:23:05.895726,IP,172.20.0.20.46413,>
2026-05-08,20:23:05.895885,IP,172.20.0.10.5002,>
2026-05-08,20:23:05.896039,IP,172.20.0.20.46413,>
2026-05-08,20:23:05.896360,IP,172.20.0.10.5002,>
2026-05-08,20:23:05.896406,IP,172.20.0.20.46413,>
2026-05-08,20:23:05.896821,IP,172.20.0.20.46413,>
2026-05-08,20:23:05.897079,IP,172.20.0.20.46413,>
2026-05-08,20:23:05.897169,IP,172.20.0.10.5002,>
2026-05-08,20:23:05.897393,IP,172.20.0.10.5002,>
2026-05-08,20:23:05.897658,IP,172.20.0.10.5002,>
2026-05-08,20:23:05.898048,IP,172.20.0.20.46413,>
2026-05-08,20:23:05.898446,IP,172.20.0.20.46413,>
2026-05-08,20:23:05.898986,IP,172.20.0.20.46413,>
2026-05-08,20:23:05.906093,IP,172.20.0.10.5002,>
2026-05-08,20:23:05.906227,IP,172.20.0.10.5002,>
2026-05-08,20:23:05.906654,IP,172.20.0.10.5002,>
2026-05-08,20:23:05.907054,IP,172.20.0.10.5002,>
2026-05-08,20:23:05.907251,IP,172.20.0.20.46413,>
2026-05-08,20:23:05.907322,IP,172.20.0.10.5002,>
2026-05-08,20:23:05.907520,IP,172.20.0.20.46413,>
2026-05-08,20:23:05.907783,IP,172.20.0.20.46413,>
2026-05-08,20:23:05.908055,IP,172.20.0.20.46413,>
2026-05-08,20:23:05.908212,IP,172.20.0.10.5002,>
2026-05-08,20:23:05.908616,IP,172.20.0.10.5002,>
2026-05-08,20:23:05.909148,IP,172.20.0.10.5002,>
2026-05-08,20:23:05.909583,IP,172.20.0.20.46413,>
2026-05-08,20:23:05.909846,IP,172.20.0.20.46413,>
2026-05-08,20:23:05.910116,IP,172.20.0.20.46413,>
2026-05-08,20:23:05.910335,IP,172.20.0.20.46413,>
2026-05-08,20:23:05.917559,IP,172.20.0.10.5002,>
2026-05-08,20:23:05.917850,IP,172.20.0.10.5002,>
2026-05-08,20:23:05.918485,IP,172.20.0.10.5002,>
2026-05-08,20:23:05.918491,IP,172.20.0.10.5002,>
2026-05-08,20:23:05.918518,IP,172.20.0.20.46413,>
2026-05-08,20:23:05.918525,IP,172.20.0.20.46413,>
2026-05-08,20:23:05.919374,IP,172.20.0.20.46413,>
2026-05-08,20:23:05.919898,IP,172.20.0.20.46413,>
2026-05-08,20:23:05.920068,IP,172.20.0.10.5002,>
2026-05-08,20:23:05.920142,IP,172.20.0.10.5002,>
2026-05-08,20:23:05.920208,IP,172.20.0.10.5002,>
2026-05-08,20:23:05.920541,IP,172.20.0.20.46413,>
2026-05-08,20:23:05.920594,IP,172.20.0.10.5002,>
2026-05-08,20:23:05.920996,IP,172.20.0.20.46413,>
2026-05-08,20:23:05.921371,IP,172.20.0.20.46413,>
2026-05-08,20:23:05.921681,IP,172.20.0.20.46413,>
2026-05-08,20:23:05.928924,IP,172.20.0.10.5002,>
2026-05-08,20:23:05.929034,IP,172.20.0.10.5002,>
2026-05-08,20:23:05.929362,IP,172.20.0.20.46413,>
2026-05-08,20:23:05.929523,IP,172.20.0.10.5002,>
2026-05-08,20:23:05.929759,IP,172.20.0.20.46413,>
2026-05-08,20:23:05.930050,IP,172.20.0.10.5002,>
2026-05-08,20:23:05.930190,IP,172.20.0.20.46413,>
2026-05-08,20:23:05.930424,IP,172.20.0.20.46413,>
2026-05-08,20:23:05.931092,IP,172.20.0.10.5002,>
2026-05-08,20:23:05.931227,IP,172.20.0.10.5002,>
2026-05-08,20:23:05.931426,IP,172.20.0.20.46413,>
2026-05-08,20:23:05.931718,IP,172.20.0.10.5002,>
2026-05-08,20:23:05.931866,IP,172.20.0.20.46413,>
2026-05-08,20:23:05.931927,IP,172.20.0.10.5002,>
2026-05-08,20:23:05.932154,IP,172.20.0.20.46413,>
2026-05-08,20:23:05.932422,IP,172.20.0.20.46413,>
2026-05-08,20:23:05.939692,IP,172.20.0.10.5002,>
2026-05-08,20:23:05.940017,IP,172.20.0.10.5002,>
2026-05-08,20:23:05.940198,IP,172.20.0.20.46413,>
2026-05-08,20:23:05.940373,IP,172.20.0.10.5002,>
2026-05-08,20:23:05.940475,IP,172.20.0.20.46413,>
2026-05-08,20:23:05.940567,IP,172.20.0.10.5002,>
2026-05-08,20:23:05.940756,IP,172.20.0.20.46413,>
2026-05-08,20:23:05.940995,IP,172.20.0.20.46413,>
2026-05-08,20:23:05.941701,IP,172.20.0.10.5002,>
2026-05-08,20:23:05.942060,IP,172.20.0.10.5002,>
2026-05-08,20:23:05.942200,IP,172.20.0.20.46413,>
2026-05-08,20:23:05.942342,IP,172.20.0.10.5002,>
2026-05-08,20:23:05.942485,IP,172.20.0.20.46413,>
2026-05-08,20:23:05.942675,IP,172.20.0.10.5002,>
2026-05-08,20:23:05.942711,IP,172.20.0.20.46413,>
2026-05-08,20:23:05.942964,IP,172.20.0.20.46413,>
2026-05-08,20:23:05.950687,IP,172.20.0.10.5002,>
2026-05-08,20:23:05.950783,IP,172.20.0.10.5002,>
2026-05-08,20:23:05.950920,IP,172.20.0.10.5002,>
2026-05-08,20:23:05.951069,IP,172.20.0.20.46413,>
2026-05-08,20:23:05.951340,IP,172.20.0.20.46413,>
2026-05-08,20:23:05.951368,IP,172.20.0.10.5002,>
2026-05-08,20:23:05.951787,IP,172.20.0.20.46413,>
2026-05-08,20:23:05.952059,IP,172.20.0.20.46413,>
2026-05-08,20:23:05.952551,IP,172.20.0.10.5002,>
2026-05-08,20:23:05.952654,IP,172.20.0.10.5002,>
2026-05-08,20:23:05.953215,IP,172.20.0.20.46413,>
2026-05-08,20:23:05.953284,IP,172.20.0.10.5002,>
2026-05-08,20:23:05.953471,IP,172.20.0.10.5002,>
2026-05-08,20:23:05.953687,IP,172.20.0.20.46413,>
2026-05-08,20:23:05.954054,IP,172.20.0.20.46413,>
2026-05-08,20:23:05.954358,IP,172.20.0.20.46413,>
2026-05-08,20:23:05.961346,IP,172.20.0.10.5002,>
2026-05-08,20:23:05.961493,IP,172.20.0.10.5002,>
2026-05-08,20:23:05.961735,IP,172.20.0.20.46413,>
2026-05-08,20:23:05.962041,IP,172.20.0.10.5002,>
2026-05-08,20:23:05.962098,IP,172.20.0.20.46413,>
2026-05-08,20:23:05.962260,IP,172.20.0.10.5002,>
2026-05-08,20:23:05.962306,IP,172.20.0.20.46413,>
2026-05-08,20:23:05.962557,IP,172.20.0.20.46413,>
2026-05-08,20:23:05.963492,IP,172.20.0.10.5002,>
2026-05-08,20:23:05.963844,IP,172.20.0.20.46413,>
2026-05-08,20:23:05.964011,IP,172.20.0.10.5002,>
2026-05-08,20:23:05.964264,IP,172.20.0.10.5002,>
2026-05-08,20:23:05.964302,IP,172.20.0.20.46413,>
2026-05-08,20:23:05.964513,IP,172.20.0.10.5002,>
2026-05-08,20:23:05.964535,IP,172.20.0.20.46413,>
2026-05-08,20:23:05.965011,IP,172.20.0.20.46413,>
2026-05-08,20:23:05.972362,IP,172.20.0.10.5002,>
2026-05-08,20:23:05.972949,IP,172.20.0.10.5002,>
2026-05-08,20:23:05.972956,IP,172.20.0.10.5002,>
2026-05-08,20:23:05.972960,IP,172.20.0.10.5002,>
2026-05-08,20:23:05.972994,IP,172.20.0.20.46413,>
2026-05-08,20:23:05.973726,IP,172.20.0.20.46413,>
2026-05-08,20:23:05.974099,IP,172.20.0.20.46413,>
2026-05-08,20:23:05.974172,IP,172.20.0.10.5002,>
2026-05-08,20:23:05.974376,IP,172.20.0.20.46413,>
2026-05-08,20:23:05.974450,IP,172.20.0.10.5002,>
2026-05-08,20:23:05.974686,IP,172.20.0.20.46413,>
2026-05-08,20:23:05.974730,IP,172.20.0.10.5002,>
2026-05-08,20:23:05.974989,IP,172.20.0.20.46413,>
2026-05-08,20:23:05.975183,IP,172.20.0.20.46413,>
2026-05-08,20:23:05.975486,IP,172.20.0.10.5002,>
2026-05-08,20:23:05.976217,IP,172.20.0.20.46413,>
2026-05-08,20:23:05.983443,IP,172.20.0.10.5002,>
2026-05-08,20:23:05.983856,IP,172.20.0.20.46413,>
2026-05-08,20:23:05.984242,IP,172.20.0.10.5002,>
2026-05-08,20:23:05.984323,IP,172.20.0.10.5002,>
2026-05-08,20:23:05.984534,IP,172.20.0.10.5002,>
2026-05-08,20:23:05.984818,IP,172.20.0.20.46413,>
2026-05-08,20:23:05.985094,IP,172.20.0.10.5002,>
2026-05-08,20:23:05.985160,IP,172.20.0.10.5002,>
2026-05-08,20:23:05.985237,IP,172.20.0.20.46413,>
2026-05-08,20:23:05.985338,IP,172.20.0.10.5002,>
2026-05-08,20:23:05.985968,IP,172.20.0.20.46413,>
2026-05-08,20:23:05.986508,IP,172.20.0.10.5002,>
2026-05-08,20:23:05.986633,IP,172.20.0.20.46413,>
2026-05-08,20:23:05.987124,IP,172.20.0.20.46413,>
2026-05-08,20:23:05.987774,IP,172.20.0.20.46413,>
2026-05-08,20:23:05.988235,IP,172.20.0.20.46413,>
2026-05-08,20:23:05.994102,IP,172.20.0.10.5002,>
2026-05-08,20:23:05.994491,IP,172.20.0.20.46413,>
2026-05-08,20:23:05.994994,IP,172.20.0.10.5002,>
2026-05-08,20:23:05.995409,IP,172.20.0.10.5002,>
2026-05-08,20:23:05.995563,IP,172.20.0.20.46413,>
2026-05-08,20:23:05.995892,IP,172.20.0.20.46413,>
2026-05-08,20:23:05.996114,IP,172.20.0.10.5002,>
2026-05-08,20:23:05.996429,IP,172.20.0.20.46413,>
2026-05-08,20:23:05.996888,IP,172.20.0.10.5002,>
2026-05-08,20:23:05.997231,IP,172.20.0.20.46413,>
2026-05-08,20:23:05.997286,IP,172.20.0.10.5002,>
2026-05-08,20:23:05.997730,IP,172.20.0.20.46413,>
2026-05-08,20:23:05.997999,IP,172.20.0.10.5002,>
2026-05-08,20:23:05.998416,IP,172.20.0.20.46413,>
2026-05-08,20:23:05.998579,IP,172.20.0.10.5002,>
2026-05-08,20:23:05.998915,IP,172.20.0.20.46413,>
2026-05-08,20:23:06.004829,IP,172.20.0.10.5002,>
2026-05-08,20:23:06.005183,IP,172.20.0.20.46413,>
2026-05-08,20:23:06.005761,IP,172.20.0.10.5002,>
2026-05-08,20:23:06.006255,IP,172.20.0.10.5002,>
2026-05-08,20:23:06.006371,IP,172.20.0.20.46413,>
2026-05-08,20:23:06.006634,IP,172.20.0.20.46413,>
2026-05-08,20:23:06.006711,IP,172.20.0.10.5002,>
2026-05-08,20:23:06.007028,IP,172.20.0.20.46413,>
2026-05-08,20:23:06.007556,IP,172.20.0.10.5002,>
2026-05-08,20:23:06.007885,IP,172.20.0.20.46413,>
2026-05-08,20:23:06.008078,IP,172.20.0.10.5002,>
2026-05-08,20:23:06.008616,IP,172.20.0.20.46413,>
2026-05-08,20:23:06.008683,IP,172.20.0.10.5002,>
2026-05-08,20:23:06.009107,IP,172.20.0.10.5002,>
2026-05-08,20:23:06.009182,IP,172.20.0.20.46413,>
2026-05-08,20:23:06.010276,IP,172.20.0.20.46413,>
2026-05-08,20:23:06.015459,IP,172.20.0.10.5002,>
2026-05-08,20:23:06.015898,IP,172.20.0.20.46413,>
2026-05-08,20:23:06.016560,IP,172.20.0.10.5002,>
2026-05-08,20:23:06.016933,IP,172.20.0.10.5002,>
2026-05-08,20:23:06.017188,IP,172.20.0.10.5002,>
2026-05-08,20:23:06.017668,IP,172.20.0.20.46413,>
2026-05-08,20:23:06.017676,IP,172.20.0.20.46413,>
2026-05-08,20:23:06.017682,IP,172.20.0.20.46413,>
2026-05-08,20:23:06.018238,IP,172.20.0.10.5002,>
2026-05-08,20:23:06.018739,IP,172.20.0.20.46413,>
2026-05-08,20:23:06.018906,IP,172.20.0.10.5002,>
2026-05-08,20:23:06.019251,IP,172.20.0.20.46413,>
2026-05-08,20:23:06.019347,IP,172.20.0.10.5002,>
2026-05-08,20:23:06.019745,IP,172.20.0.20.46413,>
2026-05-08,20:23:06.020501,IP,172.20.0.10.5002,>
2026-05-08,20:23:06.020935,IP,172.20.0.20.46413,>
2026-05-08,20:23:06.026281,IP,172.20.0.10.5002,>
2026-05-08,20:23:06.026727,IP,172.20.0.20.46413,>
2026-05-08,20:23:06.028112,IP,172.20.0.10.5002,>
2026-05-08,20:23:06.028191,IP,172.20.0.10.5002,>
2026-05-08,20:23:06.028267,IP,172.20.0.10.5002,>
2026-05-08,20:23:06.028487,IP,172.20.0.20.46413,>
2026-05-08,20:23:06.028921,IP,172.20.0.20.46413,>
2026-05-08,20:23:06.029110,IP,172.20.0.10.5002,>
2026-05-08,20:23:06.029395,IP,172.20.0.20.46413,>
2026-05-08,20:23:06.029599,IP,172.20.0.10.5002,>
2026-05-08,20:23:06.029695,IP,172.20.0.20.46413,>
2026-05-08,20:23:06.030038,IP,172.20.0.20.46413,>
2026-05-08,20:23:06.030122,IP,172.20.0.10.5002,>
2026-05-08,20:23:06.030393,IP,172.20.0.20.46413,>
2026-05-08,20:23:06.031221,IP,172.20.0.10.5002,>
2026-05-08,20:23:06.031565,IP,172.20.0.20.46413,>
2026-05-08,20:23:06.037020,IP,172.20.0.10.5002,>
2026-05-08,20:23:06.037403,IP,172.20.0.20.46413,>
2026-05-08,20:23:06.038643,IP,172.20.0.10.5002,>
2026-05-08,20:23:06.039014,IP,172.20.0.20.46413,>
2026-05-08,20:23:06.039087,IP,172.20.0.10.5002,>
2026-05-08,20:23:06.039391,IP,172.20.0.20.46413,>
2026-05-08,20:23:06.039748,IP,172.20.0.10.5002,>
2026-05-08,20:23:06.040097,IP,172.20.0.10.5002,>
2026-05-08,20:23:06.040256,IP,172.20.0.20.46413,>
2026-05-08,20:23:06.040300,IP,172.20.0.10.5002,>
2026-05-08,20:23:06.040531,IP,172.20.0.10.5002,>
2026-05-08,20:23:06.040553,IP,172.20.0.20.46413,>
2026-05-08,20:23:06.040817,IP,172.20.0.20.46413,>
2026-05-08,20:23:06.041056,IP,172.20.0.20.46413,>
2026-05-08,20:23:06.041737,IP,172.20.0.10.5002,>
2026-05-08,20:23:06.042271,IP,172.20.0.20.46413,>
2026-05-08,20:23:06.047740,IP,172.20.0.10.5002,>
2026-05-08,20:23:06.048221,IP,172.20.0.20.46413,>
2026-05-08,20:23:06.049208,IP,172.20.0.10.5002,>
2026-05-08,20:23:06.049564,IP,172.20.0.10.5002,>
2026-05-08,20:23:06.049565,IP,172.20.0.20.46413,>
2026-05-08,20:23:06.049994,IP,172.20.0.20.46413,>
2026-05-08,20:23:06.050468,IP,172.20.0.10.5002,>
2026-05-08,20:23:06.050877,IP,172.20.0.20.46413,>
2026-05-08,20:23:06.050888,IP,172.20.0.10.5002,>
2026-05-08,20:23:06.050957,IP,172.20.0.10.5002,>
2026-05-08,20:23:06.051149,IP,172.20.0.20.46413,>
2026-05-08,20:23:06.051297,IP,172.20.0.10.5002,>
2026-05-08,20:23:06.051375,IP,172.20.0.20.46413,>
2026-05-08,20:23:06.051771,IP,172.20.0.20.46413,>
2026-05-08,20:23:06.052446,IP,172.20.0.10.5002,>
2026-05-08,20:23:06.053059,IP,172.20.0.20.46413,>
2026-05-08,20:23:06.058560,IP,172.20.0.10.5002,>
2026-05-08,20:23:06.059014,IP,172.20.0.20.46413,>
2026-05-08,20:23:06.059785,IP,172.20.0.10.5002,>
2026-05-08,20:23:06.060146,IP,172.20.0.20.46413,>
2026-05-08,20:23:06.060197,IP,172.20.0.10.5002,>
2026-05-08,20:23:06.060515,IP,172.20.0.20.46413,>
2026-05-08,20:23:06.061206,IP,172.20.0.10.5002,>
2026-05-08,20:23:06.061397,IP,172.20.0.10.5002,>
2026-05-08,20:23:06.061501,IP,172.20.0.10.5002,>
2026-05-08,20:23:06.061542,IP,172.20.0.20.46413,>
2026-05-08,20:23:06.061823,IP,172.20.0.20.46413,>
2026-05-08,20:23:06.062075,IP,172.20.0.10.5002,>
2026-05-08,20:23:06.062100,IP,172.20.0.20.46413,>
2026-05-08,20:23:06.062907,IP,172.20.0.20.46413,>
2026-05-08,20:23:06.063583,IP,172.20.0.10.5002,>
2026-05-08,20:23:06.064157,IP,172.20.0.20.46413,>
2026-05-08,20:23:06.069279,IP,172.20.0.10.5002,>
2026-05-08,20:23:06.069657,IP,172.20.0.20.46413,>
2026-05-08,20:23:06.070393,IP,172.20.0.10.5002,>
2026-05-08,20:23:06.070699,IP,172.20.0.10.5002,>
2026-05-08,20:23:06.071123,IP,172.20.0.20.46413,>
2026-05-08,20:23:06.071400,IP,172.20.0.20.46413,>
2026-05-08,20:23:06.071696,IP,172.20.0.10.5002,>
2026-05-08,20:23:06.072116,IP,172.20.0.10.5002,>
2026-05-08,20:23:06.072194,IP,172.20.0.10.5002,>
2026-05-08,20:23:06.072271,IP,172.20.0.20.46413,>
2026-05-08,20:23:06.072530,IP,172.20.0.20.46413,>
2026-05-08,20:23:06.072771,IP,172.20.0.20.46413,>
2026-05-08,20:23:06.073099,IP,172.20.0.10.5002,>
2026-05-08,20:23:06.073663,IP,172.20.0.20.46413,>
2026-05-08,20:23:06.074418,IP,172.20.0.10.5002,>
2026-05-08,20:23:06.074895,IP,172.20.0.20.46413,>
2026-05-08,20:23:06.080060,IP,172.20.0.10.5002,>
2026-05-08,20:23:06.080446,IP,172.20.0.20.46413,>
2026-05-08,20:23:06.081342,IP,172.20.0.10.5002,>
2026-05-08,20:23:06.081579,IP,172.20.0.10.5002,>
2026-05-08,20:23:06.081721,IP,172.20.0.20.46413,>
2026-05-08,20:23:06.082148,IP,172.20.0.20.46413,>
2026-05-08,20:23:06.082497,IP,172.20.0.10.5002,>
2026-05-08,20:23:06.082862,IP,172.20.0.10.5002,>
2026-05-08,20:23:06.082863,IP,172.20.0.20.46413,>
2026-05-08,20:23:06.082997,IP,172.20.0.10.5002,>
2026-05-08,20:23:06.083192,IP,172.20.0.20.46413,>
2026-05-08,20:23:06.083466,IP,172.20.0.20.46413,>
2026-05-08,20:23:06.084057,IP,172.20.0.10.5002,>
2026-05-08,20:23:06.084449,IP,172.20.0.20.46413,>
2026-05-08,20:23:06.085102,IP,172.20.0.10.5002,>
2026-05-08,20:23:06.085514,IP,172.20.0.20.46413,>
2026-05-08,20:23:06.090840,IP,172.20.0.10.5002,>
2026-05-08,20:23:06.091244,IP,172.20.0.20.46413,>
2026-05-08,20:23:06.092027,IP,172.20.0.10.5002,>
2026-05-08,20:23:06.092305,IP,172.20.0.10.5002,>
2026-05-08,20:23:06.092406,IP,172.20.0.20.46413,>
2026-05-08,20:23:06.092681,IP,172.20.0.20.46413,>
2026-05-08,20:23:06.093466,IP,172.20.0.10.5002,>
2026-05-08,20:23:06.093641,IP,172.20.0.10.5002,>
2026-05-08,20:23:06.093739,IP,172.20.0.10.5002,>
2026-05-08,20:23:06.093848,IP,172.20.0.20.46413,>
2026-05-08,20:23:06.094438,IP,172.20.0.20.46413,>
2026-05-08,20:23:06.094445,IP,172.20.0.20.46413,>
2026-05-08,20:23:06.094697,IP,172.20.0.10.5002,>
2026-05-08,20:23:06.095088,IP,172.20.0.20.46413,>
2026-05-08,20:23:06.095709,IP,172.20.0.10.5002,>
2026-05-08,20:23:06.096121,IP,172.20.0.20.46413,>
2026-05-08,20:23:06.101501,IP,172.20.0.10.5002,>
2026-05-08,20:23:06.101998,IP,172.20.0.20.46413,>
2026-05-08,20:23:06.102650,IP,172.20.0.10.5002,>
2026-05-08,20:23:06.102878,IP,172.20.0.10.5002,>
2026-05-08,20:23:06.103041,IP,172.20.0.20.46413,>
2026-05-08,20:23:06.103300,IP,172.20.0.20.46413,>
2026-05-08,20:23:06.104022,IP,172.20.0.10.5002,>
2026-05-08,20:23:06.104373,IP,172.20.0.20.46413,>
2026-05-08,20:23:06.104775,IP,172.20.0.10.5002,>
2026-05-08,20:23:06.104898,IP,172.20.0.10.5002,>
2026-05-08,20:23:06.105152,IP,172.20.0.20.46413,>
2026-05-08,20:23:06.105330,IP,172.20.0.10.5002,>
2026-05-08,20:23:06.105484,IP,172.20.0.20.46413,>
2026-05-08,20:23:06.106017,IP,172.20.0.20.46413,>
2026-05-08,20:23:06.106285,IP,172.20.0.10.5002,>
2026-05-08,20:23:06.106621,IP,172.20.0.20.46413,>
2026-05-08,20:23:06.112480,IP,172.20.0.10.5002,>
2026-05-08,20:23:06.112990,IP,172.20.0.20.46413,>
2026-05-08,20:23:06.113240,IP,172.20.0.10.5002,>
2026-05-08,20:23:06.113486,IP,172.20.0.10.5002,>
2026-05-08,20:23:06.113607,IP,172.20.0.20.46413,>
2026-05-08,20:23:06.113985,IP,172.20.0.20.46413,>
2026-05-08,20:23:06.114527,IP,172.20.0.10.5002,>
2026-05-08,20:23:06.114964,IP,172.20.0.20.46413,>
2026-05-08,20:23:06.115552,IP,172.20.0.10.5002,>
2026-05-08,20:23:06.115640,IP,172.20.0.10.5002,>
2026-05-08,20:23:06.116067,IP,172.20.0.20.46413,>
2026-05-08,20:23:06.116190,IP,172.20.0.10.5002,>
2026-05-08,20:23:06.116345,IP,172.20.0.20.46413,>
2026-05-08,20:23:06.116574,IP,172.20.0.20.46413,>
2026-05-08,20:23:06.116847,IP,172.20.0.10.5002,>
2026-05-08,20:23:06.117175,IP,172.20.0.20.46413,>
2026-05-08,20:23:06.123423,IP,172.20.0.10.5002,>
2026-05-08,20:23:06.123852,IP,172.20.0.20.46413,>
2026-05-08,20:23:06.124121,IP,172.20.0.10.5002,>
2026-05-08,20:23:06.124201,IP,172.20.0.10.5002,>
2026-05-08,20:23:06.124440,IP,172.20.0.20.46413,>
2026-05-08,20:23:06.124706,IP,172.20.0.20.46413,>
2026-05-08,20:23:06.125151,IP,172.20.0.10.5002,>
2026-05-08,20:23:06.125539,IP,172.20.0.20.46413,>
2026-05-08,20:23:06.126441,IP,172.20.0.10.5002,>
2026-05-08,20:23:06.126570,IP,172.20.0.10.5002,>
2026-05-08,20:23:06.126755,IP,172.20.0.10.5002,>
2026-05-08,20:23:06.127037,IP,172.20.0.20.46413,>
2026-05-08,20:23:06.127341,IP,172.20.0.20.46413,>
2026-05-08,20:23:06.127426,IP,172.20.0.10.5002,>
2026-05-08,20:23:06.127571,IP,172.20.0.20.46413,>
2026-05-08,20:23:06.127820,IP,172.20.0.20.46413,>
2026-05-08,20:23:06.134191,IP,172.20.0.10.5002,>
2026-05-08,20:23:06.134728,IP,172.20.0.20.46413,>
2026-05-08,20:23:06.134811,IP,172.20.0.10.5002,>
2026-05-08,20:23:06.134888,IP,172.20.0.10.5002,>
2026-05-08,20:23:06.135153,IP,172.20.0.20.46413,>
2026-05-08,20:23:06.135444,IP,172.20.0.20.46413,>
2026-05-08,20:23:06.136065,IP,172.20.0.10.5002,>
2026-05-08,20:23:06.136418,IP,172.20.0.20.46413,>
2026-05-08,20:23:06.137371,IP,172.20.0.10.5002,>
2026-05-08,20:23:06.137517,IP,172.20.0.10.5002,>
2026-05-08,20:23:06.137813,IP,172.20.0.20.46413,>
2026-05-08,20:23:06.138160,IP,172.20.0.20.46413,>
2026-05-08,20:23:06.138319,IP,172.20.0.10.5002,>
2026-05-08,20:23:06.138546,IP,172.20.0.10.5002,>
2026-05-08,20:23:06.138650,IP,172.20.0.20.46413,>
2026-05-08,20:23:06.139480,IP,172.20.0.20.46413,>
2026-05-08,20:23:06.145108,IP,172.20.0.10.5002,>
2026-05-08,20:23:06.145360,IP,172.20.0.10.5002,>
2026-05-08,20:23:06.145523,IP,172.20.0.20.46413,>
2026-05-08,20:23:06.145646,IP,172.20.0.10.5002,>
2026-05-08,20:23:06.145814,IP,172.20.0.20.46413,>
2026-05-08,20:23:06.146081,IP,172.20.0.20.46413,>
2026-05-08,20:23:06.146605,IP,172.20.0.10.5002,>
2026-05-08,20:23:06.146976,IP,172.20.0.20.46413,>
2026-05-08,20:23:06.148239,IP,172.20.0.10.5002,>
2026-05-08,20:23:06.148332,IP,172.20.0.10.5002,>
2026-05-08,20:23:06.148625,IP,172.20.0.20.46413,>
2026-05-08,20:23:06.148828,IP,172.20.0.10.5002,>
2026-05-08,20:23:06.149018,IP,172.20.0.20.46413,>
2026-05-08,20:23:06.149300,IP,172.20.0.20.46413,>
2026-05-08,20:23:06.149748,IP,172.20.0.10.5002,>
2026-05-08,20:23:06.150415,IP,172.20.0.20.46413,>
2026-05-08,20:23:06.155886,IP,172.20.0.10.5002,>
2026-05-08,20:23:06.156036,IP,172.20.0.10.5002,>
2026-05-08,20:23:06.156227,IP,172.20.0.10.5002,>
2026-05-08,20:23:06.156374,IP,172.20.0.20.46413,>
2026-05-08,20:23:06.156825,IP,172.20.0.20.46413,>
2026-05-08,20:23:06.157186,IP,172.20.0.10.5002,>
2026-05-08,20:23:06.157221,IP,172.20.0.20.46413,>
2026-05-08,20:23:06.157568,IP,172.20.0.20.46413,>
2026-05-08,20:23:06.158980,IP,172.20.0.10.5002,>
2026-05-08,20:23:06.159237,IP,172.20.0.10.5002,>
2026-05-08,20:23:06.159487,IP,172.20.0.10.5002,>
2026-05-08,20:23:06.159565,IP,172.20.0.20.46413,>
2026-05-08,20:23:06.159964,IP,172.20.0.20.46413,>
2026-05-08,20:23:06.160261,IP,172.20.0.20.46413,>
2026-05-08,20:23:06.160719,IP,172.20.0.10.5002,>
2026-05-08,20:23:06.161041,IP,172.20.0.20.46413,>
2026-05-08,20:23:06.166678,IP,172.20.0.10.5002,>
2026-05-08,20:23:06.167008,IP,172.20.0.10.5002,>
2026-05-08,20:23:06.167083,IP,172.20.0.20.46413,>
2026-05-08,20:23:06.167405,IP,172.20.0.20.46413,>
2026-05-08,20:23:06.167464,IP,172.20.0.10.5002,>
2026-05-08,20:23:06.167737,IP,172.20.0.20.46413,>
2026-05-08,20:23:06.167768,IP,172.20.0.10.5002,>
2026-05-08,20:23:06.168045,IP,172.20.0.20.46413,>
2026-05-08,20:23:06.169881,IP,172.20.0.10.5002,>
2026-05-08,20:23:06.170193,IP,172.20.0.10.5002,>
2026-05-08,20:23:06.170303,IP,172.20.0.20.46413,>
2026-05-08,20:23:06.170547,IP,172.20.0.10.5002,>
2026-05-08,20:23:06.170582,IP,172.20.0.20.46413,>
2026-05-08,20:23:06.170902,IP,172.20.0.20.46413,>
2026-05-08,20:23:06.171205,IP,172.20.0.10.5002,>
2026-05-08,20:23:06.171667,IP,172.20.0.20.46413,>
2026-05-08,20:23:06.177416,IP,172.20.0.10.5002,>
2026-05-08,20:23:06.177761,IP,172.20.0.10.5002,>
2026-05-08,20:23:06.178126,IP,172.20.0.10.5002,>
2026-05-08,20:23:06.178160,IP,172.20.0.20.46413,>
2026-05-08,20:23:06.178196,IP,172.20.0.10.5002,>
2026-05-08,20:23:06.179860,IP,172.20.0.20.46413,>
2026-05-08,20:23:06.180132,IP,172.20.0.20.46413,>
2026-05-08,20:23:06.180383,IP,172.20.0.20.46413,>
2026-05-08,20:23:06.180560,IP,172.20.0.10.5002,>
2026-05-08,20:23:06.180783,IP,172.20.0.10.5002,>
2026-05-08,20:23:06.180905,IP,172.20.0.20.46413,>
2026-05-08,20:23:06.181111,IP,172.20.0.10.5002,>
2026-05-08,20:23:06.181423,IP,172.20.0.20.46413,>
2026-05-08,20:23:06.181852,IP,172.20.0.10.5002,>
2026-05-08,20:23:06.182344,IP,172.20.0.20.46413,>
2026-05-08,20:23:06.182612,IP,172.20.0.20.46413,>
2026-05-08,20:23:06.188545,IP,172.20.0.10.5002,>
2026-05-08,20:23:06.188904,IP,172.20.0.20.46413,>
2026-05-08,20:23:06.190087,IP,172.20.0.10.5002,>
2026-05-08,20:23:06.190318,IP,172.20.0.10.5002,>
2026-05-08,20:23:06.190451,IP,172.20.0.20.46413,>
2026-05-08,20:23:06.190541,IP,172.20.0.10.5002,>
2026-05-08,20:23:06.190704,IP,172.20.0.20.46413,>
2026-05-08,20:23:06.190993,IP,172.20.0.20.46413,>
2026-05-08,20:23:06.191309,IP,172.20.0.10.5002,>
2026-05-08,20:23:06.191646,IP,172.20.0.20.46413,>
2026-05-08,20:23:06.192025,IP,172.20.0.10.5002,>
2026-05-08,20:23:06.192367,IP,172.20.0.20.46413,>
2026-05-08,20:23:06.192523,IP,172.20.0.10.5002,>
2026-05-08,20:23:06.192766,IP,172.20.0.10.5002,>
2026-05-08,20:23:06.192892,IP,172.20.0.20.46413,>
2026-05-08,20:23:06.193127,IP,172.20.0.20.46413,>
2026-05-08,20:23:06.199340,IP,172.20.0.10.5002,>
2026-05-08,20:23:06.199872,IP,172.20.0.20.46413,>
2026-05-08,20:23:06.200776,IP,172.20.0.10.5002,>
2026-05-08,20:23:06.200897,IP,172.20.0.10.5002,>
2026-05-08,20:23:06.201168,IP,172.20.0.20.46413,>
2026-05-08,20:23:06.201425,IP,172.20.0.20.46413,>
2026-05-08,20:23:06.201975,IP,172.20.0.10.5002,>
2026-05-08,20:23:06.202333,IP,172.20.0.20.46413,>
2026-05-08,20:23:06.202388,IP,172.20.0.10.5002,>
2026-05-08,20:23:06.202535,IP,172.20.0.10.5002,>
2026-05-08,20:23:06.202699,IP,172.20.0.20.46413,>
2026-05-08,20:23:06.203089,IP,172.20.0.10.5002,>
2026-05-08,20:23:06.203303,IP,172.20.0.10.5002,>
2026-05-08,20:23:06.203357,IP,172.20.0.20.46413,>
2026-05-08,20:23:06.203608,IP,172.20.0.20.46413,>
2026-05-08,20:23:06.203860,IP,172.20.0.20.46413,>
2026-05-08,20:23:06.210296,IP,172.20.0.10.5002,>
2026-05-08,20:23:06.210675,IP,172.20.0.20.46413,>
2026-05-08,20:23:06.211602,IP,172.20.0.10.5002,>
2026-05-08,20:23:06.211711,IP,172.20.0.10.5002,>
2026-05-08,20:23:06.212044,IP,172.20.0.20.46413,>
2026-05-08,20:23:06.212352,IP,172.20.0.20.46413,>
2026-05-08,20:23:06.212998,IP,172.20.0.10.5002,>
2026-05-08,20:23:06.213289,IP,172.20.0.10.5002,>
2026-05-08,20:23:06.213523,IP,172.20.0.20.46413,>
2026-05-08,20:23:06.213599,IP,172.20.0.10.5002,>
2026-05-08,20:23:06.213996,IP,172.20.0.10.5002,>
2026-05-08,20:23:06.214074,IP,172.20.0.10.5002,>
2026-05-08,20:23:06.214094,IP,172.20.0.20.46413,>
2026-05-08,20:23:06.214401,IP,172.20.0.20.46413,>
2026-05-08,20:23:06.214695,IP,172.20.0.20.46413,>
2026-05-08,20:23:06.215124,IP,172.20.0.20.46413,>
2026-05-08,20:23:06.221013,IP,172.20.0.10.5002,>
2026-05-08,20:23:06.221405,IP,172.20.0.20.46413,>
2026-05-08,20:23:06.222293,IP,172.20.0.10.5002,>
2026-05-08,20:23:06.222587,IP,172.20.0.10.5002,>
2026-05-08,20:23:06.222667,IP,172.20.0.20.46413,>
2026-05-08,20:23:06.222999,IP,172.20.0.20.46413,>
2026-05-08,20:23:06.223839,IP,172.20.0.10.5002,>
2026-05-08,20:23:06.224257,IP,172.20.0.20.46413,>
2026-05-08,20:23:06.224359,IP,172.20.0.10.5002,>
2026-05-08,20:23:06.224587,IP,172.20.0.10.5002,>
2026-05-08,20:23:06.224695,IP,172.20.0.20.46413,>
2026-05-08,20:23:06.225018,IP,172.20.0.20.46413,>
2026-05-08,20:23:06.225099,IP,172.20.0.10.5002,>
2026-05-08,20:23:06.225300,IP,172.20.0.10.5002,>
2026-05-08,20:23:06.225638,IP,172.20.0.20.46413,>
2026-05-08,20:23:06.226069,IP,172.20.0.20.46413,>
2026-05-08,20:23:06.231729,IP,172.20.0.10.5002,>
2026-05-08,20:23:06.232154,IP,172.20.0.20.46413,>
2026-05-08,20:23:06.232897,IP,172.20.0.10.5002,>
2026-05-08,20:23:06.233224,IP,172.20.0.10.5002,>
2026-05-08,20:23:06.233412,IP,172.20.0.20.46413,>
2026-05-08,20:23:06.233681,IP,172.20.0.20.46413,>
2026-05-08,20:23:06.234452,IP,172.20.0.10.5002,>
2026-05-08,20:23:06.234960,IP,172.20.0.10.5002,>
2026-05-08,20:23:06.235020,IP,172.20.0.20.46413,>
2026-05-08,20:23:06.235159,IP,172.20.0.10.5002,>
2026-05-08,20:23:06.235279,IP,172.20.0.20.46413,>
2026-05-08,20:23:06.235485,IP,172.20.0.20.46413,>
2026-05-08,20:23:06.235841,IP,172.20.0.10.5002,>
2026-05-08,20:23:06.236156,IP,172.20.0.20.46413,>
2026-05-08,20:23:06.236228,IP,172.20.0.10.5002,>
2026-05-08,20:23:06.236687,IP,172.20.0.20.46413,>
2026-05-08,20:23:06.242457,IP,172.20.0.10.5002,>
2026-05-08,20:23:06.242838,IP,172.20.0.20.46413,>
2026-05-08,20:23:06.243754,IP,172.20.0.10.5002,>
2026-05-08,20:23:06.243777,IP,172.20.0.10.5002,>
2026-05-08,20:23:06.244259,IP,172.20.0.20.46413,>
2026-05-08,20:23:06.244535,IP,172.20.0.20.46413,>
2026-05-08,20:23:06.245321,IP,172.20.0.10.5002,>
2026-05-08,20:23:06.245572,IP,172.20.0.10.5002,>
2026-05-08,20:23:06.245681,IP,172.20.0.10.5002,>
2026-05-08,20:23:06.246011,IP,172.20.0.20.46413,>
2026-05-08,20:23:06.246355,IP,172.20.0.20.46413,>
2026-05-08,20:23:06.246423,IP,172.20.0.10.5002,>
2026-05-08,20:23:06.246679,IP,172.20.0.20.46413,>
2026-05-08,20:23:06.246884,IP,172.20.0.10.5002,>
2026-05-08,20:23:06.247019,IP,172.20.0.20.46413,>
2026-05-08,20:23:06.247294,IP,172.20.0.20.46413,>
2026-05-08,20:23:06.253213,IP,172.20.0.10.5002,>
2026-05-08,20:23:06.253587,IP,172.20.0.20.46413,>
2026-05-08,20:23:06.254762,IP,172.20.0.10.5002,>
2026-05-08,20:23:06.254871,IP,172.20.0.10.5002,>
2026-05-08,20:23:06.255206,IP,172.20.0.20.46413,>
2026-05-08,20:23:06.255658,IP,172.20.0.20.46413,>
2026-05-08,20:23:06.257501,IP,172.20.0.10.5002,>
2026-05-08,20:23:06.257674,IP,172.20.0.10.5002,>
2026-05-08,20:23:06.257740,IP,172.20.0.10.5002,>
2026-05-08,20:23:06.257906,IP,172.20.0.10.5002,>
2026-05-08,20:23:06.257951,IP,172.20.0.10.5002,>
2026-05-08,20:23:06.258106,IP,172.20.0.20.46413,>
2026-05-08,20:23:06.258481,IP,172.20.0.20.46413,>
2026-05-08,20:23:06.259027,IP,172.20.0.20.46413,>
2026-05-08,20:23:06.259296,IP,172.20.0.20.46413,>
2026-05-08,20:23:06.259542,IP,172.20.0.20.46413,>
2026-05-08,20:23:06.264012,IP,172.20.0.10.5002,>
2026-05-08,20:23:06.264376,IP,172.20.0.20.46413,>
2026-05-08,20:23:06.265378,IP,172.20.0.10.5002,>
2026-05-08,20:23:06.265681,IP,172.20.0.20.46413,>
2026-05-08,20:23:06.265893,IP,172.20.0.10.5002,>
2026-05-08,20:23:06.266351,IP,172.20.0.20.46413,>
2026-05-08,20:23:06.268273,IP,172.20.0.10.5002,>
2026-05-08,20:23:06.268628,IP,172.20.0.20.46413,>
2026-05-08,20:23:06.268724,IP,172.20.0.10.5002,>
2026-05-08,20:23:06.269175,IP,172.20.0.20.46413,>
2026-05-08,20:23:06.269372,IP,172.20.0.10.5002,>
2026-05-08,20:23:06.269426,IP,172.20.0.10.5002,>
2026-05-08,20:23:06.269743,IP,172.20.0.10.5002,>
2026-05-08,20:23:06.269747,IP,172.20.0.20.46413,>
2026-05-08,20:23:06.270204,IP,172.20.0.20.46413,>
2026-05-08,20:23:06.270501,IP,172.20.0.20.46413,>
2026-05-08,20:23:06.274725,IP,172.20.0.10.5002,>
2026-05-08,20:23:06.275198,IP,172.20.0.20.46413,>
2026-05-08,20:23:06.275912,IP,172.20.0.10.5002,>
2026-05-08,20:23:06.276262,IP,172.20.0.20.46413,>
2026-05-08,20:23:06.276608,IP,172.20.0.10.5002,>
2026-05-08,20:23:06.277264,IP,172.20.0.20.46413,>
2026-05-08,20:23:06.278919,IP,172.20.0.10.5002,>
2026-05-08,20:23:06.279304,IP,172.20.0.20.46413,>
2026-05-08,20:23:06.279436,IP,172.20.0.10.5002,>
2026-05-08,20:23:06.279784,IP,172.20.0.20.46413,>
2026-05-08,20:23:06.279990,IP,172.20.0.10.5002,>
2026-05-08,20:23:06.280373,IP,172.20.0.20.46413,>
2026-05-08,20:23:06.280596,IP,172.20.0.10.5002,>
2026-05-08,20:23:06.280926,IP,172.20.0.10.5002,>
2026-05-08,20:23:06.281698,IP,172.20.0.20.46413,>
2026-05-08,20:23:06.282276,IP,172.20.0.20.46413,>
2026-05-08,20:23:06.285514,IP,172.20.0.10.5002,>
2026-05-08,20:23:06.286016,IP,172.20.0.20.46413,>
2026-05-08,20:23:06.286468,IP,172.20.0.10.5002,>
2026-05-08,20:23:06.286937,IP,172.20.0.20.46413,>
2026-05-08,20:23:06.287496,IP,172.20.0.10.5002,>
2026-05-08,20:23:06.287854,IP,172.20.0.20.46413,>
2026-05-08,20:23:06.289705,IP,172.20.0.10.5002,>
2026-05-08,20:23:06.290154,IP,172.20.0.20.46413,>
2026-05-08,20:23:06.290201,IP,172.20.0.10.5002,>
2026-05-08,20:23:06.290531,IP,172.20.0.20.46413,>
2026-05-08,20:23:06.290674,IP,172.20.0.10.5002,>
2026-05-08,20:23:06.291097,IP,172.20.0.20.46413,>
2026-05-08,20:23:06.292017,IP,172.20.0.10.5002,>
2026-05-08,20:23:06.292430,IP,172.20.0.20.46413,>
2026-05-08,20:23:06.292486,IP,172.20.0.10.5002,>
2026-05-08,20:23:06.293161,IP,172.20.0.20.46413,>
2026-05-08,20:23:06.296316,IP,172.20.0.10.5002,>
2026-05-08,20:23:06.296702,IP,172.20.0.20.46413,>
2026-05-08,20:23:06.297121,IP,172.20.0.10.5002,>
2026-05-08,20:23:06.297496,IP,172.20.0.20.46413,>
2026-05-08,20:23:06.298075,IP,172.20.0.10.5002,>
2026-05-08,20:23:06.298448,IP,172.20.0.20.46413,>
2026-05-08,20:23:06.300327,IP,172.20.0.10.5002,>
2026-05-08,20:23:06.300733,IP,172.20.0.20.46413,>
2026-05-08,20:23:06.300752,IP,172.20.0.10.5002,>
2026-05-08,20:23:06.301084,IP,172.20.0.20.46413,>
2026-05-08,20:23:06.301321,IP,172.20.0.10.5002,>
2026-05-08,20:23:06.301659,IP,172.20.0.20.46413,>
2026-05-08,20:23:06.302749,IP,172.20.0.10.5002,>
2026-05-08,20:23:06.303137,IP,172.20.0.20.46413,>
2026-05-08,20:23:06.303376,IP,172.20.0.10.5002,>
2026-05-08,20:23:06.303678,IP,172.20.0.20.46413,>
2026-05-08,20:23:06.307065,IP,172.20.0.10.5002,>
2026-05-08,20:23:06.307443,IP,172.20.0.20.46413,>
2026-05-08,20:23:06.307713,IP,172.20.0.10.5002,>
2026-05-08,20:23:06.308103,IP,172.20.0.20.46413,>
2026-05-08,20:23:06.308700,IP,172.20.0.10.5002,>
2026-05-08,20:23:06.309087,IP,172.20.0.20.46413,>
2026-05-08,20:23:06.310971,IP,172.20.0.10.5002,>
2026-05-08,20:23:06.311398,IP,172.20.0.20.46413,>
2026-05-08,20:23:06.311639,IP,172.20.0.10.5002,>
2026-05-08,20:23:06.311854,IP,172.20.0.10.5002,>
2026-05-08,20:23:06.312041,IP,172.20.0.20.46413,>
2026-05-08,20:23:06.312346,IP,172.20.0.20.46413,>
2026-05-08,20:23:06.314167,IP,172.20.0.10.5002,>
2026-05-08,20:23:06.314257,IP,172.20.0.10.5002,>
2026-05-08,20:23:06.314530,IP,172.20.0.20.46413,>
2026-05-08,20:23:06.314838,IP,172.20.0.20.46413,>
2026-05-08,20:23:06.317961,IP,172.20.0.10.5002,>
2026-05-08,20:23:06.318300,IP,172.20.0.20.46413,>
2026-05-08,20:23:06.318321,IP,172.20.0.10.5002,>
2026-05-08,20:23:06.318591,IP,172.20.0.20.46413,>
2026-05-08,20:23:06.319273,IP,172.20.0.10.5002,>
2026-05-08,20:23:06.319692,IP,172.20.0.20.46413,>
2026-05-08,20:23:06.321581,IP,172.20.0.10.5002,>
2026-05-08,20:23:06.322046,IP,172.20.0.20.46413,>
2026-05-08,20:23:06.322309,IP,172.20.0.10.5002,>
2026-05-08,20:23:06.322502,IP,172.20.0.10.5002,>
2026-05-08,20:23:06.322639,IP,172.20.0.20.46413,>
2026-05-08,20:23:06.322948,IP,172.20.0.20.46413,>
2026-05-08,20:23:06.324732,IP,172.20.0.10.5002,>
2026-05-08,20:23:06.325036,IP,172.20.0.10.5002,>
2026-05-08,20:23:06.325135,IP,172.20.0.20.46413,>
2026-05-08,20:23:06.325395,IP,172.20.0.20.46413,>
2026-05-08,20:23:06.328614,IP,172.20.0.10.5002,>
2026-05-08,20:23:06.328821,IP,172.20.0.10.5002,>
2026-05-08,20:23:06.329080,IP,172.20.0.20.46413,>
2026-05-08,20:23:06.329332,IP,172.20.0.20.46413,>
2026-05-08,20:23:06.329958,IP,172.20.0.10.5002,>
2026-05-08,20:23:06.330277,IP,172.20.0.20.46413,>
2026-05-08,20:23:06.332293,IP,172.20.0.10.5002,>
2026-05-08,20:23:06.332658,IP,172.20.0.20.46413,>
2026-05-08,20:23:06.332944,IP,172.20.0.10.5002,>
2026-05-08,20:23:06.333144,IP,172.20.0.10.5002,>
2026-05-08,20:23:06.333481,IP,172.20.0.20.46413,>
2026-05-08,20:23:06.333730,IP,172.20.0.20.46413,>
2026-05-08,20:23:06.335329,IP,172.20.0.10.5002,>
2026-05-08,20:23:06.335693,IP,172.20.0.10.5002,>
2026-05-08,20:23:06.335750,IP,172.20.0.20.46413,>
2026-05-08,20:23:06.336062,IP,172.20.0.20.46413,>
2026-05-08,20:23:06.339373,IP,172.20.0.10.5002,>
2026-05-08,20:23:06.339534,IP,172.20.0.10.5002,>
2026-05-08,20:23:06.339750,IP,172.20.0.20.46413,>
2026-05-08,20:23:06.340024,IP,172.20.0.20.46413,>
2026-05-08,20:23:06.340436,IP,172.20.0.10.5002,>
2026-05-08,20:23:06.340689,IP,172.20.0.20.46413,>
2026-05-08,20:23:06.342925,IP,172.20.0.10.5002,>
2026-05-08,20:23:06.343167,IP,172.20.0.20.46413,>
2026-05-08,20:23:06.343881,IP,172.20.0.10.5002,>
2026-05-08,20:23:06.344082,IP,172.20.0.10.5002,>
2026-05-08,20:23:06.344117,IP,172.20.0.20.46413,>
2026-05-08,20:23:06.344280,IP,172.20.0.20.46413,>
2026-05-08,20:23:06.346048,IP,172.20.0.10.5002,>
2026-05-08,20:23:06.346280,IP,172.20.0.10.5002,>
2026-05-08,20:23:06.346301,IP,172.20.0.20.46413,>
2026-05-08,20:23:06.346537,IP,172.20.0.20.46413,>
2026-05-08,20:23:06.350114,IP,172.20.0.10.5002,>
2026-05-08,20:23:06.350200,IP,172.20.0.10.5002,>
2026-05-08,20:23:06.350406,IP,172.20.0.20.46413,>
2026-05-08,20:23:06.350569,IP,172.20.0.20.46413,>
2026-05-08,20:23:06.350918,IP,172.20.0.10.5002,>
2026-05-08,20:23:06.351146,IP,172.20.0.20.46413,>
2026-05-08,20:23:06.353384,IP,172.20.0.10.5002,>
2026-05-08,20:23:06.353634,IP,172.20.0.20.46413,>
2026-05-08,20:23:06.354362,IP,172.20.0.10.5002,>
2026-05-08,20:23:06.354450,IP,172.20.0.10.5002,>
2026-05-08,20:23:06.354625,IP,172.20.0.20.46413,>
2026-05-08,20:23:06.354774,IP,172.20.0.20.46413,>
2026-05-08,20:23:06.356571,IP,172.20.0.10.5002,>
2026-05-08,20:23:06.356676,IP,172.20.0.10.5002,>
2026-05-08,20:23:06.356834,IP,172.20.0.20.46413,>
2026-05-08,20:23:06.356996,IP,172.20.0.20.46413,>
2026-05-08,20:23:06.360712,IP,172.20.0.10.5002,>
2026-05-08,20:23:06.360815,IP,172.20.0.10.5002,>
2026-05-08,20:23:06.360970,IP,172.20.0.20.46413,>
2026-05-08,20:23:06.361128,IP,172.20.0.20.46413,>
2026-05-08,20:23:06.361324,IP,172.20.0.10.5002,>
2026-05-08,20:23:06.361559,IP,172.20.0.20.46413,>
2026-05-08,20:23:06.363910,IP,172.20.0.10.5002,>
2026-05-08,20:23:06.364244,IP,172.20.0.20.46413,>
2026-05-08,20:23:06.364936,IP,172.20.0.10.5002,>
2026-05-08,20:23:06.365016,IP,172.20.0.10.5002,>
2026-05-08,20:23:06.365177,IP,172.20.0.20.46413,>
2026-05-08,20:23:06.365333,IP,172.20.0.20.46413,>
2026-05-08,20:23:06.367027,IP,172.20.0.10.5002,>
2026-05-08,20:23:06.367149,IP,172.20.0.10.5002,>
2026-05-08,20:23:06.367412,IP,172.20.0.20.46413,>
2026-05-08,20:23:06.367659,IP,172.20.0.20.46413,>
2026-05-08,20:23:06.371307,IP,172.20.0.10.5002,>
2026-05-08,20:23:06.371530,IP,172.20.0.10.5002,>
2026-05-08,20:23:06.371593,IP,172.20.0.20.46413,>
2026-05-08,20:23:06.371720,IP,172.20.0.10.5002,>
2026-05-08,20:23:06.371757,IP,172.20.0.20.46413,>
2026-05-08,20:23:06.371909,IP,172.20.0.20.46413,>
2026-05-08,20:23:06.374475,IP,172.20.0.10.5002,>
2026-05-08,20:23:06.374768,IP,172.20.0.20.46413,>
2026-05-08,20:23:06.375494,IP,172.20.0.10.5002,>
2026-05-08,20:23:06.376064,IP,172.20.0.10.5002,>
2026-05-08,20:23:06.376098,IP,172.20.0.20.46413,>
2026-05-08,20:23:06.376342,IP,172.20.0.20.46413,>
2026-05-08,20:23:06.377662,IP,172.20.0.10.5002,>
2026-05-08,20:23:06.377912,IP,172.20.0.10.5002,>
2026-05-08,20:23:06.378115,IP,172.20.0.20.46413,>
2026-05-08,20:23:06.378291,IP,172.20.0.20.46413,>
2026-05-08,20:23:06.381924,IP,172.20.0.10.5002,>
2026-05-08,20:23:06.382180,IP,172.20.0.20.46413,>
2026-05-08,20:23:06.382267,IP,172.20.0.10.5002,>
2026-05-08,20:23:06.382453,IP,172.20.0.10.5002,>
2026-05-08,20:23:06.382494,IP,172.20.0.20.46413,>
2026-05-08,20:23:06.382635,IP,172.20.0.20.46413,>
2026-05-08,20:23:06.385066,IP,172.20.0.10.5002,>
2026-05-08,20:23:06.385314,IP,172.20.0.20.46413,>
2026-05-08,20:23:06.386452,IP,172.20.0.10.5002,>
2026-05-08,20:23:06.386482,IP,172.20.0.10.5002,>
2026-05-08,20:23:06.386745,IP,172.20.0.20.46413,>
2026-05-08,20:23:06.386931,IP,172.20.0.20.46413,>
2026-05-08,20:23:06.388315,IP,172.20.0.10.5002,>
2026-05-08,20:23:06.388519,IP,172.20.0.10.5002,>
2026-05-08,20:23:06.388667,IP,172.20.0.20.46413,>
2026-05-08,20:23:06.388848,IP,172.20.0.20.46413,>
2026-05-08,20:23:06.392723,IP,172.20.0.10.5002,>
2026-05-08,20:23:06.392734,IP,172.20.0.10.5002,>
2026-05-08,20:23:06.392892,IP,172.20.0.10.5002,>
2026-05-08,20:23:06.393045,IP,172.20.0.20.46413,>
2026-05-08,20:23:06.393213,IP,172.20.0.20.46413,>
2026-05-08,20:23:06.393343,IP,172.20.0.20.46413,>
2026-05-08,20:23:06.395519,IP,172.20.0.10.5002,>
2026-05-08,20:23:06.395832,IP,172.20.0.20.46413,>
2026-05-08,20:23:06.397040,IP,172.20.0.10.5002,>
2026-05-08,20:23:06.397115,IP,172.20.0.10.5002,>
2026-05-08,20:23:06.397389,IP,172.20.0.20.46413,>
2026-05-08,20:23:06.397665,IP,172.20.0.20.46413,>
2026-05-08,20:23:06.398918,IP,172.20.0.10.5002,>
2026-05-08,20:23:06.398993,IP,172.20.0.10.5002,>
2026-05-08,20:23:06.399185,IP,172.20.0.20.46413,>
2026-05-08,20:23:06.399341,IP,172.20.0.20.46413,>
2026-05-08,20:23:06.403397,IP,172.20.0.10.5002,>
2026-05-08,20:23:06.403855,IP,172.20.0.10.5002,>
2026-05-08,20:23:06.403862,IP,172.20.0.10.5002,>
2026-05-08,20:23:06.403887,IP,172.20.0.20.46413,>
2026-05-08,20:23:06.404207,IP,172.20.0.20.46413,>
2026-05-08,20:23:06.404479,IP,172.20.0.20.46413,>
2026-05-08,20:23:06.406020,IP,172.20.0.10.5002,>
2026-05-08,20:23:06.406311,IP,172.20.0.20.46413,>
2026-05-08,20:23:06.407696,IP,172.20.0.10.5002,>
2026-05-08,20:23:06.407913,IP,172.20.0.10.5002,>
2026-05-08,20:23:06.408063,IP,172.20.0.20.46413,>
2026-05-08,20:23:06.408309,IP,172.20.0.20.46413,>
2026-05-08,20:23:06.409362,IP,172.20.0.10.5002,>
2026-05-08,20:23:06.409496,IP,172.20.0.10.5002,>
2026-05-08,20:23:06.409716,IP,172.20.0.20.46413,>
2026-05-08,20:23:06.410518,IP,172.20.0.20.46413,>
2026-05-08,20:23:06.414214,IP,172.20.0.10.5002,>
2026-05-08,20:23:06.414376,IP,172.20.0.10.5002,>
2026-05-08,20:23:06.414590,IP,172.20.0.10.5002,>
2026-05-08,20:23:06.414743,IP,172.20.0.20.46413,>
2026-05-08,20:23:06.415042,IP,172.20.0.20.46413,>
2026-05-08,20:23:06.415279,IP,172.20.0.20.46413,>
2026-05-08,20:23:06.416471,IP,172.20.0.10.5002,>
2026-05-08,20:23:06.416752,IP,172.20.0.20.46413,>
2026-05-08,20:23:06.418288,IP,172.20.0.10.5002,>
2026-05-08,20:23:06.418514,IP,172.20.0.10.5002,>
2026-05-08,20:23:06.418774,IP,172.20.0.20.46413,>
2026-05-08,20:23:06.419274,IP,172.20.0.20.46413,>
2026-05-08,20:23:06.420003,IP,172.20.0.10.5002,>
2026-05-08,20:23:06.420558,IP,172.20.0.20.46413,>
2026-05-08,20:23:06.421016,IP,172.20.0.10.5002,>
2026-05-08,20:23:06.421363,IP,172.20.0.20.46413,>
2026-05-08,20:23:06.425009,IP,172.20.0.10.5002,>
2026-05-08,20:23:06.425226,IP,172.20.0.10.5002,>
2026-05-08,20:23:06.425600,IP,172.20.0.20.46413,>
2026-05-08,20:23:06.425675,IP,172.20.0.10.5002,>
2026-05-08,20:23:06.425964,IP,172.20.0.20.46413,>
2026-05-08,20:23:06.426240,IP,172.20.0.20.46413,>
2026-05-08,20:23:06.426932,IP,172.20.0.10.5002,>
2026-05-08,20:23:06.427262,IP,172.20.0.20.46413,>
2026-05-08,20:23:06.429048,IP,172.20.0.10.5002,>
2026-05-08,20:23:06.429350,IP,172.20.0.20.46413,>
2026-05-08,20:23:06.429424,IP,172.20.0.10.5002,>
2026-05-08,20:23:06.429730,IP,172.20.0.20.46413,>
2026-05-08,20:23:06.430836,IP,172.20.0.10.5002,>
2026-05-08,20:23:06.431042,IP,172.20.0.20.46413,>
2026-05-08,20:23:06.431686,IP,172.20.0.10.5002,>
2026-05-08,20:23:06.432088,IP,172.20.0.20.46413,>
2026-05-08,20:23:06.436043,IP,172.20.0.10.5002,>
2026-05-08,20:23:06.436164,IP,172.20.0.10.5002,>
2026-05-08,20:23:06.436357,IP,172.20.0.20.46413,>
2026-05-08,20:23:06.436417,IP,172.20.0.10.5002,>
2026-05-08,20:23:06.436597,IP,172.20.0.20.46413,>
2026-05-08,20:23:06.436815,IP,172.20.0.20.46413,>
2026-05-08,20:23:06.437466,IP,172.20.0.10.5002,>
2026-05-08,20:23:06.437758,IP,172.20.0.20.46413,>
2026-05-08,20:23:06.439589,IP,172.20.0.10.5002,>
2026-05-08,20:23:06.440029,IP,172.20.0.20.46413,>
2026-05-08,20:23:06.440069,IP,172.20.0.10.5002,>
2026-05-08,20:23:06.440378,IP,172.20.0.20.46413,>
2026-05-08,20:23:06.441215,IP,172.20.0.10.5002,>
2026-05-08,20:23:06.441639,IP,172.20.0.20.46413,>
2026-05-08,20:23:06.442276,IP,172.20.0.10.5002,>
2026-05-08,20:23:06.442608,IP,172.20.0.20.46413,>
2026-05-08,20:23:06.446744,IP,172.20.0.10.5002,>
2026-05-08,20:23:06.446862,IP,172.20.0.10.5002,>
2026-05-08,20:23:06.446935,IP,172.20.0.10.5002,>
2026-05-08,20:23:06.447074,IP,172.20.0.20.46413,>
2026-05-08,20:23:06.447302,IP,172.20.0.20.46413,>
2026-05-08,20:23:06.447496,IP,172.20.0.20.46413,>
2026-05-08,20:23:06.447973,IP,172.20.0.10.5002,>
2026-05-08,20:23:06.448306,IP,172.20.0.20.46413,>
2026-05-08,20:23:06.450301,IP,172.20.0.10.5002,>
2026-05-08,20:23:06.450635,IP,172.20.0.20.46413,>
2026-05-08,20:23:06.451771,IP,172.20.0.10.5002,>
2026-05-08,20:23:06.451880,IP,172.20.0.10.5002,>
2026-05-08,20:23:06.452047,IP,172.20.0.20.46413,>
2026-05-08,20:23:06.452201,IP,172.20.0.20.46413,>
2026-05-08,20:23:06.452745,IP,172.20.0.10.5002,>
2026-05-08,20:23:06.453035,IP,172.20.0.20.46413,>
2026-05-08,20:23:06.457384,IP,172.20.0.10.5002,>
2026-05-08,20:23:06.457830,IP,172.20.0.10.5002,>
2026-05-08,20:23:06.457838,IP,172.20.0.10.5002,>
2026-05-08,20:23:06.457887,IP,172.20.0.20.46413,>
2026-05-08,20:23:06.458233,IP,172.20.0.20.46413,>
2026-05-08,20:23:06.458500,IP,172.20.0.10.5002,>
2026-05-08,20:23:06.458608,IP,172.20.0.20.46413,>
2026-05-08,20:23:06.458890,IP,172.20.0.20.46413,>
2026-05-08,20:23:06.461013,IP,172.20.0.10.5002,>
2026-05-08,20:23:06.461284,IP,172.20.0.20.46413,>
2026-05-08,20:23:06.462233,IP,172.20.0.10.5002,>
2026-05-08,20:23:06.462316,IP,172.20.0.10.5002,>
2026-05-08,20:23:06.462470,IP,172.20.0.20.46413,>
2026-05-08,20:23:06.462636,IP,172.20.0.20.46413,>
2026-05-08,20:23:06.463241,IP,172.20.0.10.5002,>
2026-05-08,20:23:06.463609,IP,172.20.0.20.46413,>
2026-05-08,20:23:06.468215,IP,172.20.0.10.5002,>
2026-05-08,20:23:06.468469,IP,172.20.0.10.5002,>
2026-05-08,20:23:06.468607,IP,172.20.0.20.46413,>
2026-05-08,20:23:06.468848,IP,172.20.0.10.5002,>
2026-05-08,20:23:06.468909,IP,172.20.0.20.46413,>
2026-05-08,20:23:06.469078,IP,172.20.0.10.5002,>
2026-05-08,20:23:06.469146,IP,172.20.0.20.46413,>
2026-05-08,20:23:06.469385,IP,172.20.0.20.46413,>
2026-05-08,20:23:06.471558,IP,172.20.0.10.5002,>
2026-05-08,20:23:06.471954,IP,172.20.0.20.46413,>
2026-05-08,20:23:06.472742,IP,172.20.0.10.5002,>
2026-05-08,20:23:06.472835,IP,172.20.0.10.5002,>
2026-05-08,20:23:06.473089,IP,172.20.0.20.46413,>
2026-05-08,20:23:06.473340,IP,172.20.0.20.46413,>
2026-05-08,20:23:06.473813,IP,172.20.0.10.5002,>
2026-05-08,20:23:06.474286,IP,172.20.0.20.46413,>
2026-05-08,20:23:06.478976,IP,172.20.0.10.5002,>
2026-05-08,20:23:06.479064,IP,172.20.0.10.5002,>
2026-05-08,20:23:06.479301,IP,172.20.0.10.5002,>
2026-05-08,20:23:06.479362,IP,172.20.0.20.46413,>
2026-05-08,20:23:06.479560,IP,172.20.0.10.5002,>
2026-05-08,20:23:06.479626,IP,172.20.0.20.46413,>
2026-05-08,20:23:06.479865,IP,172.20.0.20.46413,>
2026-05-08,20:23:06.480107,IP,172.20.0.20.46413,>
2026-05-08,20:23:06.482180,IP,172.20.0.10.5002,>
2026-05-08,20:23:06.482509,IP,172.20.0.20.46413,>
2026-05-08,20:23:06.483265,IP,172.20.0.10.5002,>
2026-05-08,20:23:06.483578,IP,172.20.0.20.46413,>
2026-05-08,20:23:06.483594,IP,172.20.0.10.5002,>
2026-05-08,20:23:06.484051,IP,172.20.0.20.46413,>
2026-05-08,20:23:06.484514,IP,172.20.0.10.5002,>
2026-05-08,20:23:06.485055,IP,172.20.0.20.46413,>
2026-05-08,20:23:06.489744,IP,172.20.0.10.5002,>
2026-05-08,20:23:06.489858,IP,172.20.0.10.5002,>
2026-05-08,20:23:06.490034,IP,172.20.0.10.5002,>
2026-05-08,20:23:06.490152,IP,172.20.0.20.46413,>
2026-05-08,20:23:06.490295,IP,172.20.0.10.5002,>
2026-05-08,20:23:06.490423,IP,172.20.0.20.46413,>
2026-05-08,20:23:06.490829,IP,172.20.0.20.46413,>
2026-05-08,20:23:06.491238,IP,172.20.0.20.46413,>
2026-05-08,20:23:06.492730,IP,172.20.0.10.5002,>
2026-05-08,20:23:06.493068,IP,172.20.0.20.46413,>
2026-05-08,20:23:06.493730,IP,172.20.0.10.5002,>
2026-05-08,20:23:06.494121,IP,172.20.0.20.46413,>
2026-05-08,20:23:06.494260,IP,172.20.0.10.5002,>
2026-05-08,20:23:06.494967,IP,172.20.0.20.46413,>
2026-05-08,20:23:06.495295,IP,172.20.0.10.5002,>
2026-05-08,20:23:06.495633,IP,172.20.0.20.46413,>
2026-05-08,20:23:06.500489,IP,172.20.0.10.5002,>
2026-05-08,20:23:06.500584,IP,172.20.0.10.5002,>
2026-05-08,20:23:06.501044,IP,172.20.0.10.5002,>
2026-05-08,20:23:06.501079,IP,172.20.0.20.46413,>
2026-05-08,20:23:06.501419,IP,172.20.0.10.5002,>
2026-05-08,20:23:06.501477,IP,172.20.0.20.46413,>
2026-05-08,20:23:06.501714,IP,172.20.0.20.46413,>
2026-05-08,20:23:06.501899,IP,172.20.0.20.46413,>
2026-05-08,20:23:06.503342,IP,172.20.0.10.5002,>
2026-05-08,20:23:06.503694,IP,172.20.0.20.46413,>
2026-05-08,20:23:06.504423,IP,172.20.0.10.5002,>
2026-05-08,20:23:06.504649,IP,172.20.0.20.46413,>
2026-05-08,20:23:06.505135,IP,172.20.0.10.5002,>
2026-05-08,20:23:06.505409,IP,172.20.0.20.46413,>
2026-05-08,20:23:06.505845,IP,172.20.0.10.5002,>
2026-05-08,20:23:06.506145,IP,172.20.0.20.46413,>
2026-05-08,20:23:06.511392,IP,172.20.0.10.5002,>
2026-05-08,20:23:06.511673,IP,172.20.0.20.46413,>
2026-05-08,20:23:06.512147,IP,172.20.0.10.5002,>
2026-05-08,20:23:06.512566,IP,172.20.0.10.5002,>
2026-05-08,20:23:06.512573,IP,172.20.0.10.5002,>
2026-05-08,20:23:06.512599,IP,172.20.0.20.46413,>
2026-05-08,20:23:06.512908,IP,172.20.0.20.46413,>
2026-05-08,20:23:06.513082,IP,172.20.0.20.46413,>
2026-05-08,20:23:06.514167,IP,172.20.0.10.5002,>
2026-05-08,20:23:06.514481,IP,172.20.0.20.46413,>
2026-05-08,20:23:06.514871,IP,172.20.0.10.5002,>
2026-05-08,20:23:06.515430,IP,172.20.0.20.46413,>
2026-05-08,20:23:06.515578,IP,172.20.0.10.5002,>
2026-05-08,20:23:06.516050,IP,172.20.0.20.46413,>
2026-05-08,20:23:06.516370,IP,172.20.0.10.5002,>
2026-05-08,20:23:06.516835,IP,172.20.0.20.46413,>
2026-05-08,20:23:06.522009,IP,172.20.0.10.5002,>
2026-05-08,20:23:06.522333,IP,172.20.0.20.46413,>
2026-05-08,20:23:06.522918,IP,172.20.0.10.5002,>
2026-05-08,20:23:06.523136,IP,172.20.0.10.5002,>
2026-05-08,20:23:06.523224,IP,172.20.0.10.5002,>
2026-05-08,20:23:06.523320,IP,172.20.0.20.46413,>
2026-05-08,20:23:06.523556,IP,172.20.0.20.46413,>
2026-05-08,20:23:06.523782,IP,172.20.0.20.46413,>
2026-05-08,20:23:06.524812,IP,172.20.0.10.5002,>
2026-05-08,20:23:06.525090,IP,172.20.0.20.46413,>
2026-05-08,20:23:06.525898,IP,172.20.0.10.5002,>
2026-05-08,20:23:06.526212,IP,172.20.0.20.46413,>
2026-05-08,20:23:06.526252,IP,172.20.0.10.5002,>
2026-05-08,20:23:06.526458,IP,172.20.0.20.46413,>
2026-05-08,20:23:06.527132,IP,172.20.0.10.5002,>
2026-05-08,20:23:06.527486,IP,172.20.0.20.46413,>
2026-05-08,20:23:06.532640,IP,172.20.0.10.5002,>
2026-05-08,20:23:06.532900,IP,172.20.0.20.46413,>
2026-05-08,20:23:06.533482,IP,172.20.0.10.5002,>
2026-05-08,20:23:06.533742,IP,172.20.0.10.5002,>
2026-05-08,20:23:06.533858,IP,172.20.0.20.46413,>
2026-05-08,20:23:06.533966,IP,172.20.0.10.5002,>
2026-05-08,20:23:06.534189,IP,172.20.0.20.46413,>
2026-05-08,20:23:06.534193,IP,172.20.0.20.46413,>
2026-05-08,20:23:06.535438,IP,172.20.0.10.5002,>
2026-05-08,20:23:06.535651,IP,172.20.0.20.46413,>
2026-05-08,20:23:06.536456,IP,172.20.0.10.5002,>
2026-05-08,20:23:06.536614,IP,172.20.0.10.5002,>
2026-05-08,20:23:06.536886,IP,172.20.0.20.46413,>
2026-05-08,20:23:06.537160,IP,172.20.0.20.46413,>
2026-05-08,20:23:06.537721,IP,172.20.0.10.5002,>
2026-05-08,20:23:06.538210,IP,172.20.0.20.46413,>
2026-05-08,20:23:06.543545,IP,172.20.0.10.5002,>
2026-05-08,20:23:06.543996,IP,172.20.0.20.46413,>
2026-05-08,20:23:06.544125,IP,172.20.0.10.5002,>
2026-05-08,20:23:06.544425,IP,172.20.0.10.5002,>
2026-05-08,20:23:06.544690,IP,172.20.0.10.5002,>
2026-05-08,20:23:06.544906,IP,172.20.0.20.46413,>
2026-05-08,20:23:06.545493,IP,172.20.0.20.46413,>
2026-05-08,20:23:06.545759,IP,172.20.0.20.46413,>
2026-05-08,20:23:06.545910,IP,172.20.0.10.5002,>
2026-05-08,20:23:06.546328,IP,172.20.0.20.46413,>
2026-05-08,20:23:06.547142,IP,172.20.0.10.5002,>
2026-05-08,20:23:06.547416,IP,172.20.0.10.5002,>
2026-05-08,20:23:06.547468,IP,172.20.0.20.46413,>
2026-05-08,20:23:06.547716,IP,172.20.0.20.46413,>
2026-05-08,20:23:06.548468,IP,172.20.0.10.5002,>
2026-05-08,20:23:06.548820,IP,172.20.0.20.46413,>
2026-05-08,20:23:06.554345,IP,172.20.0.10.5002,>
2026-05-08,20:23:06.554672,IP,172.20.0.20.46413,>
2026-05-08,20:23:06.555066,IP,172.20.0.10.5002,>
2026-05-08,20:23:06.555429,IP,172.20.0.20.46413,>
2026-05-08,20:23:06.555634,IP,172.20.0.10.5002,>
2026-05-08,20:23:06.555875,IP,172.20.0.10.5002,>
2026-05-08,20:23:06.556011,IP,172.20.0.20.46413,>
2026-05-08,20:23:06.556303,IP,172.20.0.20.46413,>
2026-05-08,20:23:06.556491,IP,172.20.0.10.5002,>
2026-05-08,20:23:06.556872,IP,172.20.0.20.46413,>
2026-05-08,20:23:06.557579,IP,172.20.0.10.5002,>
2026-05-08,20:23:06.558024,IP,172.20.0.20.46413,>
2026-05-08,20:23:06.558049,IP,172.20.0.10.5002,>
2026-05-08,20:23:06.558319,IP,172.20.0.20.46413,>
2026-05-08,20:23:06.559199,IP,172.20.0.10.5002,>
2026-05-08,20:23:06.559577,IP,172.20.0.20.46413,>
2026-05-08,20:23:06.565005,IP,172.20.0.10.5002,>
2026-05-08,20:23:06.565430,IP,172.20.0.20.46413,>
2026-05-08,20:23:06.565645,IP,172.20.0.10.5002,>
2026-05-08,20:23:06.566115,IP,172.20.0.20.46413,>
2026-05-08,20:23:06.566365,IP,172.20.0.10.5002,>
2026-05-08,20:23:06.566456,IP,172.20.0.10.5002,>
2026-05-08,20:23:06.566813,IP,172.20.0.20.46413,>
2026-05-08,20:23:06.567116,IP,172.20.0.20.46413,>
2026-05-08,20:23:06.567153,IP,172.20.0.10.5002,>
2026-05-08,20:23:06.567447,IP,172.20.0.20.46413,>
2026-05-08,20:23:06.568365,IP,172.20.0.10.5002,>
2026-05-08,20:23:06.568537,IP,172.20.0.10.5002,>
2026-05-08,20:23:06.568851,IP,172.20.0.20.46413,>
2026-05-08,20:23:06.569129,IP,172.20.0.20.46413,>
2026-05-08,20:23:06.569825,IP,172.20.0.10.5002,>
2026-05-08,20:23:06.570297,IP,172.20.0.20.46413,>
2026-05-08,20:23:06.575739,IP,172.20.0.10.5002,>
2026-05-08,20:23:06.576081,IP,172.20.0.20.46413,>
2026-05-08,20:23:06.576313,IP,172.20.0.10.5002,>
2026-05-08,20:23:06.576890,IP,172.20.0.20.46413,>
2026-05-08,20:23:06.577002,IP,172.20.0.10.5002,>
2026-05-08,20:23:06.577307,IP,172.20.0.10.5002,>
2026-05-08,20:23:06.577398,IP,172.20.0.20.46413,>
2026-05-08,20:23:06.577663,IP,172.20.0.20.46413,>
2026-05-08,20:23:06.577757,IP,172.20.0.10.5002,>
2026-05-08,20:23:06.578161,IP,172.20.0.20.46413,>
2026-05-08,20:23:06.579039,IP,172.20.0.10.5002,>
2026-05-08,20:23:06.579346,IP,172.20.0.10.5002,>
2026-05-08,20:23:06.579406,IP,172.20.0.20.46413,>
2026-05-08,20:23:06.579651,IP,172.20.0.20.46413,>
2026-05-08,20:23:06.580571,IP,172.20.0.10.5002,>
2026-05-08,20:23:06.580930,IP,172.20.0.20.46413,>
2026-05-08,20:23:06.586492,IP,172.20.0.10.5002,>
2026-05-08,20:23:06.586927,IP,172.20.0.20.46413,>
2026-05-08,20:23:06.587335,IP,172.20.0.10.5002,>
2026-05-08,20:23:06.587599,IP,172.20.0.10.5002,>
2026-05-08,20:23:06.587667,IP,172.20.0.20.46413,>
2026-05-08,20:23:06.587992,IP,172.20.0.20.46413,>
2026-05-08,20:23:06.588528,IP,172.20.0.10.5002,>
2026-05-08,20:23:06.588677,IP,172.20.0.10.5002,>
2026-05-08,20:23:06.589063,IP,172.20.0.20.46413,>
2026-05-08,20:23:06.589378,IP,172.20.0.20.46413,>
2026-05-08,20:23:06.589618,IP,172.20.0.10.5002,>
2026-05-08,20:23:06.589852,IP,172.20.0.10.5002,>
2026-05-08,20:23:06.590228,IP,172.20.0.20.46413,>
2026-05-08,20:23:06.590641,IP,172.20.0.20.46413,>
2026-05-08,20:23:06.591180,IP,172.20.0.10.5002,>
2026-05-08,20:23:06.591622,IP,172.20.0.20.46413,>
2026-05-08,20:23:06.597396,IP,172.20.0.10.5002,>
2026-05-08,20:23:06.597975,IP,172.20.0.20.46413,>
2026-05-08,20:23:06.597987,IP,172.20.0.10.5002,>
2026-05-08,20:23:06.598161,IP,172.20.0.10.5002,>
2026-05-08,20:23:06.598506,IP,172.20.0.20.46413,>
2026-05-08,20:23:06.598870,IP,172.20.0.20.46413,>
2026-05-08,20:23:06.599424,IP,172.20.0.10.5002,>
2026-05-08,20:23:06.599632,IP,172.20.0.10.5002,>
2026-05-08,20:23:06.599930,IP,172.20.0.20.46413,>
2026-05-08,20:23:06.600215,IP,172.20.0.20.46413,>
2026-05-08,20:23:06.600420,IP,172.20.0.10.5002,>
2026-05-08,20:23:06.600908,IP,172.20.0.10.5002,>
2026-05-08,20:23:06.600910,IP,172.20.0.20.46413,>
2026-05-08,20:23:06.601286,IP,172.20.0.20.46413,>
2026-05-08,20:23:06.601953,IP,172.20.0.10.5002,>
2026-05-08,20:23:06.602265,IP,172.20.0.20.46413,>
2026-05-08,20:23:06.608375,IP,172.20.0.10.5002,>
2026-05-08,20:23:06.608745,IP,172.20.0.10.5002,>
2026-05-08,20:23:06.608895,IP,172.20.0.20.46413,>
2026-05-08,20:23:06.609205,IP,172.20.0.10.5002,>
2026-05-08,20:23:06.609302,IP,172.20.0.20.46413,>
2026-05-08,20:23:06.609707,IP,172.20.0.20.46413,>
2026-05-08,20:23:06.610189,IP,172.20.0.10.5002,>
2026-05-08,20:23:06.610485,IP,172.20.0.10.5002,>
2026-05-08,20:23:06.610691,IP,172.20.0.20.46413,>
2026-05-08,20:23:06.611069,IP,172.20.0.20.46413,>
2026-05-08,20:23:06.611127,IP,172.20.0.10.5002,>
2026-05-08,20:23:06.611537,IP,172.20.0.10.5002,>
2026-05-08,20:23:06.611747,IP,172.20.0.20.46413,>
2026-05-08,20:23:06.612137,IP,172.20.0.20.46413,>
2026-05-08,20:23:06.612462,IP,172.20.0.10.5002,>
2026-05-08,20:23:06.612776,IP,172.20.0.20.46413,>
2026-05-08,20:23:06.619244,IP,172.20.0.10.5002,>
2026-05-08,20:23:06.619546,IP,172.20.0.10.5002,>
2026-05-08,20:23:06.619768,IP,172.20.0.20.46413,>
2026-05-08,20:23:06.620237,IP,172.20.0.20.46413,>
2026-05-08,20:23:06.620256,IP,172.20.0.10.5002,>
2026-05-08,20:23:06.621025,IP,172.20.0.10.5002,>
2026-05-08,20:23:06.621067,IP,172.20.0.20.46413,>
2026-05-08,20:23:06.621388,IP,172.20.0.10.5002,>
2026-05-08,20:23:06.621642,IP,172.20.0.20.46413,>
2026-05-08,20:23:06.621963,IP,172.20.0.10.5002,>
2026-05-08,20:23:06.622010,IP,172.20.0.20.46413,>
2026-05-08,20:23:06.622317,IP,172.20.0.10.5002,>
2026-05-08,20:23:06.622318,IP,172.20.0.20.46413,>
2026-05-08,20:23:06.622629,IP,172.20.0.20.46413,>
2026-05-08,20:23:06.622976,IP,172.20.0.10.5002,>
2026-05-08,20:23:06.623327,IP,172.20.0.20.46413,>
2026-05-08,20:23:06.630101,IP,172.20.0.10.5002,>
2026-05-08,20:23:06.630435,IP,172.20.0.20.46413,>
2026-05-08,20:23:06.630535,IP,172.20.0.10.5002,>
2026-05-08,20:23:06.631285,IP,172.20.0.10.5002,>
2026-05-08,20:23:06.631403,IP,172.20.0.20.46413,>
2026-05-08,20:23:06.631860,IP,172.20.0.10.5002,>
2026-05-08,20:23:06.631994,IP,172.20.0.20.46413,>
2026-05-08,20:23:06.632288,IP,172.20.0.10.5002,>
2026-05-08,20:23:06.632481,IP,172.20.0.20.46413,>
2026-05-08,20:23:06.632563,IP,172.20.0.10.5002,>
2026-05-08,20:23:06.632784,IP,172.20.0.10.5002,>
2026-05-08,20:23:06.632984,IP,172.20.0.20.46413,>
2026-05-08,20:23:06.633270,IP,172.20.0.20.46413,>
2026-05-08,20:23:06.633542,IP,172.20.0.20.46413,>
2026-05-08,20:23:06.633580,IP,172.20.0.10.5002,>
2026-05-08,20:23:06.634588,IP,172.20.0.20.46413,>
2026-05-08,20:23:06.640786,IP,172.20.0.10.5002,>
2026-05-08,20:23:06.641194,IP,172.20.0.20.46413,>
2026-05-08,20:23:06.641616,IP,172.20.0.10.5002,>
2026-05-08,20:23:06.642125,IP,172.20.0.20.46413,>
2026-05-08,20:23:06.642340,IP,172.20.0.10.5002,>
2026-05-08,20:23:06.642665,IP,172.20.0.10.5002,>
2026-05-08,20:23:06.642717,IP,172.20.0.20.46413,>
2026-05-08,20:23:06.643056,IP,172.20.0.20.46413,>
2026-05-08,20:23:06.643692,IP,172.20.0.10.5002,>
2026-05-08,20:23:06.643868,IP,172.20.0.10.5002,>
2026-05-08,20:23:06.644154,IP,172.20.0.20.46413,>
2026-05-08,20:23:06.644434,IP,172.20.0.20.46413,>
2026-05-08,20:23:06.644838,IP,172.20.0.10.5002,>
2026-05-08,20:23:06.644990,IP,172.20.0.10.5002,>
2026-05-08,20:23:06.645250,IP,172.20.0.20.46413,>
2026-05-08,20:23:06.645505,IP,172.20.0.20.46413,>
2026-05-08,20:23:06.651660,IP,172.20.0.10.5002,>
2026-05-08,20:23:06.652110,IP,172.20.0.20.46413,>
2026-05-08,20:23:06.652378,IP,172.20.0.10.5002,>
2026-05-08,20:23:06.652814,IP,172.20.0.20.46413,>
2026-05-08,20:23:06.652975,IP,172.20.0.10.5002,>
2026-05-08,20:23:06.653330,IP,172.20.0.10.5002,>
2026-05-08,20:23:06.653340,IP,172.20.0.20.46413,>
2026-05-08,20:23:06.653629,IP,172.20.0.20.46413,>
2026-05-08,20:23:06.654507,IP,172.20.0.10.5002,>
2026-05-08,20:23:06.654625,IP,172.20.0.10.5002,>
2026-05-08,20:23:06.654899,IP,172.20.0.20.46413,>
2026-05-08,20:23:06.655241,IP,172.20.0.20.46413,>
2026-05-08,20:23:06.655463,IP,172.20.0.10.5002,>
2026-05-08,20:23:06.655698,IP,172.20.0.10.5002,>
2026-05-08,20:23:06.655836,IP,172.20.0.20.46413,>
2026-05-08,20:23:06.656270,IP,172.20.0.20.46413,>
2026-05-08,20:23:06.662492,IP,172.20.0.10.5002,>
2026-05-08,20:23:06.662945,IP,172.20.0.20.46413,>
2026-05-08,20:23:06.663025,IP,172.20.0.10.5002,>
2026-05-08,20:23:06.663413,IP,172.20.0.20.46413,>
2026-05-08,20:23:06.663601,IP,172.20.0.10.5002,>
2026-05-08,20:23:06.663848,IP,172.20.0.10.5002,>
2026-05-08,20:23:06.664072,IP,172.20.0.20.46413,>
2026-05-08,20:23:06.664382,IP,172.20.0.20.46413,>
2026-05-08,20:23:06.665501,IP,172.20.0.10.5002,>
2026-05-08,20:23:06.665783,IP,172.20.0.10.5002,>
2026-05-08,20:23:06.665971,IP,172.20.0.20.46413,>
2026-05-08,20:23:06.666150,IP,172.20.0.10.5002,>
2026-05-08,20:23:06.666239,IP,172.20.0.20.46413,>
2026-05-08,20:23:06.666464,IP,172.20.0.20.46413,>
2026-05-08,20:23:06.666528,IP,172.20.0.10.5002,>
2026-05-08,20:23:06.666927,IP,172.20.0.20.46413,>
2026-05-08,20:23:06.673272,IP,172.20.0.10.5002,>
2026-05-08,20:23:06.673617,IP,172.20.0.10.5002,>
2026-05-08,20:23:06.673678,IP,172.20.0.20.46413,>
2026-05-08,20:23:06.674053,IP,172.20.0.20.46413,>
2026-05-08,20:23:06.674322,IP,172.20.0.10.5002,>
2026-05-08,20:23:06.674650,IP,172.20.0.10.5002,>
2026-05-08,20:23:06.674712,IP,172.20.0.20.46413,>
2026-05-08,20:23:06.675004,IP,172.20.0.20.46413,>
2026-05-08,20:23:06.676310,IP,172.20.0.10.5002,>
2026-05-08,20:23:06.676379,IP,172.20.0.10.5002,>
2026-05-08,20:23:06.676718,IP,172.20.0.20.46413,>
2026-05-08,20:23:06.676720,IP,172.20.0.10.5002,>
2026-05-08,20:23:06.677028,IP,172.20.0.20.46413,>
2026-05-08,20:23:06.677169,IP,172.20.0.10.5002,>
2026-05-08,20:23:06.677352,IP,172.20.0.20.46413,>
2026-05-08,20:23:06.678077,IP,172.20.0.20.46413,>
2026-05-08,20:23:06.684049,IP,172.20.0.10.5002,>
2026-05-08,20:23:06.684241,IP,172.20.0.10.5002,>
2026-05-08,20:23:06.684487,IP,172.20.0.20.46413,>
2026-05-08,20:23:06.684753,IP,172.20.0.20.46413,>
2026-05-08,20:23:06.684912,IP,172.20.0.10.5002,>
2026-05-08,20:23:06.685186,IP,172.20.0.10.5002,>
2026-05-08,20:23:06.685226,IP,172.20.0.20.46413,>
2026-05-08,20:23:06.685481,IP,172.20.0.20.46413,>
2026-05-08,20:23:06.687046,IP,172.20.0.10.5002,>
2026-05-08,20:23:06.687182,IP,172.20.0.10.5002,>
2026-05-08,20:23:06.687463,IP,172.20.0.20.46413,>
2026-05-08,20:23:06.687754,IP,172.20.0.10.5002,>
2026-05-08,20:23:06.687764,IP,172.20.0.20.46413,>
2026-05-08,20:23:06.688145,IP,172.20.0.20.46413,>
2026-05-08,20:23:06.688406,IP,172.20.0.10.5002,>
2026-05-08,20:23:06.688819,IP,172.20.0.20.46413,>
2026-05-08,20:23:06.694816,IP,172.20.0.10.5002,>
2026-05-08,20:23:06.694964,IP,172.20.0.10.5002,>
2026-05-08,20:23:06.695229,IP,172.20.0.20.46413,>
2026-05-08,20:23:06.695513,IP,172.20.0.20.46413,>
2026-05-08,20:23:06.696128,IP,172.20.0.10.5002,>
2026-05-08,20:23:06.696136,IP,172.20.0.10.5002,>
2026-05-08,20:23:06.696588,IP,172.20.0.20.46413,>
2026-05-08,20:23:06.696994,IP,172.20.0.20.46413,>
2026-05-08,20:23:06.697810,IP,172.20.0.10.5002,>
2026-05-08,20:23:06.698030,IP,172.20.0.10.5002,>
2026-05-08,20:23:06.698292,IP,172.20.0.20.46413,>
2026-05-08,20:23:06.698608,IP,172.20.0.10.5002,>
2026-05-08,20:23:06.698660,IP,172.20.0.20.46413,>
2026-05-08,20:23:06.699068,IP,172.20.0.20.46413,>
2026-05-08,20:23:06.699491,IP,172.20.0.10.5002,>
2026-05-08,20:23:06.699856,IP,172.20.0.20.46413,>
2026-05-08,20:23:06.705594,IP,172.20.0.10.5002,>
2026-05-08,20:23:06.705686,IP,172.20.0.10.5002,>
2026-05-08,20:23:06.706085,IP,172.20.0.20.46413,>
2026-05-08,20:23:06.706350,IP,172.20.0.20.46413,>
2026-05-08,20:23:06.706944,IP,172.20.0.10.5002,>
2026-05-08,20:23:06.707238,IP,172.20.0.10.5002,>
2026-05-08,20:23:06.707357,IP,172.20.0.20.46413,>
2026-05-08,20:23:06.707659,IP,172.20.0.20.46413,>
2026-05-08,20:23:06.708571,IP,172.20.0.10.5002,>
2026-05-08,20:23:06.708930,IP,172.20.0.10.5002,>
2026-05-08,20:23:06.708934,IP,172.20.0.20.46413,>
2026-05-08,20:23:06.709223,IP,172.20.0.20.46413,>
2026-05-08,20:23:06.709364,IP,172.20.0.10.5002,>
2026-05-08,20:23:06.710156,IP,172.20.0.10.5002,>
2026-05-08,20:23:06.710984,IP,172.20.0.20.46413,>
2026-05-08,20:23:06.711375,IP,172.20.0.20.46413,>
2026-05-08,20:23:06.716401,IP,172.20.0.10.5002,>
2026-05-08,20:23:06.716488,IP,172.20.0.10.5002,>
2026-05-08,20:23:06.716773,IP,172.20.0.20.46413,>
2026-05-08,20:23:06.717069,IP,172.20.0.20.46413,>
2026-05-08,20:23:06.717680,IP,172.20.0.10.5002,>
2026-05-08,20:23:06.717885,IP,172.20.0.10.5002,>
2026-05-08,20:23:06.718117,IP,172.20.0.20.46413,>
2026-05-08,20:23:06.718380,IP,172.20.0.20.46413,>
2026-05-08,20:23:06.719242,IP,172.20.0.10.5002,>
2026-05-08,20:23:06.719446,IP,172.20.0.10.5002,>
2026-05-08,20:23:06.719661,IP,172.20.0.20.46413,>
2026-05-08,20:23:06.719982,IP,172.20.0.20.46413,>
2026-05-08,20:23:06.721178,IP,172.20.0.10.5002,>
2026-05-08,20:23:06.721625,IP,172.20.0.20.46413,>
2026-05-08,20:23:06.721711,IP,172.20.0.10.5002,>
2026-05-08,20:23:06.722098,IP,172.20.0.20.46413,>
2026-05-08,20:23:06.727285,IP,172.20.0.10.5002,>
2026-05-08,20:23:06.727455,IP,172.20.0.10.5002,>
2026-05-08,20:23:06.727824,IP,172.20.0.20.46413,>
2026-05-08,20:23:06.728173,IP,172.20.0.20.46413,>
2026-05-08,20:23:06.728284,IP,172.20.0.10.5002,>
2026-05-08,20:23:06.728595,IP,172.20.0.10.5002,>
2026-05-08,20:23:06.728648,IP,172.20.0.20.46413,>
2026-05-08,20:23:06.728929,IP,172.20.0.20.46413,>
2026-05-08,20:23:06.729935,IP,172.20.0.10.5002,>
2026-05-08,20:23:06.730215,IP,172.20.0.10.5002,>
2026-05-08,20:23:06.730304,IP,172.20.0.20.46413,>
2026-05-08,20:23:06.730647,IP,172.20.0.20.46413,>
2026-05-08,20:23:06.732185,IP,172.20.0.10.5002,>
2026-05-08,20:23:06.732485,IP,172.20.0.10.5002,>
2026-05-08,20:23:06.732541,IP,172.20.0.20.46413,>
2026-05-08,20:23:06.732874,IP,172.20.0.20.46413,>
2026-05-08,20:23:06.738417,IP,172.20.0.10.5002,>
2026-05-08,20:23:06.738607,IP,172.20.0.10.5002,>
2026-05-08,20:23:06.738909,IP,172.20.0.10.5002,>
2026-05-08,20:23:06.739102,IP,172.20.0.20.46413,>
2026-05-08,20:23:06.739205,IP,172.20.0.10.5002,>
2026-05-08,20:23:06.739430,IP,172.20.0.20.46413,>
2026-05-08,20:23:06.739646,IP,172.20.0.20.46413,>
2026-05-08,20:23:06.740196,IP,172.20.0.20.46413,>
2026-05-08,20:23:06.740588,IP,172.20.0.10.5002,>
2026-05-08,20:23:06.740850,IP,172.20.0.10.5002,>
2026-05-08,20:23:06.741398,IP,172.20.0.20.46413,>
2026-05-08,20:23:06.742291,IP,172.20.0.20.46413,>
2026-05-08,20:23:06.742863,IP,172.20.0.10.5002,>
2026-05-08,20:23:06.743073,IP,172.20.0.10.5002,>
2026-05-08,20:23:06.743352,IP,172.20.0.20.46413,>
2026-05-08,20:23:06.743614,IP,172.20.0.20.46413,>
2026-05-08,20:23:06.749591,IP,172.20.0.10.5002,>
2026-05-08,20:23:06.749676,IP,172.20.0.10.5002,>
2026-05-08,20:23:06.750024,IP,172.20.0.10.5002,>
2026-05-08,20:23:06.750115,IP,172.20.0.20.46413,>
2026-05-08,20:23:06.750365,IP,172.20.0.10.5002,>
2026-05-08,20:23:06.750421,IP,172.20.0.20.46413,>
2026-05-08,20:23:06.750721,IP,172.20.0.20.46413,>
2026-05-08,20:23:06.751012,IP,172.20.0.20.46413,>
2026-05-08,20:23:06.751815,IP,172.20.0.10.5002,>
2026-05-08,20:23:06.752145,IP,172.20.0.20.46413,>
2026-05-08,20:23:06.752509,IP,172.20.0.10.5002,>
2026-05-08,20:23:06.752861,IP,172.20.0.20.46413,>
2026-05-08,20:23:06.753599,IP,172.20.0.10.5002,>
2026-05-08,20:23:06.753873,IP,172.20.0.10.5002,>
2026-05-08,20:23:06.754028,IP,172.20.0.20.46413,>
2026-05-08,20:23:06.754285,IP,172.20.0.20.46413,>
2026-05-08,20:23:06.760499,IP,172.20.0.10.5002,>
2026-05-08,20:23:06.760583,IP,172.20.0.10.5002,>
2026-05-08,20:23:06.760921,IP,172.20.0.20.46413,>
2026-05-08,20:23:06.760957,IP,172.20.0.10.5002,>
2026-05-08,20:23:06.761177,IP,172.20.0.10.5002,>
2026-05-08,20:23:06.761399,IP,172.20.0.20.46413,>
2026-05-08,20:23:06.761669,IP,172.20.0.20.46413,>
2026-05-08,20:23:06.762011,IP,172.20.0.20.46413,>
2026-05-08,20:23:06.762522,IP,172.20.0.10.5002,>
2026-05-08,20:23:06.762927,IP,172.20.0.20.46413,>
2026-05-08,20:23:06.763062,IP,172.20.0.10.5002,>
2026-05-08,20:23:06.763408,IP,172.20.0.20.46413,>
2026-05-08,20:23:06.764243,IP,172.20.0.10.5002,>
2026-05-08,20:23:06.764496,IP,172.20.0.10.5002,>
2026-05-08,20:23:06.764591,IP,172.20.0.20.46413,>
2026-05-08,20:23:06.764961,IP,172.20.0.20.46413,>
2026-05-08,20:23:06.771339,IP,172.20.0.10.5002,>
2026-05-08,20:23:06.771689,IP,172.20.0.10.5002,>
2026-05-08,20:23:06.771874,IP,172.20.0.10.5002,>
2026-05-08,20:23:06.771898,IP,172.20.0.20.46413,>
2026-05-08,20:23:06.772234,IP,172.20.0.10.5002,>
2026-05-08,20:23:06.772325,IP,172.20.0.20.46413,>
2026-05-08,20:23:06.772740,IP,172.20.0.20.46413,>
2026-05-08,20:23:06.773238,IP,172.20.0.20.46413,>
2026-05-08,20:23:06.773319,IP,172.20.0.10.5002,>
2026-05-08,20:23:06.773666,IP,172.20.0.10.5002,>
2026-05-08,20:23:06.773826,IP,172.20.0.20.46413,>
2026-05-08,20:23:06.774322,IP,172.20.0.20.46413,>
2026-05-08,20:23:06.774909,IP,172.20.0.10.5002,>
2026-05-08,20:23:06.775339,IP,172.20.0.20.46413,>
2026-05-08,20:23:06.775355,IP,172.20.0.10.5002,>
2026-05-08,20:23:06.776183,IP,172.20.0.20.46413,>
2026-05-08,20:23:06.782261,IP,172.20.0.10.5002,>
2026-05-08,20:23:06.782555,IP,172.20.0.10.5002,>
2026-05-08,20:23:06.782669,IP,172.20.0.20.46413,>
2026-05-08,20:23:06.782980,IP,172.20.0.10.5002,>
2026-05-08,20:23:06.782984,IP,172.20.0.20.46413,>
2026-05-08,20:23:06.783432,IP,172.20.0.10.5002,>
2026-05-08,20:23:06.783648,IP,172.20.0.20.46413,>
2026-05-08,20:23:06.784133,IP,172.20.0.10.5002,>
2026-05-08,20:23:06.784164,IP,172.20.0.20.46413,>
2026-05-08,20:23:06.784511,IP,172.20.0.10.5002,>
2026-05-08,20:23:06.784579,IP,172.20.0.20.46413,>
2026-05-08,20:23:06.784931,IP,172.20.0.20.46413,>
2026-05-08,20:23:06.785495,IP,172.20.0.10.5002,>
2026-05-08,20:23:06.785979,IP,172.20.0.20.46413,>
2026-05-08,20:23:06.786431,IP,172.20.0.10.5002,>
2026-05-08,20:23:06.786778,IP,172.20.0.20.46413,>
2026-05-08,20:23:06.793028,IP,172.20.0.10.5002,>
2026-05-08,20:23:06.793277,IP,172.20.0.10.5002,>
2026-05-08,20:23:06.793401,IP,172.20.0.20.46413,>
2026-05-08,20:23:06.793695,IP,172.20.0.20.46413,>
2026-05-08,20:23:06.793905,IP,172.20.0.10.5002,>
2026-05-08,20:23:06.794416,IP,172.20.0.10.5002,>
2026-05-08,20:23:06.794620,IP,172.20.0.20.46413,>
2026-05-08,20:23:06.794895,IP,172.20.0.10.5002,>
2026-05-08,20:23:06.795149,IP,172.20.0.10.5002,>
2026-05-08,20:23:06.795186,IP,172.20.0.20.46413,>
2026-05-08,20:23:06.795670,IP,172.20.0.20.46413,>
2026-05-08,20:23:06.795986,IP,172.20.0.20.46413,>
2026-05-08,20:23:06.796409,IP,172.20.0.10.5002,>
2026-05-08,20:23:06.796722,IP,172.20.0.20.46413,>
2026-05-08,20:23:06.796986,IP,172.20.0.10.5002,>
2026-05-08,20:23:06.797364,IP,172.20.0.20.46413,>
2026-05-08,20:23:06.804222,IP,172.20.0.10.5002,>
2026-05-08,20:23:06.804305,IP,172.20.0.10.5002,>
2026-05-08,20:23:06.804658,IP,172.20.0.20.46413,>
2026-05-08,20:23:06.804810,IP,172.20.0.10.5002,>
2026-05-08,20:23:06.804995,IP,172.20.0.20.46413,>
2026-05-08,20:23:06.805267,IP,172.20.0.20.46413,>
2026-05-08,20:23:06.805389,IP,172.20.0.10.5002,>
2026-05-08,20:23:06.805741,IP,172.20.0.20.46413,>
2026-05-08,20:23:06.806028,IP,172.20.0.10.5002,>
2026-05-08,20:23:06.806119,IP,172.20.0.10.5002,>
2026-05-08,20:23:06.806346,IP,172.20.0.20.46413,>
2026-05-08,20:23:06.806625,IP,172.20.0.20.46413,>
2026-05-08,20:23:06.806905,IP,172.20.0.10.5002,>
2026-05-08,20:23:06.807275,IP,172.20.0.20.46413,>
2026-05-08,20:23:06.807542,IP,172.20.0.10.5002,>
2026-05-08,20:23:06.807910,IP,172.20.0.20.46413,>
2026-05-08,20:23:06.815063,IP,172.20.0.10.5002,>
2026-05-08,20:23:06.815148,IP,172.20.0.10.5002,>
2026-05-08,20:23:06.815502,IP,172.20.0.20.46413,>
2026-05-08,20:23:06.815530,IP,172.20.0.10.5002,>
2026-05-08,20:23:06.815844,IP,172.20.0.20.46413,>
2026-05-08,20:23:06.816011,IP,172.20.0.10.5002,>
2026-05-08,20:23:06.816104,IP,172.20.0.20.46413,>
2026-05-08,20:23:06.816376,IP,172.20.0.20.46413,>
2026-05-08,20:23:06.816599,IP,172.20.0.10.5002,>
2026-05-08,20:23:06.816871,IP,172.20.0.10.5002,>
2026-05-08,20:23:06.816978,IP,172.20.0.20.46413,>
2026-05-08,20:23:06.817218,IP,172.20.0.20.46413,>
2026-05-08,20:23:06.817474,IP,172.20.0.10.5002,>
2026-05-08,20:23:06.818079,IP,172.20.0.10.5002,>
2026-05-08,20:23:06.818103,IP,172.20.0.20.46413,>
2026-05-08,20:23:06.818471,IP,172.20.0.20.46413,>
2026-05-08,20:23:06.825866,IP,172.20.0.10.5002,>
2026-05-08,20:23:06.825974,IP,172.20.0.10.5002,>
2026-05-08,20:23:06.826328,IP,172.20.0.20.46413,>
2026-05-08,20:23:06.826358,IP,172.20.0.10.5002,>
2026-05-08,20:23:06.826580,IP,172.20.0.10.5002,>
2026-05-08,20:23:06.826613,IP,172.20.0.20.46413,>
2026-05-08,20:23:06.826871,IP,172.20.0.20.46413,>
2026-05-08,20:23:06.827097,IP,172.20.0.20.46413,>
2026-05-08,20:23:06.827311,IP,172.20.0.10.5002,>
2026-05-08,20:23:06.827398,IP,172.20.0.10.5002,>
2026-05-08,20:23:06.827773,IP,172.20.0.20.46413,>
2026-05-08,20:23:06.828153,IP,172.20.0.20.46413,>
2026-05-08,20:23:06.828289,IP,172.20.0.10.5002,>
2026-05-08,20:23:06.828653,IP,172.20.0.20.46413,>
2026-05-08,20:23:06.828692,IP,172.20.0.10.5002,>
2026-05-08,20:23:06.829025,IP,172.20.0.20.46413,>
2026-05-08,20:23:06.838141,IP,172.20.0.10.5002,>
2026-05-08,20:23:06.838256,IP,172.20.0.10.5002,>
2026-05-08,20:23:06.838263,IP,172.20.0.10.5002,>
2026-05-08,20:23:06.838331,IP,172.20.0.10.5002,>
2026-05-08,20:23:06.838479,IP,172.20.0.10.5002,>
2026-05-08,20:23:06.838508,IP,172.20.0.10.5002,>
2026-05-08,20:23:06.838558,IP,172.20.0.20.46413,>
2026-05-08,20:23:06.838856,IP,172.20.0.10.5002,>
2026-05-08,20:23:06.838877,IP,172.20.0.20.46413,>
2026-05-08,20:23:06.839136,IP,172.20.0.20.46413,>
2026-05-08,20:23:06.839255,IP,172.20.0.10.5002,>
2026-05-08,20:23:06.839400,IP,172.20.0.20.46413,>
2026-05-08,20:23:06.840243,IP,172.20.0.20.46413,>
2026-05-08,20:23:06.841007,IP,172.20.0.20.46413,>
2026-05-08,20:23:06.841292,IP,172.20.0.20.46413,>
2026-05-08,20:23:06.841555,IP,172.20.0.20.46413,>
2026-05-08,20:23:06.848925,IP,172.20.0.10.5002,>
2026-05-08,20:23:06.849058,IP,172.20.0.10.5002,>
2026-05-08,20:23:06.849297,IP,172.20.0.10.5002,>
2026-05-08,20:23:06.849307,IP,172.20.0.20.46413,>
2026-05-08,20:23:06.849575,IP,172.20.0.20.46413,>
2026-05-08,20:23:06.849587,IP,172.20.0.10.5002,>
2026-05-08,20:23:06.849832,IP,172.20.0.20.46413,>
2026-05-08,20:23:06.850326,IP,172.20.0.20.46413,>
2026-05-08,20:23:06.850737,IP,172.20.0.10.5002,>
2026-05-08,20:23:06.851212,IP,172.20.0.20.46413,>
2026-05-08,20:23:06.851220,IP,172.20.0.10.5002,>
2026-05-08,20:23:06.851475,IP,172.20.0.10.5002,>
2026-05-08,20:23:06.851577,IP,172.20.0.20.46413,>
2026-05-08,20:23:06.851860,IP,172.20.0.20.46413,>
2026-05-08,20:23:06.851947,IP,172.20.0.10.5002,>
2026-05-08,20:23:06.852283,IP,172.20.0.20.46413,>
2026-05-08,20:23:06.859588,IP,172.20.0.10.5002,>
2026-05-08,20:23:06.859727,IP,172.20.0.10.5002,>
2026-05-08,20:23:06.860020,IP,172.20.0.20.46413,>
2026-05-08,20:23:06.860217,IP,172.20.0.10.5002,>
2026-05-08,20:23:06.860291,IP,172.20.0.20.46413,>
2026-05-08,20:23:06.860582,IP,172.20.0.20.46413,>
2026-05-08,20:23:06.860619,IP,172.20.0.10.5002,>
2026-05-08,20:23:06.860948,IP,172.20.0.20.46413,>
2026-05-08,20:23:06.861529,IP,172.20.0.10.5002,>
2026-05-08,20:23:06.861752,IP,172.20.0.10.5002,>
2026-05-08,20:23:06.862153,IP,172.20.0.10.5002,>
2026-05-08,20:23:06.862476,IP,172.20.0.10.5002,>
2026-05-08,20:23:06.862517,IP,172.20.0.20.46413,>
2026-05-08,20:23:06.862858,IP,172.20.0.20.46413,>
2026-05-08,20:23:06.863105,IP,172.20.0.20.46413,>
2026-05-08,20:23:06.863379,IP,172.20.0.20.46413,>
2026-05-08,20:23:06.870347,IP,172.20.0.10.5002,>
2026-05-08,20:23:06.870485,IP,172.20.0.10.5002,>
2026-05-08,20:23:06.870749,IP,172.20.0.10.5002,>
2026-05-08,20:23:06.870874,IP,172.20.0.20.46413,>
2026-05-08,20:23:06.871271,IP,172.20.0.20.46413,>
2026-05-08,20:23:06.871892,IP,172.20.0.20.46413,>
2026-05-08,20:23:06.871976,IP,172.20.0.10.5002,>
2026-05-08,20:23:06.872586,IP,172.20.0.20.46413,>
2026-05-08,20:23:06.872897,IP,172.20.0.10.5002,>
2026-05-08,20:23:06.873047,IP,172.20.0.10.5002,>
2026-05-08,20:23:06.873485,IP,172.20.0.10.5002,>
2026-05-08,20:23:06.873538,IP,172.20.0.20.46413,>
2026-05-08,20:23:06.873543,IP,172.20.0.10.5002,>
2026-05-08,20:23:06.873841,IP,172.20.0.20.46413,>
2026-05-08,20:23:06.874378,IP,172.20.0.20.46413,>
2026-05-08,20:23:06.875021,IP,172.20.0.20.46413,>
2026-05-08,20:23:06.881182,IP,172.20.0.10.5002,>
2026-05-08,20:23:06.881477,IP,172.20.0.10.5002,>
2026-05-08,20:23:06.881546,IP,172.20.0.20.46413,>
2026-05-08,20:23:06.881815,IP,172.20.0.20.46413,>
2026-05-08,20:23:06.882145,IP,172.20.0.10.5002,>
2026-05-08,20:23:06.882595,IP,172.20.0.20.46413,>
2026-05-08,20:23:06.882823,IP,172.20.0.10.5002,>
2026-05-08,20:23:06.883341,IP,172.20.0.20.46413,>
2026-05-08,20:23:06.883830,IP,172.20.0.10.5002,>
2026-05-08,20:23:06.884075,IP,172.20.0.10.5002,>
2026-05-08,20:23:06.884155,IP,172.20.0.20.46413,>
2026-05-08,20:23:06.884617,IP,172.20.0.20.46413,>
2026-05-08,20:23:06.884644,IP,172.20.0.10.5002,>
2026-05-08,20:23:06.885218,IP,172.20.0.20.46413,>
2026-05-08,20:23:06.885252,IP,172.20.0.10.5002,>
2026-05-08,20:23:06.885728,IP,172.20.0.20.46413,>
2026-05-08,20:23:06.891886,IP,172.20.0.10.5002,>
2026-05-08,20:23:06.892026,IP,172.20.0.10.5002,>
2026-05-08,20:23:06.892346,IP,172.20.0.20.46413,>
2026-05-08,20:23:06.892650,IP,172.20.0.20.46413,>
2026-05-08,20:23:06.892835,IP,172.20.0.10.5002,>
2026-05-08,20:23:06.893522,IP,172.20.0.20.46413,>
2026-05-08,20:23:06.893525,IP,172.20.0.10.5002,>
2026-05-08,20:23:06.893818,IP,172.20.0.20.46413,>
2026-05-08,20:23:06.894426,IP,172.20.0.10.5002,>
2026-05-08,20:23:06.894905,IP,172.20.0.10.5002,>
2026-05-08,20:23:06.895140,IP,172.20.0.20.46413,>
2026-05-08,20:23:06.895403,IP,172.20.0.10.5002,>
2026-05-08,20:23:06.895520,IP,172.20.0.20.46413,>
2026-05-08,20:23:06.896018,IP,172.20.0.10.5002,>
2026-05-08,20:23:06.896566,IP,172.20.0.20.46413,>
2026-05-08,20:23:06.896966,IP,172.20.0.20.46413,>
2026-05-08,20:23:06.902663,IP,172.20.0.10.5002,>
2026-05-08,20:23:06.903072,IP,172.20.0.20.46413,>
2026-05-08,20:23:06.903127,IP,172.20.0.10.5002,>
2026-05-08,20:23:06.903456,IP,172.20.0.20.46413,>
2026-05-08,20:23:06.903785,IP,172.20.0.10.5002,>
2026-05-08,20:23:06.904089,IP,172.20.0.10.5002,>
2026-05-08,20:23:06.904768,IP,172.20.0.20.46413,>
2026-05-08,20:23:06.905218,IP,172.20.0.20.46413,>
2026-05-08,20:23:06.905401,IP,172.20.0.10.5002,>
2026-05-08,20:23:06.905833,IP,172.20.0.10.5002,>
2026-05-08,20:23:06.906017,IP,172.20.0.20.46413,>
2026-05-08,20:23:06.906343,IP,172.20.0.20.46413,>
2026-05-08,20:23:06.906838,IP,172.20.0.10.5002,>
2026-05-08,20:23:06.907254,IP,172.20.0.20.46413,>
2026-05-08,20:23:06.907343,IP,172.20.0.10.5002,>
2026-05-08,20:23:06.907676,IP,172.20.0.20.46413,>
2026-05-08,20:23:06.913395,IP,172.20.0.10.5002,>
2026-05-08,20:23:06.913623,IP,172.20.0.10.5002,>
2026-05-08,20:23:06.913784,IP,172.20.0.20.46413,>
2026-05-08,20:23:06.914217,IP,172.20.0.20.46413,>
2026-05-08,20:23:06.914997,IP,172.20.0.10.5002,>
2026-05-08,20:23:06.915416,IP,172.20.0.20.46413,>
2026-05-08,20:23:06.915435,IP,172.20.0.10.5002,>
2026-05-08,20:23:06.915688,IP,172.20.0.20.46413,>
2026-05-08,20:23:06.917763,IP,172.20.0.10.5002,>
2026-05-08,20:23:06.917861,IP,172.20.0.10.5002,>
2026-05-08,20:23:06.917967,IP,172.20.0.10.5002,>
2026-05-08,20:23:06.918216,IP,172.20.0.20.46413,>
2026-05-08,20:23:06.918252,IP,172.20.0.10.5002,>
2026-05-08,20:23:06.918480,IP,172.20.0.20.46413,>
2026-05-08,20:23:06.918718,IP,172.20.0.20.46413,>
2026-05-08,20:23:06.918994,IP,172.20.0.20.46413,>
2026-05-08,20:23:06.924242,IP,172.20.0.10.5002,>
2026-05-08,20:23:06.924389,IP,172.20.0.10.5002,>
2026-05-08,20:23:06.924644,IP,172.20.0.20.46413,>
2026-05-08,20:23:06.924953,IP,172.20.0.20.46413,>
2026-05-08,20:23:06.925637,IP,172.20.0.10.5002,>
2026-05-08,20:23:06.925982,IP,172.20.0.10.5002,>
2026-05-08,20:23:06.926397,IP,172.20.0.20.46413,>
2026-05-08,20:23:06.926698,IP,172.20.0.20.46413,>
2026-05-08,20:23:06.928542,IP,172.20.0.10.5002,>
2026-05-08,20:23:06.928658,IP,172.20.0.10.5002,>
2026-05-08,20:23:06.928896,IP,172.20.0.10.5002,>
2026-05-08,20:23:06.928952,IP,172.20.0.20.46413,>
2026-05-08,20:23:06.929214,IP,172.20.0.10.5002,>
2026-05-08,20:23:06.929326,IP,172.20.0.20.46413,>
2026-05-08,20:23:06.929664,IP,172.20.0.20.46413,>
2026-05-08,20:23:06.930256,IP,172.20.0.20.46413,>
2026-05-08,20:23:06.934956,IP,172.20.0.10.5002,>
2026-05-08,20:23:06.935109,IP,172.20.0.10.5002,>
2026-05-08,20:23:06.935399,IP,172.20.0.20.46413,>
2026-05-08,20:23:06.935707,IP,172.20.0.20.46413,>
2026-05-08,20:23:06.936641,IP,172.20.0.10.5002,>
2026-05-08,20:23:06.936926,IP,172.20.0.10.5002,>
2026-05-08,20:23:06.937097,IP,172.20.0.20.46413,>
2026-05-08,20:23:06.937401,IP,172.20.0.20.46413,>
2026-05-08,20:23:06.939269,IP,172.20.0.10.5002,>
2026-05-08,20:23:06.939521,IP,172.20.0.10.5002,>
2026-05-08,20:23:06.939633,IP,172.20.0.20.46413,>
2026-05-08,20:23:06.939972,IP,172.20.0.20.46413,>
2026-05-08,20:23:06.940099,IP,172.20.0.10.5002,>
2026-05-08,20:23:06.940456,IP,172.20.0.10.5002,>
2026-05-08,20:23:06.940537,IP,172.20.0.20.46413,>
2026-05-08,20:23:06.941153,IP,172.20.0.20.46413,>
2026-05-08,20:23:06.945803,IP,172.20.0.10.5002,>
2026-05-08,20:23:06.945884,IP,172.20.0.10.5002,>
2026-05-08,20:23:06.946221,IP,172.20.0.20.46413,>
2026-05-08,20:23:06.946667,IP,172.20.0.20.46413,>
2026-05-08,20:23:06.947316,IP,172.20.0.10.5002,>
2026-05-08,20:23:06.947586,IP,172.20.0.10.5002,>
2026-05-08,20:23:06.947674,IP,172.20.0.20.46413,>
2026-05-08,20:23:06.948008,IP,172.20.0.20.46413,>
2026-05-08,20:23:06.949938,IP,172.20.0.10.5002,>
2026-05-08,20:23:06.950244,IP,172.20.0.10.5002,>
2026-05-08,20:23:06.950300,IP,172.20.0.20.46413,>
2026-05-08,20:23:06.950726,IP,172.20.0.20.46413,>
2026-05-08,20:23:06.950747,IP,172.20.0.10.5002,>
2026-05-08,20:23:06.951155,IP,172.20.0.20.46413,>
2026-05-08,20:23:06.951327,IP,172.20.0.10.5002,>
2026-05-08,20:23:06.951745,IP,172.20.0.20.46413,>
2026-05-08,20:23:06.956535,IP,172.20.0.10.5002,>
2026-05-08,20:23:06.956907,IP,172.20.0.10.5002,>
2026-05-08,20:23:06.956942,IP,172.20.0.20.46413,>
2026-05-08,20:23:06.957241,IP,172.20.0.20.46413,>
2026-05-08,20:23:06.957929,IP,172.20.0.10.5002,>
2026-05-08,20:23:06.958194,IP,172.20.0.10.5002,>
2026-05-08,20:23:06.958284,IP,172.20.0.20.46413,>
2026-05-08,20:23:06.958770,IP,172.20.0.20.46413,>
2026-05-08,20:23:06.960573,IP,172.20.0.10.5002,>
2026-05-08,20:23:06.961006,IP,172.20.0.20.46413,>
2026-05-08,20:23:06.961100,IP,172.20.0.10.5002,>
2026-05-08,20:23:06.961350,IP,172.20.0.10.5002,>
2026-05-08,20:23:06.961453,IP,172.20.0.20.46413,>
2026-05-08,20:23:06.961981,IP,172.20.0.10.5002,>
2026-05-08,20:23:06.962546,IP,172.20.0.20.46413,>
2026-05-08,20:23:06.962923,IP,172.20.0.20.46413,>
2026-05-08,20:23:06.967425,IP,172.20.0.10.5002,>
2026-05-08,20:23:06.967542,IP,172.20.0.10.5002,>
2026-05-08,20:23:06.967849,IP,172.20.0.20.46413,>
2026-05-08,20:23:06.968461,IP,172.20.0.10.5002,>
2026-05-08,20:23:06.968709,IP,172.20.0.20.46413,>
2026-05-08,20:23:06.969016,IP,172.20.0.10.5002,>
2026-05-08,20:23:06.969133,IP,172.20.0.20.46413,>
2026-05-08,20:23:06.969832,IP,172.20.0.20.46413,>
2026-05-08,20:23:06.971303,IP,172.20.0.10.5002,>
2026-05-08,20:23:06.971726,IP,172.20.0.20.46413,>
2026-05-08,20:23:06.971781,IP,172.20.0.10.5002,>
2026-05-08,20:23:06.972080,IP,172.20.0.20.46413,>
2026-05-08,20:23:06.972725,IP,172.20.0.10.5002,>
2026-05-08,20:23:06.973046,IP,172.20.0.20.46413,>
2026-05-08,20:23:06.973491,IP,172.20.0.10.5002,>
2026-05-08,20:23:06.973998,IP,172.20.0.20.46413,>
2026-05-08,20:23:06.978651,IP,172.20.0.10.5002,>
2026-05-08,20:23:06.978963,IP,172.20.0.10.5002,>
2026-05-08,20:23:06.979045,IP,172.20.0.20.46413,>
2026-05-08,20:23:06.979325,IP,172.20.0.10.5002,>
2026-05-08,20:23:06.979347,IP,172.20.0.20.46413,>
2026-05-08,20:23:06.979568,IP,172.20.0.20.46413,>
2026-05-08,20:23:06.980090,IP,172.20.0.10.5002,>
2026-05-08,20:23:06.980442,IP,172.20.0.20.46413,>
2026-05-08,20:23:06.982178,IP,172.20.0.10.5002,>
2026-05-08,20:23:06.982362,IP,172.20.0.10.5002,>
2026-05-08,20:23:06.982512,IP,172.20.0.20.46413,>
2026-05-08,20:23:06.982885,IP,172.20.0.20.46413,>
2026-05-08,20:23:06.983251,IP,172.20.0.10.5002,>
2026-05-08,20:23:06.983556,IP,172.20.0.20.46413,>
2026-05-08,20:23:06.984273,IP,172.20.0.10.5002,>
2026-05-08,20:23:06.984594,IP,172.20.0.20.46413,>
2026-05-08,20:23:06.989418,IP,172.20.0.10.5002,>
2026-05-08,20:23:06.989623,IP,172.20.0.10.5002,>
2026-05-08,20:23:06.989694,IP,172.20.0.10.5002,>
2026-05-08,20:23:06.989955,IP,172.20.0.20.46413,>
2026-05-08,20:23:06.990276,IP,172.20.0.20.46413,>
2026-05-08,20:23:06.990509,IP,172.20.0.20.46413,>
2026-05-08,20:23:06.990907,IP,172.20.0.10.5002,>
2026-05-08,20:23:06.991508,IP,172.20.0.20.46413,>
2026-05-08,20:23:06.993072,IP,172.20.0.10.5002,>
2026-05-08,20:23:06.993375,IP,172.20.0.10.5002,>
2026-05-08,20:23:06.993465,IP,172.20.0.20.46413,>
2026-05-08,20:23:06.993753,IP,172.20.0.20.46413,>
2026-05-08,20:23:06.993945,IP,172.20.0.10.5002,>
2026-05-08,20:23:06.994260,IP,172.20.0.20.46413,>
2026-05-08,20:23:06.994856,IP,172.20.0.10.5002,>
2026-05-08,20:23:06.995252,IP,172.20.0.20.46413,>
2026-05-08,20:23:07.000228,IP,172.20.0.10.5002,>
2026-05-08,20:23:07.000600,IP,172.20.0.20.46413,>
2026-05-08,20:23:07.001129,IP,172.20.0.10.5002,>
2026-05-08,20:23:07.001256,IP,172.20.0.10.5002,>
2026-05-08,20:23:07.001739,IP,172.20.0.10.5002,>
2026-05-08,20:23:07.001747,IP,172.20.0.20.46413,>
2026-05-08,20:23:07.002139,IP,172.20.0.20.46413,>
2026-05-08,20:23:07.002403,IP,172.20.0.20.46413,>
2026-05-08,20:23:07.003783,IP,172.20.0.10.5002,>
2026-05-08,20:23:07.004162,IP,172.20.0.10.5002,>
2026-05-08,20:23:07.004248,IP,172.20.0.20.46413,>
2026-05-08,20:23:07.004586,IP,172.20.0.20.46413,>
2026-05-08,20:23:07.004592,IP,172.20.0.10.5002,>
2026-05-08,20:23:07.005025,IP,172.20.0.20.46413,>
2026-05-08,20:23:07.005470,IP,172.20.0.10.5002,>
2026-05-08,20:23:07.005910,IP,172.20.0.20.46413,>
2026-05-08,20:23:07.011041,IP,172.20.0.10.5002,>
2026-05-08,20:23:07.011394,IP,172.20.0.20.46413,>
2026-05-08,20:23:07.012063,IP,172.20.0.10.5002,>
2026-05-08,20:23:07.012335,IP,172.20.0.10.5002,>
2026-05-08,20:23:07.012468,IP,172.20.0.20.46413,>
2026-05-08,20:23:07.012580,IP,172.20.0.10.5002,>
2026-05-08,20:23:07.012778,IP,172.20.0.20.46413,>
2026-05-08,20:23:07.013240,IP,172.20.0.20.46413,>
2026-05-08,20:23:07.014563,IP,172.20.0.10.5002,>
2026-05-08,20:23:07.014830,IP,172.20.0.10.5002,>
2026-05-08,20:23:07.014950,IP,172.20.0.20.46413,>
2026-05-08,20:23:07.015252,IP,172.20.0.20.46413,>
2026-05-08,20:23:07.015264,IP,172.20.0.10.5002,>
2026-05-08,20:23:07.015710,IP,172.20.0.20.46413,>
2026-05-08,20:23:07.016144,IP,172.20.0.10.5002,>
2026-05-08,20:23:07.016492,IP,172.20.0.20.46413,>
2026-05-08,20:23:07.021730,IP,172.20.0.10.5002,>
2026-05-08,20:23:07.022423,IP,172.20.0.20.46413,>
2026-05-08,20:23:07.022689,IP,172.20.0.10.5002,>
2026-05-08,20:23:07.023139,IP,172.20.0.20.46413,>
2026-05-08,20:23:07.023197,IP,172.20.0.10.5002,>
2026-05-08,20:23:07.023489,IP,172.20.0.10.5002,>
2026-05-08,20:23:07.023747,IP,172.20.0.20.46413,>
2026-05-08,20:23:07.024169,IP,172.20.0.20.46413,>
2026-05-08,20:23:07.025312,IP,172.20.0.10.5002,>
2026-05-08,20:23:07.025423,IP,172.20.0.10.5002,>
2026-05-08,20:23:07.025728,IP,172.20.0.20.46413,>
2026-05-08,20:23:07.026008,IP,172.20.0.10.5002,>
2026-05-08,20:23:07.026214,IP,172.20.0.20.46413,>
2026-05-08,20:23:07.026632,IP,172.20.0.20.46413,>
2026-05-08,20:23:07.026846,IP,172.20.0.10.5002,>
2026-05-08,20:23:07.027228,IP,172.20.0.20.46413,>
2026-05-08,20:23:07.032722,IP,172.20.0.10.5002,>
2026-05-08,20:23:07.033182,IP,172.20.0.20.46413,>
2026-05-08,20:23:07.033378,IP,172.20.0.10.5002,>
2026-05-08,20:23:07.033742,IP,172.20.0.20.46413,>
2026-05-08,20:23:07.034014,IP,172.20.0.10.5002,>
2026-05-08,20:23:07.034508,IP,172.20.0.10.5002,>
2026-05-08,20:23:07.034566,IP,172.20.0.20.46413,>
2026-05-08,20:23:07.034959,IP,172.20.0.20.46413,>
2026-05-08,20:23:07.036398,IP,172.20.0.10.5002,>
2026-05-08,20:23:07.036476,IP,172.20.0.10.5002,>
2026-05-08,20:23:07.036886,IP,172.20.0.20.46413,>
2026-05-08,20:23:07.037392,IP,172.20.0.10.5002,>
2026-05-08,20:23:07.037400,IP,172.20.0.20.46413,>
2026-05-08,20:23:07.037602,IP,172.20.0.10.5002,>
2026-05-08,20:23:07.038079,IP,172.20.0.20.46413,>
2026-05-08,20:23:07.038473,IP,172.20.0.20.46413,>
2026-05-08,20:23:07.043766,IP,172.20.0.10.5002,>
2026-05-08,20:23:07.044262,IP,172.20.0.20.46413,>
2026-05-08,20:23:07.044659,IP,172.20.0.10.5002,>
2026-05-08,20:23:07.044743,IP,172.20.0.10.5002,>
2026-05-08,20:23:07.045129,IP,172.20.0.20.46413,>
2026-05-08,20:23:07.045164,IP,172.20.0.10.5002,>
2026-05-08,20:23:07.045523,IP,172.20.0.20.46413,>
2026-05-08,20:23:07.045977,IP,172.20.0.20.46413,>
2026-05-08,20:23:07.047367,IP,172.20.0.10.5002,>
2026-05-08,20:23:07.047649,IP,172.20.0.10.5002,>
2026-05-08,20:23:07.047762,IP,172.20.0.20.46413,>
2026-05-08,20:23:07.048199,IP,172.20.0.20.46413,>
2026-05-08,20:23:07.048301,IP,172.20.0.10.5002,>
2026-05-08,20:23:07.048743,IP,172.20.0.10.5002,>
2026-05-08,20:23:07.049262,IP,172.20.0.20.46413,>
2026-05-08,20:23:07.049644,IP,172.20.0.20.46413,>
2026-05-08,20:23:07.054643,IP,172.20.0.10.5002,>
2026-05-08,20:23:07.055075,IP,172.20.0.20.46413,>
2026-05-08,20:23:07.056209,IP,172.20.0.10.5002,>
2026-05-08,20:23:07.056341,IP,172.20.0.10.5002,>
2026-05-08,20:23:07.056467,IP,172.20.0.10.5002,>
2026-05-08,20:23:07.056626,IP,172.20.0.20.46413,>
2026-05-08,20:23:07.057044,IP,172.20.0.20.46413,>
2026-05-08,20:23:07.057431,IP,172.20.0.20.46413,>
2026-05-08,20:23:07.058483,IP,172.20.0.10.5002,>
2026-05-08,20:23:07.058604,IP,172.20.0.10.5002,>
2026-05-08,20:23:07.058870,IP,172.20.0.20.46413,>
2026-05-08,20:23:07.059250,IP,172.20.0.20.46413,>
2026-05-08,20:23:07.059520,IP,172.20.0.10.5002,>
2026-05-08,20:23:07.059945,IP,172.20.0.20.46413,>
2026-05-08,20:23:07.060031,IP,172.20.0.10.5002,>
2026-05-08,20:23:07.060739,IP,172.20.0.20.46413,>
2026-05-08,20:23:07.065906,IP,172.20.0.10.5002,>
2026-05-08,20:23:07.066393,IP,172.20.0.20.46413,>
2026-05-08,20:23:07.066927,IP,172.20.0.10.5002,>
2026-05-08,20:23:07.067375,IP,172.20.0.10.5002,>
2026-05-08,20:23:07.067384,IP,172.20.0.20.46413,>
2026-05-08,20:23:07.067665,IP,172.20.0.10.5002,>
2026-05-08,20:23:07.067765,IP,172.20.0.20.46413,>
2026-05-08,20:23:07.068198,IP,172.20.0.20.46413,>
2026-05-08,20:23:07.069460,IP,172.20.0.10.5002,>
2026-05-08,20:23:07.069610,IP,172.20.0.10.5002,>
2026-05-08,20:23:07.070119,IP,172.20.0.20.46413,>
2026-05-08,20:23:07.070287,IP,172.20.0.10.5002,>
2026-05-08,20:23:07.070592,IP,172.20.0.20.46413,>
2026-05-08,20:23:07.071017,IP,172.20.0.20.46413,>
2026-05-08,20:23:07.071048,IP,172.20.0.10.5002,>
2026-05-08,20:23:07.071453,IP,172.20.0.20.46413,>
2026-05-08,20:23:07.076761,IP,172.20.0.10.5002,>
2026-05-08,20:23:07.077164,IP,172.20.0.20.46413,>
2026-05-08,20:23:07.077620,IP,172.20.0.10.5002,>
2026-05-08,20:23:07.078054,IP,172.20.0.10.5002,>
2026-05-08,20:23:07.078108,IP,172.20.0.20.46413,>
2026-05-08,20:23:07.078370,IP,172.20.0.10.5002,>
2026-05-08,20:23:07.078477,IP,172.20.0.20.46413,>
2026-05-08,20:23:07.078883,IP,172.20.0.20.46413,>
2026-05-08,20:23:07.080425,IP,172.20.0.10.5002,>
2026-05-08,20:23:07.080830,IP,172.20.0.20.46413,>
2026-05-08,20:23:07.080909,IP,172.20.0.10.5002,>
2026-05-08,20:23:07.081209,IP,172.20.0.10.5002,>
2026-05-08,20:23:07.081434,IP,172.20.0.20.46413,>
2026-05-08,20:23:07.081756,IP,172.20.0.10.5002,>
2026-05-08,20:23:07.082245,IP,172.20.0.20.46413,>
2026-05-08,20:23:07.082815,IP,172.20.0.20.46413,>
2026-05-08,20:23:07.087564,IP,172.20.0.10.5002,>
2026-05-08,20:23:07.088215,IP,172.20.0.20.46413,>
2026-05-08,20:23:07.088324,IP,172.20.0.10.5002,>
2026-05-08,20:23:07.088669,IP,172.20.0.10.5002,>
2026-05-08,20:23:07.089114,IP,172.20.0.10.5002,>
2026-05-08,20:23:07.089203,IP,172.20.0.20.46413,>
2026-05-08,20:23:07.090107,IP,172.20.0.20.46413,>
2026-05-08,20:23:07.090461,IP,172.20.0.20.46413,>
2026-05-08,20:23:07.091091,IP,172.20.0.10.5002,>
2026-05-08,20:23:07.091416,IP,172.20.0.20.46413,>
2026-05-08,20:23:07.091657,IP,172.20.0.10.5002,>
2026-05-08,20:23:07.092114,IP,172.20.0.20.46413,>
2026-05-08,20:23:07.092444,IP,172.20.0.10.5002,>
2026-05-08,20:23:07.093056,IP,172.20.0.20.46413,>
2026-05-08,20:23:07.093070,IP,172.20.0.10.5002,>
2026-05-08,20:23:07.093436,IP,172.20.0.20.46413,>
2026-05-08,20:23:07.098559,IP,172.20.0.10.5002,>
2026-05-08,20:23:07.099050,IP,172.20.0.20.46413,>
2026-05-08,20:23:07.099509,IP,172.20.0.10.5002,>
2026-05-08,20:23:07.100110,IP,172.20.0.20.46413,>
2026-05-08,20:23:07.100325,IP,172.20.0.10.5002,>
2026-05-08,20:23:07.100712,IP,172.20.0.10.5002,>
2026-05-08,20:23:07.100735,IP,172.20.0.20.46413,>
2026-05-08,20:23:07.101079,IP,172.20.0.20.46413,>
2026-05-08,20:23:07.101697,IP,172.20.0.10.5002,>
2026-05-08,20:23:07.102156,IP,172.20.0.20.46413,>
2026-05-08,20:23:07.102292,IP,172.20.0.10.5002,>
2026-05-08,20:23:07.102596,IP,172.20.0.20.46413,>
2026-05-08,20:23:07.103260,IP,172.20.0.10.5002,>
2026-05-08,20:23:07.103579,IP,172.20.0.20.46413,>
2026-05-08,20:23:07.103637,IP,172.20.0.10.5002,>
2026-05-08,20:23:07.103953,IP,172.20.0.20.46413,>
2026-05-08,20:23:07.109418,IP,172.20.0.10.5002,>
2026-05-08,20:23:07.109848,IP,172.20.0.20.46413,>
2026-05-08,20:23:07.110391,IP,172.20.0.10.5002,>
2026-05-08,20:23:07.110722,IP,172.20.0.20.46413,>
2026-05-08,20:23:07.110961,IP,172.20.0.10.5002,>
2026-05-08,20:23:07.111241,IP,172.20.0.10.5002,>
2026-05-08,20:23:07.111334,IP,172.20.0.20.46413,>
2026-05-08,20:23:07.111618,IP,172.20.0.20.46413,>
2026-05-08,20:23:07.112571,IP,172.20.0.10.5002,>
2026-05-08,20:23:07.112779,IP,172.20.0.10.5002,>
2026-05-08,20:23:07.113107,IP,172.20.0.20.46413,>
2026-05-08,20:23:07.113533,IP,172.20.0.20.46413,>
2026-05-08,20:23:07.113745,IP,172.20.0.10.5002,>
2026-05-08,20:23:07.114122,IP,172.20.0.10.5002,>
2026-05-08,20:23:07.114172,IP,172.20.0.20.46413,>
2026-05-08,20:23:07.114405,IP,172.20.0.20.46413,>
2026-05-08,20:23:07.120271,IP,172.20.0.10.5002,>
2026-05-08,20:23:07.120635,IP,172.20.0.20.46413,>
2026-05-08,20:23:07.120942,IP,172.20.0.10.5002,>
2026-05-08,20:23:07.121426,IP,172.20.0.20.46413,>
2026-05-08,20:23:07.121517,IP,172.20.0.10.5002,>
2026-05-08,20:23:07.121886,IP,172.20.0.10.5002,>
2026-05-08,20:23:07.122293,IP,172.20.0.20.46413,>
2026-05-08,20:23:07.122698,IP,172.20.0.20.46413,>
2026-05-08,20:23:07.123504,IP,172.20.0.10.5002,>
2026-05-08,20:23:07.124015,IP,172.20.0.20.46413,>
2026-05-08,20:23:07.124558,IP,172.20.0.10.5002,>
2026-05-08,20:23:07.124683,IP,172.20.0.10.5002,>
2026-05-08,20:23:07.124688,IP,172.20.0.10.5002,>
2026-05-08,20:23:07.125053,IP,172.20.0.20.46413,>
2026-05-08,20:23:07.125427,IP,172.20.0.20.46413,>
2026-05-08,20:23:07.126053,IP,172.20.0.20.46413,>
2026-05-08,20:23:07.131023,IP,172.20.0.10.5002,>
2026-05-08,20:23:07.131441,IP,172.20.0.20.46413,>
2026-05-08,20:23:07.131762,IP,172.20.0.10.5002,>
2026-05-08,20:23:07.132278,IP,172.20.0.20.46413,>
2026-05-08,20:23:07.132492,IP,172.20.0.10.5002,>
2026-05-08,20:23:07.132958,IP,172.20.0.10.5002,>
2026-05-08,20:23:07.133072,IP,172.20.0.20.46413,>
2026-05-08,20:23:07.133656,IP,172.20.0.20.46413,>
2026-05-08,20:23:07.134328,IP,172.20.0.10.5002,>
2026-05-08,20:23:07.134918,IP,172.20.0.20.46413,>
2026-05-08,20:23:07.135290,IP,172.20.0.10.5002,>
2026-05-08,20:23:07.135663,IP,172.20.0.10.5002,>
2026-05-08,20:23:07.135822,IP,172.20.0.20.46413,>
2026-05-08,20:23:07.136284,IP,172.20.0.20.46413,>
2026-05-08,20:23:07.136399,IP,172.20.0.10.5002,>
2026-05-08,20:23:07.136961,IP,172.20.0.20.46413,>
2026-05-08,20:23:07.141987,IP,172.20.0.10.5002,>
2026-05-08,20:23:07.142403,IP,172.20.0.20.46413,>
2026-05-08,20:23:07.142737,IP,172.20.0.10.5002,>
2026-05-08,20:23:07.143072,IP,172.20.0.20.46413,>
2026-05-08,20:23:07.143493,IP,172.20.0.10.5002,>
2026-05-08,20:23:07.143821,IP,172.20.0.20.46413,>
2026-05-08,20:23:07.143863,IP,172.20.0.10.5002,>
2026-05-08,20:23:07.144353,IP,172.20.0.20.46413,>
2026-05-08,20:23:07.145357,IP,172.20.0.10.5002,>
2026-05-08,20:23:07.145986,IP,172.20.0.20.46413,>
2026-05-08,20:23:07.146102,IP,172.20.0.10.5002,>
2026-05-08,20:23:07.146422,IP,172.20.0.20.46413,>
2026-05-08,20:23:07.146509,IP,172.20.0.10.5002,>
2026-05-08,20:23:07.147118,IP,172.20.0.20.46413,>
2026-05-08,20:23:07.147322,IP,172.20.0.10.5002,>
2026-05-08,20:23:07.147665,IP,172.20.0.20.46413,>
2026-05-08,20:23:07.153040,IP,172.20.0.10.5002,>
2026-05-08,20:23:07.153259,IP,172.20.0.10.5002,>
2026-05-08,20:23:07.153400,IP,172.20.0.20.46413,>
2026-05-08,20:23:07.153692,IP,172.20.0.20.46413,>
2026-05-08,20:23:07.154041,IP,172.20.0.10.5002,>
2026-05-08,20:23:07.154377,IP,172.20.0.20.46413,>
2026-05-08,20:23:07.154656,IP,172.20.0.10.5002,>
2026-05-08,20:23:07.155279,IP,172.20.0.20.46413,>
2026-05-08,20:23:07.156504,IP,172.20.0.10.5002,>
2026-05-08,20:23:07.156623,IP,172.20.0.10.5002,>
2026-05-08,20:23:07.156926,IP,172.20.0.20.46413,>
2026-05-08,20:23:07.157202,IP,172.20.0.20.46413,>
2026-05-08,20:23:07.157533,IP,172.20.0.10.5002,>
2026-05-08,20:23:07.157929,IP,172.20.0.10.5002,>
2026-05-08,20:23:07.158258,IP,172.20.0.20.46413,>
2026-05-08,20:23:07.158634,IP,172.20.0.20.46413,>
2026-05-08,20:23:07.163869,IP,172.20.0.10.5002,>
2026-05-08,20:23:07.164126,IP,172.20.0.10.5002,>
2026-05-08,20:23:07.164259,IP,172.20.0.20.46413,>
2026-05-08,20:23:07.164551,IP,172.20.0.20.46413,>
2026-05-08,20:23:07.164992,IP,172.20.0.10.5002,>
2026-05-08,20:23:07.165325,IP,172.20.0.20.46413,>
2026-05-08,20:23:07.165581,IP,172.20.0.10.5002,>
2026-05-08,20:23:07.166019,IP,172.20.0.20.46413,>
2026-05-08,20:23:07.167290,IP,172.20.0.10.5002,>
2026-05-08,20:23:07.167395,IP,172.20.0.10.5002,>
2026-05-08,20:23:07.167699,IP,172.20.0.20.46413,>
2026-05-08,20:23:07.168048,IP,172.20.0.20.46413,>
2026-05-08,20:23:07.168496,IP,172.20.0.10.5002,>
2026-05-08,20:23:07.168808,IP,172.20.0.10.5002,>
2026-05-08,20:23:07.168894,IP,172.20.0.20.46413,>
2026-05-08,20:23:07.169442,IP,172.20.0.20.46413,>
2026-05-08,20:23:07.174588,IP,172.20.0.10.5002,>
2026-05-08,20:23:07.174768,IP,172.20.0.10.5002,>
2026-05-08,20:23:07.175058,IP,172.20.0.20.46413,>
2026-05-08,20:23:07.175339,IP,172.20.0.20.46413,>
2026-05-08,20:23:07.175531,IP,172.20.0.10.5002,>
2026-05-08,20:23:07.176143,IP,172.20.0.20.46413,>
2026-05-08,20:23:07.176271,IP,172.20.0.10.5002,>
2026-05-08,20:23:07.176763,IP,172.20.0.20.46413,>
2026-05-08,20:23:07.178044,IP,172.20.0.10.5002,>
2026-05-08,20:23:07.178223,IP,172.20.0.10.5002,>
2026-05-08,20:23:07.178355,IP,172.20.0.20.46413,>
2026-05-08,20:23:07.178717,IP,172.20.0.20.46413,>
2026-05-08,20:23:07.179122,IP,172.20.0.10.5002,>
2026-05-08,20:23:07.179461,IP,172.20.0.20.46413,>
2026-05-08,20:23:07.179633,IP,172.20.0.10.5002,>
2026-05-08,20:23:07.180045,IP,172.20.0.20.46413,>
2026-05-08,20:23:07.185461,IP,172.20.0.10.5002,>
2026-05-08,20:23:07.185547,IP,172.20.0.10.5002,>
2026-05-08,20:23:07.185976,IP,172.20.0.20.46413,>
2026-05-08,20:23:07.186472,IP,172.20.0.10.5002,>
2026-05-08,20:23:07.186848,IP,172.20.0.20.46413,>
2026-05-08,20:23:07.187016,IP,172.20.0.10.5002,>
2026-05-08,20:23:07.187127,IP,172.20.0.20.46413,>
2026-05-08,20:23:07.187419,IP,172.20.0.20.46413,>
2026-05-08,20:23:07.188596,IP,172.20.0.10.5002,>
2026-05-08,20:23:07.188997,IP,172.20.0.10.5002,>
2026-05-08,20:23:07.189048,IP,172.20.0.20.46413,>
2026-05-08,20:23:07.189368,IP,172.20.0.20.46413,>
2026-05-08,20:23:07.189641,IP,172.20.0.10.5002,>
2026-05-08,20:23:07.190248,IP,172.20.0.10.5002,>
2026-05-08,20:23:07.190266,IP,172.20.0.20.46413,>
2026-05-08,20:23:07.190542,IP,172.20.0.20.46413,>
2026-05-08,20:23:07.196327,IP,172.20.0.10.5002,>
2026-05-08,20:23:07.196751,IP,172.20.0.20.46413,>
2026-05-08,20:23:07.197097,IP,172.20.0.10.5002,>
2026-05-08,20:23:07.197357,IP,172.20.0.10.5002,>
2026-05-08,20:23:07.197410,IP,172.20.0.20.46413,>
2026-05-08,20:23:07.197657,IP,172.20.0.10.5002,>
2026-05-08,20:23:07.197947,IP,172.20.0.20.46413,>
2026-05-08,20:23:07.198401,IP,172.20.0.20.46413,>
2026-05-08,20:23:07.199358,IP,172.20.0.10.5002,>
2026-05-08,20:23:07.199556,IP,172.20.0.10.5002,>
2026-05-08,20:23:07.199931,IP,172.20.0.20.46413,>
2026-05-08,20:23:07.200300,IP,172.20.0.20.46413,>
2026-05-08,20:23:07.200503,IP,172.20.0.10.5002,>
2026-05-08,20:23:07.200738,IP,172.20.0.10.5002,>
2026-05-08,20:23:07.201328,IP,172.20.0.20.46413,>
2026-05-08,20:23:07.201589,IP,172.20.0.20.46413,>
2026-05-08,20:23:07.207081,IP,172.20.0.10.5002,>
2026-05-08,20:23:07.207628,IP,172.20.0.20.46413,>
2026-05-08,20:23:07.207706,IP,172.20.0.10.5002,>
2026-05-08,20:23:07.208099,IP,172.20.0.10.5002,>
2026-05-08,20:23:07.208106,IP,172.20.0.20.46413,>
2026-05-08,20:23:07.208438,IP,172.20.0.20.46413,>
2026-05-08,20:23:07.208587,IP,172.20.0.10.5002,>
2026-05-08,20:23:07.209106,IP,172.20.0.20.46413,>
2026-05-08,20:23:07.210206,IP,172.20.0.10.5002,>
2026-05-08,20:23:07.210566,IP,172.20.0.20.46413,>
2026-05-08,20:23:07.210931,IP,172.20.0.10.5002,>
2026-05-08,20:23:07.211268,IP,172.20.0.20.46413,>
2026-05-08,20:23:07.211502,IP,172.20.0.10.5002,>
2026-05-08,20:23:07.211775,IP,172.20.0.10.5002,>
2026-05-08,20:23:07.211839,IP,172.20.0.20.46413,>
2026-05-08,20:23:07.212084,IP,172.20.0.20.46413,>
2026-05-08,20:23:07.218654,IP,172.20.0.10.5002,>
2026-05-08,20:23:07.218743,IP,172.20.0.10.5002,>
2026-05-08,20:23:07.218909,IP,172.20.0.10.5002,>
2026-05-08,20:23:07.219115,IP,172.20.0.20.46413,>
2026-05-08,20:23:07.219402,IP,172.20.0.20.46413,>
2026-05-08,20:23:07.219638,IP,172.20.0.20.46413,>
2026-05-08,20:23:07.220576,IP,172.20.0.10.5002,>
2026-05-08,20:23:07.221102,IP,172.20.0.20.46413,>
2026-05-08,20:23:07.223403,IP,172.20.0.10.5002,>
2026-05-08,20:23:07.223523,IP,172.20.0.10.5002,>
2026-05-08,20:23:07.223529,IP,172.20.0.10.5002,>
2026-05-08,20:23:07.223585,IP,172.20.0.10.5002,>
2026-05-08,20:23:07.223908,IP,172.20.0.20.46413,>
2026-05-08,20:23:07.224247,IP,172.20.0.20.46413,>
2026-05-08,20:23:07.226024,IP,172.20.0.20.46413,>
2026-05-08,20:23:07.226399,IP,172.20.0.20.46413,>
2026-05-08,20:23:07.229621,IP,172.20.0.10.5002,>
2026-05-08,20:23:07.229722,IP,172.20.0.10.5002,>
2026-05-08,20:23:07.229912,IP,172.20.0.10.5002,>
2026-05-08,20:23:07.230269,IP,172.20.0.20.46413,>
2026-05-08,20:23:07.230533,IP,172.20.0.20.46413,>
2026-05-08,20:23:07.230753,IP,172.20.0.20.46413,>
2026-05-08,20:23:07.231379,IP,172.20.0.10.5002,>
2026-05-08,20:23:07.231633,IP,172.20.0.20.46413,>
2026-05-08,20:23:07.235046,IP,172.20.0.10.5002,>
2026-05-08,20:23:07.235201,IP,172.20.0.10.5002,>
2026-05-08,20:23:07.235421,IP,172.20.0.20.46413,>
2026-05-08,20:23:07.235673,IP,172.20.0.20.46413,>
2026-05-08,20:23:07.236275,IP,172.20.0.10.5002,>
2026-05-08,20:23:07.236617,IP,172.20.0.10.5002,>
2026-05-08,20:23:07.236822,IP,172.20.0.20.46413,>
2026-05-08,20:23:07.237197,IP,172.20.0.20.46413,>
2026-05-08,20:23:07.240644,IP,172.20.0.10.5002,>
2026-05-08,20:23:07.240748,IP,172.20.0.10.5002,>
2026-05-08,20:23:07.241074,IP,172.20.0.20.46413,>
2026-05-08,20:23:07.241128,IP,172.20.0.10.5002,>
2026-05-08,20:23:07.241487,IP,172.20.0.20.46413,>
2026-05-08,20:23:07.241893,IP,172.20.0.10.5002,>
2026-05-08,20:23:07.242017,IP,172.20.0.20.46413,>
2026-05-08,20:23:07.242479,IP,172.20.0.20.46413,>
2026-05-08,20:23:07.245767,IP,172.20.0.10.5002,>
2026-05-08,20:23:07.245910,IP,172.20.0.10.5002,>
2026-05-08,20:23:07.246273,IP,172.20.0.20.46413,>
2026-05-08,20:23:07.247114,IP,172.20.0.20.46413,>
2026-05-08,20:23:07.247181,IP,172.20.0.10.5002,>
2026-05-08,20:23:07.247466,IP,172.20.0.10.5002,>
2026-05-08,20:23:07.247902,IP,172.20.0.20.46413,>
2026-05-08,20:23:07.248293,IP,172.20.0.20.46413,>
2026-05-08,20:23:07.252201,IP,172.20.0.10.5002,>
2026-05-08,20:23:07.252323,IP,172.20.0.10.5002,>
2026-05-08,20:23:07.252457,IP,172.20.0.10.5002,>
2026-05-08,20:23:07.252589,IP,172.20.0.20.46413,>
2026-05-08,20:23:07.252697,IP,172.20.0.10.5002,>
2026-05-08,20:23:07.253009,IP,172.20.0.20.46413,>
2026-05-08,20:23:07.253383,IP,172.20.0.20.46413,>
2026-05-08,20:23:07.253635,IP,172.20.0.20.46413,>
2026-05-08,20:23:07.258030,IP,172.20.0.10.5002,>
2026-05-08,20:23:07.258107,IP,172.20.0.10.5002,>
2026-05-08,20:23:07.258150,IP,172.20.0.10.5002,>
2026-05-08,20:23:07.258430,IP,172.20.0.20.46413,>
2026-05-08,20:23:07.258493,IP,172.20.0.10.5002,>
2026-05-08,20:23:07.258845,IP,172.20.0.20.46413,>
2026-05-08,20:23:07.259205,IP,172.20.0.20.46413,>
2026-05-08,20:23:07.259567,IP,172.20.0.20.46413,>
2026-05-08,20:23:07.262971,IP,172.20.0.10.5002,>
2026-05-08,20:23:07.263255,IP,172.20.0.10.5002,>
2026-05-08,20:23:07.263417,IP,172.20.0.20.46413,>
2026-05-08,20:23:07.263543,IP,172.20.0.10.5002,>
2026-05-08,20:23:07.263833,IP,172.20.0.20.46413,>
2026-05-08,20:23:07.264017,IP,172.20.0.10.5002,>
2026-05-08,20:23:07.264241,IP,172.20.0.20.46413,>
2026-05-08,20:23:07.264651,IP,172.20.0.20.46413,>
2026-05-08,20:23:07.268753,IP,172.20.0.10.5002,>
2026-05-08,20:23:07.269036,IP,172.20.0.10.5002,>
2026-05-08,20:23:07.269142,IP,172.20.0.20.46413,>
2026-05-08,20:23:07.269395,IP,172.20.0.10.5002,>
2026-05-08,20:23:07.269727,IP,172.20.0.10.5002,>
2026-05-08,20:23:07.269730,IP,172.20.0.20.46413,>
2026-05-08,20:23:07.270279,IP,172.20.0.20.46413,>
2026-05-08,20:23:07.270823,IP,172.20.0.20.46413,>
2026-05-08,20:23:07.273809,IP,172.20.0.10.5002,>
2026-05-08,20:23:07.274032,IP,172.20.0.10.5002,>
2026-05-08,20:23:07.274233,IP,172.20.0.20.46413,>
2026-05-08,20:23:07.274426,IP,172.20.0.10.5002,>
2026-05-08,20:23:07.274566,IP,172.20.0.20.46413,>
2026-05-08,20:23:07.274885,IP,172.20.0.10.5002,>
2026-05-08,20:23:07.275082,IP,172.20.0.20.46413,>
2026-05-08,20:23:07.275454,IP,172.20.0.20.46413,>
2026-05-08,20:23:07.279520,IP,172.20.0.10.5002,>
2026-05-08,20:23:07.280014,IP,172.20.0.20.46413,>
2026-05-08,20:23:07.280073,IP,172.20.0.10.5002,>
2026-05-08,20:23:07.280485,IP,172.20.0.10.5002,>
2026-05-08,20:23:07.280728,IP,172.20.0.20.46413,>
2026-05-08,20:23:07.281068,IP,172.20.0.10.5002,>
2026-05-08,20:23:07.281321,IP,172.20.0.20.46413,>
2026-05-08,20:23:07.281990,IP,172.20.0.20.46413,>
2026-05-08,20:23:07.284605,IP,172.20.0.10.5002,>
2026-05-08,20:23:07.284755,IP,172.20.0.10.5002,>
2026-05-08,20:23:07.285100,IP,172.20.0.20.46413,>
2026-05-08,20:23:07.285475,IP,172.20.0.20.46413,>
2026-05-08,20:23:07.285919,IP,172.20.0.10.5002,>
2026-05-08,20:23:07.286009,IP,172.20.0.10.5002,>
2026-05-08,20:23:07.286375,IP,172.20.0.20.46413,>
2026-05-08,20:23:07.286770,IP,172.20.0.20.46413,>
2026-05-08,20:23:07.290383,IP,172.20.0.10.5002,>
2026-05-08,20:23:07.290753,IP,172.20.0.20.46413,>
2026-05-08,20:23:07.290935,IP,172.20.0.10.5002,>
2026-05-08,20:23:07.291414,IP,172.20.0.20.46413,>
2026-05-08,20:23:07.291557,IP,172.20.0.10.5002,>
2026-05-08,20:23:07.291992,IP,172.20.0.20.46413,>
2026-05-08,20:23:07.292198,IP,172.20.0.10.5002,>
2026-05-08,20:23:07.292671,IP,172.20.0.20.46413,>
2026-05-08,20:23:07.295425,IP,172.20.0.10.5002,>
2026-05-08,20:23:07.295908,IP,172.20.0.20.46413,>
2026-05-08,20:23:07.296156,IP,172.20.0.10.5002,>
2026-05-08,20:23:07.296572,IP,172.20.0.20.46413,>
2026-05-08,20:23:07.296612,IP,172.20.0.10.5002,>
2026-05-08,20:23:07.297002,IP,172.20.0.20.46413,>
2026-05-08,20:23:07.297013,IP,172.20.0.10.5002,>
2026-05-08,20:23:07.297369,IP,172.20.0.20.46413,>
2026-05-08,20:23:07.301164,IP,172.20.0.10.5002,>
2026-05-08,20:23:07.301613,IP,172.20.0.10.5002,>
2026-05-08,20:23:07.301631,IP,172.20.0.20.46413,>
2026-05-08,20:23:07.302190,IP,172.20.0.10.5002,>
2026-05-08,20:23:07.302371,IP,172.20.0.20.46413,>
2026-05-08,20:23:07.302903,IP,172.20.0.10.5002,>
2026-05-08,20:23:07.303018,IP,172.20.0.20.46413,>
2026-05-08,20:23:07.303433,IP,172.20.0.20.46413,>
2026-05-08,20:23:07.306266,IP,172.20.0.10.5002,>
2026-05-08,20:23:07.306683,IP,172.20.0.20.46413,>
2026-05-08,20:23:07.306863,IP,172.20.0.10.5002,>
2026-05-08,20:23:07.307329,IP,172.20.0.20.46413,>
2026-05-08,20:23:07.307394,IP,172.20.0.10.5002,>
2026-05-08,20:23:07.307513,IP,172.20.0.10.5002,>
2026-05-08,20:23:07.307915,IP,172.20.0.20.46413,>
2026-05-08,20:23:07.308310,IP,172.20.0.20.46413,>
2026-05-08,20:23:07.312052,IP,172.20.0.10.5002,>
2026-05-08,20:23:07.312443,IP,172.20.0.20.46413,>
2026-05-08,20:23:07.313183,IP,172.20.0.10.5002,>
2026-05-08,20:23:07.313269,IP,172.20.0.10.5002,>
2026-05-08,20:23:07.313560,IP,172.20.0.20.46413,>
2026-05-08,20:23:07.313664,IP,172.20.0.10.5002,>
2026-05-08,20:23:07.314046,IP,172.20.0.20.46413,>
2026-05-08,20:23:07.314709,IP,172.20.0.20.46413,>
2026-05-08,20:23:07.317036,IP,172.20.0.10.5002,>
2026-05-08,20:23:07.317473,IP,172.20.0.20.46413,>
2026-05-08,20:23:07.317593,IP,172.20.0.10.5002,>
2026-05-08,20:23:07.318158,IP,172.20.0.10.5002,>
2026-05-08,20:23:07.318209,IP,172.20.0.20.46413,>
2026-05-08,20:23:07.318518,IP,172.20.0.10.5002,>
2026-05-08,20:23:07.318592,IP,172.20.0.20.46413,>
2026-05-08,20:23:07.319052,IP,172.20.0.20.46413,>
2026-05-08,20:23:07.322755,IP,172.20.0.10.5002,>
2026-05-08,20:23:07.323206,IP,172.20.0.20.46413,>
2026-05-08,20:23:07.323821,IP,172.20.0.10.5002,>
2026-05-08,20:23:07.324183,IP,172.20.0.20.46413,>
2026-05-08,20:23:07.324266,IP,172.20.0.10.5002,>
2026-05-08,20:23:07.324834,IP,172.20.0.20.46413,>
2026-05-08,20:23:07.325114,IP,172.20.0.10.5002,>
2026-05-08,20:23:07.325514,IP,172.20.0.20.46413,>
2026-05-08,20:23:07.327891,IP,172.20.0.10.5002,>
2026-05-08,20:23:07.328229,IP,172.20.0.20.46413,>
2026-05-08,20:23:07.328461,IP,172.20.0.10.5002,>
2026-05-08,20:23:07.328859,IP,172.20.0.10.5002,>
2026-05-08,20:23:07.328955,IP,172.20.0.20.46413,>
2026-05-08,20:23:07.329247,IP,172.20.0.10.5002,>
2026-05-08,20:23:07.329353,IP,172.20.0.20.46413,>
2026-05-08,20:23:07.329730,IP,172.20.0.20.46413,>
2026-05-08,20:23:07.333547,IP,172.20.0.10.5002,>
2026-05-08,20:23:07.334092,IP,172.20.0.20.46413,>
2026-05-08,20:23:07.334481,IP,172.20.0.10.5002,>
2026-05-08,20:23:07.334874,IP,172.20.0.20.46413,>
2026-05-08,20:23:07.335055,IP,172.20.0.10.5002,>
2026-05-08,20:23:07.335525,IP,172.20.0.20.46413,>
2026-05-08,20:23:07.335861,IP,172.20.0.10.5002,>
2026-05-08,20:23:07.336521,IP,172.20.0.20.46413,>
2026-05-08,20:23:07.338595,IP,172.20.0.10.5002,>
2026-05-08,20:23:07.339004,IP,172.20.0.20.46413,>
2026-05-08,20:23:07.339131,IP,172.20.0.10.5002,>
2026-05-08,20:23:07.339502,IP,172.20.0.20.46413,>
2026-05-08,20:23:07.339740,IP,172.20.0.10.5002,>
2026-05-08,20:23:07.340128,IP,172.20.0.10.5002,>
2026-05-08,20:23:07.340263,IP,172.20.0.20.46413,>
2026-05-08,20:23:07.340649,IP,172.20.0.20.46413,>
2026-05-08,20:23:07.344398,IP,172.20.0.10.5002,>
2026-05-08,20:23:07.344762,IP,172.20.0.20.46413,>
2026-05-08,20:23:07.345238,IP,172.20.0.10.5002,>
2026-05-08,20:23:07.345776,IP,172.20.0.10.5002,>
2026-05-08,20:23:07.345829,IP,172.20.0.20.46413,>
2026-05-08,20:23:07.346188,IP,172.20.0.20.46413,>
2026-05-08,20:23:07.346720,IP,172.20.0.10.5002,>
2026-05-08,20:23:07.347190,IP,172.20.0.20.46413,>
2026-05-08,20:23:07.349534,IP,172.20.0.10.5002,>
2026-05-08,20:23:07.349919,IP,172.20.0.10.5002,>
2026-05-08,20:23:07.349984,IP,172.20.0.20.46413,>
2026-05-08,20:23:07.350437,IP,172.20.0.10.5002,>
2026-05-08,20:23:07.350548,IP,172.20.0.20.46413,>
2026-05-08,20:23:07.350972,IP,172.20.0.10.5002,>
2026-05-08,20:23:07.350988,IP,172.20.0.20.46413,>
2026-05-08,20:23:07.351233,IP,172.20.0.20.46413,>
2026-05-08,20:23:07.355128,IP,172.20.0.10.5002,>
2026-05-08,20:23:07.355493,IP,172.20.0.20.46413,>
2026-05-08,20:23:07.356048,IP,172.20.0.10.5002,>
2026-05-08,20:23:07.356381,IP,172.20.0.20.46413,>
2026-05-08,20:23:07.356430,IP,172.20.0.10.5002,>
2026-05-08,20:23:07.356999,IP,172.20.0.20.46413,>
2026-05-08,20:23:07.357372,IP,172.20.0.10.5002,>
2026-05-08,20:23:07.357690,IP,172.20.0.20.46413,>
2026-05-08,20:23:07.360239,IP,172.20.0.10.5002,>
2026-05-08,20:23:07.360592,IP,172.20.0.20.46413,>
2026-05-08,20:23:07.360775,IP,172.20.0.10.5002,>
2026-05-08,20:23:07.361123,IP,172.20.0.20.46413,>
2026-05-08,20:23:07.361280,IP,172.20.0.10.5002,>
2026-05-08,20:23:07.361406,IP,172.20.0.10.5002,>
2026-05-08,20:23:07.361629,IP,172.20.0.20.46413,>
2026-05-08,20:23:07.362130,IP,172.20.0.20.46413,>
2026-05-08,20:23:07.365956,IP,172.20.0.10.5002,>
2026-05-08,20:23:07.366330,IP,172.20.0.20.46413,>
2026-05-08,20:23:07.366604,IP,172.20.0.10.5002,>
2026-05-08,20:23:07.367081,IP,172.20.0.20.46413,>
2026-05-08,20:23:07.367271,IP,172.20.0.10.5002,>
2026-05-08,20:23:07.367817,IP,172.20.0.20.46413,>
2026-05-08,20:23:07.368073,IP,172.20.0.10.5002,>
2026-05-08,20:23:07.368353,IP,172.20.0.20.46413,>
2026-05-08,20:23:07.370973,IP,172.20.0.10.5002,>
2026-05-08,20:23:07.371274,IP,172.20.0.20.46413,>
2026-05-08,20:23:07.371344,IP,172.20.0.10.5002,>
2026-05-08,20:23:07.371627,IP,172.20.0.20.46413,>
2026-05-08,20:23:07.372065,IP,172.20.0.10.5002,>
2026-05-08,20:23:07.372357,IP,172.20.0.10.5002,>
2026-05-08,20:23:07.372537,IP,172.20.0.20.46413,>
2026-05-08,20:23:07.372973,IP,172.20.0.20.46413,>
2026-05-08,20:23:07.376710,IP,172.20.0.10.5002,>
2026-05-08,20:23:07.377084,IP,172.20.0.20.46413,>
2026-05-08,20:23:07.377464,IP,172.20.0.10.5002,>
2026-05-08,20:23:07.377975,IP,172.20.0.20.46413,>
2026-05-08,20:23:07.378031,IP,172.20.0.10.5002,>
2026-05-08,20:23:07.378550,IP,172.20.0.10.5002,>
2026-05-08,20:23:07.378616,IP,172.20.0.20.46413,>
2026-05-08,20:23:07.379013,IP,172.20.0.20.46413,>
2026-05-08,20:23:07.381629,IP,172.20.0.10.5002,>
2026-05-08,20:23:07.381920,IP,172.20.0.10.5002,>
2026-05-08,20:23:07.382106,IP,172.20.0.20.46413,>
2026-05-08,20:23:07.382493,IP,172.20.0.20.46413,>
2026-05-08,20:23:07.382835,IP,172.20.0.10.5002,>
2026-05-08,20:23:07.383233,IP,172.20.0.10.5002,>
2026-05-08,20:23:07.383270,IP,172.20.0.20.46413,>
2026-05-08,20:23:07.383653,IP,172.20.0.20.46413,>
2026-05-08,20:23:07.387433,IP,172.20.0.10.5002,>
2026-05-08,20:23:07.387857,IP,172.20.0.20.46413,>
2026-05-08,20:23:07.388235,IP,172.20.0.10.5002,>
2026-05-08,20:23:07.388678,IP,172.20.0.20.46413,>
2026-05-08,20:23:07.388907,IP,172.20.0.10.5002,>
2026-05-08,20:23:07.389216,IP,172.20.0.20.46413,>
2026-05-08,20:23:07.389317,IP,172.20.0.10.5002,>
2026-05-08,20:23:07.389701,IP,172.20.0.20.46413,>
2026-05-08,20:23:07.392453,IP,172.20.0.10.5002,>
2026-05-08,20:23:07.392704,IP,172.20.0.10.5002,>
2026-05-08,20:23:07.392879,IP,172.20.0.20.46413,>
2026-05-08,20:23:07.393204,IP,172.20.0.20.46413,>
2026-05-08,20:23:07.393482,IP,172.20.0.10.5002,>
2026-05-08,20:23:07.393844,IP,172.20.0.10.5002,>
2026-05-08,20:23:07.394365,IP,172.20.0.20.46413,>
2026-05-08,20:23:07.394372,IP,172.20.0.20.46413,>
2026-05-08,20:23:07.398288,IP,172.20.0.10.5002,>
2026-05-08,20:23:07.398600,IP,172.20.0.20.46413,>
2026-05-08,20:23:07.398924,IP,172.20.0.10.5002,>
2026-05-08,20:23:07.399423,IP,172.20.0.20.46413,>
2026-05-08,20:23:07.399537,IP,172.20.0.10.5002,>
2026-05-08,20:23:07.399965,IP,172.20.0.20.46413,>
2026-05-08,20:23:07.400142,IP,172.20.0.10.5002,>
2026-05-08,20:23:07.400433,IP,172.20.0.20.46413,>
2026-05-08,20:23:07.403261,IP,172.20.0.10.5002,>
2026-05-08,20:23:07.403388,IP,172.20.0.10.5002,>
2026-05-08,20:23:07.403612,IP,172.20.0.20.46413,>
2026-05-08,20:23:07.403914,IP,172.20.0.20.46413,>
2026-05-08,20:23:07.404685,IP,172.20.0.10.5002,>
2026-05-08,20:23:07.404808,IP,172.20.0.10.5002,>
2026-05-08,20:23:07.405194,IP,172.20.0.20.46413,>
2026-05-08,20:23:07.405456,IP,172.20.0.20.46413,>
2026-05-08,20:23:07.408925,IP,172.20.0.10.5002,>
2026-05-08,20:23:07.409288,IP,172.20.0.20.46413,>
2026-05-08,20:23:07.409631,IP,172.20.0.10.5002,>
2026-05-08,20:23:07.410158,IP,172.20.0.20.46413,>
2026-05-08,20:23:07.410174,IP,172.20.0.10.5002,>
2026-05-08,20:23:07.410551,IP,172.20.0.20.46413,>
2026-05-08,20:23:07.410586,IP,172.20.0.10.5002,>
2026-05-08,20:23:07.411595,IP,172.20.0.20.46413,>
2026-05-08,20:23:07.413904,IP,172.20.0.10.5002,>
2026-05-08,20:23:07.414273,IP,172.20.0.10.5002,>
2026-05-08,20:23:07.414294,IP,172.20.0.20.46413,>
2026-05-08,20:23:07.414569,IP,172.20.0.20.46413,>
2026-05-08,20:23:07.415388,IP,172.20.0.10.5002,>
2026-05-08,20:23:07.415635,IP,172.20.0.10.5002,>
2026-05-08,20:23:07.415738,IP,172.20.0.20.46413,>
2026-05-08,20:23:07.416034,IP,172.20.0.20.46413,>
2026-05-08,20:23:07.419534,IP,172.20.0.10.5002,>
2026-05-08,20:23:07.420072,IP,172.20.0.20.46413,>
2026-05-08,20:23:07.420359,IP,172.20.0.10.5002,>
2026-05-08,20:23:07.420760,IP,172.20.0.20.46413,>
2026-05-08,20:23:07.420924,IP,172.20.0.10.5002,>
2026-05-08,20:23:07.421371,IP,172.20.0.20.46413,>
2026-05-08,20:23:07.421740,IP,172.20.0.10.5002,>
2026-05-08,20:23:07.422159,IP,172.20.0.20.46413,>
2026-05-08,20:23:07.424569,IP,172.20.0.10.5002,>
2026-05-08,20:23:07.424702,IP,172.20.0.10.5002,>
2026-05-08,20:23:07.424962,IP,172.20.0.20.46413,>
2026-05-08,20:23:07.425240,IP,172.20.0.20.46413,>
2026-05-08,20:23:07.426013,IP,172.20.0.10.5002,>
2026-05-08,20:23:07.426208,IP,172.20.0.10.5002,>
2026-05-08,20:23:07.426331,IP,172.20.0.20.46413,>
2026-05-08,20:23:07.426582,IP,172.20.0.20.46413,>
2026-05-08,20:23:07.430431,IP,172.20.0.10.5002,>
2026-05-08,20:23:07.430765,IP,172.20.0.20.46413,>
2026-05-08,20:23:07.430985,IP,172.20.0.10.5002,>
2026-05-08,20:23:07.431350,IP,172.20.0.20.46413,>
2026-05-08,20:23:07.431570,IP,172.20.0.10.5002,>
2026-05-08,20:23:07.431887,IP,172.20.0.20.46413,>
2026-05-08,20:23:07.432353,IP,172.20.0.10.5002,>
2026-05-08,20:23:07.432690,IP,172.20.0.20.46413,>
2026-05-08,20:23:07.435262,IP,172.20.0.10.5002,>
2026-05-08,20:23:07.435456,IP,172.20.0.10.5002,>
2026-05-08,20:23:07.435588,IP,172.20.0.20.46413,>
2026-05-08,20:23:07.435871,IP,172.20.0.20.46413,>
2026-05-08,20:23:07.436527,IP,172.20.0.10.5002,>
2026-05-08,20:23:07.436769,IP,172.20.0.10.5002,>
2026-05-08,20:23:07.436965,IP,172.20.0.20.46413,>
2026-05-08,20:23:07.437249,IP,172.20.0.20.46413,>
2026-05-08,20:23:07.441153,IP,172.20.0.10.5002,>
2026-05-08,20:23:07.441530,IP,172.20.0.20.46413,>
2026-05-08,20:23:07.441558,IP,172.20.0.10.5002,>
2026-05-08,20:23:07.442096,IP,172.20.0.20.46413,>
2026-05-08,20:23:07.442154,IP,172.20.0.10.5002,>
2026-05-08,20:23:07.442465,IP,172.20.0.20.46413,>
2026-05-08,20:23:07.442944,IP,172.20.0.10.5002,>
2026-05-08,20:23:07.443263,IP,172.20.0.20.46413,>
2026-05-08,20:23:07.445914,IP,172.20.0.10.5002,>
2026-05-08,20:23:07.446128,IP,172.20.0.10.5002,>
2026-05-08,20:23:07.446322,IP,172.20.0.20.46413,>
2026-05-08,20:23:07.446581,IP,172.20.0.20.46413,>
2026-05-08,20:23:07.447178,IP,172.20.0.10.5002,>
2026-05-08,20:23:07.447460,IP,172.20.0.10.5002,>
2026-05-08,20:23:07.447743,IP,172.20.0.20.46413,>
2026-05-08,20:23:07.448013,IP,172.20.0.20.46413,>
2026-05-08,20:23:07.452011,IP,172.20.0.10.5002,>
2026-05-08,20:23:07.452264,IP,172.20.0.10.5002,>
2026-05-08,20:23:07.452398,IP,172.20.0.20.46413,>
2026-05-08,20:23:07.452627,IP,172.20.0.10.5002,>
2026-05-08,20:23:07.452769,IP,172.20.0.20.46413,>
2026-05-08,20:23:07.453057,IP,172.20.0.20.46413,>
2026-05-08,20:23:07.453444,IP,172.20.0.10.5002,>
2026-05-08,20:23:07.453759,IP,172.20.0.20.46413,>
2026-05-08,20:23:07.458917,IP,172.20.0.10.5002,>
2026-05-08,20:23:07.459014,IP,172.20.0.10.5002,>
2026-05-08,20:23:07.459089,IP,172.20.0.10.5002,>
2026-05-08,20:23:07.459157,IP,172.20.0.10.5002,>
2026-05-08,20:23:07.459388,IP,172.20.0.20.46413,>
2026-05-08,20:23:07.459641,IP,172.20.0.20.46413,>
2026-05-08,20:23:07.459892,IP,172.20.0.20.46413,>
2026-05-08,20:23:07.460117,IP,172.20.0.20.46413,>
2026-05-08,20:23:07.462686,IP,172.20.0.10.5002,>
2026-05-08,20:23:07.462958,IP,172.20.0.10.5002,>
2026-05-08,20:23:07.463077,IP,172.20.0.20.46413,>
2026-05-08,20:23:07.463189,IP,172.20.0.10.5002,>
2026-05-08,20:23:07.463393,IP,172.20.0.20.46413,>
2026-05-08,20:23:07.463607,IP,172.20.0.20.46413,>
2026-05-08,20:23:07.464088,IP,172.20.0.10.5002,>
2026-05-08,20:23:07.464448,IP,172.20.0.20.46413,>
2026-05-08,20:23:07.469659,IP,172.20.0.10.5002,>
2026-05-08,20:23:07.469902,IP,172.20.0.10.5002,>
2026-05-08,20:23:07.470053,IP,172.20.0.10.5002,>
2026-05-08,20:23:07.470122,IP,172.20.0.20.46413,>
2026-05-08,20:23:07.470314,IP,172.20.0.10.5002,>
2026-05-08,20:23:07.470684,IP,172.20.0.20.46413,>
2026-05-08,20:23:07.471274,IP,172.20.0.20.46413,>
2026-05-08,20:23:07.471546,IP,172.20.0.20.46413,>
2026-05-08,20:23:07.473320,IP,172.20.0.10.5002,>
2026-05-08,20:23:07.473591,IP,172.20.0.10.5002,>
2026-05-08,20:23:07.473678,IP,172.20.0.20.46413,>
2026-05-08,20:23:07.473745,IP,172.20.0.10.5002,>
2026-05-08,20:23:07.474075,IP,172.20.0.20.46413,>
2026-05-08,20:23:07.474317,IP,172.20.0.20.46413,>
2026-05-08,20:23:07.474607,IP,172.20.0.10.5002,>
2026-05-08,20:23:07.475093,IP,172.20.0.20.46413,>
2026-05-08,20:23:07.480385,IP,172.20.0.10.5002,>
2026-05-08,20:23:07.480861,IP,172.20.0.20.46413,>
2026-05-08,20:23:07.480878,IP,172.20.0.10.5002,>
2026-05-08,20:23:07.481253,IP,172.20.0.20.46413,>
2026-05-08,20:23:07.481474,IP,172.20.0.10.5002,>
2026-05-08,20:23:07.481719,IP,172.20.0.10.5002,>
2026-05-08,20:23:07.481862,IP,172.20.0.20.46413,>
2026-05-08,20:23:07.482322,IP,172.20.0.20.46413,>
2026-05-08,20:23:07.484132,IP,172.20.0.10.5002,>
2026-05-08,20:23:07.484251,IP,172.20.0.10.5002,>
2026-05-08,20:23:07.484595,IP,172.20.0.10.5002,>
2026-05-08,20:23:07.484599,IP,172.20.0.20.46413,>
2026-05-08,20:23:07.485153,IP,172.20.0.20.46413,>
2026-05-08,20:23:07.485629,IP,172.20.0.10.5002,>
2026-05-08,20:23:07.485761,IP,172.20.0.20.46413,>
2026-05-08,20:23:07.486281,IP,172.20.0.20.46413,>
2026-05-08,20:23:07.491227,IP,172.20.0.10.5002,>
2026-05-08,20:23:07.491606,IP,172.20.0.20.46413,>
2026-05-08,20:23:07.491646,IP,172.20.0.10.5002,>
2026-05-08,20:23:07.491998,IP,172.20.0.20.46413,>
2026-05-08,20:23:07.492089,IP,172.20.0.10.5002,>
2026-05-08,20:23:07.492597,IP,172.20.0.20.46413,>
2026-05-08,20:23:07.492852,IP,172.20.0.10.5002,>
2026-05-08,20:23:07.493311,IP,172.20.0.20.46413,>
2026-05-08,20:23:07.494990,IP,172.20.0.10.5002,>
2026-05-08,20:23:07.495362,IP,172.20.0.20.46413,>
2026-05-08,20:23:07.495380,IP,172.20.0.10.5002,>
2026-05-08,20:23:07.495680,IP,172.20.0.20.46413,>
2026-05-08,20:23:07.496025,IP,172.20.0.10.5002,>
2026-05-08,20:23:07.496488,IP,172.20.0.10.5002,>
2026-05-08,20:23:07.496576,IP,172.20.0.20.46413,>
2026-05-08,20:23:07.496936,IP,172.20.0.20.46413,>
2026-05-08,20:23:07.501968,IP,172.20.0.10.5002,>
2026-05-08,20:23:07.502211,IP,172.20.0.10.5002,>
2026-05-08,20:23:07.502342,IP,172.20.0.20.46413,>
2026-05-08,20:23:07.502656,IP,172.20.0.20.46413,>
2026-05-08,20:23:07.503025,IP,172.20.0.10.5002,>
2026-05-08,20:23:07.503481,IP,172.20.0.20.46413,>
2026-05-08,20:23:07.503534,IP,172.20.0.10.5002,>
2026-05-08,20:23:07.503960,IP,172.20.0.20.46413,>
2026-05-08,20:23:07.505751,IP,172.20.0.10.5002,>
2026-05-08,20:23:07.505915,IP,172.20.0.10.5002,>
2026-05-08,20:23:07.506203,IP,172.20.0.20.46413,>
2026-05-08,20:23:07.506579,IP,172.20.0.20.46413,>
2026-05-08,20:23:07.506847,IP,172.20.0.10.5002,>
2026-05-08,20:23:07.507207,IP,172.20.0.10.5002,>
2026-05-08,20:23:07.507347,IP,172.20.0.20.46413,>
2026-05-08,20:23:07.507875,IP,172.20.0.20.46413,>
2026-05-08,20:23:07.512725,IP,172.20.0.10.5002,>
2026-05-08,20:23:07.512896,IP,172.20.0.10.5002,>
2026-05-08,20:23:07.513723,IP,172.20.0.10.5002,>
2026-05-08,20:23:07.513731,IP,172.20.0.20.46413,>
2026-05-08,20:23:07.514323,IP,172.20.0.10.5002,>
2026-05-08,20:23:07.514773,IP,172.20.0.20.46413,>
2026-05-08,20:23:07.515082,IP,172.20.0.20.46413,>
2026-05-08,20:23:07.515314,IP,172.20.0.20.46413,>
2026-05-08,20:23:07.516526,IP,172.20.0.10.5002,>
2026-05-08,20:23:07.516991,IP,172.20.0.20.46413,>
2026-05-08,20:23:07.517134,IP,172.20.0.10.5002,>
2026-05-08,20:23:07.517579,IP,172.20.0.20.46413,>
2026-05-08,20:23:07.517593,IP,172.20.0.10.5002,>
2026-05-08,20:23:07.517946,IP,172.20.0.20.46413,>
2026-05-08,20:23:07.518208,IP,172.20.0.10.5002,>
2026-05-08,20:23:07.518598,IP,172.20.0.20.46413,>
2026-05-08,20:23:07.524988,IP,172.20.0.10.5002,>
2026-05-08,20:23:07.525119,IP,172.20.0.10.5002,>
2026-05-08,20:23:07.525310,IP,172.20.0.10.5002,>
2026-05-08,20:23:07.525358,IP,172.20.0.20.46413,>
2026-05-08,20:23:07.525541,IP,172.20.0.10.5002,>
2026-05-08,20:23:07.525660,IP,172.20.0.20.46413,>
2026-05-08,20:23:07.526025,IP,172.20.0.20.46413,>
2026-05-08,20:23:07.526266,IP,172.20.0.20.46413,>
2026-05-08,20:23:07.527352,IP,172.20.0.10.5002,>
2026-05-08,20:23:07.527742,IP,172.20.0.20.46413,>
2026-05-08,20:23:07.527868,IP,172.20.0.10.5002,>
2026-05-08,20:23:07.528174,IP,172.20.0.20.46413,>
2026-05-08,20:23:07.528470,IP,172.20.0.10.5002,>
2026-05-08,20:23:07.528858,IP,172.20.0.20.46413,>
2026-05-08,20:23:07.529013,IP,172.20.0.10.5002,>
2026-05-08,20:23:07.529385,IP,172.20.0.20.46413,>
2026-05-08,20:23:07.535737,IP,172.20.0.10.5002,>
2026-05-08,20:23:07.535835,IP,172.20.0.10.5002,>
2026-05-08,20:23:07.536147,IP,172.20.0.20.46413,>
2026-05-08,20:23:07.536403,IP,172.20.0.20.46413,>
2026-05-08,20:23:07.536516,IP,172.20.0.10.5002,>
2026-05-08,20:23:07.536560,IP,172.20.0.10.5002,>
2026-05-08,20:23:07.537135,IP,172.20.0.20.46413,>
2026-05-08,20:23:07.537619,IP,172.20.0.20.46413,>
2026-05-08,20:23:07.538073,IP,172.20.0.10.5002,>
2026-05-08,20:23:07.538408,IP,172.20.0.20.46413,>
2026-05-08,20:23:07.538865,IP,172.20.0.10.5002,>
2026-05-08,20:23:07.539005,IP,172.20.0.10.5002,>
2026-05-08,20:23:07.539250,IP,172.20.0.20.46413,>
2026-05-08,20:23:07.539534,IP,172.20.0.20.46413,>
2026-05-08,20:23:07.539597,IP,172.20.0.10.5002,>
2026-05-08,20:23:07.539890,IP,172.20.0.20.46413,>
2026-05-08,20:23:07.546395,IP,172.20.0.10.5002,>
2026-05-08,20:23:07.546532,IP,172.20.0.10.5002,>
2026-05-08,20:23:07.546839,IP,172.20.0.20.46413,>
2026-05-08,20:23:07.547134,IP,172.20.0.20.46413,>
2026-05-08,20:23:07.548905,IP,172.20.0.10.5002,>
2026-05-08,20:23:07.548987,IP,172.20.0.10.5002,>
2026-05-08,20:23:07.549211,IP,172.20.0.10.5002,>
2026-05-08,20:23:07.549338,IP,172.20.0.20.46413,>
2026-05-08,20:23:07.549442,IP,172.20.0.10.5002,>
2026-05-08,20:23:07.549782,IP,172.20.0.20.46413,>
2026-05-08,20:23:07.549889,IP,172.20.0.10.5002,>
2026-05-08,20:23:07.550053,IP,172.20.0.10.5002,>
2026-05-08,20:23:07.550285,IP,172.20.0.20.46413,>
2026-05-08,20:23:07.550597,IP,172.20.0.20.46413,>
2026-05-08,20:23:07.550880,IP,172.20.0.20.46413,>
2026-05-08,20:23:07.551134,IP,172.20.0.20.46413,>
2026-05-08,20:23:07.557139,IP,172.20.0.10.5002,>
2026-05-08,20:23:07.557303,IP,172.20.0.10.5002,>
2026-05-08,20:23:07.557621,IP,172.20.0.20.46413,>
2026-05-08,20:23:07.558095,IP,172.20.0.20.46413,>
2026-05-08,20:23:07.559579,IP,172.20.0.10.5002,>
2026-05-08,20:23:07.559974,IP,172.20.0.20.46413,>
2026-05-08,20:23:07.559981,IP,172.20.0.10.5002,>
2026-05-08,20:23:07.560290,IP,172.20.0.20.46413,>
2026-05-08,20:23:07.562424,IP,172.20.0.10.5002,>
2026-05-08,20:23:07.562518,IP,172.20.0.10.5002,>
2026-05-08,20:23:07.562838,IP,172.20.0.20.46413,>
2026-05-08,20:23:07.562922,IP,172.20.0.10.5002,>
2026-05-08,20:23:07.562987,IP,172.20.0.10.5002,>
2026-05-08,20:23:07.563111,IP,172.20.0.20.46413,>
2026-05-08,20:23:07.563332,IP,172.20.0.20.46413,>
2026-05-08,20:23:07.563774,IP,172.20.0.20.46413,>
2026-05-08,20:23:07.567987,IP,172.20.0.10.5002,>
2026-05-08,20:23:07.568392,IP,172.20.0.20.46413,>
2026-05-08,20:23:07.568543,IP,172.20.0.10.5002,>
2026-05-08,20:23:07.568890,IP,172.20.0.20.46413,>
2026-05-08,20:23:07.570188,IP,172.20.0.10.5002,>
2026-05-08,20:23:07.570502,IP,172.20.0.10.5002,>
2026-05-08,20:23:07.570520,IP,172.20.0.20.46413,>
2026-05-08,20:23:07.570824,IP,172.20.0.20.46413,>
2026-05-08,20:23:07.573400,IP,172.20.0.10.5002,>
2026-05-08,20:23:07.573477,IP,172.20.0.10.5002,>
2026-05-08,20:23:07.573604,IP,172.20.0.10.5002,>
2026-05-08,20:23:07.573772,IP,172.20.0.20.46413,>
2026-05-08,20:23:07.574043,IP,172.20.0.10.5002,>
2026-05-08,20:23:07.574101,IP,172.20.0.20.46413,>
2026-05-08,20:23:07.574305,IP,172.20.0.20.46413,>
2026-05-08,20:23:07.574578,IP,172.20.0.20.46413,>
2026-05-08,20:23:07.578777,IP,172.20.0.10.5002,>
2026-05-08,20:23:07.579110,IP,172.20.0.10.5002,>
2026-05-08,20:23:07.579179,IP,172.20.0.20.46413,>
2026-05-08,20:23:07.579451,IP,172.20.0.20.46413,>
2026-05-08,20:23:07.580713,IP,172.20.0.10.5002,>
2026-05-08,20:23:07.580991,IP,172.20.0.10.5002,>
2026-05-08,20:23:07.581059,IP,172.20.0.20.46413,>
2026-05-08,20:23:07.581320,IP,172.20.0.20.46413,>
2026-05-08,20:23:07.584136,IP,172.20.0.10.5002,>
2026-05-08,20:23:07.584221,IP,172.20.0.10.5002,>
2026-05-08,20:23:07.584448,IP,172.20.0.10.5002,>
2026-05-08,20:23:07.584490,IP,172.20.0.20.46413,>
2026-05-08,20:23:07.584742,IP,172.20.0.10.5002,>
2026-05-08,20:23:07.584751,IP,172.20.0.20.46413,>
2026-05-08,20:23:07.585014,IP,172.20.0.20.46413,>
2026-05-08,20:23:07.585245,IP,172.20.0.20.46413,>
2026-05-08,20:23:07.589512,IP,172.20.0.10.5002,>
2026-05-08,20:23:07.589929,IP,172.20.0.10.5002,>
2026-05-08,20:23:07.590077,IP,172.20.0.20.46413,>
2026-05-08,20:23:07.590436,IP,172.20.0.20.46413,>
2026-05-08,20:23:07.591346,IP,172.20.0.10.5002,>
2026-05-08,20:23:07.591529,IP,172.20.0.10.5002,>
2026-05-08,20:23:07.591783,IP,172.20.0.20.46413,>
2026-05-08,20:23:07.592119,IP,172.20.0.20.46413,>
2026-05-08,20:23:07.594848,IP,172.20.0.10.5002,>
2026-05-08,20:23:07.594951,IP,172.20.0.10.5002,>
2026-05-08,20:23:07.595195,IP,172.20.0.10.5002,>
2026-05-08,20:23:07.595463,IP,172.20.0.10.5002,>
2026-05-08,20:23:07.595478,IP,172.20.0.20.46413,>
2026-05-08,20:23:07.595915,IP,172.20.0.20.46413,>
2026-05-08,20:23:07.596265,IP,172.20.0.20.46413,>
2026-05-08,20:23:07.596575,IP,172.20.0.20.46413,>
2026-05-08,20:23:07.600378,IP,172.20.0.10.5002,>
2026-05-08,20:23:07.600598,IP,172.20.0.10.5002,>
2026-05-08,20:23:07.600823,IP,172.20.0.20.46413,>
2026-05-08,20:23:07.601441,IP,172.20.0.20.46413,>
2026-05-08,20:23:07.602044,IP,172.20.0.10.5002,>
2026-05-08,20:23:07.602361,IP,172.20.0.20.46413,>
2026-05-08,20:23:07.602433,IP,172.20.0.10.5002,>
2026-05-08,20:23:07.602692,IP,172.20.0.20.46413,>
2026-05-08,20:23:07.605825,IP,172.20.0.10.5002,>
2026-05-08,20:23:07.606096,IP,172.20.0.10.5002,>
2026-05-08,20:23:07.606431,IP,172.20.0.10.5002,>
2026-05-08,20:23:07.606550,IP,172.20.0.20.46413,>
2026-05-08,20:23:07.606830,IP,172.20.0.10.5002,>
2026-05-08,20:23:07.607082,IP,172.20.0.20.46413,>
2026-05-08,20:23:07.607536,IP,172.20.0.20.46413,>
2026-05-08,20:23:07.608026,IP,172.20.0.20.46413,>
2026-05-08,20:23:07.611225,IP,172.20.0.10.5002,>
2026-05-08,20:23:07.611563,IP,172.20.0.20.46413,>
2026-05-08,20:23:07.611669,IP,172.20.0.10.5002,>
2026-05-08,20:23:07.612104,IP,172.20.0.20.46413,>
2026-05-08,20:23:07.612544,IP,172.20.0.10.5002,>
2026-05-08,20:23:07.612905,IP,172.20.0.10.5002,>
2026-05-08,20:23:07.613155,IP,172.20.0.20.46413,>
2026-05-08,20:23:07.613501,IP,172.20.0.20.46413,>
2026-05-08,20:23:07.616971,IP,172.20.0.10.5002,>
2026-05-08,20:23:07.617336,IP,172.20.0.10.5002,>
2026-05-08,20:23:07.617345,IP,172.20.0.20.46413,>
2026-05-08,20:23:07.617681,IP,172.20.0.20.46413,>
2026-05-08,20:23:07.617737,IP,172.20.0.10.5002,>
2026-05-08,20:23:07.618106,IP,172.20.0.20.46413,>
2026-05-08,20:23:07.618229,IP,172.20.0.10.5002,>
2026-05-08,20:23:07.618583,IP,172.20.0.20.46413,>
2026-05-08,20:23:07.621848,IP,172.20.0.10.5002,>
2026-05-08,20:23:07.622234,IP,172.20.0.20.46413,>
2026-05-08,20:23:07.622318,IP,172.20.0.10.5002,>
2026-05-08,20:23:07.622655,IP,172.20.0.20.46413,>
2026-05-08,20:23:07.623371,IP,172.20.0.10.5002,>
2026-05-08,20:23:07.623696,IP,172.20.0.10.5002,>
2026-05-08,20:23:07.623730,IP,172.20.0.20.46413,>
2026-05-08,20:23:07.624069,IP,172.20.0.20.46413,>
2026-05-08,20:23:07.627616,IP,172.20.0.10.5002,>
2026-05-08,20:23:07.627898,IP,172.20.0.10.5002,>
2026-05-08,20:23:07.627985,IP,172.20.0.20.46413,>
2026-05-08,20:23:07.628269,IP,172.20.0.20.46413,>
2026-05-08,20:23:07.628491,IP,172.20.0.10.5002,>
2026-05-08,20:23:07.628866,IP,172.20.0.10.5002,>
2026-05-08,20:23:07.628882,IP,172.20.0.20.46413,>
2026-05-08,20:23:07.629291,IP,172.20.0.20.46413,>
2026-05-08,20:23:07.632710,IP,172.20.0.10.5002,>
2026-05-08,20:23:07.632893,IP,172.20.0.10.5002,>
2026-05-08,20:23:07.633094,IP,172.20.0.20.46413,>
2026-05-08,20:23:07.633404,IP,172.20.0.20.46413,>
2026-05-08,20:23:07.633983,IP,172.20.0.10.5002,>
2026-05-08,20:23:07.634409,IP,172.20.0.20.46413,>
2026-05-08,20:23:07.634464,IP,172.20.0.10.5002,>
2026-05-08,20:23:07.634984,IP,172.20.0.20.46413,>
2026-05-08,20:23:07.638384,IP,172.20.0.10.5002,>
2026-05-08,20:23:07.638502,IP,172.20.0.10.5002,>
2026-05-08,20:23:07.638740,IP,172.20.0.20.46413,>
2026-05-08,20:23:07.639025,IP,172.20.0.20.46413,>
2026-05-08,20:23:07.639100,IP,172.20.0.10.5002,>
2026-05-08,20:23:07.639462,IP,172.20.0.20.46413,>
2026-05-08,20:23:07.639533,IP,172.20.0.10.5002,>
2026-05-08,20:23:07.639939,IP,172.20.0.20.46413,>
2026-05-08,20:23:07.643445,IP,172.20.0.10.5002,>
2026-05-08,20:23:07.643629,IP,172.20.0.10.5002,>
2026-05-08,20:23:07.643895,IP,172.20.0.20.46413,>
2026-05-08,20:23:07.644166,IP,172.20.0.20.46413,>
2026-05-08,20:23:07.644675,IP,172.20.0.10.5002,>
2026-05-08,20:23:07.645248,IP,172.20.0.20.46413,>
2026-05-08,20:23:07.645262,IP,172.20.0.10.5002,>
2026-05-08,20:23:07.645866,IP,172.20.0.20.46413,>
2026-05-08,20:23:07.649147,IP,172.20.0.10.5002,>
2026-05-08,20:23:07.649380,IP,172.20.0.10.5002,>
2026-05-08,20:23:07.649553,IP,172.20.0.20.46413,>
2026-05-08,20:23:07.649677,IP,172.20.0.10.5002,>
2026-05-08,20:23:07.649977,IP,172.20.0.20.46413,>
2026-05-08,20:23:07.650169,IP,172.20.0.10.5002,>
2026-05-08,20:23:07.650247,IP,172.20.0.20.46413,>
2026-05-08,20:23:07.650487,IP,172.20.0.20.46413,>
2026-05-08,20:23:07.654214,IP,172.20.0.10.5002,>
2026-05-08,20:23:07.654302,IP,172.20.0.10.5002,>
2026-05-08,20:23:07.654585,IP,172.20.0.20.46413,>
2026-05-08,20:23:07.654879,IP,172.20.0.20.46413,>
2026-05-08,20:23:07.655686,IP,172.20.0.10.5002,>
2026-05-08,20:23:07.656196,IP,172.20.0.20.46413,>
2026-05-08,20:23:07.656200,IP,172.20.0.10.5002,>
2026-05-08,20:23:07.656683,IP,172.20.0.20.46413,>
2026-05-08,20:23:07.659905,IP,172.20.0.10.5002,>
2026-05-08,20:23:07.660219,IP,172.20.0.10.5002,>
2026-05-08,20:23:07.660273,IP,172.20.0.20.46413,>
2026-05-08,20:23:07.660523,IP,172.20.0.10.5002,>
2026-05-08,20:23:07.660541,IP,172.20.0.20.46413,>
2026-05-08,20:23:07.660631,IP,172.20.0.10.5002,>
2026-05-08,20:23:07.660750,IP,172.20.0.20.46413,>
2026-05-08,20:23:07.661073,IP,172.20.0.20.46413,>
2026-05-08,20:23:07.665030,IP,172.20.0.10.5002,>
2026-05-08,20:23:07.665265,IP,172.20.0.10.5002,>
2026-05-08,20:23:07.665355,IP,172.20.0.20.46413,>
2026-05-08,20:23:07.665636,IP,172.20.0.20.46413,>
2026-05-08,20:23:07.666449,IP,172.20.0.10.5002,>
2026-05-08,20:23:07.666761,IP,172.20.0.20.46413,>
2026-05-08,20:23:07.666919,IP,172.20.0.10.5002,>
2026-05-08,20:23:07.667270,IP,172.20.0.20.46413,>
2026-05-08,20:23:07.670584,IP,172.20.0.10.5002,>
2026-05-08,20:23:07.670923,IP,172.20.0.20.46413,>
2026-05-08,20:23:07.671069,IP,172.20.0.10.5002,>
2026-05-08,20:23:07.671246,IP,172.20.0.10.5002,>
2026-05-08,20:23:07.671315,IP,172.20.0.10.5002,>
2026-05-08,20:23:07.671468,IP,172.20.0.20.46413,>
2026-05-08,20:23:07.671748,IP,172.20.0.20.46413,>
2026-05-08,20:23:07.672024,IP,172.20.0.20.46413,>
2026-05-08,20:23:07.675815,IP,172.20.0.10.5002,>
2026-05-08,20:23:07.676034,IP,172.20.0.10.5002,>
2026-05-08,20:23:07.676225,IP,172.20.0.20.46413,>
2026-05-08,20:23:07.676496,IP,172.20.0.20.46413,>
2026-05-08,20:23:07.677023,IP,172.20.0.10.5002,>
2026-05-08,20:23:07.677315,IP,172.20.0.20.46413,>
2026-05-08,20:23:07.677753,IP,172.20.0.10.5002,>
2026-05-08,20:23:07.678135,IP,172.20.0.20.46413,>
2026-05-08,20:23:07.681309,IP,172.20.0.10.5002,>
2026-05-08,20:23:07.681634,IP,172.20.0.20.46413,>
2026-05-08,20:23:07.681829,IP,172.20.0.10.5002,>
2026-05-08,20:23:07.681984,IP,172.20.0.10.5002,>
2026-05-08,20:23:07.682252,IP,172.20.0.10.5002,>
2026-05-08,20:23:07.682316,IP,172.20.0.20.46413,>
2026-05-08,20:23:07.682700,IP,172.20.0.20.46413,>
2026-05-08,20:23:07.683096,IP,172.20.0.20.46413,>
2026-05-08,20:23:07.686679,IP,172.20.0.10.5002,>
2026-05-08,20:23:07.686764,IP,172.20.0.10.5002,>
2026-05-08,20:23:07.687100,IP,172.20.0.20.46413,>
2026-05-08,20:23:07.687516,IP,172.20.0.20.46413,>
2026-05-08,20:23:07.687999,IP,172.20.0.10.5002,>
2026-05-08,20:23:07.688362,IP,172.20.0.10.5002,>
2026-05-08,20:23:07.688476,IP,172.20.0.20.46413,>
2026-05-08,20:23:07.688892,IP,172.20.0.20.46413,>
2026-05-08,20:23:07.692109,IP,172.20.0.10.5002,>
2026-05-08,20:23:07.692556,IP,172.20.0.20.46413,>
2026-05-08,20:23:07.692570,IP,172.20.0.10.5002,>
2026-05-08,20:23:07.692977,IP,172.20.0.10.5002,>
2026-05-08,20:23:07.693000,IP,172.20.0.20.46413,>
2026-05-08,20:23:07.693333,IP,172.20.0.10.5002,>
2026-05-08,20:23:07.693401,IP,172.20.0.20.46413,>
2026-05-08,20:23:07.693839,IP,172.20.0.20.46413,>
2026-05-08,20:23:07.697432,IP,172.20.0.10.5002,>
2026-05-08,20:23:07.697749,IP,172.20.0.10.5002,>
2026-05-08,20:23:07.697935,IP,172.20.0.20.46413,>
2026-05-08,20:23:07.698606,IP,172.20.0.20.46413,>
2026-05-08,20:23:07.698645,IP,172.20.0.10.5002,>
2026-05-08,20:23:07.699043,IP,172.20.0.20.46413,>
2026-05-08,20:23:07.699072,IP,172.20.0.10.5002,>
2026-05-08,20:23:07.699470,IP,172.20.0.20.46413,>
2026-05-08,20:23:07.702931,IP,172.20.0.10.5002,>
2026-05-08,20:23:07.703314,IP,172.20.0.10.5002,>
2026-05-08,20:23:07.703340,IP,172.20.0.20.46413,>
2026-05-08,20:23:07.703602,IP,172.20.0.10.5002,>
2026-05-08,20:23:07.703946,IP,172.20.0.20.46413,>
2026-05-08,20:23:07.704062,IP,172.20.0.10.5002,>
2026-05-08,20:23:07.704365,IP,172.20.0.20.46413,>
2026-05-08,20:23:07.704846,IP,172.20.0.20.46413,>
2026-05-08,20:23:07.708260,IP,172.20.0.10.5002,>
2026-05-08,20:23:07.708730,IP,172.20.0.20.46413,>
2026-05-08,20:23:07.709039,IP,172.20.0.10.5002,>
2026-05-08,20:23:07.709216,IP,172.20.0.10.5002,>
2026-05-08,20:23:07.709524,IP,172.20.0.20.46413,>
2026-05-08,20:23:07.709659,IP,172.20.0.10.5002,>
2026-05-08,20:23:07.710053,IP,172.20.0.20.46413,>
2026-05-08,20:23:07.710483,IP,172.20.0.20.46413,>
2026-05-08,20:23:07.713737,IP,172.20.0.10.5002,>
2026-05-08,20:23:07.714192,IP,172.20.0.10.5002,>
2026-05-08,20:23:07.714231,IP,172.20.0.20.46413,>
2026-05-08,20:23:07.714562,IP,172.20.0.10.5002,>
2026-05-08,20:23:07.714734,IP,172.20.0.20.46413,>
2026-05-08,20:23:07.715062,IP,172.20.0.10.5002,>
2026-05-08,20:23:07.715177,IP,172.20.0.20.46413,>
2026-05-08,20:23:07.715574,IP,172.20.0.20.46413,>
2026-05-08,20:23:07.719171,IP,172.20.0.10.5002,>
2026-05-08,20:23:07.719557,IP,172.20.0.20.46413,>
2026-05-08,20:23:07.719825,IP,172.20.0.10.5002,>
2026-05-08,20:23:07.720235,IP,172.20.0.10.5002,>
2026-05-08,20:23:07.720244,IP,172.20.0.20.46413,>
2026-05-08,20:23:07.720669,IP,172.20.0.20.46413,>
2026-05-08,20:23:07.720720,IP,172.20.0.10.5002,>
2026-05-08,20:23:07.721150,IP,172.20.0.20.46413,>
2026-05-08,20:23:07.724555,IP,172.20.0.10.5002,>
2026-05-08,20:23:07.724945,IP,172.20.0.10.5002,>
2026-05-08,20:23:07.724994,IP,172.20.0.20.46413,>
2026-05-08,20:23:07.725392,IP,172.20.0.10.5002,>
2026-05-08,20:23:07.725425,IP,172.20.0.20.46413,>
2026-05-08,20:23:07.725755,IP,172.20.0.10.5002,>
2026-05-08,20:23:07.726041,IP,172.20.0.20.46413,>
2026-05-08,20:23:07.726473,IP,172.20.0.20.46413,>
2026-05-08,20:23:07.729952,IP,172.20.0.10.5002,>
2026-05-08,20:23:07.730403,IP,172.20.0.20.46413,>
2026-05-08,20:23:07.730437,IP,172.20.0.10.5002,>
2026-05-08,20:23:07.730901,IP,172.20.0.10.5002,>
2026-05-08,20:23:07.731109,IP,172.20.0.20.46413,>
2026-05-08,20:23:07.731337,IP,172.20.0.10.5002,>
2026-05-08,20:23:07.731515,IP,172.20.0.20.46413,>
2026-05-08,20:23:07.731936,IP,172.20.0.20.46413,>
2026-05-08,20:23:07.735314,IP,172.20.0.10.5002,>
2026-05-08,20:23:07.735672,IP,172.20.0.10.5002,>
2026-05-08,20:23:07.735824,IP,172.20.0.20.46413,>
2026-05-08,20:23:07.736230,IP,172.20.0.20.46413,>
2026-05-08,20:23:07.736236,IP,172.20.0.10.5002,>
2026-05-08,20:23:07.736661,IP,172.20.0.10.5002,>
2026-05-08,20:23:07.736761,IP,172.20.0.20.46413,>
2026-05-08,20:23:07.737189,IP,172.20.0.20.46413,>
2026-05-08,20:23:07.740698,IP,172.20.0.10.5002,>
2026-05-08,20:23:07.741129,IP,172.20.0.20.46413,>
2026-05-08,20:23:07.741432,IP,172.20.0.10.5002,>
2026-05-08,20:23:07.741702,IP,172.20.0.10.5002,>
2026-05-08,20:23:07.741914,IP,172.20.0.20.46413,>
2026-05-08,20:23:07.742092,IP,172.20.0.10.5002,>
2026-05-08,20:23:07.742358,IP,172.20.0.20.46413,>
2026-05-08,20:23:07.742753,IP,172.20.0.20.46413,>
2026-05-08,20:23:07.746219,IP,172.20.0.10.5002,>
2026-05-08,20:23:07.746435,IP,172.20.0.10.5002,>
2026-05-08,20:23:07.746670,IP,172.20.0.20.46413,>
2026-05-08,20:23:07.746982,IP,172.20.0.10.5002,>
2026-05-08,20:23:07.747104,IP,172.20.0.20.46413,>
2026-05-08,20:23:07.747399,IP,172.20.0.10.5002,>
2026-05-08,20:23:07.747534,IP,172.20.0.20.46413,>
2026-05-08,20:23:07.748061,IP,172.20.0.20.46413,>
2026-05-08,20:23:07.751558,IP,172.20.0.10.5002,>
2026-05-08,20:23:07.752009,IP,172.20.0.20.46413,>
2026-05-08,20:23:07.752149,IP,172.20.0.10.5002,>
2026-05-08,20:23:07.752565,IP,172.20.0.10.5002,>
2026-05-08,20:23:07.752607,IP,172.20.0.20.46413,>
2026-05-08,20:23:07.752982,IP,172.20.0.10.5002,>
2026-05-08,20:23:07.753057,IP,172.20.0.20.46413,>
2026-05-08,20:23:07.753485,IP,172.20.0.20.46413,>
2026-05-08,20:23:07.756949,IP,172.20.0.10.5002,>
2026-05-08,20:23:07.757311,IP,172.20.0.10.5002,>
2026-05-08,20:23:07.757449,IP,172.20.0.20.46413,>
2026-05-08,20:23:07.757737,IP,172.20.0.10.5002,>
2026-05-08,20:23:07.757940,IP,172.20.0.20.46413,>
2026-05-08,20:23:07.758267,IP,172.20.0.10.5002,>
2026-05-08,20:23:07.759326,IP,172.20.0.20.46413,>
2026-05-08,20:23:07.759828,IP,172.20.0.20.46413,>
2026-05-08,20:23:07.762382,IP,172.20.0.10.5002,>
2026-05-08,20:23:07.762832,IP,172.20.0.10.5002,>
2026-05-08,20:23:07.762839,IP,172.20.0.20.46413,>
2026-05-08,20:23:07.763234,IP,172.20.0.10.5002,>
2026-05-08,20:23:07.763594,IP,172.20.0.20.46413,>
2026-05-08,20:23:07.763737,IP,172.20.0.10.5002,>
2026-05-08,20:23:07.764222,IP,172.20.0.20.46413,>
2026-05-08,20:23:07.764628,IP,172.20.0.20.46413,>
2026-05-08,20:23:07.767868,IP,172.20.0.10.5002,>
2026-05-08,20:23:07.768169,IP,172.20.0.10.5002,>
2026-05-08,20:23:07.768656,IP,172.20.0.20.46413,>
2026-05-08,20:23:07.769098,IP,172.20.0.20.46413,>
2026-05-08,20:23:07.769573,IP,172.20.0.10.5002,>
2026-05-08,20:23:07.770068,IP,172.20.0.10.5002,>
2026-05-08,20:23:07.770304,IP,172.20.0.20.46413,>
2026-05-08,20:23:07.770732,IP,172.20.0.20.46413,>
2026-05-08,20:23:07.773137,IP,172.20.0.10.5002,>
2026-05-08,20:23:07.773519,IP,172.20.0.20.46413,>
2026-05-08,20:23:07.773880,IP,172.20.0.10.5002,>
2026-05-08,20:23:07.774429,IP,172.20.0.20.46413,>
2026-05-08,20:23:07.774442,IP,172.20.0.10.5002,>
2026-05-08,20:23:07.774878,IP,172.20.0.10.5002,>
2026-05-08,20:23:07.775176,IP,172.20.0.20.46413,>
2026-05-08,20:23:07.775974,IP,172.20.0.20.46413,>
2026-05-08,20:23:07.779038,IP,172.20.0.10.5002,>
2026-05-08,20:23:07.779324,IP,172.20.0.10.5002,>
2026-05-08,20:23:07.779450,IP,172.20.0.20.46413,>
2026-05-08,20:23:07.779999,IP,172.20.0.20.46413,>
2026-05-08,20:23:07.780543,IP,172.20.0.10.5002,>
2026-05-08,20:23:07.781031,IP,172.20.0.20.46413,>
2026-05-08,20:23:07.781045,IP,172.20.0.10.5002,>
2026-05-08,20:23:07.782174,IP,172.20.0.20.46413,>
2026-05-08,20:23:07.783819,IP,172.20.0.10.5002,>
2026-05-08,20:23:07.784306,IP,172.20.0.20.46413,>
2026-05-08,20:23:07.784620,IP,172.20.0.10.5002,>
2026-05-08,20:23:07.785349,IP,172.20.0.20.46413,>
2026-05-08,20:23:07.785365,IP,172.20.0.10.5002,>
2026-05-08,20:23:07.786189,IP,172.20.0.10.5002,>
2026-05-08,20:23:07.786256,IP,172.20.0.20.46413,>
2026-05-08,20:23:07.786698,IP,172.20.0.20.46413,>
2026-05-08,20:23:07.789874,IP,172.20.0.10.5002,>
2026-05-08,20:23:07.790314,IP,172.20.0.20.46413,>
2026-05-08,20:23:07.790325,IP,172.20.0.10.5002,>
2026-05-08,20:23:07.790948,IP,172.20.0.20.46413,>
2026-05-08,20:23:07.791346,IP,172.20.0.10.5002,>
2026-05-08,20:23:07.792096,IP,172.20.0.20.46413,>
2026-05-08,20:23:07.792469,IP,172.20.0.10.5002,>
2026-05-08,20:23:07.792864,IP,172.20.0.20.46413,>
2026-05-08,20:23:07.794638,IP,172.20.0.10.5002,>
2026-05-08,20:23:07.795026,IP,172.20.0.20.46413,>
2026-05-08,20:23:07.795665,IP,172.20.0.10.5002,>
2026-05-08,20:23:07.796045,IP,172.20.0.20.46413,>
2026-05-08,20:23:07.796501,IP,172.20.0.10.5002,>
2026-05-08,20:23:07.796865,IP,172.20.0.20.46413,>
2026-05-08,20:23:07.796912,IP,172.20.0.10.5002,>
2026-05-08,20:23:07.797551,IP,172.20.0.20.46413,>
2026-05-08,20:23:07.800624,IP,172.20.0.10.5002,>
2026-05-08,20:23:07.801107,IP,172.20.0.20.46413,>
2026-05-08,20:23:07.801179,IP,172.20.0.10.5002,>
2026-05-08,20:23:07.801552,IP,172.20.0.20.46413,>
2026-05-08,20:23:07.802358,IP,172.20.0.10.5002,>
2026-05-08,20:23:07.803044,IP,172.20.0.20.46413,>
2026-05-08,20:23:07.803131,IP,172.20.0.10.5002,>
2026-05-08,20:23:07.805387,IP,172.20.0.10.5002,>
2026-05-08,20:23:07.806301,IP,172.20.0.10.5002,>
2026-05-08,20:23:07.807135,IP,172.20.0.10.5002,>
2026-05-08,20:23:07.807809,IP,172.20.0.10.5002,>
2026-05-08,20:23:07.809241,IP,172.20.0.20.46413,>
2026-05-08,20:23:07.809566,IP,172.20.0.20.46413,>
2026-05-08,20:23:07.809857,IP,172.20.0.20.46413,>
2026-05-08,20:23:07.810529,IP,172.20.0.20.46413,>
2026-05-08,20:23:07.810536,IP,172.20.0.20.46413,>
2026-05-08,20:23:07.811577,IP,172.20.0.10.5002,>
2026-05-08,20:23:07.811727,IP,172.20.0.10.5002,>
2026-05-08,20:23:07.812017,IP,172.20.0.20.46413,>
2026-05-08,20:23:07.812248,IP,172.20.0.20.46413,>
2026-05-08,20:23:07.813443,IP,172.20.0.10.5002,>
2026-05-08,20:23:07.815275,IP,172.20.0.20.46413,>
2026-05-08,20:23:07.819527,IP,172.20.0.10.5002,>
2026-05-08,20:23:07.820055,IP,172.20.0.20.46413,>
2026-05-08,20:23:07.824193,IP,172.20.0.10.5002,>
2026-05-08,20:23:07.824348,IP,172.20.0.10.5002,>
2026-05-08,20:23:07.824497,IP,172.20.0.10.5002,>
2026-05-08,20:23:07.824614,IP,172.20.0.10.5002,>
2026-05-08,20:23:07.824719,IP,172.20.0.20.46413,>
2026-05-08,20:23:07.824876,IP,172.20.0.10.5002,>
2026-05-08,20:23:07.825021,IP,172.20.0.10.5002,>
2026-05-08,20:23:07.825507,IP,172.20.0.10.5002,>
2026-05-08,20:23:07.826316,IP,172.20.0.20.46413,>
2026-05-08,20:23:07.826765,IP,172.20.0.20.46413,>
2026-05-08,20:23:07.827227,IP,172.20.0.20.46413,>
2026-05-08,20:23:07.827641,IP,172.20.0.20.46413,>
2026-05-08,20:23:07.828086,IP,172.20.0.20.46413,>
2026-05-08,20:23:07.828495,IP,172.20.0.20.46413,>
2026-05-08,20:23:07.830385,IP,172.20.0.10.5002,>
2026-05-08,20:23:07.830846,IP,172.20.0.20.46413,>
2026-05-08,20:23:07.835403,IP,172.20.0.10.5002,>
2026-05-08,20:23:07.835849,IP,172.20.0.20.46413,>
2026-05-08,20:23:07.836694,IP,172.20.0.10.5002,>
2026-05-08,20:23:07.837072,IP,172.20.0.10.5002,>
2026-05-08,20:23:07.837439,IP,172.20.0.10.5002,>
2026-05-08,20:23:07.837741,IP,172.20.0.20.46413,>
2026-05-08,20:23:07.838009,IP,172.20.0.10.5002,>
2026-05-08,20:23:07.838223,IP,172.20.0.20.46413,>
2026-05-08,20:23:07.838325,IP,172.20.0.10.5002,>
2026-05-08,20:23:07.838607,IP,172.20.0.20.46413,>
2026-05-08,20:23:07.838709,IP,172.20.0.10.5002,>
2026-05-08,20:23:07.839527,IP,172.20.0.20.46413,>
2026-05-08,20:23:07.840579,IP,172.20.0.20.46413,>
2026-05-08,20:23:07.841068,IP,172.20.0.10.5002,>
2026-05-08,20:23:07.841234,IP,172.20.0.20.46413,>
2026-05-08,20:23:07.841931,IP,172.20.0.20.46413,>
2026-05-08,20:23:07.846213,IP,172.20.0.10.5002,>
2026-05-08,20:23:07.846671,IP,172.20.0.20.46413,>
2026-05-08,20:23:07.848246,IP,172.20.0.10.5002,>
2026-05-08,20:23:07.848516,IP,172.20.0.10.5002,>
2026-05-08,20:23:07.848953,IP,172.20.0.20.46413,>
2026-05-08,20:23:07.848973,IP,172.20.0.10.5002,>
2026-05-08,20:23:07.849957,IP,172.20.0.10.5002,>
2026-05-08,20:23:07.850396,IP,172.20.0.20.46413,>
2026-05-08,20:23:07.850815,IP,172.20.0.20.46413,>
2026-05-08,20:23:07.851019,IP,172.20.0.10.5002,>
2026-05-08,20:23:07.851199,IP,172.20.0.20.46413,>
2026-05-08,20:23:07.851480,IP,172.20.0.10.5002,>
2026-05-08,20:23:07.852185,IP,172.20.0.10.5002,>
2026-05-08,20:23:07.852263,IP,172.20.0.20.46413,>
2026-05-08,20:23:07.852918,IP,172.20.0.20.46413,>
2026-05-08,20:23:07.854013,IP,172.20.0.20.46413,>
2026-05-08,20:23:07.857082,IP,172.20.0.10.5002,>
2026-05-08,20:23:07.857534,IP,172.20.0.20.46413,>
2026-05-08,20:23:07.859186,IP,172.20.0.10.5002,>
2026-05-08,20:23:07.859573,IP,172.20.0.20.46413,>
2026-05-08,20:23:07.860672,IP,172.20.0.10.5002,>
2026-05-08,20:23:07.861111,IP,172.20.0.20.46413,>
2026-05-08,20:23:07.861225,IP,172.20.0.10.5002,>
2026-05-08,20:23:07.861720,IP,172.20.0.10.5002,>
2026-05-08,20:23:07.862006,IP,172.20.0.20.46413,>
2026-05-08,20:23:07.862536,IP,172.20.0.10.5002,>
2026-05-08,20:23:07.863146,IP,172.20.0.20.46413,>
2026-05-08,20:23:07.863301,IP,172.20.0.10.5002,>
2026-05-08,20:23:07.863672,IP,172.20.0.20.46413,>
2026-05-08,20:23:07.864248,IP,172.20.0.10.5002,>
2026-05-08,20:23:07.864874,IP,172.20.0.20.46413,>
2026-05-08,20:23:07.865268,IP,172.20.0.20.46413,>
2026-05-08,20:23:07.868100,IP,172.20.0.10.5002,>
2026-05-08,20:23:07.868553,IP,172.20.0.20.46413,>
2026-05-08,20:23:07.869856,IP,172.20.0.10.5002,>
2026-05-08,20:23:07.870355,IP,172.20.0.20.46413,>
2026-05-08,20:23:07.871475,IP,172.20.0.10.5002,>
2026-05-08,20:23:07.871951,IP,172.20.0.20.46413,>
2026-05-08,20:23:07.872219,IP,172.20.0.10.5002,>
2026-05-08,20:23:07.872910,IP,172.20.0.20.46413,>
2026-05-08,20:23:07.873523,IP,172.20.0.10.5002,>
2026-05-08,20:23:07.873896,IP,172.20.0.10.5002,>
2026-05-08,20:23:07.874363,IP,172.20.0.20.46413,>
2026-05-08,20:23:07.874735,IP,172.20.0.20.46413,>
2026-05-08,20:23:07.875120,IP,172.20.0.10.5002,>
2026-05-08,20:23:07.875558,IP,172.20.0.10.5002,>
2026-05-08,20:23:07.875731,IP,172.20.0.20.46413,>
2026-05-08,20:23:07.876054,IP,172.20.0.20.46413,>
2026-05-08,20:23:07.878972,IP,172.20.0.10.5002,>
2026-05-08,20:23:07.879405,IP,172.20.0.20.46413,>
2026-05-08,20:23:07.880974,IP,172.20.0.10.5002,>
2026-05-08,20:23:07.881369,IP,172.20.0.20.46413,>
2026-05-08,20:23:07.882186,IP,172.20.0.10.5002,>
2026-05-08,20:23:07.882543,IP,172.20.0.20.46413,>
2026-05-08,20:23:07.883181,IP,172.20.0.10.5002,>
2026-05-08,20:23:07.883520,IP,172.20.0.20.46413,>
2026-05-08,20:23:07.884730,IP,172.20.0.10.5002,>
2026-05-08,20:23:07.884987,IP,172.20.0.10.5002,>
2026-05-08,20:23:07.885122,IP,172.20.0.20.46413,>
2026-05-08,20:23:07.885382,IP,172.20.0.20.46413,>
2026-05-08,20:23:07.886009,IP,172.20.0.10.5002,>
2026-05-08,20:23:07.886287,IP,172.20.0.10.5002,>
2026-05-08,20:23:07.886527,IP,172.20.0.20.46413,>
2026-05-08,20:23:07.886975,IP,172.20.0.20.46413,>
2026-05-08,20:23:07.889833,IP,172.20.0.10.5002,>
2026-05-08,20:23:07.890245,IP,172.20.0.20.46413,>
2026-05-08,20:23:07.891775,IP,172.20.0.10.5002,>
2026-05-08,20:23:07.892165,IP,172.20.0.20.46413,>
2026-05-08,20:23:07.893265,IP,172.20.0.10.5002,>
2026-05-08,20:23:07.893621,IP,172.20.0.20.46413,>
2026-05-08,20:23:07.893720,IP,172.20.0.10.5002,>
2026-05-08,20:23:07.894383,IP,172.20.0.20.46413,>
2026-05-08,20:23:07.895493,IP,172.20.0.10.5002,>
2026-05-08,20:23:07.895635,IP,172.20.0.10.5002,>
2026-05-08,20:23:07.896000,IP,172.20.0.20.46413,>
2026-05-08,20:23:07.896399,IP,172.20.0.20.46413,>
2026-05-08,20:23:07.896779,IP,172.20.0.10.5002,>
2026-05-08,20:23:07.897465,IP,172.20.0.20.46413,>
2026-05-08,20:23:07.897677,IP,172.20.0.10.5002,>
2026-05-08,20:23:07.898477,IP,172.20.0.20.46413,>
2026-05-08,20:23:07.900516,IP,172.20.0.10.5002,>
2026-05-08,20:23:07.901053,IP,172.20.0.20.46413,>
2026-05-08,20:23:07.902357,IP,172.20.0.10.5002,>
2026-05-08,20:23:07.902740,IP,172.20.0.20.46413,>
2026-05-08,20:23:07.903828,IP,172.20.0.10.5002,>
2026-05-08,20:23:07.904605,IP,172.20.0.10.5002,>
2026-05-08,20:23:07.904908,IP,172.20.0.20.46413,>
2026-05-08,20:23:07.905327,IP,172.20.0.20.46413,>
2026-05-08,20:23:07.906248,IP,172.20.0.10.5002,>
2026-05-08,20:23:07.906591,IP,172.20.0.10.5002,>
2026-05-08,20:23:07.906644,IP,172.20.0.20.46413,>
2026-05-08,20:23:07.906982,IP,172.20.0.20.46413,>
2026-05-08,20:23:07.907648,IP,172.20.0.10.5002,>
2026-05-08,20:23:07.907995,IP,172.20.0.20.46413,>
2026-05-08,20:23:07.908685,IP,172.20.0.10.5002,>
2026-05-08,20:23:07.909117,IP,172.20.0.20.46413,>
2026-05-08,20:23:07.911327,IP,172.20.0.10.5002,>
2026-05-08,20:23:07.911769,IP,172.20.0.20.46413,>
2026-05-08,20:23:07.912984,IP,172.20.0.10.5002,>
2026-05-08,20:23:07.913396,IP,172.20.0.20.46413,>
2026-05-08,20:23:07.915123,IP,172.20.0.10.5002,>
2026-05-08,20:23:07.915483,IP,172.20.0.20.46413,>
2026-05-08,20:23:07.915547,IP,172.20.0.10.5002,>
2026-05-08,20:23:07.916019,IP,172.20.0.20.46413,>
2026-05-08,20:23:07.916925,IP,172.20.0.10.5002,>
2026-05-08,20:23:07.917131,IP,172.20.0.10.5002,>
2026-05-08,20:23:07.917405,IP,172.20.0.20.46413,>
2026-05-08,20:23:07.917676,IP,172.20.0.20.46413,>
2026-05-08,20:23:07.918240,IP,172.20.0.10.5002,>
2026-05-08,20:23:07.918863,IP,172.20.0.20.46413,>
2026-05-08,20:23:07.919362,IP,172.20.0.10.5002,>
2026-05-08,20:23:07.919831,IP,172.20.0.20.46413,>
2026-05-08,20:23:07.922086,IP,172.20.0.10.5002,>
2026-05-08,20:23:07.922441,IP,172.20.0.20.46413,>
2026-05-08,20:23:07.923587,IP,172.20.0.10.5002,>
2026-05-08,20:23:07.924182,IP,172.20.0.20.46413,>
2026-05-08,20:23:07.925745,IP,172.20.0.10.5002,>
2026-05-08,20:23:07.926193,IP,172.20.0.10.5002,>
2026-05-08,20:23:07.926375,IP,172.20.0.20.46413,>
2026-05-08,20:23:07.926852,IP,172.20.0.20.46413,>
2026-05-08,20:23:07.927775,IP,172.20.0.10.5002,>
2026-05-08,20:23:07.927900,IP,172.20.0.10.5002,>
2026-05-08,20:23:07.928329,IP,172.20.0.20.46413,>
2026-05-08,20:23:07.928574,IP,172.20.0.20.46413,>
2026-05-08,20:23:07.929091,IP,172.20.0.10.5002,>
2026-05-08,20:23:07.929517,IP,172.20.0.20.46413,>
2026-05-08,20:23:07.930000,IP,172.20.0.10.5002,>
2026-05-08,20:23:07.930363,IP,172.20.0.20.46413,>
2026-05-08,20:23:07.932747,IP,172.20.0.10.5002,>
2026-05-08,20:23:07.933106,IP,172.20.0.20.46413,>
2026-05-08,20:23:07.934496,IP,172.20.0.10.5002,>
2026-05-08,20:23:07.934885,IP,172.20.0.20.46413,>
2026-05-08,20:23:07.940978,IP,172.20.0.10.5002,>
2026-05-08,20:23:07.941131,IP,172.20.0.10.5002,>
2026-05-08,20:23:07.941418,IP,172.20.0.20.46413,>
2026-05-08,20:23:07.941679,IP,172.20.0.20.46413,>
2026-05-08,20:23:07.941938,IP,172.20.0.10.5002,>
2026-05-08,20:23:07.942083,IP,172.20.0.10.5002,>
2026-05-08,20:23:07.942219,IP,172.20.0.10.5002,>
2026-05-08,20:23:07.942353,IP,172.20.0.10.5002,>
2026-05-08,20:23:07.942485,IP,172.20.0.20.46413,>
2026-05-08,20:23:07.942750,IP,172.20.0.20.46413,>
2026-05-08,20:23:07.943006,IP,172.20.0.20.46413,>
2026-05-08,20:23:07.943200,IP,172.20.0.20.46413,>
2026-05-08,20:23:07.943971,IP,172.20.0.10.5002,>
2026-05-08,20:23:07.944301,IP,172.20.0.20.46413,>
2026-05-08,20:23:07.945090,IP,172.20.0.10.5002,>
2026-05-08,20:23:07.945401,IP,172.20.0.20.46413,>
2026-05-08,20:23:07.951649,IP,172.20.0.10.5002,>
2026-05-08,20:23:07.951952,IP,172.20.0.10.5002,>
2026-05-08,20:23:07.952070,IP,172.20.0.20.46413,>
2026-05-08,20:23:07.952338,IP,172.20.0.20.46413,>
2026-05-08,20:23:07.952740,IP,172.20.0.10.5002,>
2026-05-08,20:23:07.953010,IP,172.20.0.10.5002,>
2026-05-08,20:23:07.953064,IP,172.20.0.20.46413,>
2026-05-08,20:23:07.953206,IP,172.20.0.10.5002,>
2026-05-08,20:23:07.953334,IP,172.20.0.10.5002,>
2026-05-08,20:23:07.953341,IP,172.20.0.20.46413,>
2026-05-08,20:23:07.953567,IP,172.20.0.20.46413,>
2026-05-08,20:23:07.953832,IP,172.20.0.20.46413,>
2026-05-08,20:23:07.954603,IP,172.20.0.10.5002,>
2026-05-08,20:23:07.955059,IP,172.20.0.20.46413,>
2026-05-08,20:23:07.955613,IP,172.20.0.10.5002,>
2026-05-08,20:23:07.955967,IP,172.20.0.20.46413,>
2026-05-08,20:23:07.962292,IP,172.20.0.10.5002,>
2026-05-08,20:23:07.962496,IP,172.20.0.10.5002,>
2026-05-08,20:23:07.962673,IP,172.20.0.20.46413,>
2026-05-08,20:23:07.962993,IP,172.20.0.20.46413,>
2026-05-08,20:23:07.963412,IP,172.20.0.10.5002,>
2026-05-08,20:23:07.963492,IP,172.20.0.10.5002,>
2026-05-08,20:23:07.963839,IP,172.20.0.10.5002,>
2026-05-08,20:23:07.963947,IP,172.20.0.20.46413,>
2026-05-08,20:23:07.964081,IP,172.20.0.10.5002,>
2026-05-08,20:23:07.964353,IP,172.20.0.20.46413,>
2026-05-08,20:23:07.964841,IP,172.20.0.20.46413,>
2026-05-08,20:23:07.965354,IP,172.20.0.20.46413,>
2026-05-08,20:23:07.965516,IP,172.20.0.10.5002,>
2026-05-08,20:23:07.966073,IP,172.20.0.20.46413,>
2026-05-08,20:23:07.966197,IP,172.20.0.10.5002,>
2026-05-08,20:23:07.966640,IP,172.20.0.20.46413,>
2026-05-08,20:23:07.972989,IP,172.20.0.10.5002,>
2026-05-08,20:23:07.973235,IP,172.20.0.10.5002,>
2026-05-08,20:23:07.973415,IP,172.20.0.20.46413,>
2026-05-08,20:23:07.973847,IP,172.20.0.20.46413,>
2026-05-08,20:23:07.974346,IP,172.20.0.10.5002,>
2026-05-08,20:23:07.974708,IP,172.20.0.10.5002,>
2026-05-08,20:23:07.974828,IP,172.20.0.20.46413,>
2026-05-08,20:23:07.975232,IP,172.20.0.20.46413,>
2026-05-08,20:23:07.975708,IP,172.20.0.10.5002,>
2026-05-08,20:23:07.976075,IP,172.20.0.10.5002,>
2026-05-08,20:23:07.976227,IP,172.20.0.20.46413,>
2026-05-08,20:23:07.976605,IP,172.20.0.20.46413,>
2026-05-08,20:23:07.977156,IP,172.20.0.10.5002,>
2026-05-08,20:23:07.977293,IP,172.20.0.10.5002,>
2026-05-08,20:23:07.977604,IP,172.20.0.20.46413,>
2026-05-08,20:23:07.978106,IP,172.20.0.20.46413,>
2026-05-08,20:23:07.983726,IP,172.20.0.10.5002,>
2026-05-08,20:23:07.984115,IP,172.20.0.10.5002,>
2026-05-08,20:23:07.984227,IP,172.20.0.20.46413,>
2026-05-08,20:23:07.984636,IP,172.20.0.20.46413,>
2026-05-08,20:23:07.985061,IP,172.20.0.10.5002,>
2026-05-08,20:23:07.985438,IP,172.20.0.10.5002,>
2026-05-08,20:23:07.985517,IP,172.20.0.20.46413,>
2026-05-08,20:23:07.986004,IP,172.20.0.20.46413,>
2026-05-08,20:23:07.986383,IP,172.20.0.10.5002,>
2026-05-08,20:23:07.986756,IP,172.20.0.20.46413,>
2026-05-08,20:23:07.986853,IP,172.20.0.10.5002,>
2026-05-08,20:23:07.987250,IP,172.20.0.20.46413,>
2026-05-08,20:23:07.987875,IP,172.20.0.10.5002,>
2026-05-08,20:23:07.988181,IP,172.20.0.20.46413,>
2026-05-08,20:23:07.988298,IP,172.20.0.10.5002,>
2026-05-08,20:23:07.988562,IP,172.20.0.20.46413,>
2026-05-08,20:23:07.994462,IP,172.20.0.10.5002,>
2026-05-08,20:23:07.994815,IP,172.20.0.20.46413,>
2026-05-08,20:23:07.994867,IP,172.20.0.10.5002,>
2026-05-08,20:23:07.995125,IP,172.20.0.20.46413,>
2026-05-08,20:23:07.995826,IP,172.20.0.10.5002,>
2026-05-08,20:23:07.996194,IP,172.20.0.10.5002,>
2026-05-08,20:23:07.996742,IP,172.20.0.20.46413,>
2026-05-08,20:23:07.997079,IP,172.20.0.10.5002,>
2026-05-08,20:23:07.997269,IP,172.20.0.20.46413,>
2026-05-08,20:23:07.997527,IP,172.20.0.10.5002,>
2026-05-08,20:23:07.997657,IP,172.20.0.20.46413,>
2026-05-08,20:23:07.998558,IP,172.20.0.20.46413,>
2026-05-08,20:23:07.998568,IP,172.20.0.10.5002,>
2026-05-08,20:23:07.998713,IP,172.20.0.10.5002,>
2026-05-08,20:23:07.999166,IP,172.20.0.20.46413,>
2026-05-08,20:23:08.000174,IP,172.20.0.20.46413,>
2026-05-08,20:23:08.005099,IP,172.20.0.10.5002,>
2026-05-08,20:23:08.005332,IP,172.20.0.10.5002,>
2026-05-08,20:23:08.005513,IP,172.20.0.20.46413,>
2026-05-08,20:23:08.006420,IP,172.20.0.20.46413,>
2026-05-08,20:23:08.010656,IP,172.20.0.10.5002,>
2026-05-08,20:23:08.010752,IP,172.20.0.10.5002,>
2026-05-08,20:23:08.010885,IP,172.20.0.10.5002,>
2026-05-08,20:23:08.010970,IP,172.20.0.10.5002,>
2026-05-08,20:23:08.011140,IP,172.20.0.10.5002,>
2026-05-08,20:23:08.011184,IP,172.20.0.10.5002,>
2026-05-08,20:23:08.011295,IP,172.20.0.20.46413,>
2026-05-08,20:23:08.011708,IP,172.20.0.20.46413,>
2026-05-08,20:23:08.012595,IP,172.20.0.20.46413,>
2026-05-08,20:23:08.013506,IP,172.20.0.20.46413,>
2026-05-08,20:23:08.014411,IP,172.20.0.20.46413,>
2026-05-08,20:23:08.015086,IP,172.20.0.20.46413,>
2026-05-08,20:23:08.015751,IP,172.20.0.10.5002,>
2026-05-08,20:23:08.016312,IP,172.20.0.20.46413,>
2026-05-08,20:23:08.016754,IP,172.20.0.10.5002,>
2026-05-08,20:23:08.017379,IP,172.20.0.20.46413,>
2026-05-08,20:23:08.021599,IP,172.20.0.10.5002,>
2026-05-08,20:23:08.022028,IP,172.20.0.10.5002,>
2026-05-08,20:23:08.022122,IP,172.20.0.20.46413,>
2026-05-08,20:23:08.022546,IP,172.20.0.20.46413,>
2026-05-08,20:23:08.023173,IP,172.20.0.10.5002,>
2026-05-08,20:23:08.023755,IP,172.20.0.20.46413,>
2026-05-08,20:23:08.023763,IP,172.20.0.10.5002,>
2026-05-08,20:23:08.024193,IP,172.20.0.20.46413,>
2026-05-08,20:23:08.024782,IP,172.20.0.10.5002,>
2026-05-08,20:23:08.025246,IP,172.20.0.20.46413,>
2026-05-08,20:23:08.025440,IP,172.20.0.10.5002,>
2026-05-08,20:23:08.025844,IP,172.20.0.20.46413,>
2026-05-08,20:23:08.026623,IP,172.20.0.10.5002,>
2026-05-08,20:23:08.027094,IP,172.20.0.20.46413,>
2026-05-08,20:23:08.027623,IP,172.20.0.10.5002,>
2026-05-08,20:23:08.028096,IP,172.20.0.20.46413,>
2026-05-08,20:23:08.032579,IP,172.20.0.10.5002,>
2026-05-08,20:23:08.032725,IP,172.20.0.10.5002,>
2026-05-08,20:23:08.033049,IP,172.20.0.20.46413,>
2026-05-08,20:23:08.033444,IP,172.20.0.20.46413,>
2026-05-08,20:23:08.034057,IP,172.20.0.10.5002,>
2026-05-08,20:23:08.034449,IP,172.20.0.20.46413,>
2026-05-08,20:23:08.034476,IP,172.20.0.10.5002,>
2026-05-08,20:23:08.034834,IP,172.20.0.20.46413,>
2026-05-08,20:23:08.035644,IP,172.20.0.10.5002,>
2026-05-08,20:23:08.036030,IP,172.20.0.20.46413,>
2026-05-08,20:23:08.036230,IP,172.20.0.10.5002,>
2026-05-08,20:23:08.036678,IP,172.20.0.20.46413,>
2026-05-08,20:23:08.037407,IP,172.20.0.10.5002,>
2026-05-08,20:23:08.037744,IP,172.20.0.20.46413,>
2026-05-08,20:23:08.038484,IP,172.20.0.10.5002,>
2026-05-08,20:23:08.038883,IP,172.20.0.20.46413,>
2026-05-08,20:23:08.043878,IP,172.20.0.10.5002,>
2026-05-08,20:23:08.044094,IP,172.20.0.10.5002,>
2026-05-08,20:23:08.044261,IP,172.20.0.20.46413,>
2026-05-08,20:23:08.044543,IP,172.20.0.20.46413,>
2026-05-08,20:23:08.044883,IP,172.20.0.10.5002,>
2026-05-08,20:23:08.045101,IP,172.20.0.10.5002,>
2026-05-08,20:23:08.045260,IP,172.20.0.20.46413,>
2026-05-08,20:23:08.045514,IP,172.20.0.20.46413,>
2026-05-08,20:23:08.046521,IP,172.20.0.10.5002,>
2026-05-08,20:23:08.046922,IP,172.20.0.20.46413,>
2026-05-08,20:23:08.047332,IP,172.20.0.10.5002,>
2026-05-08,20:23:08.047834,IP,172.20.0.20.46413,>
2026-05-08,20:23:08.048083,IP,172.20.0.10.5002,>
2026-05-08,20:23:08.048562,IP,172.20.0.20.46413,>
2026-05-08,20:23:08.049173,IP,172.20.0.10.5002,>
2026-05-08,20:23:08.049649,IP,172.20.0.20.46413,>
2026-05-08,20:23:08.054682,IP,172.20.0.10.5002,>
2026-05-08,20:23:08.054775,IP,172.20.0.10.5002,>
2026-05-08,20:23:08.055131,IP,172.20.0.20.46413,>
2026-05-08,20:23:08.055475,IP,172.20.0.10.5002,>
2026-05-08,20:23:08.055536,IP,172.20.0.20.46413,>
2026-05-08,20:23:08.055778,IP,172.20.0.10.5002,>
2026-05-08,20:23:08.055963,IP,172.20.0.20.46413,>
2026-05-08,20:23:08.056397,IP,172.20.0.20.46413,>
2026-05-08,20:23:08.057274,IP,172.20.0.10.5002,>
2026-05-08,20:23:08.057735,IP,172.20.0.20.46413,>
2026-05-08,20:23:08.058098,IP,172.20.0.10.5002,>
2026-05-08,20:23:08.058484,IP,172.20.0.20.46413,>
2026-05-08,20:23:08.058765,IP,172.20.0.10.5002,>
2026-05-08,20:23:08.059154,IP,172.20.0.20.46413,>
2026-05-08,20:23:08.059885,IP,172.20.0.10.5002,>
2026-05-08,20:23:08.060178,IP,172.20.0.20.46413,>
2026-05-08,20:23:08.065546,IP,172.20.0.10.5002,>
2026-05-08,20:23:08.065653,IP,172.20.0.10.5002,>
2026-05-08,20:23:08.065986,IP,172.20.0.20.46413,>
2026-05-08,20:23:08.066184,IP,172.20.0.10.5002,>
2026-05-08,20:23:08.066334,IP,172.20.0.20.46413,>
2026-05-08,20:23:08.066571,IP,172.20.0.20.46413,>
2026-05-08,20:23:08.066620,IP,172.20.0.10.5002,>
2026-05-08,20:23:08.066916,IP,172.20.0.20.46413,>
2026-05-08,20:23:08.068089,IP,172.20.0.10.5002,>
2026-05-08,20:23:08.068380,IP,172.20.0.20.46413,>
2026-05-08,20:23:08.068705,IP,172.20.0.10.5002,>
2026-05-08,20:23:08.069014,IP,172.20.0.20.46413,>
2026-05-08,20:23:08.069341,IP,172.20.0.10.5002,>
2026-05-08,20:23:08.069707,IP,172.20.0.20.46413,>
2026-05-08,20:23:08.070393,IP,172.20.0.10.5002,>
2026-05-08,20:23:08.070759,IP,172.20.0.20.46413,>
2026-05-08,20:23:08.076342,IP,172.20.0.10.5002,>
2026-05-08,20:23:08.076533,IP,172.20.0.10.5002,>
2026-05-08,20:23:08.076739,IP,172.20.0.10.5002,>
2026-05-08,20:23:08.076758,IP,172.20.0.20.46413,>
2026-05-08,20:23:08.077060,IP,172.20.0.20.46413,>
2026-05-08,20:23:08.077077,IP,172.20.0.10.5002,>
2026-05-08,20:23:08.077291,IP,172.20.0.20.46413,>
2026-05-08,20:23:08.077573,IP,172.20.0.20.46413,>
2026-05-08,20:23:08.078638,IP,172.20.0.10.5002,>
2026-05-08,20:23:08.079002,IP,172.20.0.20.46413,>
2026-05-08,20:23:08.079267,IP,172.20.0.10.5002,>
2026-05-08,20:23:08.079552,IP,172.20.0.20.46413,>
2026-05-08,20:23:08.080079,IP,172.20.0.10.5002,>
2026-05-08,20:23:08.080472,IP,172.20.0.20.46413,>
2026-05-08,20:23:08.080984,IP,172.20.0.10.5002,>
2026-05-08,20:23:08.081327,IP,172.20.0.20.46413,>
2026-05-08,20:23:08.087102,IP,172.20.0.10.5002,>
2026-05-08,20:23:08.087239,IP,172.20.0.10.5002,>
2026-05-08,20:23:08.087479,IP,172.20.0.10.5002,>
2026-05-08,20:23:08.087546,IP,172.20.0.20.46413,>
2026-05-08,20:23:08.087841,IP,172.20.0.20.46413,>
2026-05-08,20:23:08.087952,IP,172.20.0.10.5002,>
2026-05-08,20:23:08.088103,IP,172.20.0.20.46413,>
2026-05-08,20:23:08.088326,IP,172.20.0.20.46413,>
2026-05-08,20:23:08.089238,IP,172.20.0.10.5002,>
2026-05-08,20:23:08.089548,IP,172.20.0.20.46413,>
2026-05-08,20:23:08.089707,IP,172.20.0.10.5002,>
2026-05-08,20:23:08.090100,IP,172.20.0.20.46413,>
2026-05-08,20:23:08.090662,IP,172.20.0.10.5002,>
2026-05-08,20:23:08.090980,IP,172.20.0.20.46413,>
2026-05-08,20:23:08.091550,IP,172.20.0.10.5002,>
2026-05-08,20:23:08.091931,IP,172.20.0.20.46413,>
2026-05-08,20:23:08.097849,IP,172.20.0.10.5002,>
2026-05-08,20:23:08.098092,IP,172.20.0.10.5002,>
2026-05-08,20:23:08.098257,IP,172.20.0.20.46413,>
2026-05-08,20:23:08.098324,IP,172.20.0.10.5002,>
2026-05-08,20:23:08.098476,IP,172.20.0.10.5002,>
2026-05-08,20:23:08.098519,IP,172.20.0.20.46413,>
2026-05-08,20:23:08.099124,IP,172.20.0.20.46413,>
2026-05-08,20:23:08.099463,IP,172.20.0.20.46413,>
2026-05-08,20:23:08.099842,IP,172.20.0.10.5002,>
2026-05-08,20:23:08.100286,IP,172.20.0.20.46413,>
2026-05-08,20:23:08.100425,IP,172.20.0.10.5002,>
2026-05-08,20:23:08.100965,IP,172.20.0.20.46413,>
2026-05-08,20:23:08.102007,IP,172.20.0.10.5002,>
2026-05-08,20:23:08.102132,IP,172.20.0.10.5002,>
2026-05-08,20:23:08.102443,IP,172.20.0.20.46413,>
2026-05-08,20:23:08.102866,IP,172.20.0.20.46413,>
2026-05-08,20:23:08.108776,IP,172.20.0.10.5002,>
2026-05-08,20:23:08.108946,IP,172.20.0.10.5002,>
2026-05-08,20:23:08.109239,IP,172.20.0.20.46413,>
2026-05-08,20:23:08.109564,IP,172.20.0.10.5002,>
2026-05-08,20:23:08.109676,IP,172.20.0.20.46413,>
2026-05-08,20:23:08.109746,IP,172.20.0.10.5002,>
2026-05-08,20:23:08.110186,IP,172.20.0.20.46413,>
2026-05-08,20:23:08.110649,IP,172.20.0.20.46413,>
2026-05-08,20:23:08.110909,IP,172.20.0.10.5002,>
2026-05-08,20:23:08.111227,IP,172.20.0.10.5002,>
2026-05-08,20:23:08.111414,IP,172.20.0.20.46413,>
2026-05-08,20:23:08.111909,IP,172.20.0.20.46413,>
2026-05-08,20:23:08.112694,IP,172.20.0.10.5002,>
2026-05-08,20:23:08.113108,IP,172.20.0.20.46413,>
2026-05-08,20:23:08.113297,IP,172.20.0.10.5002,>
2026-05-08,20:23:08.113728,IP,172.20.0.20.46413,>
2026-05-08,20:23:08.119697,IP,172.20.0.10.5002,>
2026-05-08,20:23:08.120105,IP,172.20.0.10.5002,>
2026-05-08,20:23:08.120144,IP,172.20.0.20.46413,>
2026-05-08,20:23:08.120383,IP,172.20.0.10.5002,>
2026-05-08,20:23:08.120419,IP,172.20.0.20.46413,>
2026-05-08,20:23:08.120653,IP,172.20.0.20.46413,>
2026-05-08,20:23:08.120874,IP,172.20.0.10.5002,>
2026-05-08,20:23:08.121315,IP,172.20.0.20.46413,>
2026-05-08,20:23:08.121678,IP,172.20.0.10.5002,>
2026-05-08,20:23:08.122110,IP,172.20.0.20.46413,>
2026-05-08,20:23:08.122111,IP,172.20.0.10.5002,>
2026-05-08,20:23:08.122517,IP,172.20.0.20.46413,>
2026-05-08,20:23:08.123356,IP,172.20.0.10.5002,>
2026-05-08,20:23:08.123705,IP,172.20.0.20.46413,>
2026-05-08,20:23:08.123995,IP,172.20.0.10.5002,>
2026-05-08,20:23:08.124352,IP,172.20.0.20.46413,>
2026-05-08,20:23:08.130544,IP,172.20.0.10.5002,>
2026-05-08,20:23:08.130919,IP,172.20.0.10.5002,>
2026-05-08,20:23:08.131002,IP,172.20.0.20.46413,>
2026-05-08,20:23:08.131227,IP,172.20.0.10.5002,>
2026-05-08,20:23:08.131287,IP,172.20.0.20.46413,>
2026-05-08,20:23:08.131580,IP,172.20.0.10.5002,>
2026-05-08,20:23:08.131772,IP,172.20.0.20.46413,>
2026-05-08,20:23:08.132054,IP,172.20.0.20.46413,>
2026-05-08,20:23:08.132375,IP,172.20.0.10.5002,>
2026-05-08,20:23:08.132697,IP,172.20.0.10.5002,>
2026-05-08,20:23:08.132751,IP,172.20.0.20.46413,>
2026-05-08,20:23:08.133052,IP,172.20.0.20.46413,>
2026-05-08,20:23:08.133932,IP,172.20.0.10.5002,>
2026-05-08,20:23:08.134319,IP,172.20.0.20.46413,>
2026-05-08,20:23:08.134528,IP,172.20.0.10.5002,>
2026-05-08,20:23:08.134950,IP,172.20.0.20.46413,>
2026-05-08,20:23:08.141315,IP,172.20.0.10.5002,>
2026-05-08,20:23:08.141400,IP,172.20.0.10.5002,>
2026-05-08,20:23:08.141679,IP,172.20.0.20.46413,>
2026-05-08,20:23:08.142047,IP,172.20.0.10.5002,>
2026-05-08,20:23:08.142059,IP,172.20.0.20.46413,>
2026-05-08,20:23:08.142235,IP,172.20.0.10.5002,>
2026-05-08,20:23:08.142731,IP,172.20.0.20.46413,>
2026-05-08,20:23:08.143005,IP,172.20.0.20.46413,>
2026-05-08,20:23:08.143032,IP,172.20.0.10.5002,>
2026-05-08,20:23:08.143233,IP,172.20.0.10.5002,>
2026-05-08,20:23:08.143529,IP,172.20.0.20.46413,>
2026-05-08,20:23:08.143757,IP,172.20.0.20.46413,>
2026-05-08,20:23:08.144496,IP,172.20.0.10.5002,>
2026-05-08,20:23:08.145006,IP,172.20.0.20.46413,>
2026-05-08,20:23:08.145210,IP,172.20.0.10.5002,>
2026-05-08,20:23:08.145521,IP,172.20.0.20.46413,>
2026-05-08,20:23:08.152180,IP,172.20.0.10.5002,>
2026-05-08,20:23:08.152307,IP,172.20.0.10.5002,>
2026-05-08,20:23:08.152599,IP,172.20.0.20.46413,>
2026-05-08,20:23:08.152905,IP,172.20.0.20.46413,>
2026-05-08,20:23:08.153270,IP,172.20.0.10.5002,>
2026-05-08,20:23:08.153602,IP,172.20.0.20.46413,>
2026-05-08,20:23:08.153781,IP,172.20.0.10.5002,>
2026-05-08,20:23:08.154102,IP,172.20.0.20.46413,>
2026-05-08,20:23:08.154290,IP,172.20.0.10.5002,>
2026-05-08,20:23:08.154446,IP,172.20.0.10.5002,>
2026-05-08,20:23:08.154633,IP,172.20.0.20.46413,>
2026-05-08,20:23:08.154917,IP,172.20.0.20.46413,>
2026-05-08,20:23:08.155227,IP,172.20.0.10.5002,>
2026-05-08,20:23:08.155548,IP,172.20.0.20.46413,>
2026-05-08,20:23:08.155685,IP,172.20.0.10.5002,>
2026-05-08,20:23:08.156025,IP,172.20.0.20.46413,>
2026-05-08,20:23:08.163012,IP,172.20.0.10.5002,>
2026-05-08,20:23:08.163160,IP,172.20.0.10.5002,>
2026-05-08,20:23:08.163443,IP,172.20.0.20.46413,>
2026-05-08,20:23:08.163742,IP,172.20.0.20.46413,>
2026-05-08,20:23:08.163969,IP,172.20.0.10.5002,>
2026-05-08,20:23:08.164291,IP,172.20.0.10.5002,>
2026-05-08,20:23:08.164296,IP,172.20.0.20.46413,>
2026-05-08,20:23:08.164880,IP,172.20.0.20.46413,>
2026-05-08,20:23:08.164965,IP,172.20.0.10.5002,>
2026-05-08,20:23:08.165049,IP,172.20.0.10.5002,>
2026-05-08,20:23:08.165445,IP,172.20.0.20.46413,>
2026-05-08,20:23:08.165867,IP,172.20.0.10.5002,>
2026-05-08,20:23:08.166037,IP,172.20.0.20.46413,>
2026-05-08,20:23:08.166171,IP,172.20.0.10.5002,>
2026-05-08,20:23:08.166301,IP,172.20.0.20.46413,>
2026-05-08,20:23:08.166524,IP,172.20.0.20.46413,>
2026-05-08,20:23:08.173735,IP,172.20.0.10.5002,>
2026-05-08,20:23:08.173934,IP,172.20.0.10.5002,>
2026-05-08,20:23:08.174187,IP,172.20.0.20.46413,>
2026-05-08,20:23:08.174455,IP,172.20.0.10.5002,>
2026-05-08,20:23:08.174485,IP,172.20.0.20.46413,>
2026-05-08,20:23:08.175026,IP,172.20.0.20.46413,>
2026-05-08,20:23:08.175192,IP,172.20.0.10.5002,>
2026-05-08,20:23:08.175507,IP,172.20.0.20.46413,>
2026-05-08,20:23:08.175696,IP,172.20.0.10.5002,>
2026-05-08,20:23:08.176051,IP,172.20.0.20.46413,>
2026-05-08,20:23:08.176344,IP,172.20.0.10.5002,>
2026-05-08,20:23:08.176444,IP,172.20.0.10.5002,>
2026-05-08,20:23:08.176724,IP,172.20.0.20.46413,>
2026-05-08,20:23:08.176885,IP,172.20.0.10.5002,>
2026-05-08,20:23:08.177051,IP,172.20.0.20.46413,>
2026-05-08,20:23:08.177277,IP,172.20.0.20.46413,>
2026-05-08,20:23:08.184593,IP,172.20.0.10.5002,>
2026-05-08,20:23:08.184718,IP,172.20.0.10.5002,>
2026-05-08,20:23:08.185116,IP,172.20.0.20.46413,>
2026-05-08,20:23:08.185415,IP,172.20.0.10.5002,>
2026-05-08,20:23:08.185637,IP,172.20.0.20.46413,>
2026-05-08,20:23:08.185859,IP,172.20.0.10.5002,>
2026-05-08,20:23:08.186160,IP,172.20.0.20.46413,>
2026-05-08,20:23:08.186532,IP,172.20.0.10.5002,>
2026-05-08,20:23:08.186577,IP,172.20.0.20.46413,>
2026-05-08,20:23:08.187037,IP,172.20.0.20.46413,>
2026-05-08,20:23:08.187148,IP,172.20.0.10.5002,>
2026-05-08,20:23:08.187628,IP,172.20.0.20.46413,>
2026-05-08,20:23:08.187832,IP,172.20.0.10.5002,>
2026-05-08,20:23:08.188102,IP,172.20.0.10.5002,>
2026-05-08,20:23:08.188408,IP,172.20.0.20.46413,>
2026-05-08,20:23:08.188836,IP,172.20.0.20.46413,>
2026-05-08,20:23:08.195534,IP,172.20.0.10.5002,>
2026-05-08,20:23:08.195876,IP,172.20.0.10.5002,>
2026-05-08,20:23:08.195936,IP,172.20.0.20.46413,>
2026-05-08,20:23:08.196203,IP,172.20.0.20.46413,>
2026-05-08,20:23:08.196744,IP,172.20.0.10.5002,>
2026-05-08,20:23:08.196928,IP,172.20.0.10.5002,>
2026-05-08,20:23:08.197186,IP,172.20.0.20.46413,>
2026-05-08,20:23:08.197453,IP,172.20.0.10.5002,>
2026-05-08,20:23:08.197619,IP,172.20.0.20.46413,>
2026-05-08,20:23:08.197900,IP,172.20.0.10.5002,>
2026-05-08,20:23:08.198090,IP,172.20.0.20.46413,>
2026-05-08,20:23:08.198331,IP,172.20.0.20.46413,>
2026-05-08,20:23:08.198564,IP,172.20.0.10.5002,>
2026-05-08,20:23:08.198958,IP,172.20.0.20.46413,>
2026-05-08,20:23:08.199007,IP,172.20.0.10.5002,>
2026-05-08,20:23:08.199254,IP,172.20.0.20.46413,>
2026-05-08,20:23:08.206328,IP,172.20.0.10.5002,>
2026-05-08,20:23:08.206457,IP,172.20.0.10.5002,>
2026-05-08,20:23:08.206701,IP,172.20.0.20.46413,>
2026-05-08,20:23:08.206979,IP,172.20.0.20.46413,>
2026-05-08,20:23:08.207410,IP,172.20.0.10.5002,>
2026-05-08,20:23:08.207838,IP,172.20.0.10.5002,>
2026-05-08,20:23:08.207864,IP,172.20.0.20.46413,>
2026-05-08,20:23:08.208297,IP,172.20.0.20.46413,>
2026-05-08,20:23:08.208369,IP,172.20.0.10.5002,>
2026-05-08,20:23:08.208459,IP,172.20.0.10.5002,>
2026-05-08,20:23:08.208963,IP,172.20.0.20.46413,>
2026-05-08,20:23:08.209175,IP,172.20.0.10.5002,>
2026-05-08,20:23:08.209276,IP,172.20.0.20.46413,>
2026-05-08,20:23:08.209417,IP,172.20.0.10.5002,>
2026-05-08,20:23:08.209550,IP,172.20.0.20.46413,>
2026-05-08,20:23:08.209949,IP,172.20.0.20.46413,>
2026-05-08,20:23:08.217061,IP,172.20.0.10.5002,>
2026-05-08,20:23:08.217144,IP,172.20.0.10.5002,>
2026-05-08,20:23:08.217427,IP,172.20.0.20.46413,>
2026-05-08,20:23:08.217687,IP,172.20.0.20.46413,>
2026-05-08,20:23:08.218220,IP,172.20.0.10.5002,>
2026-05-08,20:23:08.218521,IP,172.20.0.20.46413,>
2026-05-08,20:23:08.218565,IP,172.20.0.10.5002,>
2026-05-08,20:23:08.218860,IP,172.20.0.20.46413,>
2026-05-08,20:23:08.219306,IP,172.20.0.10.5002,>
2026-05-08,20:23:08.219483,IP,172.20.0.10.5002,>
2026-05-08,20:23:08.219808,IP,172.20.0.10.5002,>
2026-05-08,20:23:08.219816,IP,172.20.0.20.46413,>
2026-05-08,20:23:08.220175,IP,172.20.0.10.5002,>
2026-05-08,20:23:08.220292,IP,172.20.0.20.46413,>
2026-05-08,20:23:08.220696,IP,172.20.0.20.46413,>
2026-05-08,20:23:08.221124,IP,172.20.0.20.46413,>
2026-05-08,20:23:08.227773,IP,172.20.0.10.5002,>
2026-05-08,20:23:08.227782,IP,172.20.0.10.5002,>
2026-05-08,20:23:08.228271,IP,172.20.0.20.46413,>
2026-05-08,20:23:08.228754,IP,172.20.0.10.5002,>
2026-05-08,20:23:08.228926,IP,172.20.0.20.46413,>
2026-05-08,20:23:08.229125,IP,172.20.0.10.5002,>
2026-05-08,20:23:08.229546,IP,172.20.0.20.46413,>
2026-05-08,20:23:08.230210,IP,172.20.0.10.5002,>
2026-05-08,20:23:08.230214,IP,172.20.0.20.46413,>
2026-05-08,20:23:08.230490,IP,172.20.0.10.5002,>
2026-05-08,20:23:08.230667,IP,172.20.0.20.46413,>
2026-05-08,20:23:08.230903,IP,172.20.0.10.5002,>
2026-05-08,20:23:08.231109,IP,172.20.0.20.46413,>
2026-05-08,20:23:08.231366,IP,172.20.0.10.5002,>
2026-05-08,20:23:08.231859,IP,172.20.0.20.46413,>
2026-05-08,20:23:08.232264,IP,172.20.0.20.46413,>
2026-05-08,20:23:08.238637,IP,172.20.0.10.5002,>
2026-05-08,20:23:08.239062,IP,172.20.0.20.46413,>
2026-05-08,20:23:08.239163,IP,172.20.0.10.5002,>
2026-05-08,20:23:08.239665,IP,172.20.0.20.46413,>
2026-05-08,20:23:08.240096,IP,172.20.0.10.5002,>
2026-05-08,20:23:08.240545,IP,172.20.0.20.46413,>
2026-05-08,20:23:08.240824,IP,172.20.0.10.5002,>
2026-05-08,20:23:08.241101,IP,172.20.0.10.5002,>
2026-05-08,20:23:08.241251,IP,172.20.0.20.46413,>
2026-05-08,20:23:08.241325,IP,172.20.0.10.5002,>
2026-05-08,20:23:08.241901,IP,172.20.0.20.46413,>
2026-05-08,20:23:08.242042,IP,172.20.0.10.5002,>
2026-05-08,20:23:08.242446,IP,172.20.0.20.46413,>
2026-05-08,20:23:08.242452,IP,172.20.0.10.5002,>
2026-05-08,20:23:08.242895,IP,172.20.0.20.46413,>
2026-05-08,20:23:08.243280,IP,172.20.0.20.46413,>
2026-05-08,20:23:08.249668,IP,172.20.0.10.5002,>
2026-05-08,20:23:08.250018,IP,172.20.0.10.5002,>
2026-05-08,20:23:08.250266,IP,172.20.0.20.46413,>
2026-05-08,20:23:08.250573,IP,172.20.0.20.46413,>
2026-05-08,20:23:08.250816,IP,172.20.0.10.5002,>
2026-05-08,20:23:08.251195,IP,172.20.0.20.46413,>
2026-05-08,20:23:08.251629,IP,172.20.0.10.5002,>
2026-05-08,20:23:08.252241,IP,172.20.0.20.46413,>
2026-05-08,20:23:08.252300,IP,172.20.0.10.5002,>
2026-05-08,20:23:08.252646,IP,172.20.0.20.46413,>
2026-05-08,20:23:08.252658,IP,172.20.0.10.5002,>
2026-05-08,20:23:08.252946,IP,172.20.0.20.46413,>
2026-05-08,20:23:08.253088,IP,172.20.0.10.5002,>
2026-05-08,20:23:08.253481,IP,172.20.0.10.5002,>
2026-05-08,20:23:08.254521,IP,172.20.0.20.46413,>
2026-05-08,20:23:08.254818,IP,172.20.0.20.46413,>
2026-05-08,20:23:08.260565,IP,172.20.0.10.5002,>
2026-05-08,20:23:08.260812,IP,172.20.0.10.5002,>
2026-05-08,20:23:08.261015,IP,172.20.0.20.46413,>
2026-05-08,20:23:08.261284,IP,172.20.0.20.46413,>
2026-05-08,20:23:08.261714,IP,172.20.0.10.5002,>
2026-05-08,20:23:08.262113,IP,172.20.0.20.46413,>
2026-05-08,20:23:08.262530,IP,172.20.0.10.5002,>
2026-05-08,20:23:08.262920,IP,172.20.0.20.46413,>
2026-05-08,20:23:08.262966,IP,172.20.0.10.5002,>
2026-05-08,20:23:08.263212,IP,172.20.0.10.5002,>
2026-05-08,20:23:08.263268,IP,172.20.0.20.46413,>
2026-05-08,20:23:08.264114,IP,172.20.0.20.46413,>
2026-05-08,20:23:08.264753,IP,172.20.0.10.5002,>
2026-05-08,20:23:08.265016,IP,172.20.0.10.5002,>
2026-05-08,20:23:08.265153,IP,172.20.0.20.46413,>
2026-05-08,20:23:08.265413,IP,172.20.0.20.46413,>
2026-05-08,20:23:08.271293,IP,172.20.0.10.5002,>
2026-05-08,20:23:08.271466,IP,172.20.0.10.5002,>
2026-05-08,20:23:08.271744,IP,172.20.0.20.46413,>
2026-05-08,20:23:08.272187,IP,172.20.0.20.46413,>
2026-05-08,20:23:08.272352,IP,172.20.0.10.5002,>
2026-05-08,20:23:08.272769,IP,172.20.0.20.46413,>
2026-05-08,20:23:08.273160,IP,172.20.0.10.5002,>
2026-05-08,20:23:08.273557,IP,172.20.0.10.5002,>
2026-05-08,20:23:08.274334,IP,172.20.0.10.5002,>
2026-05-08,20:23:08.274417,IP,172.20.0.20.46413,>
2026-05-08,20:23:08.274430,IP,172.20.0.20.46413,>
2026-05-08,20:23:08.275344,IP,172.20.0.10.5002,>
2026-05-08,20:23:08.275628,IP,172.20.0.10.5002,>
2026-05-08,20:23:08.275736,IP,172.20.0.20.46413,>
2026-05-08,20:23:08.276122,IP,172.20.0.20.46413,>
2026-05-08,20:23:08.276523,IP,172.20.0.20.46413,>
2026-05-08,20:23:08.282675,IP,172.20.0.10.5002,>
2026-05-08,20:23:08.283194,IP,172.20.0.20.46413,>
2026-05-08,20:23:08.283330,IP,172.20.0.10.5002,>
2026-05-08,20:23:08.283418,IP,172.20.0.10.5002,>
2026-05-08,20:23:08.283819,IP,172.20.0.20.46413,>
2026-05-08,20:23:08.284089,IP,172.20.0.20.46413,>
2026-05-08,20:23:08.284893,IP,172.20.0.10.5002,>
2026-05-08,20:23:08.285024,IP,172.20.0.10.5002,>
2026-05-08,20:23:08.285298,IP,172.20.0.20.46413,>
2026-05-08,20:23:08.285567,IP,172.20.0.20.46413,>
2026-05-08,20:23:08.285953,IP,172.20.0.10.5002,>
2026-05-08,20:23:08.286254,IP,172.20.0.20.46413,>
2026-05-08,20:23:08.286374,IP,172.20.0.10.5002,>
2026-05-08,20:23:08.286655,IP,172.20.0.20.46413,>
2026-05-08,20:23:08.286724,IP,172.20.0.10.5002,>
2026-05-08,20:23:08.287038,IP,172.20.0.20.46413,>
2026-05-08,20:23:08.293586,IP,172.20.0.10.5002,>
2026-05-08,20:23:08.294083,IP,172.20.0.10.5002,>
2026-05-08,20:23:08.294115,IP,172.20.0.20.46413,>
2026-05-08,20:23:08.294331,IP,172.20.0.10.5002,>
2026-05-08,20:23:08.294742,IP,172.20.0.20.46413,>
2026-05-08,20:23:08.295166,IP,172.20.0.20.46413,>
2026-05-08,20:23:08.295538,IP,172.20.0.10.5002,>
2026-05-08,20:23:08.295959,IP,172.20.0.10.5002,>
2026-05-08,20:23:08.296511,IP,172.20.0.10.5002,>
2026-05-08,20:23:08.296597,IP,172.20.0.20.46413,>
2026-05-08,20:23:08.296876,IP,172.20.0.10.5002,>
2026-05-08,20:23:08.297175,IP,172.20.0.10.5002,>
2026-05-08,20:23:08.297539,IP,172.20.0.20.46413,>
2026-05-08,20:23:08.298604,IP,172.20.0.20.46413,>
2026-05-08,20:23:08.299162,IP,172.20.0.20.46413,>
2026-05-08,20:23:08.299577,IP,172.20.0.20.46413,>
2026-05-08,20:23:08.304397,IP,172.20.0.10.5002,>
2026-05-08,20:23:08.304904,IP,172.20.0.20.46413,>
2026-05-08,20:23:08.304931,IP,172.20.0.10.5002,>
2026-05-08,20:23:08.305328,IP,172.20.0.20.46413,>
2026-05-08,20:23:08.305429,IP,172.20.0.10.5002,>
2026-05-08,20:23:08.306504,IP,172.20.0.20.46413,>
2026-05-08,20:23:08.306977,IP,172.20.0.10.5002,>
2026-05-08,20:23:08.307345,IP,172.20.0.20.46413,>
2026-05-08,20:23:08.308036,IP,172.20.0.10.5002,>
2026-05-08,20:23:08.308857,IP,172.20.0.10.5002,>
2026-05-08,20:23:08.309080,IP,172.20.0.20.46413,>
2026-05-08,20:23:08.309330,IP,172.20.0.10.5002,>
2026-05-08,20:23:08.309514,IP,172.20.0.20.46413,>
2026-05-08,20:23:08.309919,IP,172.20.0.10.5002,>
2026-05-08,20:23:08.310023,IP,172.20.0.20.46413,>
2026-05-08,20:23:08.310551,IP,172.20.0.20.46413,>
2026-05-08,20:23:08.315222,IP,172.20.0.10.5002,>
2026-05-08,20:23:08.315598,IP,172.20.0.20.46413,>
2026-05-08,20:23:08.315703,IP,172.20.0.10.5002,>
2026-05-08,20:23:08.316628,IP,172.20.0.20.46413,>
2026-05-08,20:23:08.316957,IP,172.20.0.10.5002,>
2026-05-08,20:23:08.317550,IP,172.20.0.10.5002,>
2026-05-08,20:23:08.317622,IP,172.20.0.20.46413,>
2026-05-08,20:23:08.318209,IP,172.20.0.20.46413,>
2026-05-08,20:23:08.319409,IP,172.20.0.10.5002,>
2026-05-08,20:23:08.319775,IP,172.20.0.10.5002,>
2026-05-08,20:23:08.320213,IP,172.20.0.20.46413,>
2026-05-08,20:23:08.320244,IP,172.20.0.10.5002,>
2026-05-08,20:23:08.320739,IP,172.20.0.20.46413,>
2026-05-08,20:23:08.320970,IP,172.20.0.10.5002,>
2026-05-08,20:23:08.321713,IP,172.20.0.20.46413,>
2026-05-08,20:23:08.322401,IP,172.20.0.20.46413,>
2026-05-08,20:23:08.326025,IP,172.20.0.10.5002,>
2026-05-08,20:23:08.326457,IP,172.20.0.20.46413,>
2026-05-08,20:23:08.326991,IP,172.20.0.10.5002,>
2026-05-08,20:23:08.327312,IP,172.20.0.20.46413,>
2026-05-08,20:23:08.327835,IP,172.20.0.10.5002,>
2026-05-08,20:23:08.328420,IP,172.20.0.10.5002,>
2026-05-08,20:23:08.328454,IP,172.20.0.20.46413,>
2026-05-08,20:23:08.328883,IP,172.20.0.20.46413,>
2026-05-08,20:23:08.330517,IP,172.20.0.10.5002,>
2026-05-08,20:23:08.330893,IP,172.20.0.20.46413,>
2026-05-08,20:23:08.330958,IP,172.20.0.10.5002,>
2026-05-08,20:23:08.331212,IP,172.20.0.20.46413,>
2026-05-08,20:23:08.332049,IP,172.20.0.10.5002,>
2026-05-08,20:23:08.332342,IP,172.20.0.20.46413,>
2026-05-08,20:23:08.332604,IP,172.20.0.10.5002,>
2026-05-08,20:23:08.332948,IP,172.20.0.20.46413,>
2026-05-08,20:23:08.336761,IP,172.20.0.10.5002,>
2026-05-08,20:23:08.337136,IP,172.20.0.20.46413,>
2026-05-08,20:23:08.337537,IP,172.20.0.10.5002,>
2026-05-08,20:23:08.338501,IP,172.20.0.20.46413,>
2026-05-08,20:23:08.338700,IP,172.20.0.10.5002,>
2026-05-08,20:23:08.339119,IP,172.20.0.10.5002,>
2026-05-08,20:23:08.339156,IP,172.20.0.20.46413,>
2026-05-08,20:23:08.340701,IP,172.20.0.20.46413,>
2026-05-08,20:23:08.341302,IP,172.20.0.10.5002,>
2026-05-08,20:23:08.341509,IP,172.20.0.10.5002,>
2026-05-08,20:23:08.342675,IP,172.20.0.10.5002,>
2026-05-08,20:23:08.343013,IP,172.20.0.20.46413,>
2026-05-08,20:23:08.343177,IP,172.20.0.10.5002,>
2026-05-08,20:23:08.343429,IP,172.20.0.20.46413,>
2026-05-08,20:23:08.343849,IP,172.20.0.20.46413,>
2026-05-08,20:23:08.345126,IP,172.20.0.20.46413,>
2026-05-08,20:23:08.347431,IP,172.20.0.10.5002,>
2026-05-08,20:23:08.347882,IP,172.20.0.20.46413,>
2026-05-08,20:23:08.348844,IP,172.20.0.10.5002,>
2026-05-08,20:23:08.349355,IP,172.20.0.20.46413,>
2026-05-08,20:23:08.349443,IP,172.20.0.10.5002,>
2026-05-08,20:23:08.350018,IP,172.20.0.20.46413,>
2026-05-08,20:23:08.351003,IP,172.20.0.10.5002,>
2026-05-08,20:23:08.351437,IP,172.20.0.20.46413,>
2026-05-08,20:23:08.353493,IP,172.20.0.10.5002,>
2026-05-08,20:23:08.353638,IP,172.20.0.10.5002,>
2026-05-08,20:23:08.353987,IP,172.20.0.20.46413,>
2026-05-08,20:23:08.354067,IP,172.20.0.10.5002,>
2026-05-08,20:23:08.354351,IP,172.20.0.20.46413,>
2026-05-08,20:23:08.354642,IP,172.20.0.20.46413,>
2026-05-08,20:23:08.355389,IP,172.20.0.10.5002,>
2026-05-08,20:23:08.355704,IP,172.20.0.20.46413,>
2026-05-08,20:23:08.358189,IP,172.20.0.10.5002,>
2026-05-08,20:23:08.358574,IP,172.20.0.20.46413,>
2026-05-08,20:23:08.359590,IP,172.20.0.10.5002,>
2026-05-08,20:23:08.360095,IP,172.20.0.20.46413,>
2026-05-08,20:23:08.360264,IP,172.20.0.10.5002,>
2026-05-08,20:23:08.360652,IP,172.20.0.20.46413,>
2026-05-08,20:23:08.361634,IP,172.20.0.10.5002,>
2026-05-08,20:23:08.362055,IP,172.20.0.20.46413,>
2026-05-08,20:23:08.364265,IP,172.20.0.10.5002,>
2026-05-08,20:23:08.364549,IP,172.20.0.10.5002,>
2026-05-08,20:23:08.364618,IP,172.20.0.20.46413,>
2026-05-08,20:23:08.364840,IP,172.20.0.10.5002,>
2026-05-08,20:23:08.364915,IP,172.20.0.20.46413,>
2026-05-08,20:23:08.365230,IP,172.20.0.20.46413,>
2026-05-08,20:23:08.365948,IP,172.20.0.10.5002,>
2026-05-08,20:23:08.366292,IP,172.20.0.20.46413,>
2026-05-08,20:23:08.368846,IP,172.20.0.10.5002,>
2026-05-08,20:23:08.369193,IP,172.20.0.20.46413,>
2026-05-08,20:23:08.370304,IP,172.20.0.10.5002,>
2026-05-08,20:23:08.370830,IP,172.20.0.10.5002,>
2026-05-08,20:23:08.370845,IP,172.20.0.20.46413,>
2026-05-08,20:23:08.371124,IP,172.20.0.20.46413,>
2026-05-08,20:23:08.372241,IP,172.20.0.10.5002,>
2026-05-08,20:23:08.372617,IP,172.20.0.20.46413,>
2026-05-08,20:23:08.375025,IP,172.20.0.10.5002,>
2026-05-08,20:23:08.375126,IP,172.20.0.10.5002,>
2026-05-08,20:23:08.375396,IP,172.20.0.20.46413,>
2026-05-08,20:23:08.375438,IP,172.20.0.10.5002,>
2026-05-08,20:23:08.375671,IP,172.20.0.20.46413,>
2026-05-08,20:23:08.375945,IP,172.20.0.20.46413,>
2026-05-08,20:23:08.376513,IP,172.20.0.10.5002,>
2026-05-08,20:23:08.376866,IP,172.20.0.20.46413,>
2026-05-08,20:23:08.380851,IP,172.20.0.10.5002,>
2026-05-08,20:23:08.381044,IP,172.20.0.10.5002,>
2026-05-08,20:23:08.381858,IP,172.20.0.10.5002,>
2026-05-08,20:23:08.382215,IP,172.20.0.20.46413,>
2026-05-08,20:23:08.382482,IP,172.20.0.20.46413,>
2026-05-08,20:23:08.382690,IP,172.20.0.20.46413,>
2026-05-08,20:23:08.382912,IP,172.20.0.10.5002,>
2026-05-08,20:23:08.383315,IP,172.20.0.20.46413,>
2026-05-08,20:23:08.386069,IP,172.20.0.10.5002,>
2026-05-08,20:23:08.386156,IP,172.20.0.10.5002,>
2026-05-08,20:23:08.386547,IP,172.20.0.20.46413,>
2026-05-08,20:23:08.386889,IP,172.20.0.10.5002,>
2026-05-08,20:23:08.387041,IP,172.20.0.10.5002,>
2026-05-08,20:23:08.387268,IP,172.20.0.20.46413,>
2026-05-08,20:23:08.387814,IP,172.20.0.20.46413,>
2026-05-08,20:23:08.388067,IP,172.20.0.20.46413,>
2026-05-08,20:23:08.392509,IP,172.20.0.10.5002,>
2026-05-08,20:23:08.392598,IP,172.20.0.10.5002,>
2026-05-08,20:23:08.392887,IP,172.20.0.10.5002,>
2026-05-08,20:23:08.393095,IP,172.20.0.20.46413,>
2026-05-08,20:23:08.393665,IP,172.20.0.20.46413,>
2026-05-08,20:23:08.393896,IP,172.20.0.10.5002,>
2026-05-08,20:23:08.394195,IP,172.20.0.20.46413,>
2026-05-08,20:23:08.394631,IP,172.20.0.20.46413,>
2026-05-08,20:23:08.398033,IP,172.20.0.10.5002,>
2026-05-08,20:23:08.398121,IP,172.20.0.10.5002,>
2026-05-08,20:23:08.398189,IP,172.20.0.10.5002,>
2026-05-08,20:23:08.398252,IP,172.20.0.10.5002,>
2026-05-08,20:23:08.398454,IP,172.20.0.20.46413,>
2026-05-08,20:23:08.398687,IP,172.20.0.20.46413,>
2026-05-08,20:23:08.398929,IP,172.20.0.20.46413,>
2026-05-08,20:23:08.399161,IP,172.20.0.20.46413,>
2026-05-08,20:23:08.408350,IP,172.20.0.10.5002,>
2026-05-08,20:23:08.408438,IP,172.20.0.10.5002,>
2026-05-08,20:23:08.408516,IP,172.20.0.10.5002,>
2026-05-08,20:23:08.408580,IP,172.20.0.10.5002,>
2026-05-08,20:23:08.408740,IP,172.20.0.10.5002,>
2026-05-08,20:23:08.408818,IP,172.20.0.10.5002,>
2026-05-08,20:23:08.408939,IP,172.20.0.20.46413,>
2026-05-08,20:23:08.409101,IP,172.20.0.10.5002,>
2026-05-08,20:23:08.409209,IP,172.20.0.20.46413,>
2026-05-08,20:23:08.409309,IP,172.20.0.10.5002,>
2026-05-08,20:23:08.409419,IP,172.20.0.20.46413,>
2026-05-08,20:23:08.409615,IP,172.20.0.20.46413,>
2026-05-08,20:23:08.410084,IP,172.20.0.20.46413,>
2026-05-08,20:23:08.410484,IP,172.20.0.20.46413,>
2026-05-08,20:23:08.410761,IP,172.20.0.20.46413,>
2026-05-08,20:23:08.411020,IP,172.20.0.20.46413,>
2026-05-08,20:23:08.419282,IP,172.20.0.10.5002,>
2026-05-08,20:23:08.419445,IP,172.20.0.10.5002,>
2026-05-08,20:23:08.419517,IP,172.20.0.10.5002,>
2026-05-08,20:23:08.419646,IP,172.20.0.20.46413,>
2026-05-08,20:23:08.419804,IP,172.20.0.10.5002,>
2026-05-08,20:23:08.419978,IP,172.20.0.20.46413,>
2026-05-08,20:23:08.420212,IP,172.20.0.20.46413,>
2026-05-08,20:23:08.420449,IP,172.20.0.20.46413,>
2026-05-08,20:23:08.420545,IP,172.20.0.10.5002,>
2026-05-08,20:23:08.420669,IP,172.20.0.10.5002,>
2026-05-08,20:23:08.420926,IP,172.20.0.20.46413,>
2026-05-08,20:23:08.421050,IP,172.20.0.10.5002,>
2026-05-08,20:23:08.421241,IP,172.20.0.10.5002,>
2026-05-08,20:23:08.421319,IP,172.20.0.20.46413,>
2026-05-08,20:23:08.421702,IP,172.20.0.20.46413,>
2026-05-08,20:23:08.422103,IP,172.20.0.20.46413,>
2026-05-08,20:23:08.430046,IP,172.20.0.10.5002,>
2026-05-08,20:23:08.430134,IP,172.20.0.10.5002,>
2026-05-08,20:23:08.430375,IP,172.20.0.10.5002,>
2026-05-08,20:23:08.430572,IP,172.20.0.20.46413,>
2026-05-08,20:23:08.430810,IP,172.20.0.10.5002,>
2026-05-08,20:23:08.430906,IP,172.20.0.20.46413,>
2026-05-08,20:23:08.431202,IP,172.20.0.20.46413,>
2026-05-08,20:23:08.431215,IP,172.20.0.10.5002,>
2026-05-08,20:23:08.431461,IP,172.20.0.20.46413,>
2026-05-08,20:23:08.431575,IP,172.20.0.10.5002,>
2026-05-08,20:23:08.431971,IP,172.20.0.10.5002,>
2026-05-08,20:23:08.431972,IP,172.20.0.20.46413,>
2026-05-08,20:23:08.432215,IP,172.20.0.20.46413,>
2026-05-08,20:23:08.432420,IP,172.20.0.10.5002,>
2026-05-08,20:23:08.432498,IP,172.20.0.20.46413,>
2026-05-08,20:23:08.432974,IP,172.20.0.20.46413,>
2026-05-08,20:23:08.440875,IP,172.20.0.10.5002,>
2026-05-08,20:23:08.441223,IP,172.20.0.10.5002,>
2026-05-08,20:23:08.441293,IP,172.20.0.20.46413,>
2026-05-08,20:23:08.441370,IP,172.20.0.10.5002,>
2026-05-08,20:23:08.441641,IP,172.20.0.10.5002,>
2026-05-08,20:23:08.441782,IP,172.20.0.20.46413,>
2026-05-08,20:23:08.442187,IP,172.20.0.20.46413,>
2026-05-08,20:23:08.442444,IP,172.20.0.10.5002,>
2026-05-08,20:23:08.442843,IP,172.20.0.10.5002,>
2026-05-08,20:23:08.442874,IP,172.20.0.20.46413,>
2026-05-08,20:23:08.443061,IP,172.20.0.10.5002,>
2026-05-08,20:23:08.443190,IP,172.20.0.10.5002,>
2026-05-08,20:23:08.443239,IP,172.20.0.20.46413,>
2026-05-08,20:23:08.443509,IP,172.20.0.20.46413,>
2026-05-08,20:23:08.443846,IP,172.20.0.20.46413,>
2026-05-08,20:23:08.444123,IP,172.20.0.20.46413,>
2026-05-08,20:23:08.452307,IP,172.20.0.10.5002,>
2026-05-08,20:23:08.452399,IP,172.20.0.10.5002,>
2026-05-08,20:23:08.452668,IP,172.20.0.10.5002,>
2026-05-08,20:23:08.452742,IP,172.20.0.20.46413,>
2026-05-08,20:23:08.453080,IP,172.20.0.20.46413,>
2026-05-08,20:23:08.453329,IP,172.20.0.10.5002,>
2026-05-08,20:23:08.453357,IP,172.20.0.20.46413,>
2026-05-08,20:23:08.453535,IP,172.20.0.10.5002,>
2026-05-08,20:23:08.453671,IP,172.20.0.10.5002,>
2026-05-08,20:23:08.453827,IP,172.20.0.20.46413,>
2026-05-08,20:23:08.453999,IP,172.20.0.10.5002,>
2026-05-08,20:23:08.454361,IP,172.20.0.10.5002,>
2026-05-08,20:23:08.454703,IP,172.20.0.20.46413,>
2026-05-08,20:23:08.454711,IP,172.20.0.20.46413,>
2026-05-08,20:23:08.454717,IP,172.20.0.20.46413,>
2026-05-08,20:23:08.454723,IP,172.20.0.20.46413,>
2026-05-08,20:23:08.463050,IP,172.20.0.10.5002,>
2026-05-08,20:23:08.463336,IP,172.20.0.10.5002,>
2026-05-08,20:23:08.463431,IP,172.20.0.20.46413,>
2026-05-08,20:23:08.463709,IP,172.20.0.20.46413,>
2026-05-08,20:23:08.463825,IP,172.20.0.10.5002,>
2026-05-08,20:23:08.464089,IP,172.20.0.10.5002,>
2026-05-08,20:23:08.464330,IP,172.20.0.20.46413,>
2026-05-08,20:23:08.464584,IP,172.20.0.20.46413,>
2026-05-08,20:23:08.465544,IP,172.20.0.10.5002,>
2026-05-08,20:23:08.465552,IP,172.20.0.10.5002,>
2026-05-08,20:23:08.465633,IP,172.20.0.10.5002,>
2026-05-08,20:23:08.465700,IP,172.20.0.10.5002,>
2026-05-08,20:23:08.466072,IP,172.20.0.20.46413,>
2026-05-08,20:23:08.466345,IP,172.20.0.20.46413,>
2026-05-08,20:23:08.466593,IP,172.20.0.20.46413,>
2026-05-08,20:23:08.466846,IP,172.20.0.20.46413,>
2026-05-08,20:23:08.473760,IP,172.20.0.10.5002,>
2026-05-08,20:23:08.474220,IP,172.20.0.10.5002,>
2026-05-08,20:23:08.474250,IP,172.20.0.20.46413,>
2026-05-08,20:23:08.474524,IP,172.20.0.10.5002,>
2026-05-08,20:23:08.474545,IP,172.20.0.20.46413,>
2026-05-08,20:23:08.474731,IP,172.20.0.10.5002,>
2026-05-08,20:23:08.474780,IP,172.20.0.20.46413,>
2026-05-08,20:23:08.475048,IP,172.20.0.20.46413,>
2026-05-08,20:23:08.476363,IP,172.20.0.10.5002,>
2026-05-08,20:23:08.476590,IP,172.20.0.10.5002,>
2026-05-08,20:23:08.476725,IP,172.20.0.20.46413,>
2026-05-08,20:23:08.477022,IP,172.20.0.20.46413,>
2026-05-08,20:23:08.477147,IP,172.20.0.10.5002,>
2026-05-08,20:23:08.477154,IP,172.20.0.10.5002,>
2026-05-08,20:23:08.477639,IP,172.20.0.20.46413,>
2026-05-08,20:23:08.478083,IP,172.20.0.20.46413,>
2026-05-08,20:23:08.484653,IP,172.20.0.10.5002,>
2026-05-08,20:23:08.484770,IP,172.20.0.10.5002,>
2026-05-08,20:23:08.485091,IP,172.20.0.10.5002,>
2026-05-08,20:23:08.485197,IP,172.20.0.20.46413,>
2026-05-08,20:23:08.485338,IP,172.20.0.10.5002,>
2026-05-08,20:23:08.485515,IP,172.20.0.20.46413,>
2026-05-08,20:23:08.485779,IP,172.20.0.20.46413,>
2026-05-08,20:23:08.486154,IP,172.20.0.20.46413,>
2026-05-08,20:23:08.487725,IP,172.20.0.10.5002,>
2026-05-08,20:23:08.487832,IP,172.20.0.10.5002,>
2026-05-08,20:23:08.488161,IP,172.20.0.20.46413,>
2026-05-08,20:23:08.488189,IP,172.20.0.10.5002,>
2026-05-08,20:23:08.488392,IP,172.20.0.10.5002,>
2026-05-08,20:23:08.488443,IP,172.20.0.20.46413,>
2026-05-08,20:23:08.488720,IP,172.20.0.20.46413,>
2026-05-08,20:23:08.489028,IP,172.20.0.20.46413,>
2026-05-08,20:23:08.495614,IP,172.20.0.10.5002,>
2026-05-08,20:23:08.495698,IP,172.20.0.10.5002,>
2026-05-08,20:23:08.496077,IP,172.20.0.20.46413,>
2026-05-08,20:23:08.496157,IP,172.20.0.10.5002,>
2026-05-08,20:23:08.496345,IP,172.20.0.10.5002,>
2026-05-08,20:23:08.496416,IP,172.20.0.20.46413,>
2026-05-08,20:23:08.496708,IP,172.20.0.20.46413,>
2026-05-08,20:23:08.497002,IP,172.20.0.20.46413,>
2026-05-08,20:23:08.498438,IP,172.20.0.10.5002,>
2026-05-08,20:23:08.498637,IP,172.20.0.10.5002,>
2026-05-08,20:23:08.498983,IP,172.20.0.20.46413,>
2026-05-08,20:23:08.499194,IP,172.20.0.10.5002,>
2026-05-08,20:23:08.499295,IP,172.20.0.10.5002,>
2026-05-08,20:23:08.499589,IP,172.20.0.20.46413,>
2026-05-08,20:23:08.500092,IP,172.20.0.20.46413,>
2026-05-08,20:23:08.500584,IP,172.20.0.20.46413,>
2026-05-08,20:23:08.506459,IP,172.20.0.10.5002,>
2026-05-08,20:23:08.506930,IP,172.20.0.10.5002,>
2026-05-08,20:23:08.506969,IP,172.20.0.20.46413,>
2026-05-08,20:23:08.507035,IP,172.20.0.10.5002,>
2026-05-08,20:23:08.507092,IP,172.20.0.10.5002,>
2026-05-08,20:23:08.507344,IP,172.20.0.20.46413,>
2026-05-08,20:23:08.507590,IP,172.20.0.20.46413,>
2026-05-08,20:23:08.507897,IP,172.20.0.20.46413,>
2026-05-08,20:23:08.509279,IP,172.20.0.10.5002,>
2026-05-08,20:23:08.509893,IP,172.20.0.10.5002,>
2026-05-08,20:23:08.509931,IP,172.20.0.20.46413,>
2026-05-08,20:23:08.510231,IP,172.20.0.10.5002,>
2026-05-08,20:23:08.510431,IP,172.20.0.20.46413,>
2026-05-08,20:23:08.510688,IP,172.20.0.20.46413,>
2026-05-08,20:23:08.510761,IP,172.20.0.10.5002,>
2026-05-08,20:23:08.511174,IP,172.20.0.20.46413,>
2026-05-08,20:23:08.517307,IP,172.20.0.10.5002,>
2026-05-08,20:23:08.517544,IP,172.20.0.10.5002,>
2026-05-08,20:23:08.517712,IP,172.20.0.20.46413,>
2026-05-08,20:23:08.517782,IP,172.20.0.10.5002,>
2026-05-08,20:23:08.518087,IP,172.20.0.20.46413,>
2026-05-08,20:23:08.518160,IP,172.20.0.10.5002,>
2026-05-08,20:23:08.518403,IP,172.20.0.20.46413,>
2026-05-08,20:23:08.518667,IP,172.20.0.20.46413,>
2026-05-08,20:23:08.520307,IP,172.20.0.10.5002,>
2026-05-08,20:23:08.520625,IP,172.20.0.10.5002,>
2026-05-08,20:23:08.520714,IP,172.20.0.20.46413,>
2026-05-08,20:23:08.520881,IP,172.20.0.10.5002,>
2026-05-08,20:23:08.521071,IP,172.20.0.20.46413,>
2026-05-08,20:23:08.521348,IP,172.20.0.10.5002,>
2026-05-08,20:23:08.521596,IP,172.20.0.20.46413,>
2026-05-08,20:23:08.522153,IP,172.20.0.20.46413,>
2026-05-08,20:23:08.528092,IP,172.20.0.10.5002,>
2026-05-08,20:23:08.528281,IP,172.20.0.10.5002,>
2026-05-08,20:23:08.528518,IP,172.20.0.20.46413,>
2026-05-08,20:23:08.528607,IP,172.20.0.10.5002,>
2026-05-08,20:23:08.528843,IP,172.20.0.20.46413,>
2026-05-08,20:23:08.528846,IP,172.20.0.10.5002,>
2026-05-08,20:23:08.529075,IP,172.20.0.20.46413,>
2026-05-08,20:23:08.529268,IP,172.20.0.20.46413,>
2026-05-08,20:23:08.531030,IP,172.20.0.10.5002,>
2026-05-08,20:23:08.531372,IP,172.20.0.20.46413,>
2026-05-08,20:23:08.531383,IP,172.20.0.10.5002,>
2026-05-08,20:23:08.531649,IP,172.20.0.20.46413,>
2026-05-08,20:23:08.531744,IP,172.20.0.10.5002,>
2026-05-08,20:23:08.532230,IP,172.20.0.20.46413,>
2026-05-08,20:23:08.532314,IP,172.20.0.10.5002,>
2026-05-08,20:23:08.532620,IP,172.20.0.20.46413,>
2026-05-08,20:23:08.538874,IP,172.20.0.10.5002,>
2026-05-08,20:23:08.539189,IP,172.20.0.10.5002,>
2026-05-08,20:23:08.539261,IP,172.20.0.20.46413,>
2026-05-08,20:23:08.539286,IP,172.20.0.10.5002,>
2026-05-08,20:23:08.539358,IP,172.20.0.10.5002,>
2026-05-08,20:23:08.539518,IP,172.20.0.20.46413,>
2026-05-08,20:23:08.539745,IP,172.20.0.20.46413,>
2026-05-08,20:23:08.540305,IP,172.20.0.20.46413,>
2026-05-08,20:23:08.541737,IP,172.20.0.10.5002,>
2026-05-08,20:23:08.541975,IP,172.20.0.10.5002,>
2026-05-08,20:23:08.542219,IP,172.20.0.20.46413,>
2026-05-08,20:23:08.542479,IP,172.20.0.20.46413,>
2026-05-08,20:23:08.542486,IP,172.20.0.10.5002,>
2026-05-08,20:23:08.542740,IP,172.20.0.20.46413,>
2026-05-08,20:23:08.543120,IP,172.20.0.10.5002,>
2026-05-08,20:23:08.543722,IP,172.20.0.20.46413,>
2026-05-08,20:23:08.550633,IP,172.20.0.10.5002,>
2026-05-08,20:23:08.551001,IP,172.20.0.10.5002,>
2026-05-08,20:23:08.551073,IP,172.20.0.10.5002,>
2026-05-08,20:23:08.551102,IP,172.20.0.20.46413,>
2026-05-08,20:23:08.551146,IP,172.20.0.10.5002,>
2026-05-08,20:23:08.551397,IP,172.20.0.20.46413,>
2026-05-08,20:23:08.552211,IP,172.20.0.20.46413,>
2026-05-08,20:23:08.552767,IP,172.20.0.10.5002,>
2026-05-08,20:23:08.552810,IP,172.20.0.10.5002,>
2026-05-08,20:23:08.552931,IP,172.20.0.20.46413,>
2026-05-08,20:23:08.552978,IP,172.20.0.10.5002,>
2026-05-08,20:23:08.553520,IP,172.20.0.20.46413,>
2026-05-08,20:23:08.553784,IP,172.20.0.20.46413,>
2026-05-08,20:23:08.553953,IP,172.20.0.10.5002,>
2026-05-08,20:23:08.554093,IP,172.20.0.20.46413,>
2026-05-08,20:23:08.555159,IP,172.20.0.20.46413,>
2026-05-08,20:23:08.561435,IP,172.20.0.10.5002,>
2026-05-08,20:23:08.561652,IP,172.20.0.10.5002,>
2026-05-08,20:23:08.561925,IP,172.20.0.20.46413,>
2026-05-08,20:23:08.562261,IP,172.20.0.20.46413,>
2026-05-08,20:23:08.562390,IP,172.20.0.10.5002,>
2026-05-08,20:23:08.562720,IP,172.20.0.20.46413,>
2026-05-08,20:23:08.563200,IP,172.20.0.10.5002,>
2026-05-08,20:23:08.563538,IP,172.20.0.20.46413,>
2026-05-08,20:23:08.563842,IP,172.20.0.10.5002,>
2026-05-08,20:23:08.564098,IP,172.20.0.10.5002,>
2026-05-08,20:23:08.564166,IP,172.20.0.20.46413,>
2026-05-08,20:23:08.564417,IP,172.20.0.20.46413,>
2026-05-08,20:23:08.564500,IP,172.20.0.10.5002,>
2026-05-08,20:23:08.564932,IP,172.20.0.20.46413,>
2026-05-08,20:23:08.565331,IP,172.20.0.10.5002,>
2026-05-08,20:23:08.565592,IP,172.20.0.20.46413,>
2026-05-08,20:23:08.572235,IP,172.20.0.10.5002,>
2026-05-08,20:23:08.572480,IP,172.20.0.10.5002,>
2026-05-08,20:23:08.572651,IP,172.20.0.20.46413,>
2026-05-08,20:23:08.572942,IP,172.20.0.20.46413,>
2026-05-08,20:23:08.573235,IP,172.20.0.10.5002,>
2026-05-08,20:23:08.573556,IP,172.20.0.20.46413,>
2026-05-08,20:23:08.573722,IP,172.20.0.10.5002,>
2026-05-08,20:23:08.574090,IP,172.20.0.20.46413,>
2026-05-08,20:23:08.574415,IP,172.20.0.10.5002,>
2026-05-08,20:23:08.574594,IP,172.20.0.10.5002,>
2026-05-08,20:23:08.574828,IP,172.20.0.20.46413,>
2026-05-08,20:23:08.575088,IP,172.20.0.10.5002,>
2026-05-08,20:23:08.575128,IP,172.20.0.20.46413,>
2026-05-08,20:23:08.575422,IP,172.20.0.20.46413,>
2026-05-08,20:23:08.575770,IP,172.20.0.10.5002,>
2026-05-08,20:23:08.576094,IP,172.20.0.20.46413,>
2026-05-08,20:23:08.583055,IP,172.20.0.10.5002,>
2026-05-08,20:23:08.583161,IP,172.20.0.10.5002,>
2026-05-08,20:23:08.583490,IP,172.20.0.20.46413,>
2026-05-08,20:23:08.583741,IP,172.20.0.10.5002,>
2026-05-08,20:23:08.583835,IP,172.20.0.20.46413,>
2026-05-08,20:23:08.584151,IP,172.20.0.20.46413,>
2026-05-08,20:23:08.584298,IP,172.20.0.10.5002,>
2026-05-08,20:23:08.584588,IP,172.20.0.20.46413,>
2026-05-08,20:23:08.585128,IP,172.20.0.10.5002,>
2026-05-08,20:23:08.585274,IP,172.20.0.10.5002,>
2026-05-08,20:23:08.585471,IP,172.20.0.20.46413,>
2026-05-08,20:23:08.585574,IP,172.20.0.10.5002,>
2026-05-08,20:23:08.585719,IP,172.20.0.20.46413,>
2026-05-08,20:23:08.586084,IP,172.20.0.20.46413,>
2026-05-08,20:23:08.586347,IP,172.20.0.10.5002,>
2026-05-08,20:23:08.586657,IP,172.20.0.20.46413,>
2026-05-08,20:23:08.593903,IP,172.20.0.10.5002,>
2026-05-08,20:23:08.593984,IP,172.20.0.10.5002,>
2026-05-08,20:23:08.594373,IP,172.20.0.20.46413,>
2026-05-08,20:23:08.594468,IP,172.20.0.10.5002,>
2026-05-08,20:23:08.594768,IP,172.20.0.20.46413,>
2026-05-08,20:23:08.594823,IP,172.20.0.10.5002,>
2026-05-08,20:23:08.595168,IP,172.20.0.20.46413,>
2026-05-08,20:23:08.595456,IP,172.20.0.20.46413,>
2026-05-08,20:23:08.595766,IP,172.20.0.10.5002,>
2026-05-08,20:23:08.595971,IP,172.20.0.10.5002,>
2026-05-08,20:23:08.596151,IP,172.20.0.20.46413,>
2026-05-08,20:23:08.596230,IP,172.20.0.10.5002,>
2026-05-08,20:23:08.596430,IP,172.20.0.20.46413,>
2026-05-08,20:23:08.596652,IP,172.20.0.20.46413,>
2026-05-08,20:23:08.596827,IP,172.20.0.10.5002,>
2026-05-08,20:23:08.597376,IP,172.20.0.20.46413,>
2026-05-08,20:23:08.604703,IP,172.20.0.10.5002,>
2026-05-08,20:23:08.605119,IP,172.20.0.20.46413,>
2026-05-08,20:23:08.605352,IP,172.20.0.10.5002,>
2026-05-08,20:23:08.605462,IP,172.20.0.10.5002,>
2026-05-08,20:23:08.605627,IP,172.20.0.10.5002,>
2026-05-08,20:23:08.605746,IP,172.20.0.20.46413,>
2026-05-08,20:23:08.606455,IP,172.20.0.20.46413,>
2026-05-08,20:23:08.606458,IP,172.20.0.10.5002,>
2026-05-08,20:23:08.606532,IP,172.20.0.10.5002,>
2026-05-08,20:23:08.606702,IP,172.20.0.20.46413,>
2026-05-08,20:23:08.606971,IP,172.20.0.20.46413,>
2026-05-08,20:23:08.606993,IP,172.20.0.10.5002,>
2026-05-08,20:23:08.607585,IP,172.20.0.10.5002,>
2026-05-08,20:23:08.607739,IP,172.20.0.20.46413,>
2026-05-08,20:23:08.608034,IP,172.20.0.20.46413,>
2026-05-08,20:23:08.608300,IP,172.20.0.20.46413,>
2026-05-08,20:23:08.615686,IP,172.20.0.10.5002,>
2026-05-08,20:23:08.616055,IP,172.20.0.20.46413,>
2026-05-08,20:23:08.617392,IP,172.20.0.10.5002,>
2026-05-08,20:23:08.617470,IP,172.20.0.10.5002,>
2026-05-08,20:23:08.617486,IP,172.20.0.10.5002,>
2026-05-08,20:23:08.617635,IP,172.20.0.10.5002,>
2026-05-08,20:23:08.617780,IP,172.20.0.20.46413,>
2026-05-08,20:23:08.618147,IP,172.20.0.20.46413,>
2026-05-08,20:23:08.618277,IP,172.20.0.10.5002,>
2026-05-08,20:23:08.618348,IP,172.20.0.10.5002,>
2026-05-08,20:23:08.618394,IP,172.20.0.20.46413,>
2026-05-08,20:23:08.618409,IP,172.20.0.10.5002,>
2026-05-08,20:23:08.618603,IP,172.20.0.20.46413,>
2026-05-08,20:23:08.618857,IP,172.20.0.20.46413,>
2026-05-08,20:23:08.619083,IP,172.20.0.20.46413,>
2026-05-08,20:23:08.619327,IP,172.20.0.20.46413,>
2026-05-08,20:23:08.626409,IP,172.20.0.10.5002,>
2026-05-08,20:23:08.626782,IP,172.20.0.20.46413,>
2026-05-08,20:23:08.628020,IP,172.20.0.10.5002,>
2026-05-08,20:23:08.628456,IP,172.20.0.20.46413,>
2026-05-08,20:23:08.628635,IP,172.20.0.10.5002,>
2026-05-08,20:23:08.628754,IP,172.20.0.10.5002,>
2026-05-08,20:23:08.628982,IP,172.20.0.10.5002,>
2026-05-08,20:23:08.629136,IP,172.20.0.10.5002,>
2026-05-08,20:23:08.629138,IP,172.20.0.20.46413,>
2026-05-08,20:23:08.629418,IP,172.20.0.20.46413,>
2026-05-08,20:23:08.629717,IP,172.20.0.10.5002,>
2026-05-08,20:23:08.629890,IP,172.20.0.10.5002,>
2026-05-08,20:23:08.630012,IP,172.20.0.20.46413,>
2026-05-08,20:23:08.630279,IP,172.20.0.20.46413,>
2026-05-08,20:23:08.630554,IP,172.20.0.20.46413,>
2026-05-08,20:23:08.630874,IP,172.20.0.20.46413,>
2026-05-08,20:23:08.637181,IP,172.20.0.10.5002,>
2026-05-08,20:23:08.637610,IP,172.20.0.20.46413,>
2026-05-08,20:23:08.638705,IP,172.20.0.10.5002,>
2026-05-08,20:23:08.639137,IP,172.20.0.20.46413,>
2026-05-08,20:23:08.639321,IP,172.20.0.10.5002,>
2026-05-08,20:23:08.639580,IP,172.20.0.10.5002,>
2026-05-08,20:23:08.639666,IP,172.20.0.20.46413,>
2026-05-08,20:23:08.639961,IP,172.20.0.20.46413,>
2026-05-08,20:23:08.640283,IP,172.20.0.10.5002,>
2026-05-08,20:23:08.640432,IP,172.20.0.10.5002,>
2026-05-08,20:23:08.640638,IP,172.20.0.20.46413,>
2026-05-08,20:23:08.640701,IP,172.20.0.10.5002,>
2026-05-08,20:23:08.640935,IP,172.20.0.20.46413,>
2026-05-08,20:23:08.641062,IP,172.20.0.10.5002,>
2026-05-08,20:23:08.641604,IP,172.20.0.20.46413,>
2026-05-08,20:23:08.642008,IP,172.20.0.20.46413,>
2026-05-08,20:23:08.648055,IP,172.20.0.10.5002,>
2026-05-08,20:23:08.648454,IP,172.20.0.20.46413,>
2026-05-08,20:23:08.649460,IP,172.20.0.10.5002,>
2026-05-08,20:23:08.649862,IP,172.20.0.20.46413,>
2026-05-08,20:23:08.650068,IP,172.20.0.10.5002,>
2026-05-08,20:23:08.650166,IP,172.20.0.10.5002,>
2026-05-08,20:23:08.650421,IP,172.20.0.20.46413,>
2026-05-08,20:23:08.650685,IP,172.20.0.20.46413,>
2026-05-08,20:23:08.650941,IP,172.20.0.10.5002,>
2026-05-08,20:23:08.651053,IP,172.20.0.10.5002,>
2026-05-08,20:23:08.651776,IP,172.20.0.10.5002,>
2026-05-08,20:23:08.651953,IP,172.20.0.20.46413,>
2026-05-08,20:23:08.652267,IP,172.20.0.10.5002,>
2026-05-08,20:23:08.652440,IP,172.20.0.20.46413,>
2026-05-08,20:23:08.652908,IP,172.20.0.20.46413,>
2026-05-08,20:23:08.653350,IP,172.20.0.20.46413,>
2026-05-08,20:23:08.658758,IP,172.20.0.10.5002,>
2026-05-08,20:23:08.659175,IP,172.20.0.20.46413,>
2026-05-08,20:23:08.660160,IP,172.20.0.10.5002,>
2026-05-08,20:23:08.660534,IP,172.20.0.20.46413,>
2026-05-08,20:23:08.661131,IP,172.20.0.10.5002,>
2026-05-08,20:23:08.661258,IP,172.20.0.10.5002,>
2026-05-08,20:23:08.661443,IP,172.20.0.20.46413,>
2026-05-08,20:23:08.661771,IP,172.20.0.20.46413,>
2026-05-08,20:23:08.662308,IP,172.20.0.10.5002,>
2026-05-08,20:23:08.662651,IP,172.20.0.10.5002,>
2026-05-08,20:23:08.662668,IP,172.20.0.20.46413,>
2026-05-08,20:23:08.663074,IP,172.20.0.10.5002,>
2026-05-08,20:23:08.663089,IP,172.20.0.20.46413,>
2026-05-08,20:23:08.663482,IP,172.20.0.20.46413,>
2026-05-08,20:23:08.663590,IP,172.20.0.10.5002,>
2026-05-08,20:23:08.664021,IP,172.20.0.20.46413,>
2026-05-08,20:23:08.669569,IP,172.20.0.10.5002,>
2026-05-08,20:23:08.670101,IP,172.20.0.20.46413,>
2026-05-08,20:23:08.670936,IP,172.20.0.10.5002,>
2026-05-08,20:23:08.671343,IP,172.20.0.20.46413,>
2026-05-08,20:23:08.671685,IP,172.20.0.10.5002,>
2026-05-08,20:23:08.672051,IP,172.20.0.20.46413,>
2026-05-08,20:23:08.672115,IP,172.20.0.10.5002,>
2026-05-08,20:23:08.672453,IP,172.20.0.20.46413,>
2026-05-08,20:23:08.672969,IP,172.20.0.10.5002,>
2026-05-08,20:23:08.673329,IP,172.20.0.10.5002,>
2026-05-08,20:23:08.673588,IP,172.20.0.20.46413,>
2026-05-08,20:23:08.673752,IP,172.20.0.10.5002,>
2026-05-08,20:23:08.673941,IP,172.20.0.20.46413,>
2026-05-08,20:23:08.674190,IP,172.20.0.20.46413,>
2026-05-08,20:23:08.674478,IP,172.20.0.10.5002,>
2026-05-08,20:23:08.674889,IP,172.20.0.20.46413,>
2026-05-08,20:23:08.680389,IP,172.20.0.10.5002,>
2026-05-08,20:23:08.680740,IP,172.20.0.20.46413,>
2026-05-08,20:23:08.681711,IP,172.20.0.10.5002,>
2026-05-08,20:23:08.682144,IP,172.20.0.20.46413,>
2026-05-08,20:23:08.682321,IP,172.20.0.10.5002,>
2026-05-08,20:23:08.682654,IP,172.20.0.20.46413,>
2026-05-08,20:23:08.682662,IP,172.20.0.10.5002,>
2026-05-08,20:23:08.683127,IP,172.20.0.20.46413,>
2026-05-08,20:23:08.684135,IP,172.20.0.10.5002,>
2026-05-08,20:23:08.684212,IP,172.20.0.10.5002,>
2026-05-08,20:23:08.684379,IP,172.20.0.10.5002,>
2026-05-08,20:23:08.684554,IP,172.20.0.20.46413,>
2026-05-08,20:23:08.684845,IP,172.20.0.20.46413,>
2026-05-08,20:23:08.685097,IP,172.20.0.10.5002,>
2026-05-08,20:23:08.685198,IP,172.20.0.20.46413,>
2026-05-08,20:23:08.686025,IP,172.20.0.20.46413,>
2026-05-08,20:23:08.691090,IP,172.20.0.10.5002,>
2026-05-08,20:23:08.691434,IP,172.20.0.20.46413,>
2026-05-08,20:23:08.692379,IP,172.20.0.10.5002,>
2026-05-08,20:23:08.692709,IP,172.20.0.20.46413,>
2026-05-08,20:23:08.692888,IP,172.20.0.10.5002,>
2026-05-08,20:23:08.693195,IP,172.20.0.20.46413,>
2026-05-08,20:23:08.693337,IP,172.20.0.10.5002,>
2026-05-08,20:23:08.693643,IP,172.20.0.20.46413,>
2026-05-08,20:23:08.694948,IP,172.20.0.10.5002,>
2026-05-08,20:23:08.695020,IP,172.20.0.10.5002,>
2026-05-08,20:23:08.695275,IP,172.20.0.20.46413,>
2026-05-08,20:23:08.695350,IP,172.20.0.10.5002,>
2026-05-08,20:23:08.695596,IP,172.20.0.20.46413,>
2026-05-08,20:23:08.695882,IP,172.20.0.20.46413,>
2026-05-08,20:23:08.697128,IP,172.20.0.10.5002,>
2026-05-08,20:23:08.697552,IP,172.20.0.20.46413,>
2026-05-08,20:23:08.701891,IP,172.20.0.10.5002,>
2026-05-08,20:23:08.702233,IP,172.20.0.20.46413,>
2026-05-08,20:23:08.702937,IP,172.20.0.10.5002,>
2026-05-08,20:23:08.703470,IP,172.20.0.20.46413,>
2026-05-08,20:23:08.703632,IP,172.20.0.10.5002,>
2026-05-08,20:23:08.703967,IP,172.20.0.10.5002,>
2026-05-08,20:23:08.704847,IP,172.20.0.20.46413,>
2026-05-08,20:23:08.705211,IP,172.20.0.20.46413,>
2026-05-08,20:23:08.705565,IP,172.20.0.10.5002,>
2026-05-08,20:23:08.706009,IP,172.20.0.10.5002,>
2026-05-08,20:23:08.706114,IP,172.20.0.10.5002,>
2026-05-08,20:23:08.706579,IP,172.20.0.20.46413,>
2026-05-08,20:23:08.706587,IP,172.20.0.20.46413,>
2026-05-08,20:23:08.706594,IP,172.20.0.20.46413,>
2026-05-08,20:23:08.707867,IP,172.20.0.10.5002,>
2026-05-08,20:23:08.708196,IP,172.20.0.20.46413,>
2026-05-08,20:23:08.712713,IP,172.20.0.10.5002,>
2026-05-08,20:23:08.713121,IP,172.20.0.20.46413,>
2026-05-08,20:23:08.713711,IP,172.20.0.10.5002,>
2026-05-08,20:23:08.714272,IP,172.20.0.20.46413,>
2026-05-08,20:23:08.715182,IP,172.20.0.10.5002,>
2026-05-08,20:23:08.715383,IP,172.20.0.10.5002,>
2026-05-08,20:23:08.715599,IP,172.20.0.20.46413,>
2026-05-08,20:23:08.715917,IP,172.20.0.20.46413,>
2026-05-08,20:23:08.716939,IP,172.20.0.10.5002,>
2026-05-08,20:23:08.717013,IP,172.20.0.10.5002,>
2026-05-08,20:23:08.717094,IP,172.20.0.10.5002,>
2026-05-08,20:23:08.717333,IP,172.20.0.20.46413,>
2026-05-08,20:23:08.717644,IP,172.20.0.20.46413,>
2026-05-08,20:23:08.717978,IP,172.20.0.20.46413,>
2026-05-08,20:23:08.718392,IP,172.20.0.10.5002,>
2026-05-08,20:23:08.718809,IP,172.20.0.20.46413,>
2026-05-08,20:23:08.723437,IP,172.20.0.10.5002,>
2026-05-08,20:23:08.723863,IP,172.20.0.20.46413,>
2026-05-08,20:23:08.724542,IP,172.20.0.10.5002,>
2026-05-08,20:23:08.724940,IP,172.20.0.20.46413,>
2026-05-08,20:23:08.725851,IP,172.20.0.10.5002,>
2026-05-08,20:23:08.726095,IP,172.20.0.10.5002,>
2026-05-08,20:23:08.726353,IP,172.20.0.20.46413,>
2026-05-08,20:23:08.726941,IP,172.20.0.20.46413,>
2026-05-08,20:23:08.727687,IP,172.20.0.10.5002,>
2026-05-08,20:23:08.727754,IP,172.20.0.10.5002,>
2026-05-08,20:23:08.728070,IP,172.20.0.20.46413,>
2026-05-08,20:23:08.728156,IP,172.20.0.10.5002,>
2026-05-08,20:23:08.728367,IP,172.20.0.20.46413,>
2026-05-08,20:23:08.728676,IP,172.20.0.20.46413,>
2026-05-08,20:23:08.728997,IP,172.20.0.10.5002,>
2026-05-08,20:23:08.729568,IP,172.20.0.20.46413,>
2026-05-08,20:23:08.734183,IP,172.20.0.10.5002,>
2026-05-08,20:23:08.734559,IP,172.20.0.20.46413,>
2026-05-08,20:23:08.735150,IP,172.20.0.10.5002,>
2026-05-08,20:23:08.735480,IP,172.20.0.20.46413,>
2026-05-08,20:23:08.736586,IP,172.20.0.10.5002,>
2026-05-08,20:23:08.736903,IP,172.20.0.20.46413,>
2026-05-08,20:23:08.737104,IP,172.20.0.10.5002,>
2026-05-08,20:23:08.737499,IP,172.20.0.20.46413,>
2026-05-08,20:23:08.738326,IP,172.20.0.10.5002,>
2026-05-08,20:23:08.738627,IP,172.20.0.10.5002,>
2026-05-08,20:23:08.738683,IP,172.20.0.20.46413,>
2026-05-08,20:23:08.738947,IP,172.20.0.10.5002,>
2026-05-08,20:23:08.738973,IP,172.20.0.20.46413,>
2026-05-08,20:23:08.739178,IP,172.20.0.20.46413,>
2026-05-08,20:23:08.740059,IP,172.20.0.10.5002,>
2026-05-08,20:23:08.740413,IP,172.20.0.20.46413,>
2026-05-08,20:23:08.744950,IP,172.20.0.10.5002,>
2026-05-08,20:23:08.745375,IP,172.20.0.20.46413,>
2026-05-08,20:23:08.745763,IP,172.20.0.10.5002,>
2026-05-08,20:23:08.746473,IP,172.20.0.20.46413,>
2026-05-08,20:23:08.747140,IP,172.20.0.10.5002,>
2026-05-08,20:23:08.747512,IP,172.20.0.20.46413,>
2026-05-08,20:23:08.747691,IP,172.20.0.10.5002,>
2026-05-08,20:23:08.748069,IP,172.20.0.20.46413,>
2026-05-08,20:23:08.749087,IP,172.20.0.10.5002,>
2026-05-08,20:23:08.749467,IP,172.20.0.10.5002,>
2026-05-08,20:23:08.749508,IP,172.20.0.20.46413,>
2026-05-08,20:23:08.749552,IP,172.20.0.10.5002,>
2026-05-08,20:23:08.749816,IP,172.20.0.20.46413,>
2026-05-08,20:23:08.750169,IP,172.20.0.20.46413,>
2026-05-08,20:23:08.750642,IP,172.20.0.10.5002,>
2026-05-08,20:23:08.751090,IP,172.20.0.20.46413,>
2026-05-08,20:23:08.755722,IP,172.20.0.10.5002,>
2026-05-08,20:23:08.756144,IP,172.20.0.20.46413,>
2026-05-08,20:23:08.756669,IP,172.20.0.10.5002,>
2026-05-08,20:23:08.757021,IP,172.20.0.20.46413,>
2026-05-08,20:23:08.757744,IP,172.20.0.10.5002,>
2026-05-08,20:23:08.758168,IP,172.20.0.20.46413,>
2026-05-08,20:23:08.758331,IP,172.20.0.10.5002,>
2026-05-08,20:23:08.758649,IP,172.20.0.20.46413,>
2026-05-08,20:23:08.759816,IP,172.20.0.10.5002,>
2026-05-08,20:23:08.760072,IP,172.20.0.10.5002,>
2026-05-08,20:23:08.760150,IP,172.20.0.20.46413,>
2026-05-08,20:23:08.760351,IP,172.20.0.10.5002,>
2026-05-08,20:23:08.760437,IP,172.20.0.20.46413,>
2026-05-08,20:23:08.760956,IP,172.20.0.20.46413,>
2026-05-08,20:23:08.761278,IP,172.20.0.10.5002,>
2026-05-08,20:23:08.761682,IP,172.20.0.20.46413,>
2026-05-08,20:23:08.766475,IP,172.20.0.10.5002,>
2026-05-08,20:23:08.766837,IP,172.20.0.20.46413,>
2026-05-08,20:23:08.767204,IP,172.20.0.10.5002,>
2026-05-08,20:23:08.767611,IP,172.20.0.20.46413,>
2026-05-08,20:23:08.768529,IP,172.20.0.10.5002,>
2026-05-08,20:23:08.768886,IP,172.20.0.10.5002,>
2026-05-08,20:23:08.768947,IP,172.20.0.20.46413,>
2026-05-08,20:23:08.769249,IP,172.20.0.20.46413,>
2026-05-08,20:23:08.770486,IP,172.20.0.10.5002,>
2026-05-08,20:23:08.770616,IP,172.20.0.10.5002,>
2026-05-08,20:23:08.770960,IP,172.20.0.20.46413,>
2026-05-08,20:23:08.771147,IP,172.20.0.10.5002,>
2026-05-08,20:23:08.771299,IP,172.20.0.20.46413,>
2026-05-08,20:23:08.771591,IP,172.20.0.20.46413,>
2026-05-08,20:23:08.771933,IP,172.20.0.10.5002,>
2026-05-08,20:23:08.772252,IP,172.20.0.20.46413,>
2026-05-08,20:23:08.777208,IP,172.20.0.10.5002,>
2026-05-08,20:23:08.777614,IP,172.20.0.20.46413,>
2026-05-08,20:23:08.777823,IP,172.20.0.10.5002,>
2026-05-08,20:23:08.778166,IP,172.20.0.20.46413,>
2026-05-08,20:23:08.779196,IP,172.20.0.10.5002,>
2026-05-08,20:23:08.779488,IP,172.20.0.10.5002,>
2026-05-08,20:23:08.779607,IP,172.20.0.20.46413,>
2026-05-08,20:23:08.779928,IP,172.20.0.20.46413,>
2026-05-08,20:23:08.781213,IP,172.20.0.10.5002,>
2026-05-08,20:23:08.781553,IP,172.20.0.20.46413,>
2026-05-08,20:23:08.781597,IP,172.20.0.10.5002,>
2026-05-08,20:23:08.781973,IP,172.20.0.10.5002,>
2026-05-08,20:23:08.782048,IP,172.20.0.20.46413,>
2026-05-08,20:23:08.782317,IP,172.20.0.20.46413,>
2026-05-08,20:23:08.782463,IP,172.20.0.10.5002,>
2026-05-08,20:23:08.782898,IP,172.20.0.20.46413,>
2026-05-08,20:23:08.788084,IP,172.20.0.10.5002,>
2026-05-08,20:23:08.788487,IP,172.20.0.20.46413,>
2026-05-08,20:23:08.788816,IP,172.20.0.10.5002,>
2026-05-08,20:23:08.789285,IP,172.20.0.20.46413,>
2026-05-08,20:23:08.789856,IP,172.20.0.10.5002,>
2026-05-08,20:23:08.790098,IP,172.20.0.10.5002,>
2026-05-08,20:23:08.790225,IP,172.20.0.20.46413,>
2026-05-08,20:23:08.790674,IP,172.20.0.20.46413,>
2026-05-08,20:23:08.791820,IP,172.20.0.10.5002,>
2026-05-08,20:23:08.792104,IP,172.20.0.20.46413,>
2026-05-08,20:23:08.792245,IP,172.20.0.10.5002,>
2026-05-08,20:23:08.792476,IP,172.20.0.10.5002,>
2026-05-08,20:23:08.792586,IP,172.20.0.20.46413,>
2026-05-08,20:23:08.792855,IP,172.20.0.20.46413,>
2026-05-08,20:23:08.793163,IP,172.20.0.10.5002,>
2026-05-08,20:23:08.793970,IP,172.20.0.20.46413,>
2026-05-08,20:23:08.798840,IP,172.20.0.10.5002,>
2026-05-08,20:23:08.799227,IP,172.20.0.20.46413,>
2026-05-08,20:23:08.799439,IP,172.20.0.10.5002,>
2026-05-08,20:23:08.799809,IP,172.20.0.20.46413,>
2026-05-08,20:23:08.800405,IP,172.20.0.10.5002,>
2026-05-08,20:23:08.800897,IP,172.20.0.20.46413,>
2026-05-08,20:23:08.800945,IP,172.20.0.10.5002,>
2026-05-08,20:23:08.802167,IP,172.20.0.20.46413,>
2026-05-08,20:23:08.802406,IP,172.20.0.10.5002,>
2026-05-08,20:23:08.802807,IP,172.20.0.10.5002,>
2026-05-08,20:23:08.803036,IP,172.20.0.10.5002,>
2026-05-08,20:23:08.803115,IP,172.20.0.20.46413,>
2026-05-08,20:23:08.803383,IP,172.20.0.20.46413,>
2026-05-08,20:23:08.803647,IP,172.20.0.20.46413,>
2026-05-08,20:23:08.804189,IP,172.20.0.10.5002,>
2026-05-08,20:23:08.804597,IP,172.20.0.20.46413,>
2026-05-08,20:23:08.809613,IP,172.20.0.10.5002,>
2026-05-08,20:23:08.810023,IP,172.20.0.10.5002,>
2026-05-08,20:23:08.810136,IP,172.20.0.20.46413,>
2026-05-08,20:23:08.810559,IP,172.20.0.20.46413,>
2026-05-08,20:23:08.811224,IP,172.20.0.10.5002,>
2026-05-08,20:23:08.811654,IP,172.20.0.20.46413,>
2026-05-08,20:23:08.812395,IP,172.20.0.10.5002,>
2026-05-08,20:23:08.812748,IP,172.20.0.20.46413,>
2026-05-08,20:23:08.813462,IP,172.20.0.10.5002,>
2026-05-08,20:23:08.813549,IP,172.20.0.10.5002,>
2026-05-08,20:23:08.813852,IP,172.20.0.10.5002,>
2026-05-08,20:23:08.813960,IP,172.20.0.20.46413,>
2026-05-08,20:23:08.814266,IP,172.20.0.20.46413,>
2026-05-08,20:23:08.814563,IP,172.20.0.20.46413,>
2026-05-08,20:23:08.814827,IP,172.20.0.10.5002,>
2026-05-08,20:23:08.815173,IP,172.20.0.20.46413,>
2026-05-08,20:23:08.820432,IP,172.20.0.10.5002,>
2026-05-08,20:23:08.820764,IP,172.20.0.10.5002,>
2026-05-08,20:23:08.820917,IP,172.20.0.20.46413,>
2026-05-08,20:23:08.821232,IP,172.20.0.20.46413,>
2026-05-08,20:23:08.821902,IP,172.20.0.10.5002,>
2026-05-08,20:23:08.822313,IP,172.20.0.20.46413,>
2026-05-08,20:23:08.822975,IP,172.20.0.10.5002,>
2026-05-08,20:23:08.823295,IP,172.20.0.20.46413,>
2026-05-08,20:23:08.824247,IP,172.20.0.10.5002,>
2026-05-08,20:23:08.824479,IP,172.20.0.10.5002,>
2026-05-08,20:23:08.824604,IP,172.20.0.20.46413,>
2026-05-08,20:23:08.824894,IP,172.20.0.10.5002,>
2026-05-08,20:23:08.825002,IP,172.20.0.20.46413,>
2026-05-08,20:23:08.825255,IP,172.20.0.20.46413,>
2026-05-08,20:23:08.825399,IP,172.20.0.10.5002,>
2026-05-08,20:23:08.825696,IP,172.20.0.20.46413,>
2026-05-08,20:23:08.831245,IP,172.20.0.10.5002,>
2026-05-08,20:23:08.831370,IP,172.20.0.10.5002,>
2026-05-08,20:23:08.831621,IP,172.20.0.20.46413,>
2026-05-08,20:23:08.831963,IP,172.20.0.20.46413,>
2026-05-08,20:23:08.832575,IP,172.20.0.10.5002,>
2026-05-08,20:23:08.832917,IP,172.20.0.20.46413,>
2026-05-08,20:23:08.833530,IP,172.20.0.10.5002,>
2026-05-08,20:23:08.833855,IP,172.20.0.20.46413,>
2026-05-08,20:23:08.834954,IP,172.20.0.10.5002,>
2026-05-08,20:23:08.835200,IP,172.20.0.10.5002,>
2026-05-08,20:23:08.835405,IP,172.20.0.20.46413,>
2026-05-08,20:23:08.835518,IP,172.20.0.10.5002,>
2026-05-08,20:23:08.835708,IP,172.20.0.20.46413,>
2026-05-08,20:23:08.836006,IP,172.20.0.20.46413,>
2026-05-08,20:23:08.836007,IP,172.20.0.10.5002,>
2026-05-08,20:23:08.836275,IP,172.20.0.20.46413,>
2026-05-08,20:23:08.841927,IP,172.20.0.10.5002,>
2026-05-08,20:23:08.842180,IP,172.20.0.10.5002,>
2026-05-08,20:23:08.842323,IP,172.20.0.20.46413,>
2026-05-08,20:23:08.842656,IP,172.20.0.20.46413,>
2026-05-08,20:23:08.843118,IP,172.20.0.10.5002,>
2026-05-08,20:23:08.843461,IP,172.20.0.20.46413,>
2026-05-08,20:23:08.844137,IP,172.20.0.10.5002,>
2026-05-08,20:23:08.844464,IP,172.20.0.20.46413,>
2026-05-08,20:23:08.846100,IP,172.20.0.10.5002,>
2026-05-08,20:23:08.846170,IP,172.20.0.10.5002,>
2026-05-08,20:23:08.846256,IP,172.20.0.10.5002,>
2026-05-08,20:23:08.846455,IP,172.20.0.10.5002,>
2026-05-08,20:23:08.846466,IP,172.20.0.20.46413,>
2026-05-08,20:23:08.846778,IP,172.20.0.20.46413,>
2026-05-08,20:23:08.847099,IP,172.20.0.20.46413,>
2026-05-08,20:23:08.847375,IP,172.20.0.20.46413,>
2026-05-08,20:23:08.852683,IP,172.20.0.10.5002,>
2026-05-08,20:23:08.852855,IP,172.20.0.10.5002,>
2026-05-08,20:23:08.853152,IP,172.20.0.20.46413,>
2026-05-08,20:23:08.853454,IP,172.20.0.20.46413,>
2026-05-08,20:23:08.853705,IP,172.20.0.10.5002,>
2026-05-08,20:23:08.854545,IP,172.20.0.20.46413,>
2026-05-08,20:23:08.854656,IP,172.20.0.10.5002,>
2026-05-08,20:23:08.855142,IP,172.20.0.20.46413,>
2026-05-08,20:23:08.856737,IP,172.20.0.10.5002,>
2026-05-08,20:23:08.857011,IP,172.20.0.10.5002,>
2026-05-08,20:23:08.857087,IP,172.20.0.20.46413,>
2026-05-08,20:23:08.857270,IP,172.20.0.10.5002,>
2026-05-08,20:23:08.857356,IP,172.20.0.20.46413,>
2026-05-08,20:23:08.857569,IP,172.20.0.20.46413,>
2026-05-08,20:23:08.857595,IP,172.20.0.10.5002,>
2026-05-08,20:23:08.858003,IP,172.20.0.20.46413,>
2026-05-08,20:23:08.863461,IP,172.20.0.10.5002,>
2026-05-08,20:23:08.863609,IP,172.20.0.10.5002,>
2026-05-08,20:23:08.863886,IP,172.20.0.20.46413,>
2026-05-08,20:23:08.864161,IP,172.20.0.20.46413,>
2026-05-08,20:23:08.864831,IP,172.20.0.10.5002,>
2026-05-08,20:23:08.865169,IP,172.20.0.20.46413,>
2026-05-08,20:23:08.865297,IP,172.20.0.10.5002,>
2026-05-08,20:23:08.865722,IP,172.20.0.20.46413,>
2026-05-08,20:23:08.867423,IP,172.20.0.10.5002,>
2026-05-08,20:23:08.867507,IP,172.20.0.10.5002,>
2026-05-08,20:23:08.867742,IP,172.20.0.10.5002,>
2026-05-08,20:23:08.867861,IP,172.20.0.20.46413,>
2026-05-08,20:23:08.868124,IP,172.20.0.20.46413,>
2026-05-08,20:23:08.868265,IP,172.20.0.10.5002,>
2026-05-08,20:23:08.868396,IP,172.20.0.20.46413,>
2026-05-08,20:23:08.868622,IP,172.20.0.20.46413,>
2026-05-08,20:23:08.874228,IP,172.20.0.10.5002,>
2026-05-08,20:23:08.874313,IP,172.20.0.10.5002,>
2026-05-08,20:23:08.874602,IP,172.20.0.20.46413,>
2026-05-08,20:23:08.874892,IP,172.20.0.20.46413,>
2026-05-08,20:23:08.875409,IP,172.20.0.10.5002,>
2026-05-08,20:23:08.875887,IP,172.20.0.20.46413,>
2026-05-08,20:23:08.876060,IP,172.20.0.10.5002,>
2026-05-08,20:23:08.876434,IP,172.20.0.20.46413,>
2026-05-08,20:23:08.878437,IP,172.20.0.10.5002,>
2026-05-08,20:23:08.878458,IP,172.20.0.10.5002,>
2026-05-08,20:23:08.878543,IP,172.20.0.10.5002,>
2026-05-08,20:23:08.878830,IP,172.20.0.10.5002,>
2026-05-08,20:23:08.878888,IP,172.20.0.20.46413,>
2026-05-08,20:23:08.879142,IP,172.20.0.20.46413,>
2026-05-08,20:23:08.879395,IP,172.20.0.20.46413,>
2026-05-08,20:23:08.879632,IP,172.20.0.20.46413,>
2026-05-08,20:23:08.885013,IP,172.20.0.10.5002,>
2026-05-08,20:23:08.885022,IP,172.20.0.10.5002,>
2026-05-08,20:23:08.885351,IP,172.20.0.20.46413,>
2026-05-08,20:23:08.885617,IP,172.20.0.20.46413,>
2026-05-08,20:23:08.886452,IP,172.20.0.10.5002,>
2026-05-08,20:23:08.886687,IP,172.20.0.10.5002,>
2026-05-08,20:23:08.886864,IP,172.20.0.20.46413,>
2026-05-08,20:23:08.887178,IP,172.20.0.20.46413,>
2026-05-08,20:23:08.889193,IP,172.20.0.10.5002,>
2026-05-08,20:23:08.889381,IP,172.20.0.10.5002,>
2026-05-08,20:23:08.889615,IP,172.20.0.20.46413,>
2026-05-08,20:23:08.890029,IP,172.20.0.20.46413,>
2026-05-08,20:23:08.890091,IP,172.20.0.10.5002,>
2026-05-08,20:23:08.890338,IP,172.20.0.10.5002,>
2026-05-08,20:23:08.890415,IP,172.20.0.20.46413,>
2026-05-08,20:23:08.890717,IP,172.20.0.20.46413,>
2026-05-08,20:23:08.895903,IP,172.20.0.10.5002,>
2026-05-08,20:23:08.896018,IP,172.20.0.10.5002,>
2026-05-08,20:23:08.896313,IP,172.20.0.20.46413,>
2026-05-08,20:23:08.896622,IP,172.20.0.20.46413,>
2026-05-08,20:23:08.897050,IP,172.20.0.10.5002,>
2026-05-08,20:23:08.897362,IP,172.20.0.10.5002,>
2026-05-08,20:23:08.897775,IP,172.20.0.20.46413,>
2026-05-08,20:23:08.898253,IP,172.20.0.20.46413,>
2026-05-08,20:23:08.900096,IP,172.20.0.10.5002,>
2026-05-08,20:23:08.900180,IP,172.20.0.10.5002,>
2026-05-08,20:23:08.900541,IP,172.20.0.20.46413,>
2026-05-08,20:23:08.900926,IP,172.20.0.20.46413,>
2026-05-08,20:23:08.900979,IP,172.20.0.10.5002,>
2026-05-08,20:23:08.901067,IP,172.20.0.10.5002,>
2026-05-08,20:23:08.901720,IP,172.20.0.20.46413,>
2026-05-08,20:23:08.902866,IP,172.20.0.20.46413,>
2026-05-08,20:23:08.906580,IP,172.20.0.10.5002,>
2026-05-08,20:23:08.906803,IP,172.20.0.10.5002,>
2026-05-08,20:23:08.906999,IP,172.20.0.20.46413,>
2026-05-08,20:23:08.907318,IP,172.20.0.20.46413,>
2026-05-08,20:23:08.908037,IP,172.20.0.10.5002,>
2026-05-08,20:23:08.908554,IP,172.20.0.10.5002,>
2026-05-08,20:23:08.908690,IP,172.20.0.20.46413,>
2026-05-08,20:23:08.909045,IP,172.20.0.20.46413,>
2026-05-08,20:23:08.910836,IP,172.20.0.10.5002,>
2026-05-08,20:23:08.911165,IP,172.20.0.20.46413,>
2026-05-08,20:23:08.911232,IP,172.20.0.10.5002,>
2026-05-08,20:23:08.911546,IP,172.20.0.20.46413,>
2026-05-08,20:23:08.911965,IP,172.20.0.10.5002,>
2026-05-08,20:23:08.912354,IP,172.20.0.20.46413,>
2026-05-08,20:23:08.913072,IP,172.20.0.10.5002,>
2026-05-08,20:23:08.913402,IP,172.20.0.20.46413,>
2026-05-08,20:23:08.917316,IP,172.20.0.10.5002,>
2026-05-08,20:23:08.917508,IP,172.20.0.10.5002,>
2026-05-08,20:23:08.917727,IP,172.20.0.20.46413,>
2026-05-08,20:23:08.918087,IP,172.20.0.20.46413,>
2026-05-08,20:23:08.918956,IP,172.20.0.10.5002,>
2026-05-08,20:23:08.919220,IP,172.20.0.10.5002,>
2026-05-08,20:23:08.919302,IP,172.20.0.20.46413,>
2026-05-08,20:23:08.919554,IP,172.20.0.20.46413,>
2026-05-08,20:23:08.921837,IP,172.20.0.10.5002,>
2026-05-08,20:23:08.921929,IP,172.20.0.10.5002,>
2026-05-08,20:23:08.922328,IP,172.20.0.20.46413,>
2026-05-08,20:23:08.922580,IP,172.20.0.10.5002,>
2026-05-08,20:23:08.922846,IP,172.20.0.20.46413,>
2026-05-08,20:23:08.923124,IP,172.20.0.20.46413,>
2026-05-08,20:23:08.923580,IP,172.20.0.10.5002,>
2026-05-08,20:23:08.924252,IP,172.20.0.20.46413,>
2026-05-08,20:23:08.928223,IP,172.20.0.10.5002,>
2026-05-08,20:23:08.928244,IP,172.20.0.10.5002,>
2026-05-08,20:23:08.928628,IP,172.20.0.20.46413,>
2026-05-08,20:23:08.928947,IP,172.20.0.20.46413,>
2026-05-08,20:23:08.929550,IP,172.20.0.10.5002,>
2026-05-08,20:23:08.929974,IP,172.20.0.10.5002,>
2026-05-08,20:23:08.930249,IP,172.20.0.20.46413,>
2026-05-08,20:23:08.930516,IP,172.20.0.20.46413,>
2026-05-08,20:23:08.932639,IP,172.20.0.10.5002,>
2026-05-08,20:23:08.933006,IP,172.20.0.20.46413,>
2026-05-08,20:23:08.933313,IP,172.20.0.10.5002,>
2026-05-08,20:23:08.933403,IP,172.20.0.10.5002,>
2026-05-08,20:23:08.933717,IP,172.20.0.20.46413,>
2026-05-08,20:23:08.934123,IP,172.20.0.20.46413,>
2026-05-08,20:23:08.934490,IP,172.20.0.10.5002,>
2026-05-08,20:23:08.934916,IP,172.20.0.20.46413,>
2026-05-08,20:23:08.939070,IP,172.20.0.10.5002,>
2026-05-08,20:23:08.939152,IP,172.20.0.10.5002,>
2026-05-08,20:23:08.939437,IP,172.20.0.20.46413,>
2026-05-08,20:23:08.939762,IP,172.20.0.20.46413,>
2026-05-08,20:23:08.940485,IP,172.20.0.10.5002,>
2026-05-08,20:23:08.940728,IP,172.20.0.10.5002,>
2026-05-08,20:23:08.940874,IP,172.20.0.20.46413,>
2026-05-08,20:23:08.941185,IP,172.20.0.20.46413,>
2026-05-08,20:23:08.943397,IP,172.20.0.10.5002,>
2026-05-08,20:23:08.943751,IP,172.20.0.20.46413,>
2026-05-08,20:23:08.944065,IP,172.20.0.10.5002,>
2026-05-08,20:23:08.944405,IP,172.20.0.10.5002,>
2026-05-08,20:23:08.944475,IP,172.20.0.20.46413,>
2026-05-08,20:23:08.944756,IP,172.20.0.20.46413,>
2026-05-08,20:23:08.945161,IP,172.20.0.10.5002,>
2026-05-08,20:23:08.945758,IP,172.20.0.20.46413,>
2026-05-08,20:23:08.949773,IP,172.20.0.10.5002,>
2026-05-08,20:23:08.950151,IP,172.20.0.10.5002,>
2026-05-08,20:23:08.950173,IP,172.20.0.20.46413,>
2026-05-08,20:23:08.950478,IP,172.20.0.20.46413,>
2026-05-08,20:23:08.951135,IP,172.20.0.10.5002,>
2026-05-08,20:23:08.951453,IP,172.20.0.20.46413,>
2026-05-08,20:23:08.951686,IP,172.20.0.10.5002,>
2026-05-08,20:23:08.952064,IP,172.20.0.20.46413,>
2026-05-08,20:23:08.954023,IP,172.20.0.10.5002,>
2026-05-08,20:23:08.954374,IP,172.20.0.20.46413,>
2026-05-08,20:23:08.954819,IP,172.20.0.10.5002,>
2026-05-08,20:23:08.954909,IP,172.20.0.10.5002,>
2026-05-08,20:23:08.955569,IP,172.20.0.20.46413,>
2026-05-08,20:23:08.955891,IP,172.20.0.20.46413,>
2026-05-08,20:23:08.956003,IP,172.20.0.10.5002,>
2026-05-08,20:23:08.956563,IP,172.20.0.20.46413,>
2026-05-08,20:23:08.960470,IP,172.20.0.10.5002,>
2026-05-08,20:23:08.960679,IP,172.20.0.10.5002,>
2026-05-08,20:23:08.961272,IP,172.20.0.20.46413,>
2026-05-08,20:23:08.961660,IP,172.20.0.10.5002,>
2026-05-08,20:23:08.961765,IP,172.20.0.20.46413,>
2026-05-08,20:23:08.962238,IP,172.20.0.10.5002,>
2026-05-08,20:23:08.962607,IP,172.20.0.20.46413,>
2026-05-08,20:23:08.963098,IP,172.20.0.20.46413,>
2026-05-08,20:23:08.964653,IP,172.20.0.10.5002,>
2026-05-08,20:23:08.964994,IP,172.20.0.20.46413,>
2026-05-08,20:23:08.965835,IP,172.20.0.10.5002,>
2026-05-08,20:23:08.966191,IP,172.20.0.10.5002,>
2026-05-08,20:23:08.966244,IP,172.20.0.20.46413,>
2026-05-08,20:23:08.966540,IP,172.20.0.20.46413,>
2026-05-08,20:23:08.966751,IP,172.20.0.10.5002,>
2026-05-08,20:23:08.967142,IP,172.20.0.20.46413,>
2026-05-08,20:23:08.971621,IP,172.20.0.10.5002,>
2026-05-08,20:23:08.972040,IP,172.20.0.20.46413,>
2026-05-08,20:23:08.972049,IP,172.20.0.10.5002,>
2026-05-08,20:23:08.972367,IP,172.20.0.20.46413,>
2026-05-08,20:23:08.972777,IP,172.20.0.10.5002,>
2026-05-08,20:23:08.973176,IP,172.20.0.20.46413,>
2026-05-08,20:23:08.973380,IP,172.20.0.10.5002,>
2026-05-08,20:23:08.973723,IP,172.20.0.20.46413,>
2026-05-08,20:23:08.975335,IP,172.20.0.10.5002,>
2026-05-08,20:23:08.975704,IP,172.20.0.20.46413,>
2026-05-08,20:23:08.976487,IP,172.20.0.10.5002,>
2026-05-08,20:23:08.976728,IP,172.20.0.10.5002,>
2026-05-08,20:23:08.976934,IP,172.20.0.20.46413,>
2026-05-08,20:23:08.977242,IP,172.20.0.20.46413,>
2026-05-08,20:23:08.977614,IP,172.20.0.10.5002,>
2026-05-08,20:23:08.978013,IP,172.20.0.20.46413,>
2026-05-08,20:23:08.982420,IP,172.20.0.10.5002,>
2026-05-08,20:23:08.982722,IP,172.20.0.10.5002,>
2026-05-08,20:23:08.982887,IP,172.20.0.20.46413,>
2026-05-08,20:23:08.983194,IP,172.20.0.20.46413,>
2026-05-08,20:23:08.983463,IP,172.20.0.10.5002,>
2026-05-08,20:23:08.983776,IP,172.20.0.20.46413,>
2026-05-08,20:23:08.983982,IP,172.20.0.10.5002,>
2026-05-08,20:23:08.984254,IP,172.20.0.20.46413,>
2026-05-08,20:23:08.986004,IP,172.20.0.10.5002,>
2026-05-08,20:23:08.986303,IP,172.20.0.20.46413,>
2026-05-08,20:23:08.987992,IP,172.20.0.10.5002,>
2026-05-08,20:23:08.988277,IP,172.20.0.20.46413,>
2026-05-08,20:23:08.988444,IP,172.20.0.10.5002,>
2026-05-08,20:23:08.988520,IP,172.20.0.10.5002,>
2026-05-08,20:23:08.988947,IP,172.20.0.20.46413,>
2026-05-08,20:23:08.989262,IP,172.20.0.20.46413,>
2026-05-08,20:23:08.993219,IP,172.20.0.10.5002,>
2026-05-08,20:23:08.993390,IP,172.20.0.10.5002,>
2026-05-08,20:23:08.993718,IP,172.20.0.20.46413,>
2026-05-08,20:23:08.993944,IP,172.20.0.10.5002,>
2026-05-08,20:23:08.994159,IP,172.20.0.20.46413,>
2026-05-08,20:23:08.994395,IP,172.20.0.10.5002,>
2026-05-08,20:23:08.994457,IP,172.20.0.20.46413,>
2026-05-08,20:23:08.994773,IP,172.20.0.20.46413,>
2026-05-08,20:23:08.996632,IP,172.20.0.10.5002,>
2026-05-08,20:23:08.997058,IP,172.20.0.20.46413,>
2026-05-08,20:23:08.998513,IP,172.20.0.10.5002,>
2026-05-08,20:23:08.998900,IP,172.20.0.20.46413,>
2026-05-08,20:23:08.999122,IP,172.20.0.10.5002,>
2026-05-08,20:23:08.999467,IP,172.20.0.10.5002,>
2026-05-08,20:23:08.999485,IP,172.20.0.20.46413,>
2026-05-08,20:23:08.999832,IP,172.20.0.20.46413,>
2026-05-08,20:23:09.004179,IP,172.20.0.10.5002,>
2026-05-08,20:23:09.004390,IP,172.20.0.10.5002,>
2026-05-08,20:23:09.004617,IP,172.20.0.20.46413,>
2026-05-08,20:23:09.004987,IP,172.20.0.20.46413,>
2026-05-08,20:23:09.005070,IP,172.20.0.10.5002,>
2026-05-08,20:23:09.005170,IP,172.20.0.10.5002,>
2026-05-08,20:23:09.005486,IP,172.20.0.20.46413,>
2026-05-08,20:23:09.005824,IP,172.20.0.20.46413,>
2026-05-08,20:23:09.007418,IP,172.20.0.10.5002,>
2026-05-08,20:23:09.007817,IP,172.20.0.20.46413,>
2026-05-08,20:23:09.009150,IP,172.20.0.10.5002,>
2026-05-08,20:23:09.009637,IP,172.20.0.20.46413,>
2026-05-08,20:23:09.009697,IP,172.20.0.10.5002,>
2026-05-08,20:23:09.010052,IP,172.20.0.10.5002,>
2026-05-08,20:23:09.010519,IP,172.20.0.20.46413,>
2026-05-08,20:23:09.011149,IP,172.20.0.20.46413,>
2026-05-08,20:23:09.015339,IP,172.20.0.10.5002,>
2026-05-08,20:23:09.015568,IP,172.20.0.10.5002,>
2026-05-08,20:23:09.015688,IP,172.20.0.10.5002,>
2026-05-08,20:23:09.015688,IP,172.20.0.20.46413,>
2026-05-08,20:23:09.015986,IP,172.20.0.20.46413,>
2026-05-08,20:23:09.016085,IP,172.20.0.10.5002,>
2026-05-08,20:23:09.016547,IP,172.20.0.20.46413,>
2026-05-08,20:23:09.017330,IP,172.20.0.20.46413,>
2026-05-08,20:23:09.018082,IP,172.20.0.10.5002,>
2026-05-08,20:23:09.018417,IP,172.20.0.20.46413,>
2026-05-08,20:23:09.019994,IP,172.20.0.10.5002,>
2026-05-08,20:23:09.020369,IP,172.20.0.20.46413,>
2026-05-08,20:23:09.020814,IP,172.20.0.10.5002,>
2026-05-08,20:23:09.021261,IP,172.20.0.20.46413,>
2026-05-08,20:23:09.021402,IP,172.20.0.10.5002,>
2026-05-08,20:23:09.021729,IP,172.20.0.20.46413,>
2026-05-08,20:23:09.026043,IP,172.20.0.10.5002,>
2026-05-08,20:23:09.026135,IP,172.20.0.10.5002,>
2026-05-08,20:23:09.026427,IP,172.20.0.20.46413,>
2026-05-08,20:23:09.026704,IP,172.20.0.20.46413,>
2026-05-08,20:23:09.026859,IP,172.20.0.10.5002,>
2026-05-08,20:23:09.027451,IP,172.20.0.20.46413,>
2026-05-08,20:23:09.027665,IP,172.20.0.10.5002,>
2026-05-08,20:23:09.028146,IP,172.20.0.20.46413,>
2026-05-08,20:23:09.028731,IP,172.20.0.10.5002,>
2026-05-08,20:23:09.029084,IP,172.20.0.20.46413,>
2026-05-08,20:23:09.030663,IP,172.20.0.10.5002,>
2026-05-08,20:23:09.031080,IP,172.20.0.20.46413,>
2026-05-08,20:23:09.031525,IP,172.20.0.10.5002,>
2026-05-08,20:23:09.032075,IP,172.20.0.20.46413,>
2026-05-08,20:23:09.032254,IP,172.20.0.10.5002,>
2026-05-08,20:23:09.032645,IP,172.20.0.20.46413,>
2026-05-08,20:23:09.037526,IP,172.20.0.10.5002,>
2026-05-08,20:23:09.037535,IP,172.20.0.10.5002,>
2026-05-08,20:23:09.037631,IP,172.20.0.10.5002,>
2026-05-08,20:23:09.038048,IP,172.20.0.20.46413,>
2026-05-08,20:23:09.038365,IP,172.20.0.10.5002,>
2026-05-08,20:23:09.038641,IP,172.20.0.20.46413,>
2026-05-08,20:23:09.039096,IP,172.20.0.20.46413,>
2026-05-08,20:23:09.039410,IP,172.20.0.10.5002,>
2026-05-08,20:23:09.039545,IP,172.20.0.20.46413,>
2026-05-08,20:23:09.040152,IP,172.20.0.20.46413,>
2026-05-08,20:23:09.041285,IP,172.20.0.10.5002,>
2026-05-08,20:23:09.042100,IP,172.20.0.20.46413,>
2026-05-08,20:23:09.042346,IP,172.20.0.10.5002,>
2026-05-08,20:23:09.042872,IP,172.20.0.10.5002,>
2026-05-08,20:23:09.043022,IP,172.20.0.20.46413,>
2026-05-08,20:23:09.043291,IP,172.20.0.20.46413,>
2026-05-08,20:23:09.048655,IP,172.20.0.10.5002,>
2026-05-08,20:23:09.049000,IP,172.20.0.10.5002,>
2026-05-08,20:23:09.049076,IP,172.20.0.20.46413,>
2026-05-08,20:23:09.049334,IP,172.20.0.10.5002,>
2026-05-08,20:23:09.049352,IP,172.20.0.20.46413,>
2026-05-08,20:23:09.049557,IP,172.20.0.20.46413,>
2026-05-08,20:23:09.049763,IP,172.20.0.10.5002,>
2026-05-08,20:23:09.050166,IP,172.20.0.20.46413,>
2026-05-08,20:23:09.050400,IP,172.20.0.10.5002,>
2026-05-08,20:23:09.052309,IP,172.20.0.10.5002,>
2026-05-08,20:23:09.055508,IP,172.20.0.10.5002,>
2026-05-08,20:23:09.055905,IP,172.20.0.10.5002,>
2026-05-08,20:23:09.056308,IP,172.20.0.20.46413,>
2026-05-08,20:23:09.056583,IP,172.20.0.20.46413,>
2026-05-08,20:23:09.056866,IP,172.20.0.20.46413,>
2026-05-08,20:23:09.057095,IP,172.20.0.20.46413,>
2026-05-08,20:23:09.059393,IP,172.20.0.10.5002,>
2026-05-08,20:23:09.059506,IP,172.20.0.10.5002,>
2026-05-08,20:23:09.059692,IP,172.20.0.10.5002,>
2026-05-08,20:23:09.059833,IP,172.20.0.20.46413,>
2026-05-08,20:23:09.060120,IP,172.20.0.20.46413,>
2026-05-08,20:23:09.060349,IP,172.20.0.20.46413,>
2026-05-08,20:23:09.067247,IP,172.20.0.10.5002,>
2026-05-08,20:23:09.067385,IP,172.20.0.10.5002,>
2026-05-08,20:23:09.067458,IP,172.20.0.10.5002,>
2026-05-08,20:23:09.067550,IP,172.20.0.10.5002,>
2026-05-08,20:23:09.067644,IP,172.20.0.10.5002,>
2026-05-08,20:23:09.067739,IP,172.20.0.20.46413,>
2026-05-08,20:23:09.068134,IP,172.20.0.20.46413,>
2026-05-08,20:23:09.068421,IP,172.20.0.20.46413,>
2026-05-08,20:23:09.068740,IP,172.20.0.20.46413,>
2026-05-08,20:23:09.069073,IP,172.20.0.20.46413,>
2026-05-08,20:23:09.070575,IP,172.20.0.10.5002,>
2026-05-08,20:23:09.070651,IP,172.20.0.10.5002,>
2026-05-08,20:23:09.070723,IP,172.20.0.10.5002,>
2026-05-08,20:23:09.071010,IP,172.20.0.20.46413,>
2026-05-08,20:23:09.071357,IP,172.20.0.20.46413,>
2026-05-08,20:23:09.071637,IP,172.20.0.20.46413,>
2026-05-08,20:23:09.078056,IP,172.20.0.10.5002,>
2026-05-08,20:23:09.078365,IP,172.20.0.10.5002,>
2026-05-08,20:23:09.078507,IP,172.20.0.20.46413,>
2026-05-08,20:23:09.078832,IP,172.20.0.10.5002,>
2026-05-08,20:23:09.078854,IP,172.20.0.20.46413,>
2026-05-08,20:23:09.078917,IP,172.20.0.10.5002,>
2026-05-08,20:23:09.079129,IP,172.20.0.20.46413,>
2026-05-08,20:23:09.079420,IP,172.20.0.20.46413,>
2026-05-08,20:23:09.079464,IP,172.20.0.10.5002,>
2026-05-08,20:23:09.079886,IP,172.20.0.20.46413,>
2026-05-08,20:23:09.081295,IP,172.20.0.10.5002,>
2026-05-08,20:23:09.081524,IP,172.20.0.10.5002,>
2026-05-08,20:23:09.081719,IP,172.20.0.20.46413,>
2026-05-08,20:23:09.081886,IP,172.20.0.10.5002,>
2026-05-08,20:23:09.082350,IP,172.20.0.20.46413,>
2026-05-08,20:23:09.082643,IP,172.20.0.20.46413,>
2026-05-08,20:23:09.088773,IP,172.20.0.10.5002,>
2026-05-08,20:23:09.089284,IP,172.20.0.20.46413,>
2026-05-08,20:23:09.089350,IP,172.20.0.10.5002,>
2026-05-08,20:23:09.089371,IP,172.20.0.10.5002,>
2026-05-08,20:23:09.089708,IP,172.20.0.20.46413,>
2026-05-08,20:23:09.089828,IP,172.20.0.10.5002,>
2026-05-08,20:23:09.090120,IP,172.20.0.20.46413,>
2026-05-08,20:23:09.090190,IP,172.20.0.10.5002,>
2026-05-08,20:23:09.090385,IP,172.20.0.20.46413,>
2026-05-08,20:23:09.090730,IP,172.20.0.20.46413,>
2026-05-08,20:23:09.092136,IP,172.20.0.10.5002,>
2026-05-08,20:23:09.092536,IP,172.20.0.10.5002,>
2026-05-08,20:23:09.092549,IP,172.20.0.20.46413,>
2026-05-08,20:23:09.092861,IP,172.20.0.20.46413,>
2026-05-08,20:23:09.092949,IP,172.20.0.10.5002,>
2026-05-08,20:23:09.093915,IP,172.20.0.20.46413,>
2026-05-08,20:23:09.099673,IP,172.20.0.10.5002,>
2026-05-08,20:23:09.100221,IP,172.20.0.20.46413,>
2026-05-08,20:23:09.100347,IP,172.20.0.10.5002,>
2026-05-08,20:23:09.100452,IP,172.20.0.10.5002,>
2026-05-08,20:23:09.100512,IP,172.20.0.10.5002,>
2026-05-08,20:23:09.100943,IP,172.20.0.20.46413,>
2026-05-08,20:23:09.101071,IP,172.20.0.10.5002,>
2026-05-08,20:23:09.101273,IP,172.20.0.20.46413,>
2026-05-08,20:23:09.101521,IP,172.20.0.20.46413,>
2026-05-08,20:23:09.101833,IP,172.20.0.20.46413,>
2026-05-08,20:23:09.102946,IP,172.20.0.10.5002,>
2026-05-08,20:23:09.103061,IP,172.20.0.10.5002,>
2026-05-08,20:23:09.103379,IP,172.20.0.20.46413,>
2026-05-08,20:23:09.103936,IP,172.20.0.20.46413,>
2026-05-08,20:23:09.104123,IP,172.20.0.10.5002,>
2026-05-08,20:23:09.104511,IP,172.20.0.20.46413,>
2026-05-08,20:23:09.110507,IP,172.20.0.10.5002,>
2026-05-08,20:23:09.110979,IP,172.20.0.20.46413,>
2026-05-08,20:23:09.111429,IP,172.20.0.10.5002,>
2026-05-08,20:23:09.111579,IP,172.20.0.10.5002,>
2026-05-08,20:23:09.111827,IP,172.20.0.10.5002,>
2026-05-08,20:23:09.111828,IP,172.20.0.20.46413,>
2026-05-08,20:23:09.112106,IP,172.20.0.10.5002,>
2026-05-08,20:23:09.112132,IP,172.20.0.20.46413,>
2026-05-08,20:23:09.112536,IP,172.20.0.20.46413,>
2026-05-08,20:23:09.112999,IP,172.20.0.20.46413,>
2026-05-08,20:23:09.113732,IP,172.20.0.10.5002,>
2026-05-08,20:23:09.114169,IP,172.20.0.20.46413,>
2026-05-08,20:23:09.114237,IP,172.20.0.10.5002,>
2026-05-08,20:23:09.114700,IP,172.20.0.20.46413,>
2026-05-08,20:23:09.114984,IP,172.20.0.10.5002,>
2026-05-08,20:23:09.115303,IP,172.20.0.20.46413,>
2026-05-08,20:23:09.121222,IP,172.20.0.10.5002,>
2026-05-08,20:23:09.121552,IP,172.20.0.20.46413,>
2026-05-08,20:23:09.122133,IP,172.20.0.10.5002,>
2026-05-08,20:23:09.122291,IP,172.20.0.10.5002,>
2026-05-08,20:23:09.122543,IP,172.20.0.20.46413,>
2026-05-08,20:23:09.122745,IP,172.20.0.10.5002,>
2026-05-08,20:23:09.123152,IP,172.20.0.10.5002,>
2026-05-08,20:23:09.123166,IP,172.20.0.20.46413,>
2026-05-08,20:23:09.123457,IP,172.20.0.20.46413,>
2026-05-08,20:23:09.123962,IP,172.20.0.20.46413,>
2026-05-08,20:23:09.124452,IP,172.20.0.10.5002,>
2026-05-08,20:23:09.124915,IP,172.20.0.10.5002,>
2026-05-08,20:23:09.124937,IP,172.20.0.20.46413,>
2026-05-08,20:23:09.125221,IP,172.20.0.20.46413,>
2026-05-08,20:23:09.125531,IP,172.20.0.10.5002,>
2026-05-08,20:23:09.126076,IP,172.20.0.20.46413,>
2026-05-08,20:23:09.132063,IP,172.20.0.10.5002,>
2026-05-08,20:23:09.132426,IP,172.20.0.20.46413,>
2026-05-08,20:23:09.133185,IP,172.20.0.10.5002,>
2026-05-08,20:23:09.133352,IP,172.20.0.10.5002,>
2026-05-08,20:23:09.133706,IP,172.20.0.10.5002,>
2026-05-08,20:23:09.133858,IP,172.20.0.20.46413,>
2026-05-08,20:23:09.134277,IP,172.20.0.10.5002,>
2026-05-08,20:23:09.134598,IP,172.20.0.20.46413,>
2026-05-08,20:23:09.134606,IP,172.20.0.20.46413,>
2026-05-08,20:23:09.134612,IP,172.20.0.20.46413,>
2026-05-08,20:23:09.135248,IP,172.20.0.10.5002,>
2026-05-08,20:23:09.135440,IP,172.20.0.10.5002,>
2026-05-08,20:23:09.135684,IP,172.20.0.20.46413,>
2026-05-08,20:23:09.136353,IP,172.20.0.20.46413,>
2026-05-08,20:23:09.136365,IP,172.20.0.10.5002,>
2026-05-08,20:23:09.136668,IP,172.20.0.20.46413,>
2026-05-08,20:23:09.142663,IP,172.20.0.10.5002,>
2026-05-08,20:23:09.144717,IP,172.20.0.10.5002,>
2026-05-08,20:23:09.144932,IP,172.20.0.10.5002,>
2026-05-08,20:23:09.145014,IP,172.20.0.10.5002,>
2026-05-08,20:23:09.145097,IP,172.20.0.10.5002,>
2026-05-08,20:23:09.146449,IP,172.20.0.10.5002,>
2026-05-08,20:23:09.146536,IP,172.20.0.10.5002,>
2026-05-08,20:23:09.146891,IP,172.20.0.10.5002,>
2026-05-08,20:23:09.147691,IP,172.20.0.20.46413,>
2026-05-08,20:23:09.148317,IP,172.20.0.20.46413,>
2026-05-08,20:23:09.148762,IP,172.20.0.20.46413,>
2026-05-08,20:23:09.149115,IP,172.20.0.20.46413,>
2026-05-08,20:23:09.149595,IP,172.20.0.20.46413,>
2026-05-08,20:23:09.150059,IP,172.20.0.20.46413,>
2026-05-08,20:23:09.150901,IP,172.20.0.20.46413,>
2026-05-08,20:23:09.151390,IP,172.20.0.20.46413,>
2026-05-08,20:23:09.158179,IP,172.20.0.10.5002,>
2026-05-08,20:23:09.158633,IP,172.20.0.20.46413,>
2026-05-08,20:23:09.158749,IP,172.20.0.10.5002,>
2026-05-08,20:23:09.159072,IP,172.20.0.10.5002,>
2026-05-08,20:23:09.159144,IP,172.20.0.20.46413,>
2026-05-08,20:23:09.159533,IP,172.20.0.20.46413,>
2026-05-08,20:23:09.160942,IP,172.20.0.10.5002,>
2026-05-08,20:23:09.161062,IP,172.20.0.10.5002,>
2026-05-08,20:23:09.161260,IP,172.20.0.10.5002,>
2026-05-08,20:23:09.161293,IP,172.20.0.10.5002,>
2026-05-08,20:23:09.161381,IP,172.20.0.20.46413,>
2026-05-08,20:23:09.161592,IP,172.20.0.10.5002,>
2026-05-08,20:23:09.161663,IP,172.20.0.20.46413,>
2026-05-08,20:23:09.162057,IP,172.20.0.20.46413,>
2026-05-08,20:23:09.162366,IP,172.20.0.20.46413,>
2026-05-08,20:23:09.162613,IP,172.20.0.20.46413,>
2026-05-08,20:23:09.169188,IP,172.20.0.10.5002,>
2026-05-08,20:23:09.169553,IP,172.20.0.10.5002,>
2026-05-08,20:23:09.169574,IP,172.20.0.20.46413,>
2026-05-08,20:23:09.169647,IP,172.20.0.10.5002,>
2026-05-08,20:23:09.169906,IP,172.20.0.20.46413,>
2026-05-08,20:23:09.170214,IP,172.20.0.20.46413,>
2026-05-08,20:23:09.171781,IP,172.20.0.10.5002,>
2026-05-08,20:23:09.172057,IP,172.20.0.10.5002,>
2026-05-08,20:23:09.172164,IP,172.20.0.20.46413,>
2026-05-08,20:23:09.172404,IP,172.20.0.10.5002,>
2026-05-08,20:23:09.172455,IP,172.20.0.20.46413,>
2026-05-08,20:23:09.172625,IP,172.20.0.10.5002,>
2026-05-08,20:23:09.172713,IP,172.20.0.20.46413,>
2026-05-08,20:23:09.172884,IP,172.20.0.10.5002,>
2026-05-08,20:23:09.172986,IP,172.20.0.20.46413,>
2026-05-08,20:23:09.173214,IP,172.20.0.20.46413,>
2026-05-08,20:23:09.179805,IP,172.20.0.10.5002,>
2026-05-08,20:23:09.180169,IP,172.20.0.10.5002,>
2026-05-08,20:23:09.180248,IP,172.20.0.20.46413,>
2026-05-08,20:23:09.180375,IP,172.20.0.10.5002,>
2026-05-08,20:23:09.180533,IP,172.20.0.20.46413,>
2026-05-08,20:23:09.180847,IP,172.20.0.20.46413,>
2026-05-08,20:23:09.182464,IP,172.20.0.10.5002,>
2026-05-08,20:23:09.182593,IP,172.20.0.10.5002,>
2026-05-08,20:23:09.182901,IP,172.20.0.20.46413,>
2026-05-08,20:23:09.183215,IP,172.20.0.20.46413,>
2026-05-08,20:23:09.183271,IP,172.20.0.10.5002,>
2026-05-08,20:23:09.183498,IP,172.20.0.10.5002,>
2026-05-08,20:23:09.183544,IP,172.20.0.20.46413,>
2026-05-08,20:23:09.183586,IP,172.20.0.10.5002,>
2026-05-08,20:23:09.183979,IP,172.20.0.20.46413,>
2026-05-08,20:23:09.184292,IP,172.20.0.20.46413,>
2026-05-08,20:23:09.190615,IP,172.20.0.10.5002,>
2026-05-08,20:23:09.190820,IP,172.20.0.10.5002,>
2026-05-08,20:23:09.191022,IP,172.20.0.20.46413,>
2026-05-08,20:23:09.191098,IP,172.20.0.10.5002,>
2026-05-08,20:23:09.191460,IP,172.20.0.20.46413,>
2026-05-08,20:23:09.191766,IP,172.20.0.20.46413,>
2026-05-08,20:23:09.193133,IP,172.20.0.10.5002,>
2026-05-08,20:23:09.193467,IP,172.20.0.10.5002,>
2026-05-08,20:23:09.193538,IP,172.20.0.20.46413,>
2026-05-08,20:23:09.193879,IP,172.20.0.10.5002,>
2026-05-08,20:23:09.193910,IP,172.20.0.20.46413,>
2026-05-08,20:23:09.194159,IP,172.20.0.10.5002,>
2026-05-08,20:23:09.194230,IP,172.20.0.20.46413,>
2026-05-08,20:23:09.194542,IP,172.20.0.20.46413,>
2026-05-08,20:23:09.194635,IP,172.20.0.10.5002,>
2026-05-08,20:23:09.195110,IP,172.20.0.20.46413,>
2026-05-08,20:23:09.201414,IP,172.20.0.10.5002,>
2026-05-08,20:23:09.201743,IP,172.20.0.20.46413,>
2026-05-08,20:23:09.201853,IP,172.20.0.10.5002,>
2026-05-08,20:23:09.202024,IP,172.20.0.10.5002,>
2026-05-08,20:23:09.202405,IP,172.20.0.20.46413,>
2026-05-08,20:23:09.202412,IP,172.20.0.20.46413,>
2026-05-08,20:23:09.203780,IP,172.20.0.10.5002,>
2026-05-08,20:23:09.204126,IP,172.20.0.10.5002,>
2026-05-08,20:23:09.204127,IP,172.20.0.20.46413,>
2026-05-08,20:23:09.204399,IP,172.20.0.20.46413,>
2026-05-08,20:23:09.204531,IP,172.20.0.10.5002,>
2026-05-08,20:23:09.204712,IP,172.20.0.10.5002,>
2026-05-08,20:23:09.204856,IP,172.20.0.20.46413,>
2026-05-08,20:23:09.205115,IP,172.20.0.20.46413,>
2026-05-08,20:23:09.205553,IP,172.20.0.10.5002,>
2026-05-08,20:23:09.206070,IP,172.20.0.20.46413,>
2026-05-08,20:23:09.212040,IP,172.20.0.10.5002,>
2026-05-08,20:23:09.212367,IP,172.20.0.20.46413,>
2026-05-08,20:23:09.213268,IP,172.20.0.10.5002,>
2026-05-08,20:23:09.213357,IP,172.20.0.10.5002,>
2026-05-08,20:23:09.213625,IP,172.20.0.20.46413,>
2026-05-08,20:23:09.214009,IP,172.20.0.20.46413,>
2026-05-08,20:23:09.214373,IP,172.20.0.10.5002,>
2026-05-08,20:23:09.214752,IP,172.20.0.20.46413,>
2026-05-08,20:23:09.214859,IP,172.20.0.10.5002,>
2026-05-08,20:23:09.215227,IP,172.20.0.20.46413,>
2026-05-08,20:23:09.216255,IP,172.20.0.10.5002,>
2026-05-08,20:23:09.216318,IP,172.20.0.10.5002,>
2026-05-08,20:23:09.216718,IP,172.20.0.10.5002,>
2026-05-08,20:23:09.216774,IP,172.20.0.20.46413,>
2026-05-08,20:23:09.217121,IP,172.20.0.20.46413,>
2026-05-08,20:23:09.217437,IP,172.20.0.20.46413,>
2026-05-08,20:23:09.222625,IP,172.20.0.10.5002,>
2026-05-08,20:23:09.223079,IP,172.20.0.20.46413,>
2026-05-08,20:23:09.224062,IP,172.20.0.10.5002,>
2026-05-08,20:23:09.224156,IP,172.20.0.10.5002,>
2026-05-08,20:23:09.224438,IP,172.20.0.20.46413,>
2026-05-08,20:23:09.224764,IP,172.20.0.20.46413,>
2026-05-08,20:23:09.225357,IP,172.20.0.10.5002,>
2026-05-08,20:23:09.225428,IP,172.20.0.10.5002,>
2026-05-08,20:23:09.225684,IP,172.20.0.20.46413,>
2026-05-08,20:23:09.226045,IP,172.20.0.20.46413,>
2026-05-08,20:23:09.227075,IP,172.20.0.10.5002,>
2026-05-08,20:23:09.227348,IP,172.20.0.10.5002,>
2026-05-08,20:23:09.227400,IP,172.20.0.20.46413,>
2026-05-08,20:23:09.227650,IP,172.20.0.20.46413,>
2026-05-08,20:23:09.227691,IP,172.20.0.10.5002,>
2026-05-08,20:23:09.228251,IP,172.20.0.20.46413,>
2026-05-08,20:23:09.233284,IP,172.20.0.10.5002,>
2026-05-08,20:23:09.233620,IP,172.20.0.20.46413,>
2026-05-08,20:23:09.235149,IP,172.20.0.10.5002,>
2026-05-08,20:23:09.235261,IP,172.20.0.10.5002,>
2026-05-08,20:23:09.235513,IP,172.20.0.20.46413,>
2026-05-08,20:23:09.235865,IP,172.20.0.20.46413,>
2026-05-08,20:23:09.236216,IP,172.20.0.10.5002,>
2026-05-08,20:23:09.236287,IP,172.20.0.10.5002,>
2026-05-08,20:23:09.236539,IP,172.20.0.20.46413,>
2026-05-08,20:23:09.236768,IP,172.20.0.20.46413,>
2026-05-08,20:23:09.237991,IP,172.20.0.10.5002,>
2026-05-08,20:23:09.238067,IP,172.20.0.10.5002,>
2026-05-08,20:23:09.238326,IP,172.20.0.20.46413,>
2026-05-08,20:23:09.238432,IP,172.20.0.10.5002,>
2026-05-08,20:23:09.238631,IP,172.20.0.20.46413,>
2026-05-08,20:23:09.238892,IP,172.20.0.20.46413,>
2026-05-08,20:23:09.243854,IP,172.20.0.10.5002,>
2026-05-08,20:23:09.244181,IP,172.20.0.20.46413,>
2026-05-08,20:23:09.245886,IP,172.20.0.10.5002,>
2026-05-08,20:23:09.246224,IP,172.20.0.20.46413,>
2026-05-08,20:23:09.246429,IP,172.20.0.10.5002,>
2026-05-08,20:23:09.246718,IP,172.20.0.10.5002,>
2026-05-08,20:23:09.246861,IP,172.20.0.20.46413,>
2026-05-08,20:23:09.247014,IP,172.20.0.10.5002,>
2026-05-08,20:23:09.247216,IP,172.20.0.20.46413,>
2026-05-08,20:23:09.247421,IP,172.20.0.20.46413,>
2026-05-08,20:23:09.248591,IP,172.20.0.10.5002,>
2026-05-08,20:23:09.248777,IP,172.20.0.10.5002,>
2026-05-08,20:23:09.249092,IP,172.20.0.10.5002,>
2026-05-08,20:23:09.249104,IP,172.20.0.20.46413,>
2026-05-08,20:23:09.249506,IP,172.20.0.20.46413,>
2026-05-08,20:23:09.249770,IP,172.20.0.20.46413,>
2026-05-08,20:23:09.254372,IP,172.20.0.10.5002,>
2026-05-08,20:23:09.254757,IP,172.20.0.20.46413,>
2026-05-08,20:23:09.257391,IP,172.20.0.10.5002,>
2026-05-08,20:23:09.257478,IP,172.20.0.10.5002,>
2026-05-08,20:23:09.257596,IP,172.20.0.10.5002,>
2026-05-08,20:23:09.257718,IP,172.20.0.10.5002,>
2026-05-08,20:23:09.257760,IP,172.20.0.20.46413,>
2026-05-08,20:23:09.258161,IP,172.20.0.20.46413,>
2026-05-08,20:23:09.258398,IP,172.20.0.20.46413,>
2026-05-08,20:23:09.258690,IP,172.20.0.20.46413,>
2026-05-08,20:23:09.260179,IP,172.20.0.10.5002,>
2026-05-08,20:23:09.260302,IP,172.20.0.10.5002,>
2026-05-08,20:23:09.260307,IP,172.20.0.10.5002,>
2026-05-08,20:23:09.260585,IP,172.20.0.20.46413,>
2026-05-08,20:23:09.260921,IP,172.20.0.20.46413,>
2026-05-08,20:23:09.261262,IP,172.20.0.20.46413,>
2026-05-08,20:23:09.265091,IP,172.20.0.10.5002,>
2026-05-08,20:23:09.265460,IP,172.20.0.20.46413,>
2026-05-08,20:23:09.268270,IP,172.20.0.10.5002,>
2026-05-08,20:23:09.268405,IP,172.20.0.10.5002,>
2026-05-08,20:23:09.268597,IP,172.20.0.10.5002,>
2026-05-08,20:23:09.268644,IP,172.20.0.20.46413,>
2026-05-08,20:23:09.268959,IP,172.20.0.10.5002,>
2026-05-08,20:23:09.269016,IP,172.20.0.20.46413,>
2026-05-08,20:23:09.269308,IP,172.20.0.20.46413,>
2026-05-08,20:23:09.269560,IP,172.20.0.20.46413,>
2026-05-08,20:23:09.270907,IP,172.20.0.10.5002,>
2026-05-08,20:23:09.271183,IP,172.20.0.10.5002,>
2026-05-08,20:23:09.271339,IP,172.20.0.20.46413,>
2026-05-08,20:23:09.271455,IP,172.20.0.10.5002,>
2026-05-08,20:23:09.271742,IP,172.20.0.20.46413,>
2026-05-08,20:23:09.272038,IP,172.20.0.20.46413,>
2026-05-08,20:23:09.275648,IP,172.20.0.10.5002,>
2026-05-08,20:23:09.275997,IP,172.20.0.20.46413,>
2026-05-08,20:23:09.279013,IP,172.20.0.10.5002,>
2026-05-08,20:23:09.279168,IP,172.20.0.10.5002,>
2026-05-08,20:23:09.279468,IP,172.20.0.10.5002,>
2026-05-08,20:23:09.279509,IP,172.20.0.20.46413,>
2026-05-08,20:23:09.279708,IP,172.20.0.10.5002,>
2026-05-08,20:23:09.279841,IP,172.20.0.20.46413,>
2026-05-08,20:23:09.280071,IP,172.20.0.20.46413,>
2026-05-08,20:23:09.280327,IP,172.20.0.20.46413,>
2026-05-08,20:23:09.281821,IP,172.20.0.10.5002,>
2026-05-08,20:23:09.282022,IP,172.20.0.10.5002,>
2026-05-08,20:23:09.282146,IP,172.20.0.20.46413,>
2026-05-08,20:23:09.282288,IP,172.20.0.10.5002,>
2026-05-08,20:23:09.282385,IP,172.20.0.20.46413,>
2026-05-08,20:23:09.282616,IP,172.20.0.20.46413,>
2026-05-08,20:23:09.286222,IP,172.20.0.10.5002,>
2026-05-08,20:23:09.286605,IP,172.20.0.20.46413,>
2026-05-08,20:23:09.289909,IP,172.20.0.10.5002,>
2026-05-08,20:23:09.289954,IP,172.20.0.10.5002,>
2026-05-08,20:23:09.290276,IP,172.20.0.10.5002,>
2026-05-08,20:23:09.290429,IP,172.20.0.20.46413,>
2026-05-08,20:23:09.290517,IP,172.20.0.10.5002,>
2026-05-08,20:23:09.290729,IP,172.20.0.20.46413,>
2026-05-08,20:23:09.291028,IP,172.20.0.20.46413,>
2026-05-08,20:23:09.291323,IP,172.20.0.20.46413,>
2026-05-08,20:23:09.292534,IP,172.20.0.10.5002,>
2026-05-08,20:23:09.292650,IP,172.20.0.10.5002,>
2026-05-08,20:23:09.292766,IP,172.20.0.10.5002,>
2026-05-08,20:23:09.292929,IP,172.20.0.20.46413,>
2026-05-08,20:23:09.293209,IP,172.20.0.20.46413,>
2026-05-08,20:23:09.293614,IP,172.20.0.20.46413,>
2026-05-08,20:23:09.296895,IP,172.20.0.10.5002,>
2026-05-08,20:23:09.297228,IP,172.20.0.20.46413,>
2026-05-08,20:23:09.300823,IP,172.20.0.10.5002,>
2026-05-08,20:23:09.300979,IP,172.20.0.10.5002,>
2026-05-08,20:23:09.301273,IP,172.20.0.10.5002,>
2026-05-08,20:23:09.301436,IP,172.20.0.20.46413,>
2026-05-08,20:23:09.301621,IP,172.20.0.10.5002,>
2026-05-08,20:23:09.302142,IP,172.20.0.20.46413,>
2026-05-08,20:23:09.302469,IP,172.20.0.20.46413,>
2026-05-08,20:23:09.303019,IP,172.20.0.20.46413,>
2026-05-08,20:23:09.303216,IP,172.20.0.10.5002,>
2026-05-08,20:23:09.303439,IP,172.20.0.10.5002,>
2026-05-08,20:23:09.303862,IP,172.20.0.10.5002,>
2026-05-08,20:23:09.304080,IP,172.20.0.20.46413,>
2026-05-08,20:23:09.304449,IP,172.20.0.20.46413,>
2026-05-08,20:23:09.304727,IP,172.20.0.20.46413,>
2026-05-08,20:23:09.307473,IP,172.20.0.10.5002,>
2026-05-08,20:23:09.307919,IP,172.20.0.20.46413,>
2026-05-08,20:23:09.311810,IP,172.20.0.10.5002,>
2026-05-08,20:23:09.312135,IP,172.20.0.20.46413,>
2026-05-08,20:23:09.312410,IP,172.20.0.10.5002,>
2026-05-08,20:23:09.312721,IP,172.20.0.20.46413,>
2026-05-08,20:23:09.312970,IP,172.20.0.10.5002,>
2026-05-08,20:23:09.313187,IP,172.20.0.10.5002,>
2026-05-08,20:23:09.313320,IP,172.20.0.20.46413,>
2026-05-08,20:23:09.313661,IP,172.20.0.20.46413,>
2026-05-08,20:23:09.314386,IP,172.20.0.10.5002,>
2026-05-08,20:23:09.314686,IP,172.20.0.20.46413,>
2026-05-08,20:23:09.314719,IP,172.20.0.10.5002,>
2026-05-08,20:23:09.314973,IP,172.20.0.10.5002,>
2026-05-08,20:23:09.315045,IP,172.20.0.20.46413,>
2026-05-08,20:23:09.315344,IP,172.20.0.20.46413,>
2026-05-08,20:23:09.318171,IP,172.20.0.10.5002,>
2026-05-08,20:23:09.318447,IP,172.20.0.20.46413,>
2026-05-08,20:23:09.322446,IP,172.20.0.10.5002,>
2026-05-08,20:23:09.322936,IP,172.20.0.20.46413,>
2026-05-08,20:23:09.322990,IP,172.20.0.10.5002,>
2026-05-08,20:23:09.323429,IP,172.20.0.20.46413,>
2026-05-08,20:23:09.323617,IP,172.20.0.10.5002,>
2026-05-08,20:23:09.323941,IP,172.20.0.10.5002,>
2026-05-08,20:23:09.324439,IP,172.20.0.20.46413,>
2026-05-08,20:23:09.324691,IP,172.20.0.20.46413,>
2026-05-08,20:23:09.324999,IP,172.20.0.10.5002,>
2026-05-08,20:23:09.325242,IP,172.20.0.10.5002,>
2026-05-08,20:23:09.325461,IP,172.20.0.20.46413,>
2026-05-08,20:23:09.325504,IP,172.20.0.10.5002,>
2026-05-08,20:23:09.325739,IP,172.20.0.20.46413,>
2026-05-08,20:23:09.326062,IP,172.20.0.20.46413,>
2026-05-08,20:23:09.328640,IP,172.20.0.10.5002,>
2026-05-08,20:23:09.329053,IP,172.20.0.20.46413,>
2026-05-08,20:23:09.333255,IP,172.20.0.10.5002,>
2026-05-08,20:23:09.333623,IP,172.20.0.10.5002,>
2026-05-08,20:23:09.333628,IP,172.20.0.20.46413,>
2026-05-08,20:23:09.334016,IP,172.20.0.20.46413,>
2026-05-08,20:23:09.334627,IP,172.20.0.10.5002,>
2026-05-08,20:23:09.334882,IP,172.20.0.10.5002,>
2026-05-08,20:23:09.334995,IP,172.20.0.20.46413,>
2026-05-08,20:23:09.335297,IP,172.20.0.20.46413,>
2026-05-08,20:23:09.335685,IP,172.20.0.10.5002,>
2026-05-08,20:23:09.336000,IP,172.20.0.10.5002,>
2026-05-08,20:23:09.336193,IP,172.20.0.10.5002,>
2026-05-08,20:23:09.336474,IP,172.20.0.20.46413,>
2026-05-08,20:23:09.336730,IP,172.20.0.20.46413,>
2026-05-08,20:23:09.337064,IP,172.20.0.20.46413,>
2026-05-08,20:23:09.339262,IP,172.20.0.10.5002,>
2026-05-08,20:23:09.339603,IP,172.20.0.20.46413,>
2026-05-08,20:23:09.343972,IP,172.20.0.10.5002,>
2026-05-08,20:23:09.344275,IP,172.20.0.10.5002,>
2026-05-08,20:23:09.344310,IP,172.20.0.20.46413,>
2026-05-08,20:23:09.344607,IP,172.20.0.20.46413,>
2026-05-08,20:23:09.345328,IP,172.20.0.10.5002,>
2026-05-08,20:23:09.345434,IP,172.20.0.10.5002,>
2026-05-08,20:23:09.345676,IP,172.20.0.20.46413,>
2026-05-08,20:23:09.346121,IP,172.20.0.20.46413,>
2026-05-08,20:23:09.346740,IP,172.20.0.10.5002,>
2026-05-08,20:23:09.346975,IP,172.20.0.10.5002,>
2026-05-08,20:23:09.347090,IP,172.20.0.20.46413,>
2026-05-08,20:23:09.347221,IP,172.20.0.10.5002,>
2026-05-08,20:23:09.347329,IP,172.20.0.20.46413,>
2026-05-08,20:23:09.347530,IP,172.20.0.20.46413,>
2026-05-08,20:23:09.349781,IP,172.20.0.10.5002,>
2026-05-08,20:23:09.350162,IP,172.20.0.20.46413,>
2026-05-08,20:23:09.354594,IP,172.20.0.10.5002,>
2026-05-08,20:23:09.354774,IP,172.20.0.10.5002,>
2026-05-08,20:23:09.354993,IP,172.20.0.20.46413,>
2026-05-08,20:23:09.355301,IP,172.20.0.20.46413,>
2026-05-08,20:23:09.356027,IP,172.20.0.10.5002,>
2026-05-08,20:23:09.356465,IP,172.20.0.20.46413,>
2026-05-08,20:23:09.357032,IP,172.20.0.10.5002,>
2026-05-08,20:23:09.357357,IP,172.20.0.10.5002,>
2026-05-08,20:23:09.357437,IP,172.20.0.10.5002,>
2026-05-08,20:23:09.357498,IP,172.20.0.20.46413,>
2026-05-08,20:23:09.357717,IP,172.20.0.10.5002,>
2026-05-08,20:23:09.357812,IP,172.20.0.20.46413,>
2026-05-08,20:23:09.358395,IP,172.20.0.20.46413,>
2026-05-08,20:23:09.358401,IP,172.20.0.20.46413,>
2026-05-08,20:23:09.360462,IP,172.20.0.10.5002,>
2026-05-08,20:23:09.360810,IP,172.20.0.20.46413,>
2026-05-08,20:23:09.365390,IP,172.20.0.10.5002,>
2026-05-08,20:23:09.365591,IP,172.20.0.10.5002,>
2026-05-08,20:23:09.365910,IP,172.20.0.20.46413,>
2026-05-08,20:23:09.366224,IP,172.20.0.20.46413,>
2026-05-08,20:23:09.366648,IP,172.20.0.10.5002,>
2026-05-08,20:23:09.367057,IP,172.20.0.20.46413,>
2026-05-08,20:23:09.367688,IP,172.20.0.10.5002,>
2026-05-08,20:23:09.368087,IP,172.20.0.20.46413,>
2026-05-08,20:23:09.368231,IP,172.20.0.10.5002,>
2026-05-08,20:23:09.368525,IP,172.20.0.20.46413,>
2026-05-08,20:23:09.368624,IP,172.20.0.10.5002,>
2026-05-08,20:23:09.368747,IP,172.20.0.10.5002,>
2026-05-08,20:23:09.368953,IP,172.20.0.20.46413,>
2026-05-08,20:23:09.369218,IP,172.20.0.20.46413,>
2026-05-08,20:23:09.371059,IP,172.20.0.10.5002,>
2026-05-08,20:23:09.371430,IP,172.20.0.20.46413,>
2026-05-08,20:23:09.376196,IP,172.20.0.10.5002,>
2026-05-08,20:23:09.376398,IP,172.20.0.10.5002,>
2026-05-08,20:23:09.376610,IP,172.20.0.20.46413,>
2026-05-08,20:23:09.376923,IP,172.20.0.20.46413,>
2026-05-08,20:23:09.377255,IP,172.20.0.10.5002,>
2026-05-08,20:23:09.378153,IP,172.20.0.20.46413,>
2026-05-08,20:23:09.378298,IP,172.20.0.10.5002,>
2026-05-08,20:23:09.378597,IP,172.20.0.20.46413,>
2026-05-08,20:23:09.379002,IP,172.20.0.10.5002,>
2026-05-08,20:23:09.379188,IP,172.20.0.10.5002,>
2026-05-08,20:23:09.379304,IP,172.20.0.20.46413,>
2026-05-08,20:23:09.379373,IP,172.20.0.10.5002,>
2026-05-08,20:23:09.379589,IP,172.20.0.20.46413,>
2026-05-08,20:23:09.379852,IP,172.20.0.20.46413,>
2026-05-08,20:23:09.381612,IP,172.20.0.10.5002,>
2026-05-08,20:23:09.382103,IP,172.20.0.20.46413,>
2026-05-08,20:23:09.386959,IP,172.20.0.10.5002,>
2026-05-08,20:23:09.387143,IP,172.20.0.10.5002,>
2026-05-08,20:23:09.387346,IP,172.20.0.20.46413,>
2026-05-08,20:23:09.387645,IP,172.20.0.20.46413,>
2026-05-08,20:23:09.388380,IP,172.20.0.10.5002,>
2026-05-08,20:23:09.388780,IP,172.20.0.20.46413,>
2026-05-08,20:23:09.388864,IP,172.20.0.10.5002,>
2026-05-08,20:23:09.389195,IP,172.20.0.20.46413,>
2026-05-08,20:23:09.389594,IP,172.20.0.10.5002,>
2026-05-08,20:23:09.389986,IP,172.20.0.10.5002,>
2026-05-08,20:23:09.389994,IP,172.20.0.10.5002,>
2026-05-08,20:23:09.390076,IP,172.20.0.20.46413,>
2026-05-08,20:23:09.390356,IP,172.20.0.20.46413,>
2026-05-08,20:23:09.390684,IP,172.20.0.20.46413,>
2026-05-08,20:23:09.392375,IP,172.20.0.10.5002,>
2026-05-08,20:23:09.392697,IP,172.20.0.20.46413,>
2026-05-08,20:23:09.397638,IP,172.20.0.10.5002,>
2026-05-08,20:23:09.397902,IP,172.20.0.10.5002,>
2026-05-08,20:23:09.398069,IP,172.20.0.20.46413,>
2026-05-08,20:23:09.398371,IP,172.20.0.20.46413,>
2026-05-08,20:23:09.399029,IP,172.20.0.10.5002,>
2026-05-08,20:23:09.399368,IP,172.20.0.20.46413,>
2026-05-08,20:23:09.399572,IP,172.20.0.10.5002,>
2026-05-08,20:23:09.400023,IP,172.20.0.20.46413,>
2026-05-08,20:23:09.400306,IP,172.20.0.10.5002,>
2026-05-08,20:23:09.400541,IP,172.20.0.10.5002,>
2026-05-08,20:23:09.400727,IP,172.20.0.20.46413,>
2026-05-08,20:23:09.400997,IP,172.20.0.10.5002,>
2026-05-08,20:23:09.401014,IP,172.20.0.20.46413,>
2026-05-08,20:23:09.401239,IP,172.20.0.20.46413,>
2026-05-08,20:23:09.402900,IP,172.20.0.10.5002,>
2026-05-08,20:23:09.403331,IP,172.20.0.20.46413,>
2026-05-08,20:23:09.408503,IP,172.20.0.10.5002,>
2026-05-08,20:23:09.408583,IP,172.20.0.10.5002,>
2026-05-08,20:23:09.408952,IP,172.20.0.20.46413,>
2026-05-08,20:23:09.409220,IP,172.20.0.20.46413,>
2026-05-08,20:23:09.409543,IP,172.20.0.10.5002,>
2026-05-08,20:23:09.410038,IP,172.20.0.20.46413,>
2026-05-08,20:23:09.410258,IP,172.20.0.10.5002,>
2026-05-08,20:23:09.410560,IP,172.20.0.20.46413,>
2026-05-08,20:23:09.411013,IP,172.20.0.10.5002,>
2026-05-08,20:23:09.411164,IP,172.20.0.10.5002,>
2026-05-08,20:23:09.411369,IP,172.20.0.20.46413,>
2026-05-08,20:23:09.411479,IP,172.20.0.10.5002,>
2026-05-08,20:23:09.411733,IP,172.20.0.20.46413,>
2026-05-08,20:23:09.412001,IP,172.20.0.20.46413,>
2026-05-08,20:23:09.413524,IP,172.20.0.10.5002,>
2026-05-08,20:23:09.414007,IP,172.20.0.20.46413,>
2026-05-08,20:23:09.419218,IP,172.20.0.10.5002,>
2026-05-08,20:23:09.419384,IP,172.20.0.10.5002,>
2026-05-08,20:23:09.419631,IP,172.20.0.20.46413,>
2026-05-08,20:23:09.419931,IP,172.20.0.20.46413,>
2026-05-08,20:23:09.420287,IP,172.20.0.10.5002,>
2026-05-08,20:23:09.420629,IP,172.20.0.20.46413,>
2026-05-08,20:23:09.420743,IP,172.20.0.10.5002,>
2026-05-08,20:23:09.421080,IP,172.20.0.20.46413,>
2026-05-08,20:23:09.421733,IP,172.20.0.10.5002,>
2026-05-08,20:23:09.421929,IP,172.20.0.10.5002,>
2026-05-08,20:23:09.422161,IP,172.20.0.10.5002,>
2026-05-08,20:23:09.422353,IP,172.20.0.20.46413,>
2026-05-08,20:23:09.422729,IP,172.20.0.20.46413,>
2026-05-08,20:23:09.423114,IP,172.20.0.20.46413,>
2026-05-08,20:23:09.424290,IP,172.20.0.10.5002,>
2026-05-08,20:23:09.424660,IP,172.20.0.20.46413,>
2026-05-08,20:23:09.430024,IP,172.20.0.10.5002,>
2026-05-08,20:23:09.430112,IP,172.20.0.10.5002,>
2026-05-08,20:23:09.430401,IP,172.20.0.20.46413,>
2026-05-08,20:23:09.430670,IP,172.20.0.20.46413,>
2026-05-08,20:23:09.430944,IP,172.20.0.10.5002,>
2026-05-08,20:23:09.431234,IP,172.20.0.20.46413,>
2026-05-08,20:23:09.431281,IP,172.20.0.10.5002,>
2026-05-08,20:23:09.431527,IP,172.20.0.20.46413,>
2026-05-08,20:23:09.432632,IP,172.20.0.10.5002,>
2026-05-08,20:23:09.432925,IP,172.20.0.10.5002,>
2026-05-08,20:23:09.432984,IP,172.20.0.20.46413,>
2026-05-08,20:23:09.433277,IP,172.20.0.20.46413,>
2026-05-08,20:23:09.433306,IP,172.20.0.10.5002,>
2026-05-08,20:23:09.433529,IP,172.20.0.20.46413,>
2026-05-08,20:23:09.434898,IP,172.20.0.10.5002,>
2026-05-08,20:23:09.435177,IP,172.20.0.20.46413,>
2026-05-08,20:23:09.440771,IP,172.20.0.10.5002,>
2026-05-08,20:23:09.440827,IP,172.20.0.10.5002,>
2026-05-08,20:23:09.441271,IP,172.20.0.20.46413,>
2026-05-08,20:23:09.441449,IP,172.20.0.10.5002,>
2026-05-08,20:23:09.441674,IP,172.20.0.20.46413,>
2026-05-08,20:23:09.441723,IP,172.20.0.10.5002,>
2026-05-08,20:23:09.442144,IP,172.20.0.20.46413,>
2026-05-08,20:23:09.442452,IP,172.20.0.20.46413,>
2026-05-08,20:23:09.443240,IP,172.20.0.10.5002,>
2026-05-08,20:23:09.443529,IP,172.20.0.20.46413,>
2026-05-08,20:23:09.443699,IP,172.20.0.10.5002,>
2026-05-08,20:23:09.443781,IP,172.20.0.10.5002,>
2026-05-08,20:23:09.444168,IP,172.20.0.20.46413,>
2026-05-08,20:23:09.444474,IP,172.20.0.20.46413,>
2026-05-08,20:23:09.445438,IP,172.20.0.10.5002,>
2026-05-08,20:23:09.445756,IP,172.20.0.20.46413,>
2026-05-08,20:23:09.451615,IP,172.20.0.10.5002,>
2026-05-08,20:23:09.452118,IP,172.20.0.20.46413,>
2026-05-08,20:23:09.452164,IP,172.20.0.10.5002,>
2026-05-08,20:23:09.452309,IP,172.20.0.10.5002,>
2026-05-08,20:23:09.452612,IP,172.20.0.10.5002,>
2026-05-08,20:23:09.452780,IP,172.20.0.20.46413,>
2026-05-08,20:23:09.453107,IP,172.20.0.20.46413,>
2026-05-08,20:23:09.453375,IP,172.20.0.20.46413,>
2026-05-08,20:23:09.453908,IP,172.20.0.10.5002,>
2026-05-08,20:23:09.454269,IP,172.20.0.20.46413,>
2026-05-08,20:23:09.454390,IP,172.20.0.10.5002,>
2026-05-08,20:23:09.454700,IP,172.20.0.10.5002,>
2026-05-08,20:23:09.454741,IP,172.20.0.20.46413,>
2026-05-08,20:23:09.455060,IP,172.20.0.20.46413,>
2026-05-08,20:23:09.456059,IP,172.20.0.10.5002,>
2026-05-08,20:23:09.456511,IP,172.20.0.20.46413,>
2026-05-08,20:23:09.462549,IP,172.20.0.10.5002,>
2026-05-08,20:23:09.463018,IP,172.20.0.20.46413,>
2026-05-08,20:23:09.463127,IP,172.20.0.10.5002,>
2026-05-08,20:23:09.463207,IP,172.20.0.10.5002,>
2026-05-08,20:23:09.463489,IP,172.20.0.20.46413,>
2026-05-08,20:23:09.463647,IP,172.20.0.10.5002,>
2026-05-08,20:23:09.463766,IP,172.20.0.20.46413,>
2026-05-08,20:23:09.464094,IP,172.20.0.20.46413,>
2026-05-08,20:23:09.464550,IP,172.20.0.10.5002,>
2026-05-08,20:23:09.464957,IP,172.20.0.20.46413,>
2026-05-08,20:23:09.465027,IP,172.20.0.10.5002,>
2026-05-08,20:23:09.465354,IP,172.20.0.10.5002,>
2026-05-08,20:23:09.465672,IP,172.20.0.20.46413,>
2026-05-08,20:23:09.466058,IP,172.20.0.20.46413,>
2026-05-08,20:23:09.466696,IP,172.20.0.10.5002,>
2026-05-08,20:23:09.467044,IP,172.20.0.20.46413,>
2026-05-08,20:23:09.473315,IP,172.20.0.10.5002,>
2026-05-08,20:23:09.473740,IP,172.20.0.10.5002,>
2026-05-08,20:23:09.473750,IP,172.20.0.20.46413,>
2026-05-08,20:23:09.473963,IP,172.20.0.10.5002,>
2026-05-08,20:23:09.474154,IP,172.20.0.20.46413,>
2026-05-08,20:23:09.474275,IP,172.20.0.10.5002,>
2026-05-08,20:23:09.474603,IP,172.20.0.20.46413,>
2026-05-08,20:23:09.474931,IP,172.20.0.20.46413,>
2026-05-08,20:23:09.475194,IP,172.20.0.10.5002,>
2026-05-08,20:23:09.475543,IP,172.20.0.20.46413,>
2026-05-08,20:23:09.475864,IP,172.20.0.10.5002,>
2026-05-08,20:23:09.476233,IP,172.20.0.10.5002,>
2026-05-08,20:23:09.476319,IP,172.20.0.20.46413,>
2026-05-08,20:23:09.476734,IP,172.20.0.20.46413,>
2026-05-08,20:23:09.477224,IP,172.20.0.10.5002,>
2026-05-08,20:23:09.477727,IP,172.20.0.20.46413,>
2026-05-08,20:23:09.484124,IP,172.20.0.10.5002,>
2026-05-08,20:23:09.484491,IP,172.20.0.10.5002,>
2026-05-08,20:23:09.484515,IP,172.20.0.20.46413,>
2026-05-08,20:23:09.484774,IP,172.20.0.10.5002,>
2026-05-08,20:23:09.484820,IP,172.20.0.20.46413,>
2026-05-08,20:23:09.485065,IP,172.20.0.20.46413,>
2026-05-08,20:23:09.485219,IP,172.20.0.10.5002,>
2026-05-08,20:23:09.485894,IP,172.20.0.10.5002,>
2026-05-08,20:23:09.485944,IP,172.20.0.20.46413,>
2026-05-08,20:23:09.486476,IP,172.20.0.20.46413,>
2026-05-08,20:23:09.486606,IP,172.20.0.10.5002,>
2026-05-08,20:23:09.486935,IP,172.20.0.10.5002,>
2026-05-08,20:23:09.487156,IP,172.20.0.20.46413,>
2026-05-08,20:23:09.487395,IP,172.20.0.20.46413,>
2026-05-08,20:23:09.487977,IP,172.20.0.10.5002,>
2026-05-08,20:23:09.488285,IP,172.20.0.20.46413,>
2026-05-08,20:23:09.494898,IP,172.20.0.10.5002,>
2026-05-08,20:23:09.494982,IP,172.20.0.10.5002,>
2026-05-08,20:23:09.495233,IP,172.20.0.10.5002,>
2026-05-08,20:23:09.495263,IP,172.20.0.20.46413,>
2026-05-08,20:23:09.495535,IP,172.20.0.20.46413,>
2026-05-08,20:23:09.495811,IP,172.20.0.20.46413,>
2026-05-08,20:23:09.496180,IP,172.20.0.10.5002,>
2026-05-08,20:23:09.496504,IP,172.20.0.20.46413,>
2026-05-08,20:23:09.496866,IP,172.20.0.10.5002,>
2026-05-08,20:23:09.497262,IP,172.20.0.20.46413,>
2026-05-08,20:23:09.497361,IP,172.20.0.10.5002,>
2026-05-08,20:23:09.497603,IP,172.20.0.10.5002,>
2026-05-08,20:23:09.497714,IP,172.20.0.20.46413,>
2026-05-08,20:23:09.498214,IP,172.20.0.20.46413,>
2026-05-08,20:23:09.498492,IP,172.20.0.10.5002,>
2026-05-08,20:23:09.498825,IP,172.20.0.20.46413,>
2026-05-08,20:23:09.505520,IP,172.20.0.10.5002,>
2026-05-08,20:23:09.505684,IP,172.20.0.10.5002,>
2026-05-08,20:23:09.506005,IP,172.20.0.10.5002,>
2026-05-08,20:23:09.506019,IP,172.20.0.20.46413,>
2026-05-08,20:23:09.506313,IP,172.20.0.20.46413,>
2026-05-08,20:23:09.506555,IP,172.20.0.20.46413,>
2026-05-08,20:23:09.506684,IP,172.20.0.10.5002,>
2026-05-08,20:23:09.506992,IP,172.20.0.20.46413,>
2026-05-08,20:23:09.507484,IP,172.20.0.10.5002,>
2026-05-08,20:23:09.507817,IP,172.20.0.20.46413,>
2026-05-08,20:23:09.507992,IP,172.20.0.10.5002,>
2026-05-08,20:23:09.508317,IP,172.20.0.20.46413,>
2026-05-08,20:23:09.508499,IP,172.20.0.10.5002,>
2026-05-08,20:23:09.508854,IP,172.20.0.20.46413,>
2026-05-08,20:23:09.509041,IP,172.20.0.10.5002,>
2026-05-08,20:23:09.509343,IP,172.20.0.20.46413,>
2026-05-08,20:23:09.516332,IP,172.20.0.10.5002,>
2026-05-08,20:23:09.516503,IP,172.20.0.10.5002,>
2026-05-08,20:23:09.516722,IP,172.20.0.10.5002,>
2026-05-08,20:23:09.516734,IP,172.20.0.20.46413,>
2026-05-08,20:23:09.517141,IP,172.20.0.20.46413,>
2026-05-08,20:23:09.517219,IP,172.20.0.10.5002,>
2026-05-08,20:23:09.517403,IP,172.20.0.20.46413,>
2026-05-08,20:23:09.517621,IP,172.20.0.20.46413,>
2026-05-08,20:23:09.518196,IP,172.20.0.10.5002,>
2026-05-08,20:23:09.518514,IP,172.20.0.10.5002,>
2026-05-08,20:23:09.518670,IP,172.20.0.20.46413,>
2026-05-08,20:23:09.518973,IP,172.20.0.20.46413,>
2026-05-08,20:23:09.519028,IP,172.20.0.10.5002,>
2026-05-08,20:23:09.519394,IP,172.20.0.20.46413,>
2026-05-08,20:23:09.519509,IP,172.20.0.10.5002,>
2026-05-08,20:23:09.519842,IP,172.20.0.20.46413,>
2026-05-08,20:23:09.528468,IP,172.20.0.10.5002,>
2026-05-08,20:23:09.528577,IP,172.20.0.10.5002,>
2026-05-08,20:23:09.528646,IP,172.20.0.10.5002,>
2026-05-08,20:23:09.528713,IP,172.20.0.10.5002,>
2026-05-08,20:23:09.528890,IP,172.20.0.10.5002,>
2026-05-08,20:23:09.529098,IP,172.20.0.20.46413,>
2026-05-08,20:23:09.529195,IP,172.20.0.10.5002,>
2026-05-08,20:23:09.529469,IP,172.20.0.20.46413,>
2026-05-08,20:23:09.529668,IP,172.20.0.10.5002,>
2026-05-08,20:23:09.529776,IP,172.20.0.20.46413,>
2026-05-08,20:23:09.530018,IP,172.20.0.10.5002,>
2026-05-08,20:23:09.530172,IP,172.20.0.20.46413,>
2026-05-08,20:23:09.530467,IP,172.20.0.20.46413,>
2026-05-08,20:23:09.530737,IP,172.20.0.20.46413,>
2026-05-08,20:23:09.531016,IP,172.20.0.20.46413,>
2026-05-08,20:23:09.531283,IP,172.20.0.20.46413,>
2026-05-08,20:23:09.539392,IP,172.20.0.10.5002,>
2026-05-08,20:23:09.539697,IP,172.20.0.10.5002,>
2026-05-08,20:23:09.539748,IP,172.20.0.20.46413,>
2026-05-08,20:23:09.539991,IP,172.20.0.10.5002,>
2026-05-08,20:23:09.540087,IP,172.20.0.20.46413,>
2026-05-08,20:23:09.540322,IP,172.20.0.20.46413,>
2026-05-08,20:23:09.540365,IP,172.20.0.10.5002,>
2026-05-08,20:23:09.540641,IP,172.20.0.20.46413,>
2026-05-08,20:23:09.540776,IP,172.20.0.10.5002,>
2026-05-08,20:23:09.540895,IP,172.20.0.10.5002,>
2026-05-08,20:23:09.541164,IP,172.20.0.10.5002,>
2026-05-08,20:23:09.541448,IP,172.20.0.20.46413,>
2026-05-08,20:23:09.541475,IP,172.20.0.10.5002,>
2026-05-08,20:23:09.541740,IP,172.20.0.20.46413,>
2026-05-08,20:23:09.542107,IP,172.20.0.20.46413,>
2026-05-08,20:23:09.542339,IP,172.20.0.20.46413,>
2026-05-08,20:23:09.550124,IP,172.20.0.10.5002,>
2026-05-08,20:23:09.550202,IP,172.20.0.10.5002,>
2026-05-08,20:23:09.550476,IP,172.20.0.20.46413,>
2026-05-08,20:23:09.550505,IP,172.20.0.10.5002,>
2026-05-08,20:23:09.550745,IP,172.20.0.20.46413,>
2026-05-08,20:23:09.550845,IP,172.20.0.10.5002,>
2026-05-08,20:23:09.551016,IP,172.20.0.20.46413,>
2026-05-08,20:23:09.551264,IP,172.20.0.20.46413,>
2026-05-08,20:23:09.551868,IP,172.20.0.10.5002,>
2026-05-08,20:23:09.552315,IP,172.20.0.20.46413,>
2026-05-08,20:23:09.552835,IP,172.20.0.10.5002,>
2026-05-08,20:23:09.552843,IP,172.20.0.10.5002,>
2026-05-08,20:23:09.552845,IP,172.20.0.10.5002,>
2026-05-08,20:23:09.553174,IP,172.20.0.20.46413,>
2026-05-08,20:23:09.553419,IP,172.20.0.20.46413,>
2026-05-08,20:23:09.553732,IP,172.20.0.20.46413,>
2026-05-08,20:23:09.560824,IP,172.20.0.10.5002,>
2026-05-08,20:23:09.560929,IP,172.20.0.10.5002,>
2026-05-08,20:23:09.561171,IP,172.20.0.10.5002,>
2026-05-08,20:23:09.561237,IP,172.20.0.20.46413,>
2026-05-08,20:23:09.561486,IP,172.20.0.10.5002,>
2026-05-08,20:23:09.561511,IP,172.20.0.20.46413,>
2026-05-08,20:23:09.561731,IP,172.20.0.20.46413,>
2026-05-08,20:23:09.562083,IP,172.20.0.20.46413,>
2026-05-08,20:23:09.562926,IP,172.20.0.10.5002,>
2026-05-08,20:23:09.563400,IP,172.20.0.10.5002,>
2026-05-08,20:23:09.563540,IP,172.20.0.20.46413,>
2026-05-08,20:23:09.563571,IP,172.20.0.10.5002,>
2026-05-08,20:23:09.563760,IP,172.20.0.20.46413,>
2026-05-08,20:23:09.564015,IP,172.20.0.20.46413,>
2026-05-08,20:23:09.564886,IP,172.20.0.10.5002,>
2026-05-08,20:23:09.565187,IP,172.20.0.20.46413,>
2026-05-08,20:23:09.571519,IP,172.20.0.10.5002,>
2026-05-08,20:23:09.571675,IP,172.20.0.10.5002,>
2026-05-08,20:23:09.571950,IP,172.20.0.20.46413,>
2026-05-08,20:23:09.572224,IP,172.20.0.20.46413,>
2026-05-08,20:23:09.573754,IP,172.20.0.10.5002,>
2026-05-08,20:23:09.573855,IP,172.20.0.10.5002,>
2026-05-08,20:23:09.574050,IP,172.20.0.10.5002,>
2026-05-08,20:23:09.574110,IP,172.20.0.10.5002,>
2026-05-08,20:23:09.574143,IP,172.20.0.20.46413,>
2026-05-08,20:23:09.574181,IP,172.20.0.10.5002,>
2026-05-08,20:23:09.574380,IP,172.20.0.20.46413,>
2026-05-08,20:23:09.574602,IP,172.20.0.20.46413,>
2026-05-08,20:23:09.574845,IP,172.20.0.20.46413,>
2026-05-08,20:23:09.575176,IP,172.20.0.20.46413,>
2026-05-08,20:23:09.575399,IP,172.20.0.10.5002,>
2026-05-08,20:23:09.582828,IP,172.20.0.20.46413,>
2026-05-08,20:23:09.585234,IP,172.20.0.10.5002,>
2026-05-08,20:23:09.585351,IP,172.20.0.10.5002,>
2026-05-08,20:23:09.585545,IP,172.20.0.10.5002,>
2026-05-08,20:23:09.585623,IP,172.20.0.10.5002,>
2026-05-08,20:23:09.585776,IP,172.20.0.10.5002,>
2026-05-08,20:23:09.585896,IP,172.20.0.10.5002,>
2026-05-08,20:23:09.585974,IP,172.20.0.10.5002,>
2026-05-08,20:23:09.586103,IP,172.20.0.20.46413,>
2026-05-08,20:23:09.586463,IP,172.20.0.20.46413,>
2026-05-08,20:23:09.586947,IP,172.20.0.20.46413,>
2026-05-08,20:23:09.587335,IP,172.20.0.20.46413,>
2026-05-08,20:23:09.587616,IP,172.20.0.20.46413,>
2026-05-08,20:23:09.587910,IP,172.20.0.20.46413,>
2026-05-08,20:23:09.588223,IP,172.20.0.20.46413,>
2026-05-08,20:23:09.593181,IP,172.20.0.10.5002,>
2026-05-08,20:23:09.593762,IP,172.20.0.20.46413,>
2026-05-08,20:23:09.596434,IP,172.20.0.10.5002,>
2026-05-08,20:23:09.596822,IP,172.20.0.20.46413,>
2026-05-08,20:23:09.596897,IP,172.20.0.10.5002,>
2026-05-08,20:23:09.597167,IP,172.20.0.10.5002,>
2026-05-08,20:23:09.597270,IP,172.20.0.20.46413,>
2026-05-08,20:23:09.597560,IP,172.20.0.20.46413,>
2026-05-08,20:23:09.597623,IP,172.20.0.10.5002,>
2026-05-08,20:23:09.598109,IP,172.20.0.10.5002,>
2026-05-08,20:23:09.598185,IP,172.20.0.10.5002,>
2026-05-08,20:23:09.598195,IP,172.20.0.20.46413,>
2026-05-08,20:23:09.598516,IP,172.20.0.10.5002,>
2026-05-08,20:23:09.598546,IP,172.20.0.20.46413,>
2026-05-08,20:23:09.598903,IP,172.20.0.20.46413,>
2026-05-08,20:23:09.599114,IP,172.20.0.20.46413,>
2026-05-08,20:23:09.604072,IP,172.20.0.10.5002,>
2026-05-08,20:23:09.604502,IP,172.20.0.20.46413,>
2026-05-08,20:23:09.607419,IP,172.20.0.10.5002,>
2026-05-08,20:23:09.607585,IP,172.20.0.10.5002,>
2026-05-08,20:23:09.607729,IP,172.20.0.10.5002,>
2026-05-08,20:23:09.607846,IP,172.20.0.20.46413,>
2026-05-08,20:23:09.608122,IP,172.20.0.20.46413,>
2026-05-08,20:23:09.608427,IP,172.20.0.10.5002,>
2026-05-08,20:23:09.608476,IP,172.20.0.20.46413,>
2026-05-08,20:23:09.609086,IP,172.20.0.10.5002,>
2026-05-08,20:23:09.609182,IP,172.20.0.10.5002,>
2026-05-08,20:23:09.609209,IP,172.20.0.20.46413,>
2026-05-08,20:23:09.609226,IP,172.20.0.10.5002,>
2026-05-08,20:23:09.609628,IP,172.20.0.20.46413,>
2026-05-08,20:23:09.610175,IP,172.20.0.20.46413,>
2026-05-08,20:23:09.610519,IP,172.20.0.20.46413,>
2026-05-08,20:23:09.614730,IP,172.20.0.10.5002,>
2026-05-08,20:23:09.615161,IP,172.20.0.20.46413,>
2026-05-08,20:23:09.618285,IP,172.20.0.10.5002,>
2026-05-08,20:23:09.618366,IP,172.20.0.10.5002,>
2026-05-08,20:23:09.618691,IP,172.20.0.10.5002,>
2026-05-08,20:23:09.618963,IP,172.20.0.20.46413,>
2026-05-08,20:23:09.619235,IP,172.20.0.20.46413,>
2026-05-08,20:23:09.619385,IP,172.20.0.10.5002,>
2026-05-08,20:23:09.619477,IP,172.20.0.20.46413,>
2026-05-08,20:23:09.620023,IP,172.20.0.10.5002,>
2026-05-08,20:23:09.620139,IP,172.20.0.20.46413,>
2026-05-08,20:23:09.620470,IP,172.20.0.10.5002,>
2026-05-08,20:23:09.620476,IP,172.20.0.20.46413,>
2026-05-08,20:23:09.620704,IP,172.20.0.10.5002,>
2026-05-08,20:23:09.620922,IP,172.20.0.20.46413,>
2026-05-08,20:23:09.621605,IP,172.20.0.20.46413,>
2026-05-08,20:23:09.625416,IP,172.20.0.10.5002,>
2026-05-08,20:23:09.625841,IP,172.20.0.20.46413,>
2026-05-08,20:23:09.629255,IP,172.20.0.10.5002,>
2026-05-08,20:23:09.629592,IP,172.20.0.10.5002,>
2026-05-08,20:23:09.629660,IP,172.20.0.20.46413,>
2026-05-08,20:23:09.629663,IP,172.20.0.10.5002,>
2026-05-08,20:23:09.630075,IP,172.20.0.20.46413,>
2026-05-08,20:23:09.630332,IP,172.20.0.10.5002,>
2026-05-08,20:23:09.630343,IP,172.20.0.20.46413,>
2026-05-08,20:23:09.630832,IP,172.20.0.10.5002,>
2026-05-08,20:23:09.631218,IP,172.20.0.10.5002,>
2026-05-08,20:23:09.631763,IP,172.20.0.20.46413,>
2026-05-08,20:23:09.631778,IP,172.20.0.10.5002,>
2026-05-08,20:23:09.632247,IP,172.20.0.20.46413,>
2026-05-08,20:23:09.632595,IP,172.20.0.20.46413,>
2026-05-08,20:23:09.632981,IP,172.20.0.20.46413,>
2026-05-08,20:23:09.636037,IP,172.20.0.10.5002,>
2026-05-08,20:23:09.636400,IP,172.20.0.20.46413,>
2026-05-08,20:23:09.640128,IP,172.20.0.10.5002,>
2026-05-08,20:23:09.640365,IP,172.20.0.10.5002,>
2026-05-08,20:23:09.640534,IP,172.20.0.10.5002,>
2026-05-08,20:23:09.640536,IP,172.20.0.20.46413,>
2026-05-08,20:23:09.640847,IP,172.20.0.20.46413,>
2026-05-08,20:23:09.641848,IP,172.20.0.20.46413,>
2026-05-08,20:23:09.641991,IP,172.20.0.10.5002,>
2026-05-08,20:23:09.642447,IP,172.20.0.20.46413,>
2026-05-08,20:23:09.642492,IP,172.20.0.10.5002,>
2026-05-08,20:23:09.642825,IP,172.20.0.10.5002,>
2026-05-08,20:23:09.643023,IP,172.20.0.20.46413,>
2026-05-08,20:23:09.643151,IP,172.20.0.10.5002,>
2026-05-08,20:23:09.643619,IP,172.20.0.20.46413,>
2026-05-08,20:23:09.644372,IP,172.20.0.20.46413,>
2026-05-08,20:23:09.646611,IP,172.20.0.10.5002,>
2026-05-08,20:23:09.646985,IP,172.20.0.20.46413,>
2026-05-08,20:23:09.650881,IP,172.20.0.10.5002,>
2026-05-08,20:23:09.651096,IP,172.20.0.10.5002,>
2026-05-08,20:23:09.651278,IP,172.20.0.20.46413,>
2026-05-08,20:23:09.651902,IP,172.20.0.20.46413,>
2026-05-08,20:23:09.652041,IP,172.20.0.10.5002,>
2026-05-08,20:23:09.652524,IP,172.20.0.20.46413,>
2026-05-08,20:23:09.652664,IP,172.20.0.10.5002,>
2026-05-08,20:23:09.653205,IP,172.20.0.20.46413,>
2026-05-08,20:23:09.653403,IP,172.20.0.10.5002,>
2026-05-08,20:23:09.653737,IP,172.20.0.20.46413,>
2026-05-08,20:23:09.653856,IP,172.20.0.10.5002,>
2026-05-08,20:23:09.654423,IP,172.20.0.20.46413,>
2026-05-08,20:23:09.654624,IP,172.20.0.10.5002,>
2026-05-08,20:23:09.655018,IP,172.20.0.20.46413,>
2026-05-08,20:23:09.657198,IP,172.20.0.10.5002,>
2026-05-08,20:23:09.657697,IP,172.20.0.20.46413,>
2026-05-08,20:23:09.661617,IP,172.20.0.10.5002,>
2026-05-08,20:23:09.662092,IP,172.20.0.20.46413,>
2026-05-08,20:23:09.662202,IP,172.20.0.10.5002,>
2026-05-08,20:23:09.662553,IP,172.20.0.20.46413,>
2026-05-08,20:23:09.662689,IP,172.20.0.10.5002,>
2026-05-08,20:23:09.663352,IP,172.20.0.20.46413,>
2026-05-08,20:23:09.663423,IP,172.20.0.10.5002,>
2026-05-08,20:23:09.663732,IP,172.20.0.20.46413,>
2026-05-08,20:23:09.664101,IP,172.20.0.10.5002,>
2026-05-08,20:23:09.664435,IP,172.20.0.20.46413,>
2026-05-08,20:23:09.664631,IP,172.20.0.10.5002,>
2026-05-08,20:23:09.665053,IP,172.20.0.20.46413,>
2026-05-08,20:23:09.665222,IP,172.20.0.10.5002,>
2026-05-08,20:23:09.665617,IP,172.20.0.20.46413,>
2026-05-08,20:23:09.668034,IP,172.20.0.10.5002,>
2026-05-08,20:23:09.668430,IP,172.20.0.20.46413,>
2026-05-08,20:23:09.672479,IP,172.20.0.10.5002,>
2026-05-08,20:23:09.672778,IP,172.20.0.10.5002,>
2026-05-08,20:23:09.672911,IP,172.20.0.20.46413,>
2026-05-08,20:23:09.673216,IP,172.20.0.20.46413,>
2026-05-08,20:23:09.673592,IP,172.20.0.10.5002,>
2026-05-08,20:23:09.673989,IP,172.20.0.10.5002,>
2026-05-08,20:23:09.674117,IP,172.20.0.20.46413,>
2026-05-08,20:23:09.674395,IP,172.20.0.20.46413,>
2026-05-08,20:23:09.674691,IP,172.20.0.10.5002,>
2026-05-08,20:23:09.675198,IP,172.20.0.20.46413,>
2026-05-08,20:23:09.675297,IP,172.20.0.10.5002,>
2026-05-08,20:23:09.676046,IP,172.20.0.10.5002,>
2026-05-08,20:23:09.676222,IP,172.20.0.20.46413,>
2026-05-08,20:23:09.676498,IP,172.20.0.20.46413,>
2026-05-08,20:23:09.678995,IP,172.20.0.10.5002,>
2026-05-08,20:23:09.679329,IP,172.20.0.20.46413,>
2026-05-08,20:23:09.683230,IP,172.20.0.10.5002,>
2026-05-08,20:23:09.683370,IP,172.20.0.10.5002,>
2026-05-08,20:23:09.683562,IP,172.20.0.20.46413,>
2026-05-08,20:23:09.683904,IP,172.20.0.20.46413,>
2026-05-08,20:23:09.684416,IP,172.20.0.10.5002,>
2026-05-08,20:23:09.684502,IP,172.20.0.10.5002,>
2026-05-08,20:23:09.685306,IP,172.20.0.20.46413,>
2026-05-08,20:23:09.685664,IP,172.20.0.10.5002,>
2026-05-08,20:23:09.685718,IP,172.20.0.20.46413,>
2026-05-08,20:23:09.686135,IP,172.20.0.20.46413,>
2026-05-08,20:23:09.686607,IP,172.20.0.10.5002,>
2026-05-08,20:23:09.686761,IP,172.20.0.10.5002,>
2026-05-08,20:23:09.687062,IP,172.20.0.20.46413,>
2026-05-08,20:23:09.687360,IP,172.20.0.20.46413,>
2026-05-08,20:23:09.689587,IP,172.20.0.10.5002,>
2026-05-08,20:23:09.690037,IP,172.20.0.20.46413,>
2026-05-08,20:23:09.693882,IP,172.20.0.10.5002,>
2026-05-08,20:23:09.694278,IP,172.20.0.20.46413,>
2026-05-08,20:23:09.694685,IP,172.20.0.10.5002,>
2026-05-08,20:23:09.695054,IP,172.20.0.20.46413,>
2026-05-08,20:23:09.695567,IP,172.20.0.10.5002,>
2026-05-08,20:23:09.696087,IP,172.20.0.20.46413,>
2026-05-08,20:23:09.696184,IP,172.20.0.10.5002,>
2026-05-08,20:23:09.696330,IP,172.20.0.10.5002,>
2026-05-08,20:23:09.696867,IP,172.20.0.20.46413,>
2026-05-08,20:23:09.697247,IP,172.20.0.10.5002,>
2026-05-08,20:23:09.697488,IP,172.20.0.20.46413,>
2026-05-08,20:23:09.697526,IP,172.20.0.10.5002,>
2026-05-08,20:23:09.697761,IP,172.20.0.20.46413,>
2026-05-08,20:23:09.698117,IP,172.20.0.20.46413,>
2026-05-08,20:23:09.700280,IP,172.20.0.10.5002,>
2026-05-08,20:23:09.700858,IP,172.20.0.20.46413,>
2026-05-08,20:23:09.704599,IP,172.20.0.10.5002,>
2026-05-08,20:23:09.705101,IP,172.20.0.20.46413,>
2026-05-08,20:23:09.705264,IP,172.20.0.10.5002,>
2026-05-08,20:23:09.706220,IP,172.20.0.20.46413,>
2026-05-08,20:23:09.706416,IP,172.20.0.10.5002,>
2026-05-08,20:23:09.706896,IP,172.20.0.20.46413,>
2026-05-08,20:23:09.707088,IP,172.20.0.10.5002,>
2026-05-08,20:23:09.707647,IP,172.20.0.20.46413,>
2026-05-08,20:23:09.707996,IP,172.20.0.10.5002,>
2026-05-08,20:23:09.708076,IP,172.20.0.10.5002,>
2026-05-08,20:23:09.708335,IP,172.20.0.10.5002,>
2026-05-08,20:23:09.708430,IP,172.20.0.20.46413,>
2026-05-08,20:23:09.708708,IP,172.20.0.20.46413,>
2026-05-08,20:23:09.708975,IP,172.20.0.20.46413,>
2026-05-08,20:23:09.711160,IP,172.20.0.10.5002,>
2026-05-08,20:23:09.711591,IP,172.20.0.20.46413,>
2026-05-08,20:23:09.715521,IP,172.20.0.10.5002,>
2026-05-08,20:23:09.715976,IP,172.20.0.20.46413,>
2026-05-08,20:23:09.716486,IP,172.20.0.10.5002,>
2026-05-08,20:23:09.716883,IP,172.20.0.20.46413,>
2026-05-08,20:23:09.717091,IP,172.20.0.10.5002,>
2026-05-08,20:23:09.717469,IP,172.20.0.20.46413,>
2026-05-08,20:23:09.717859,IP,172.20.0.10.5002,>
2026-05-08,20:23:09.718201,IP,172.20.0.20.46413,>
2026-05-08,20:23:09.718756,IP,172.20.0.10.5002,>
2026-05-08,20:23:09.719294,IP,172.20.0.20.46413,>
2026-05-08,20:23:09.720283,IP,172.20.0.10.5002,>
2026-05-08,20:23:09.720367,IP,172.20.0.10.5002,>
2026-05-08,20:23:09.720624,IP,172.20.0.20.46413,>
2026-05-08,20:23:09.720969,IP,172.20.0.20.46413,>
2026-05-08,20:23:09.721814,IP,172.20.0.10.5002,>
2026-05-08,20:23:09.722209,IP,172.20.0.20.46413,>
2026-05-08,20:23:09.726326,IP,172.20.0.10.5002,>
2026-05-08,20:23:09.727088,IP,172.20.0.20.46413,>
2026-05-08,20:23:09.727209,IP,172.20.0.10.5002,>
2026-05-08,20:23:09.727707,IP,172.20.0.20.46413,>
2026-05-08,20:23:09.728116,IP,172.20.0.10.5002,>
2026-05-08,20:23:09.728631,IP,172.20.0.20.46413,>
2026-05-08,20:23:09.728647,IP,172.20.0.10.5002,>
2026-05-08,20:23:09.729110,IP,172.20.0.20.46413,>
2026-05-08,20:23:09.729582,IP,172.20.0.10.5002,>
2026-05-08,20:23:09.729997,IP,172.20.0.20.46413,>
2026-05-08,20:23:09.730897,IP,172.20.0.10.5002,>
2026-05-08,20:23:09.731197,IP,172.20.0.10.5002,>
2026-05-08,20:23:09.731223,IP,172.20.0.20.46413,>
2026-05-08,20:23:09.731518,IP,172.20.0.20.46413,>
2026-05-08,20:23:09.732411,IP,172.20.0.10.5002,>
2026-05-08,20:23:09.732752,IP,172.20.0.20.46413,>
2026-05-08,20:23:09.737440,IP,172.20.0.10.5002,>
2026-05-08,20:23:09.738035,IP,172.20.0.20.46413,>
2026-05-08,20:23:09.738269,IP,172.20.0.10.5002,>
2026-05-08,20:23:09.738639,IP,172.20.0.20.46413,>
2026-05-08,20:23:09.738889,IP,172.20.0.10.5002,>
2026-05-08,20:23:09.739334,IP,172.20.0.10.5002,>
2026-05-08,20:23:09.739509,IP,172.20.0.20.46413,>
2026-05-08,20:23:09.739818,IP,172.20.0.20.46413,>
2026-05-08,20:23:09.740305,IP,172.20.0.10.5002,>
2026-05-08,20:23:09.740623,IP,172.20.0.20.46413,>
2026-05-08,20:23:09.741487,IP,172.20.0.10.5002,>
2026-05-08,20:23:09.741671,IP,172.20.0.10.5002,>
2026-05-08,20:23:09.741849,IP,172.20.0.20.46413,>
2026-05-08,20:23:09.742263,IP,172.20.0.20.46413,>
2026-05-08,20:23:09.742958,IP,172.20.0.10.5002,>
2026-05-08,20:23:09.743340,IP,172.20.0.20.46413,>
2026-05-08,20:23:09.748461,IP,172.20.0.10.5002,>
2026-05-08,20:23:09.748846,IP,172.20.0.10.5002,>
2026-05-08,20:23:09.748876,IP,172.20.0.20.46413,>
2026-05-08,20:23:09.749195,IP,172.20.0.20.46413,>
2026-05-08,20:23:09.749669,IP,172.20.0.10.5002,>
2026-05-08,20:23:09.749980,IP,172.20.0.10.5002,>
2026-05-08,20:23:09.750112,IP,172.20.0.20.46413,>
2026-05-08,20:23:09.750387,IP,172.20.0.20.46413,>
2026-05-08,20:23:09.750932,IP,172.20.0.10.5002,>
2026-05-08,20:23:09.751292,IP,172.20.0.20.46413,>
2026-05-08,20:23:09.752084,IP,172.20.0.10.5002,>
2026-05-08,20:23:09.752449,IP,172.20.0.10.5002,>
2026-05-08,20:23:09.752484,IP,172.20.0.20.46413,>
2026-05-08,20:23:09.752759,IP,172.20.0.20.46413,>
2026-05-08,20:23:09.753494,IP,172.20.0.10.5002,>
2026-05-08,20:23:09.754155,IP,172.20.0.20.46413,>
2026-05-08,20:23:09.759176,IP,172.20.0.10.5002,>
2026-05-08,20:23:09.759388,IP,172.20.0.10.5002,>
2026-05-08,20:23:09.759527,IP,172.20.0.20.46413,>
2026-05-08,20:23:09.759924,IP,172.20.0.20.46413,>
2026-05-08,20:23:09.760327,IP,172.20.0.10.5002,>
2026-05-08,20:23:09.760602,IP,172.20.0.10.5002,>
2026-05-08,20:23:09.760616,IP,172.20.0.20.46413,>
2026-05-08,20:23:09.760900,IP,172.20.0.20.46413,>
2026-05-08,20:23:09.761615,IP,172.20.0.10.5002,>
2026-05-08,20:23:09.762383,IP,172.20.0.20.46413,>
2026-05-08,20:23:09.762700,IP,172.20.0.10.5002,>
2026-05-08,20:23:09.762989,IP,172.20.0.10.5002,>
2026-05-08,20:23:09.763408,IP,172.20.0.20.46413,>
2026-05-08,20:23:09.763689,IP,172.20.0.20.46413,>
2026-05-08,20:23:09.764548,IP,172.20.0.10.5002,>
2026-05-08,20:23:09.764907,IP,172.20.0.20.46413,>
2026-05-08,20:23:09.769938,IP,172.20.0.10.5002,>
2026-05-08,20:23:09.770286,IP,172.20.0.10.5002,>
2026-05-08,20:23:09.770318,IP,172.20.0.20.46413,>
2026-05-08,20:23:09.770590,IP,172.20.0.20.46413,>
2026-05-08,20:23:09.771031,IP,172.20.0.10.5002,>
2026-05-08,20:23:09.771113,IP,172.20.0.10.5002,>
2026-05-08,20:23:09.771358,IP,172.20.0.20.46413,>
2026-05-08,20:23:09.771908,IP,172.20.0.20.46413,>
2026-05-08,20:23:09.772704,IP,172.20.0.10.5002,>
2026-05-08,20:23:09.773122,IP,172.20.0.20.46413,>
2026-05-08,20:23:09.773608,IP,172.20.0.10.5002,>
2026-05-08,20:23:09.773918,IP,172.20.0.10.5002,>
2026-05-08,20:23:09.774060,IP,172.20.0.20.46413,>
2026-05-08,20:23:09.774335,IP,172.20.0.20.46413,>
2026-05-08,20:23:09.775095,IP,172.20.0.10.5002,>
2026-05-08,20:23:09.775667,IP,172.20.0.20.46413,>
2026-05-08,20:23:09.780637,IP,172.20.0.10.5002,>
2026-05-08,20:23:09.780876,IP,172.20.0.10.5002,>
2026-05-08,20:23:09.781046,IP,172.20.0.20.46413,>
2026-05-08,20:23:09.781324,IP,172.20.0.20.46413,>
2026-05-08,20:23:09.781571,IP,172.20.0.10.5002,>
2026-05-08,20:23:09.782021,IP,172.20.0.20.46413,>
2026-05-08,20:23:09.782180,IP,172.20.0.10.5002,>
2026-05-08,20:23:09.783060,IP,172.20.0.20.46413,>
2026-05-08,20:23:09.783415,IP,172.20.0.10.5002,>
2026-05-08,20:23:09.783950,IP,172.20.0.20.46413,>
2026-05-08,20:23:09.784246,IP,172.20.0.10.5002,>
2026-05-08,20:23:09.784492,IP,172.20.0.10.5002,>
2026-05-08,20:23:09.784624,IP,172.20.0.20.46413,>
2026-05-08,20:23:09.784988,IP,172.20.0.20.46413,>
2026-05-08,20:23:09.785929,IP,172.20.0.10.5002,>
2026-05-08,20:23:09.786248,IP,172.20.0.20.46413,>
2026-05-08,20:23:09.791345,IP,172.20.0.10.5002,>
2026-05-08,20:23:09.791583,IP,172.20.0.10.5002,>
2026-05-08,20:23:09.791725,IP,172.20.0.20.46413,>
2026-05-08,20:23:09.792051,IP,172.20.0.20.46413,>
2026-05-08,20:23:09.792327,IP,172.20.0.10.5002,>
2026-05-08,20:23:09.792649,IP,172.20.0.20.46413,>
2026-05-08,20:23:09.793280,IP,172.20.0.10.5002,>
2026-05-08,20:23:09.793659,IP,172.20.0.20.46413,>
2026-05-08,20:23:09.794233,IP,172.20.0.10.5002,>
2026-05-08,20:23:09.794525,IP,172.20.0.20.46413,>
2026-05-08,20:23:09.794875,IP,172.20.0.10.5002,>
2026-05-08,20:23:09.795145,IP,172.20.0.10.5002,>
2026-05-08,20:23:09.795173,IP,172.20.0.20.46413,>
2026-05-08,20:23:09.795421,IP,172.20.0.20.46413,>
2026-05-08,20:23:09.796475,IP,172.20.0.10.5002,>
2026-05-08,20:23:09.796916,IP,172.20.0.20.46413,>
2026-05-08,20:23:09.802426,IP,172.20.0.10.5002,>
2026-05-08,20:23:09.802832,IP,172.20.0.10.5002,>
2026-05-08,20:23:09.802885,IP,172.20.0.10.5002,>
2026-05-08,20:23:09.803117,IP,172.20.0.20.46413,>
2026-05-08,20:23:09.803380,IP,172.20.0.20.46413,>
2026-05-08,20:23:09.803605,IP,172.20.0.20.46413,>
2026-05-08,20:23:09.803889,IP,172.20.0.10.5002,>
2026-05-08,20:23:09.804162,IP,172.20.0.20.46413,>
2026-05-08,20:23:09.804956,IP,172.20.0.10.5002,>
2026-05-08,20:23:09.805258,IP,172.20.0.20.46413,>
2026-05-08,20:23:09.805541,IP,172.20.0.10.5002,>
2026-05-08,20:23:09.805599,IP,172.20.0.10.5002,>
2026-05-08,20:23:09.806182,IP,172.20.0.20.46413,>
2026-05-08,20:23:09.806734,IP,172.20.0.20.46413,>
2026-05-08,20:23:09.807179,IP,172.20.0.10.5002,>
2026-05-08,20:23:09.807503,IP,172.20.0.20.46413,>
2026-05-08,20:23:09.813438,IP,172.20.0.10.5002,>
2026-05-08,20:23:09.813530,IP,172.20.0.10.5002,>
2026-05-08,20:23:09.813917,IP,172.20.0.10.5002,>
2026-05-08,20:23:09.813916,IP,172.20.0.20.46413,>
2026-05-08,20:23:09.814243,IP,172.20.0.20.46413,>
2026-05-08,20:23:09.814447,IP,172.20.0.10.5002,>
2026-05-08,20:23:09.814676,IP,172.20.0.20.46413,>
2026-05-08,20:23:09.815460,IP,172.20.0.10.5002,>
2026-05-08,20:23:09.815678,IP,172.20.0.20.46413,>
2026-05-08,20:23:09.816134,IP,172.20.0.20.46413,>
2026-05-08,20:23:09.816331,IP,172.20.0.10.5002,>
2026-05-08,20:23:09.816769,IP,172.20.0.20.46413,>
2026-05-08,20:23:09.817087,IP,172.20.0.10.5002,>
2026-05-08,20:23:09.817716,IP,172.20.0.10.5002,>
2026-05-08,20:23:09.817865,IP,172.20.0.20.46413,>
2026-05-08,20:23:09.818257,IP,172.20.0.20.46413,>
2026-05-08,20:23:09.824477,IP,172.20.0.10.5002,>
2026-05-08,20:23:09.824559,IP,172.20.0.10.5002,>
2026-05-08,20:23:09.824948,IP,172.20.0.20.46413,>
2026-05-08,20:23:09.824971,IP,172.20.0.10.5002,>
2026-05-08,20:23:09.825367,IP,172.20.0.20.46413,>
2026-05-08,20:23:09.825900,IP,172.20.0.10.5002,>
2026-05-08,20:23:09.826105,IP,172.20.0.20.46413,>
2026-05-08,20:23:09.826396,IP,172.20.0.10.5002,>
2026-05-08,20:23:09.826583,IP,172.20.0.20.46413,>
2026-05-08,20:23:09.826863,IP,172.20.0.20.46413,>
2026-05-08,20:23:09.827025,IP,172.20.0.10.5002,>
2026-05-08,20:23:09.827329,IP,172.20.0.20.46413,>
2026-05-08,20:23:09.828128,IP,172.20.0.10.5002,>
2026-05-08,20:23:09.828484,IP,172.20.0.10.5002,>
2026-05-08,20:23:09.828685,IP,172.20.0.20.46413,>
2026-05-08,20:23:09.829451,IP,172.20.0.20.46413,>
2026-05-08,20:23:09.835319,IP,172.20.0.10.5002,>
2026-05-08,20:23:09.835632,IP,172.20.0.10.5002,>
2026-05-08,20:23:09.835729,IP,172.20.0.20.46413,>
2026-05-08,20:23:09.836116,IP,172.20.0.20.46413,>
2026-05-08,20:23:09.836451,IP,172.20.0.10.5002,>
2026-05-08,20:23:09.836769,IP,172.20.0.10.5002,>
2026-05-08,20:23:09.837172,IP,172.20.0.10.5002,>
2026-05-08,20:23:09.837194,IP,172.20.0.20.46413,>
2026-05-08,20:23:09.837504,IP,172.20.0.20.46413,>
2026-05-08,20:23:09.837605,IP,172.20.0.10.5002,>
2026-05-08,20:23:09.838556,IP,172.20.0.20.46413,>
2026-05-08,20:23:09.838834,IP,172.20.0.20.46413,>
2026-05-08,20:23:09.839246,IP,172.20.0.10.5002,>
2026-05-08,20:23:09.839632,IP,172.20.0.10.5002,>
2026-05-08,20:23:09.839987,IP,172.20.0.20.46413,>
2026-05-08,20:23:09.840243,IP,172.20.0.20.46413,>
2026-05-08,20:23:09.846093,IP,172.20.0.10.5002,>
2026-05-08,20:23:09.846283,IP,172.20.0.10.5002,>
2026-05-08,20:23:09.846506,IP,172.20.0.20.46413,>
2026-05-08,20:23:09.846774,IP,172.20.0.20.46413,>
2026-05-08,20:23:09.847694,IP,172.20.0.10.5002,>
2026-05-08,20:23:09.847846,IP,172.20.0.10.5002,>
2026-05-08,20:23:09.848096,IP,172.20.0.20.46413,>
2026-05-08,20:23:09.848362,IP,172.20.0.20.46413,>
2026-05-08,20:23:09.848859,IP,172.20.0.10.5002,>
2026-05-08,20:23:09.848941,IP,172.20.0.10.5002,>
2026-05-08,20:23:09.849188,IP,172.20.0.20.46413,>
2026-05-08,20:23:09.849416,IP,172.20.0.20.46413,>
2026-05-08,20:23:09.850199,IP,172.20.0.10.5002,>
2026-05-08,20:23:09.850487,IP,172.20.0.10.5002,>
2026-05-08,20:23:09.850671,IP,172.20.0.20.46413,>
2026-05-08,20:23:09.851213,IP,172.20.0.20.46413,>
2026-05-08,20:23:09.856838,IP,172.20.0.10.5002,>
2026-05-08,20:23:09.857005,IP,172.20.0.10.5002,>
2026-05-08,20:23:09.857231,IP,172.20.0.20.46413,>
2026-05-08,20:23:09.857496,IP,172.20.0.20.46413,>
2026-05-08,20:23:09.858314,IP,172.20.0.10.5002,>
2026-05-08,20:23:09.858617,IP,172.20.0.20.46413,>
2026-05-08,20:23:09.858903,IP,172.20.0.10.5002,>
2026-05-08,20:23:09.859226,IP,172.20.0.20.46413,>
2026-05-08,20:23:09.860499,IP,172.20.0.10.5002,>
2026-05-08,20:23:09.860638,IP,172.20.0.10.5002,>
2026-05-08,20:23:09.860878,IP,172.20.0.20.46413,>
2026-05-08,20:23:09.860928,IP,172.20.0.10.5002,>
2026-05-08,20:23:09.861214,IP,172.20.0.20.46413,>
2026-05-08,20:23:09.861396,IP,172.20.0.10.5002,>
2026-05-08,20:23:09.861488,IP,172.20.0.20.46413,>
2026-05-08,20:23:09.861821,IP,172.20.0.20.46413,>
2026-05-08,20:23:09.868097,IP,172.20.0.10.5002,>
2026-05-08,20:23:09.868109,IP,172.20.0.10.5002,>
2026-05-08,20:23:09.868557,IP,172.20.0.20.46413,>
2026-05-08,20:23:09.868832,IP,172.20.0.20.46413,>
2026-05-08,20:23:09.868838,IP,172.20.0.10.5002,>
2026-05-08,20:23:09.869112,IP,172.20.0.20.46413,>
2026-05-08,20:23:09.869541,IP,172.20.0.10.5002,>
2026-05-08,20:23:09.869910,IP,172.20.0.20.46413,>
2026-05-08,20:23:09.871261,IP,172.20.0.10.5002,>
2026-05-08,20:23:09.871336,IP,172.20.0.10.5002,>
2026-05-08,20:23:09.871692,IP,172.20.0.20.46413,>
2026-05-08,20:23:09.871743,IP,172.20.0.10.5002,>
2026-05-08,20:23:09.872001,IP,172.20.0.20.46413,>
2026-05-08,20:23:09.872004,IP,172.20.0.10.5002,>
2026-05-08,20:23:09.872324,IP,172.20.0.20.46413,>
2026-05-08,20:23:09.872621,IP,172.20.0.20.46413,>
2026-05-08,20:23:09.878933,IP,172.20.0.10.5002,>
2026-05-08,20:23:09.878942,IP,172.20.0.10.5002,>
2026-05-08,20:23:09.879328,IP,172.20.0.10.5002,>
2026-05-08,20:23:09.879353,IP,172.20.0.20.46413,>
2026-05-08,20:23:09.879633,IP,172.20.0.20.46413,>
2026-05-08,20:23:09.880039,IP,172.20.0.20.46413,>
2026-05-08,20:23:09.880083,IP,172.20.0.10.5002,>
2026-05-08,20:23:09.880469,IP,172.20.0.20.46413,>
2026-05-08,20:23:09.881968,IP,172.20.0.10.5002,>
2026-05-08,20:23:09.882193,IP,172.20.0.10.5002,>
2026-05-08,20:23:09.882367,IP,172.20.0.20.46413,>
2026-05-08,20:23:09.882565,IP,172.20.0.10.5002,>
2026-05-08,20:23:09.882688,IP,172.20.0.20.46413,>
2026-05-08,20:23:09.882945,IP,172.20.0.20.46413,>
2026-05-08,20:23:09.883237,IP,172.20.0.10.5002,>
2026-05-08,20:23:09.883919,IP,172.20.0.20.46413,>
2026-05-08,20:23:09.889644,IP,172.20.0.10.5002,>
2026-05-08,20:23:09.889780,IP,172.20.0.10.5002,>
2026-05-08,20:23:09.890162,IP,172.20.0.20.46413,>
2026-05-08,20:23:09.890278,IP,172.20.0.10.5002,>
2026-05-08,20:23:09.890744,IP,172.20.0.10.5002,>
2026-05-08,20:23:09.891259,IP,172.20.0.20.46413,>
2026-05-08,20:23:09.891554,IP,172.20.0.20.46413,>
2026-05-08,20:23:09.891920,IP,172.20.0.20.46413,>
2026-05-08,20:23:09.892712,IP,172.20.0.10.5002,>
2026-05-08,20:23:09.892860,IP,172.20.0.10.5002,>
2026-05-08,20:23:09.893067,IP,172.20.0.20.46413,>
2026-05-08,20:23:09.893191,IP,172.20.0.10.5002,>
2026-05-08,20:23:09.893524,IP,172.20.0.20.46413,>
2026-05-08,20:23:09.894154,IP,172.20.0.10.5002,>
2026-05-08,20:23:09.894198,IP,172.20.0.20.46413,>
2026-05-08,20:23:09.894641,IP,172.20.0.20.46413,>
2026-05-08,20:23:09.900450,IP,172.20.0.10.5002,>
2026-05-08,20:23:09.900930,IP,172.20.0.20.46413,>
2026-05-08,20:23:09.901548,IP,172.20.0.10.5002,>
2026-05-08,20:23:09.901689,IP,172.20.0.10.5002,>
2026-05-08,20:23:09.902009,IP,172.20.0.20.46413,>
2026-05-08,20:23:09.902082,IP,172.20.0.10.5002,>
2026-05-08,20:23:09.902311,IP,172.20.0.20.46413,>
2026-05-08,20:23:09.902769,IP,172.20.0.20.46413,>
2026-05-08,20:23:09.903362,IP,172.20.0.10.5002,>
2026-05-08,20:23:09.903688,IP,172.20.0.10.5002,>
2026-05-08,20:23:09.903715,IP,172.20.0.20.46413,>
2026-05-08,20:23:09.903986,IP,172.20.0.20.46413,>
2026-05-08,20:23:09.904386,IP,172.20.0.10.5002,>
2026-05-08,20:23:09.904728,IP,172.20.0.20.46413,>
2026-05-08,20:23:09.904833,IP,172.20.0.10.5002,>
2026-05-08,20:23:09.905085,IP,172.20.0.20.46413,>
2026-05-08,20:23:09.911185,IP,172.20.0.10.5002,>
2026-05-08,20:23:09.911498,IP,172.20.0.20.46413,>
2026-05-08,20:23:09.912193,IP,172.20.0.10.5002,>
2026-05-08,20:23:09.912524,IP,172.20.0.10.5002,>
2026-05-08,20:23:09.912590,IP,172.20.0.20.46413,>
2026-05-08,20:23:09.912944,IP,172.20.0.10.5002,>
2026-05-08,20:23:09.912962,IP,172.20.0.20.46413,>
2026-05-08,20:23:09.913200,IP,172.20.0.20.46413,>
2026-05-08,20:23:09.913966,IP,172.20.0.10.5002,>
2026-05-08,20:23:09.914162,IP,172.20.0.10.5002,>
2026-05-08,20:23:09.914346,IP,172.20.0.20.46413,>
2026-05-08,20:23:09.914613,IP,172.20.0.20.46413,>
2026-05-08,20:23:09.914927,IP,172.20.0.10.5002,>
2026-05-08,20:23:09.915220,IP,172.20.0.10.5002,>
2026-05-08,20:23:09.915300,IP,172.20.0.20.46413,>
2026-05-08,20:23:09.915551,IP,172.20.0.20.46413,>
2026-05-08,20:23:09.922399,IP,172.20.0.10.5002,>
2026-05-08,20:23:09.922820,IP,172.20.0.20.46413,>
2026-05-08,20:23:09.923095,IP,172.20.0.10.5002,>
2026-05-08,20:23:09.923236,IP,172.20.0.10.5002,>
2026-05-08,20:23:09.923300,IP,172.20.0.10.5002,>
2026-05-08,20:23:09.923547,IP,172.20.0.20.46413,>
2026-05-08,20:23:09.923841,IP,172.20.0.20.46413,>
2026-05-08,20:23:09.924333,IP,172.20.0.20.46413,>
2026-05-08,20:23:09.924583,IP,172.20.0.10.5002,>
2026-05-08,20:23:09.924766,IP,172.20.0.10.5002,>
2026-05-08,20:23:09.925140,IP,172.20.0.20.46413,>
2026-05-08,20:23:09.925427,IP,172.20.0.20.46413,>
2026-05-08,20:23:09.926068,IP,172.20.0.10.5002,>
2026-05-08,20:23:09.926137,IP,172.20.0.10.5002,>
2026-05-08,20:23:09.926427,IP,172.20.0.20.46413,>
2026-05-08,20:23:09.926684,IP,172.20.0.20.46413,>
2026-05-08,20:23:09.933246,IP,172.20.0.10.5002,>
2026-05-08,20:23:09.933641,IP,172.20.0.20.46413,>
2026-05-08,20:23:09.933717,IP,172.20.0.10.5002,>
2026-05-08,20:23:09.934035,IP,172.20.0.10.5002,>
2026-05-08,20:23:09.934143,IP,172.20.0.20.46413,>
2026-05-08,20:23:09.934462,IP,172.20.0.20.46413,>
2026-05-08,20:23:09.935519,IP,172.20.0.10.5002,>
2026-05-08,20:23:09.935937,IP,172.20.0.20.46413,>
2026-05-08,20:23:09.936452,IP,172.20.0.10.5002,>
2026-05-08,20:23:09.936612,IP,172.20.0.10.5002,>
2026-05-08,20:23:09.936705,IP,172.20.0.10.5002,>
2026-05-08,20:23:09.937009,IP,172.20.0.20.46413,>
2026-05-08,20:23:09.937410,IP,172.20.0.20.46413,>
2026-05-08,20:23:09.937451,IP,172.20.0.10.5002,>
2026-05-08,20:23:09.937996,IP,172.20.0.20.46413,>
2026-05-08,20:23:09.938432,IP,172.20.0.20.46413,>
2026-05-08,20:23:09.944053,IP,172.20.0.10.5002,>
2026-05-08,20:23:09.944348,IP,172.20.0.10.5002,>
2026-05-08,20:23:09.944469,IP,172.20.0.20.46413,>
2026-05-08,20:23:09.944773,IP,172.20.0.10.5002,>
2026-05-08,20:23:09.944966,IP,172.20.0.20.46413,>
2026-05-08,20:23:09.945483,IP,172.20.0.20.46413,>
2026-05-08,20:23:09.946152,IP,172.20.0.10.5002,>
2026-05-08,20:23:09.946728,IP,172.20.0.20.46413,>
2026-05-08,20:23:09.947273,IP,172.20.0.10.5002,>
2026-05-08,20:23:09.947618,IP,172.20.0.10.5002,>
2026-05-08,20:23:09.947728,IP,172.20.0.20.46413,>
2026-05-08,20:23:09.948155,IP,172.20.0.10.5002,>
2026-05-08,20:23:09.948190,IP,172.20.0.20.46413,>
2026-05-08,20:23:09.948609,IP,172.20.0.10.5002,>
2026-05-08,20:23:09.948631,IP,172.20.0.20.46413,>
2026-05-08,20:23:09.949163,IP,172.20.0.20.46413,>
2026-05-08,20:23:09.954751,IP,172.20.0.10.5002,>
2026-05-08,20:23:09.955151,IP,172.20.0.10.5002,>
2026-05-08,20:23:09.955160,IP,172.20.0.20.46413,>
2026-05-08,20:23:09.955434,IP,172.20.0.20.46413,>
2026-05-08,20:23:09.955681,IP,172.20.0.10.5002,>
2026-05-08,20:23:09.956039,IP,172.20.0.20.46413,>
2026-05-08,20:23:09.956935,IP,172.20.0.10.5002,>
2026-05-08,20:23:09.957264,IP,172.20.0.20.46413,>
2026-05-08,20:23:09.957984,IP,172.20.0.10.5002,>
2026-05-08,20:23:09.958323,IP,172.20.0.20.46413,>
2026-05-08,20:23:09.958519,IP,172.20.0.10.5002,>
2026-05-08,20:23:09.958856,IP,172.20.0.10.5002,>
2026-05-08,20:23:09.958886,IP,172.20.0.20.46413,>
2026-05-08,20:23:09.959142,IP,172.20.0.20.46413,>
2026-05-08,20:23:09.959391,IP,172.20.0.10.5002,>
2026-05-08,20:23:09.959687,IP,172.20.0.20.46413,>
2026-05-08,20:23:09.965479,IP,172.20.0.10.5002,>
2026-05-08,20:23:09.965697,IP,172.20.0.10.5002,>
2026-05-08,20:23:09.965835,IP,172.20.0.20.46413,>
2026-05-08,20:23:09.966158,IP,172.20.0.20.46413,>
2026-05-08,20:23:09.966406,IP,172.20.0.10.5002,>
2026-05-08,20:23:09.967224,IP,172.20.0.20.46413,>
2026-05-08,20:23:09.967441,IP,172.20.0.10.5002,>
2026-05-08,20:23:09.967936,IP,172.20.0.20.46413,>
2026-05-08,20:23:09.968733,IP,172.20.0.10.5002,>
2026-05-08,20:23:09.969085,IP,172.20.0.20.46413,>
2026-05-08,20:23:09.969128,IP,172.20.0.10.5002,>
2026-05-08,20:23:09.969352,IP,172.20.0.10.5002,>
2026-05-08,20:23:09.969451,IP,172.20.0.20.46413,>
2026-05-08,20:23:09.969938,IP,172.20.0.10.5002,>
2026-05-08,20:23:09.970663,IP,172.20.0.20.46413,>
2026-05-08,20:23:09.970961,IP,172.20.0.20.46413,>
2026-05-08,20:23:09.976121,IP,172.20.0.10.5002,>
2026-05-08,20:23:09.976382,IP,172.20.0.10.5002,>
2026-05-08,20:23:09.976470,IP,172.20.0.20.46413,>
2026-05-08,20:23:09.976749,IP,172.20.0.20.46413,>
2026-05-08,20:23:09.977461,IP,172.20.0.10.5002,>
2026-05-08,20:23:09.977992,IP,172.20.0.20.46413,>
2026-05-08,20:23:09.978299,IP,172.20.0.10.5002,>
2026-05-08,20:23:09.978682,IP,172.20.0.20.46413,>
2026-05-08,20:23:09.979444,IP,172.20.0.10.5002,>
2026-05-08,20:23:09.979653,IP,172.20.0.10.5002,>
2026-05-08,20:23:09.979782,IP,172.20.0.20.46413,>
2026-05-08,20:23:09.980099,IP,172.20.0.20.46413,>
2026-05-08,20:23:09.980878,IP,172.20.0.10.5002,>
2026-05-08,20:23:09.981165,IP,172.20.0.10.5002,>
2026-05-08,20:23:09.981303,IP,172.20.0.20.46413,>
2026-05-08,20:23:09.981760,IP,172.20.0.20.46413,>
2026-05-08,20:23:09.986820,IP,172.20.0.10.5002,>
2026-05-08,20:23:09.986901,IP,172.20.0.10.5002,>
2026-05-08,20:23:09.987185,IP,172.20.0.20.46413,>
2026-05-08,20:23:09.988176,IP,172.20.0.20.46413,>
2026-05-08,20:23:09.988185,IP,172.20.0.10.5002,>
2026-05-08,20:23:09.988915,IP,172.20.0.10.5002,>
2026-05-08,20:23:09.988992,IP,172.20.0.20.46413,>
2026-05-08,20:23:09.989556,IP,172.20.0.20.46413,>
2026-05-08,20:23:09.990047,IP,172.20.0.10.5002,>
2026-05-08,20:23:09.990280,IP,172.20.0.10.5002,>
2026-05-08,20:23:09.990671,IP,172.20.0.20.46413,>
2026-05-08,20:23:09.991131,IP,172.20.0.20.46413,>
2026-05-08,20:23:09.991563,IP,172.20.0.10.5002,>
2026-05-08,20:23:09.991903,IP,172.20.0.20.46413,>
2026-05-08,20:23:09.991979,IP,172.20.0.10.5002,>
2026-05-08,20:23:09.992274,IP,172.20.0.20.46413,>
2026-05-08,20:23:09.997489,IP,172.20.0.10.5002,>
2026-05-08,20:23:09.997843,IP,172.20.0.20.46413,>
2026-05-08,20:23:09.998470,IP,172.20.0.10.5002,>
2026-05-08,20:23:09.998763,IP,172.20.0.20.46413,>
2026-05-08,20:23:09.999183,IP,172.20.0.10.5002,>
2026-05-08,20:23:09.999612,IP,172.20.0.20.46413,>
2026-05-08,20:23:09.999728,IP,172.20.0.10.5002,>
2026-05-08,20:23:10.000054,IP,172.20.0.20.46413,>
2026-05-08,20:23:10.001053,IP,172.20.0.10.5002,>
2026-05-08,20:23:10.001415,IP,172.20.0.10.5002,>
2026-05-08,20:23:10.001479,IP,172.20.0.20.46413,>
2026-05-08,20:23:10.001928,IP,172.20.0.20.46413,>
2026-05-08,20:23:10.002119,IP,172.20.0.10.5002,>
2026-05-08,20:23:10.002411,IP,172.20.0.20.46413,>
2026-05-08,20:23:10.002512,IP,172.20.0.10.5002,>
2026-05-08,20:23:10.002755,IP,172.20.0.20.46413,>
2026-05-08,20:23:10.008266,IP,172.20.0.10.5002,>
2026-05-08,20:23:10.008687,IP,172.20.0.20.46413,>
2026-05-08,20:23:10.008996,IP,172.20.0.10.5002,>
2026-05-08,20:23:10.009414,IP,172.20.0.20.46413,>
2026-05-08,20:23:10.009894,IP,172.20.0.10.5002,>
2026-05-08,20:23:10.010220,IP,172.20.0.20.46413,>
2026-05-08,20:23:10.010297,IP,172.20.0.10.5002,>
2026-05-08,20:23:10.010602,IP,172.20.0.20.46413,>
2026-05-08,20:23:10.011781,IP,172.20.0.10.5002,>
2026-05-08,20:23:10.012121,IP,172.20.0.20.46413,>
2026-05-08,20:23:10.012231,IP,172.20.0.10.5002,>
2026-05-08,20:23:10.012519,IP,172.20.0.20.46413,>
2026-05-08,20:23:10.012816,IP,172.20.0.10.5002,>
2026-05-08,20:23:10.012942,IP,172.20.0.10.5002,>
2026-05-08,20:23:10.013962,IP,172.20.0.20.46413,>
2026-05-08,20:23:10.014243,IP,172.20.0.20.46413,>
2026-05-08,20:23:10.019023,IP,172.20.0.10.5002,>
2026-05-08,20:23:10.019388,IP,172.20.0.20.46413,>
2026-05-08,20:23:10.019642,IP,172.20.0.10.5002,>
2026-05-08,20:23:10.020396,IP,172.20.0.10.5002,>
2026-05-08,20:23:10.020491,IP,172.20.0.20.46413,>
2026-05-08,20:23:10.020849,IP,172.20.0.10.5002,>
2026-05-08,20:23:10.020987,IP,172.20.0.20.46413,>
2026-05-08,20:23:10.021316,IP,172.20.0.20.46413,>
2026-05-08,20:23:10.022513,IP,172.20.0.10.5002,>
2026-05-08,20:23:10.022689,IP,172.20.0.10.5002,>
2026-05-08,20:23:10.023022,IP,172.20.0.20.46413,>
2026-05-08,20:23:10.023345,IP,172.20.0.20.46413,>
2026-05-08,20:23:10.024154,IP,172.20.0.10.5002,>
2026-05-08,20:23:10.024578,IP,172.20.0.10.5002,>
2026-05-08,20:23:10.024579,IP,172.20.0.20.46413,>
2026-05-08,20:23:10.024957,IP,172.20.0.20.46413,>
2026-05-08,20:23:10.029752,IP,172.20.0.10.5002,>
2026-05-08,20:23:10.030184,IP,172.20.0.20.46413,>
2026-05-08,20:23:10.030669,IP,172.20.0.10.5002,>
2026-05-08,20:23:10.031272,IP,172.20.0.10.5002,>
2026-05-08,20:23:10.031286,IP,172.20.0.20.46413,>
2026-05-08,20:23:10.031510,IP,172.20.0.10.5002,>
2026-05-08,20:23:10.031892,IP,172.20.0.20.46413,>
2026-05-08,20:23:10.032158,IP,172.20.0.20.46413,>
2026-05-08,20:23:10.033401,IP,172.20.0.10.5002,>
2026-05-08,20:23:10.033611,IP,172.20.0.10.5002,>
2026-05-08,20:23:10.033774,IP,172.20.0.20.46413,>
2026-05-08,20:23:10.034115,IP,172.20.0.20.46413,>
2026-05-08,20:23:10.034861,IP,172.20.0.10.5002,>
2026-05-08,20:23:10.035191,IP,172.20.0.20.46413,>
2026-05-08,20:23:10.035432,IP,172.20.0.10.5002,>
2026-05-08,20:23:10.035742,IP,172.20.0.20.46413,>
2026-05-08,20:23:10.040580,IP,172.20.0.10.5002,>
2026-05-08,20:23:10.041008,IP,172.20.0.20.46413,>
2026-05-08,20:23:10.041471,IP,172.20.0.10.5002,>
2026-05-08,20:23:10.042043,IP,172.20.0.20.46413,>
2026-05-08,20:23:10.042099,IP,172.20.0.10.5002,>
2026-05-08,20:23:10.042376,IP,172.20.0.10.5002,>
2026-05-08,20:23:10.042509,IP,172.20.0.20.46413,>
2026-05-08,20:23:10.042775,IP,172.20.0.20.46413,>
2026-05-08,20:23:10.044152,IP,172.20.0.10.5002,>
2026-05-08,20:23:10.044265,IP,172.20.0.10.5002,>
2026-05-08,20:23:10.044500,IP,172.20.0.20.46413,>
2026-05-08,20:23:10.044751,IP,172.20.0.20.46413,>
2026-05-08,20:23:10.045448,IP,172.20.0.10.5002,>
2026-05-08,20:23:10.045761,IP,172.20.0.20.46413,>
2026-05-08,20:23:10.045995,IP,172.20.0.10.5002,>
2026-05-08,20:23:10.046272,IP,172.20.0.20.46413,>
2026-05-08,20:23:10.051307,IP,172.20.0.10.5002,>
2026-05-08,20:23:10.051639,IP,172.20.0.20.46413,>
2026-05-08,20:23:10.052301,IP,172.20.0.10.5002,>
2026-05-08,20:23:10.052837,IP,172.20.0.10.5002,>
2026-05-08,20:23:10.052909,IP,172.20.0.20.46413,>
2026-05-08,20:23:10.052978,IP,172.20.0.10.5002,>
2026-05-08,20:23:10.053306,IP,172.20.0.20.46413,>
2026-05-08,20:23:10.053675,IP,172.20.0.20.46413,>
2026-05-08,20:23:10.054865,IP,172.20.0.10.5002,>
2026-05-08,20:23:10.054946,IP,172.20.0.10.5002,>
2026-05-08,20:23:10.055233,IP,172.20.0.20.46413,>
2026-05-08,20:23:10.055489,IP,172.20.0.20.46413,>
2026-05-08,20:23:10.056008,IP,172.20.0.10.5002,>
2026-05-08,20:23:10.056296,IP,172.20.0.20.46413,>
2026-05-08,20:23:10.056509,IP,172.20.0.10.5002,>
2026-05-08,20:23:10.056808,IP,172.20.0.20.46413,>
2026-05-08,20:23:10.062019,IP,172.20.0.10.5002,>
2026-05-08,20:23:10.062370,IP,172.20.0.20.46413,>
2026-05-08,20:23:10.063154,IP,172.20.0.10.5002,>
2026-05-08,20:23:10.063533,IP,172.20.0.20.46413,>
2026-05-08,20:23:10.064232,IP,172.20.0.10.5002,>
2026-05-08,20:23:10.064308,IP,172.20.0.10.5002,>
2026-05-08,20:23:10.064571,IP,172.20.0.20.46413,>
2026-05-08,20:23:10.064857,IP,172.20.0.20.46413,>
2026-05-08,20:23:10.065638,IP,172.20.0.10.5002,>
2026-05-08,20:23:10.065751,IP,172.20.0.10.5002,>
2026-05-08,20:23:10.066226,IP,172.20.0.20.46413,>
2026-05-08,20:23:10.066543,IP,172.20.0.10.5002,>
2026-05-08,20:23:10.066693,IP,172.20.0.20.46413,>
2026-05-08,20:23:10.066961,IP,172.20.0.20.46413,>
2026-05-08,20:23:10.067033,IP,172.20.0.10.5002,>
2026-05-08,20:23:10.067261,IP,172.20.0.20.46413,>
2026-05-08,20:23:10.072762,IP,172.20.0.10.5002,>
2026-05-08,20:23:10.073114,IP,172.20.0.20.46413,>
2026-05-08,20:23:10.073816,IP,172.20.0.10.5002,>
2026-05-08,20:23:10.074118,IP,172.20.0.20.46413,>
2026-05-08,20:23:10.074767,IP,172.20.0.10.5002,>
2026-05-08,20:23:10.075035,IP,172.20.0.10.5002,>
2026-05-08,20:23:10.075136,IP,172.20.0.20.46413,>
2026-05-08,20:23:10.075456,IP,172.20.0.20.46413,>
2026-05-08,20:23:10.076650,IP,172.20.0.10.5002,>
2026-05-08,20:23:10.076911,IP,172.20.0.10.5002,>
2026-05-08,20:23:10.077029,IP,172.20.0.20.46413,>
2026-05-08,20:23:10.077113,IP,172.20.0.10.5002,>
2026-05-08,20:23:10.077349,IP,172.20.0.20.46413,>
2026-05-08,20:23:10.077474,IP,172.20.0.10.5002,>
2026-05-08,20:23:10.077745,IP,172.20.0.20.46413,>
2026-05-08,20:23:10.078079,IP,172.20.0.20.46413,>
2026-05-08,20:23:10.083517,IP,172.20.0.10.5002,>
2026-05-08,20:23:10.083874,IP,172.20.0.20.46413,>
2026-05-08,20:23:10.084360,IP,172.20.0.10.5002,>
2026-05-08,20:23:10.084774,IP,172.20.0.20.46413,>
2026-05-08,20:23:10.085417,IP,172.20.0.10.5002,>
2026-05-08,20:23:10.085649,IP,172.20.0.10.5002,>
2026-05-08,20:23:10.085827,IP,172.20.0.20.46413,>
2026-05-08,20:23:10.086277,IP,172.20.0.20.46413,>
2026-05-08,20:23:10.087329,IP,172.20.0.10.5002,>
2026-05-08,20:23:10.087656,IP,172.20.0.10.5002,>
2026-05-08,20:23:10.087755,IP,172.20.0.20.46413,>
2026-05-08,20:23:10.087961,IP,172.20.0.10.5002,>
2026-05-08,20:23:10.088080,IP,172.20.0.20.46413,>
2026-05-08,20:23:10.088366,IP,172.20.0.20.46413,>
2026-05-08,20:23:10.088392,IP,172.20.0.10.5002,>
2026-05-08,20:23:10.088740,IP,172.20.0.20.46413,>
2026-05-08,20:23:10.094263,IP,172.20.0.10.5002,>
2026-05-08,20:23:10.094690,IP,172.20.0.20.46413,>
2026-05-08,20:23:10.095034,IP,172.20.0.10.5002,>
2026-05-08,20:23:10.095343,IP,172.20.0.20.46413,>
2026-05-08,20:23:10.096027,IP,172.20.0.10.5002,>
2026-05-08,20:23:10.096325,IP,172.20.0.20.46413,>
2026-05-08,20:23:10.096692,IP,172.20.0.10.5002,>
2026-05-08,20:23:10.097085,IP,172.20.0.20.46413,>
2026-05-08,20:23:10.098094,IP,172.20.0.10.5002,>
2026-05-08,20:23:10.098467,IP,172.20.0.20.46413,>
2026-05-08,20:23:10.098630,IP,172.20.0.10.5002,>
2026-05-08,20:23:10.098974,IP,172.20.0.10.5002,>
2026-05-08,20:23:10.099037,IP,172.20.0.10.5002,>
2026-05-08,20:23:10.099274,IP,172.20.0.20.46413,>
2026-05-08,20:23:10.099703,IP,172.20.0.20.46413,>
2026-05-08,20:23:10.099992,IP,172.20.0.20.46413,>
2026-05-08,20:23:10.105040,IP,172.20.0.10.5002,>
2026-05-08,20:23:10.105465,IP,172.20.0.20.46413,>
2026-05-08,20:23:10.105520,IP,172.20.0.10.5002,>
2026-05-08,20:23:10.106097,IP,172.20.0.20.46413,>
2026-05-08,20:23:10.106603,IP,172.20.0.10.5002,>
2026-05-08,20:23:10.107022,IP,172.20.0.20.46413,>
2026-05-08,20:23:10.107273,IP,172.20.0.10.5002,>
2026-05-08,20:23:10.107620,IP,172.20.0.20.46413,>
2026-05-08,20:23:10.108726,IP,172.20.0.10.5002,>
2026-05-08,20:23:10.109167,IP,172.20.0.20.46413,>
2026-05-08,20:23:10.109880,IP,172.20.0.10.5002,>
2026-05-08,20:23:10.110147,IP,172.20.0.10.5002,>
2026-05-08,20:23:10.110222,IP,172.20.0.10.5002,>
2026-05-08,20:23:10.110340,IP,172.20.0.20.46413,>
2026-05-08,20:23:10.110613,IP,172.20.0.20.46413,>
2026-05-08,20:23:10.111010,IP,172.20.0.20.46413,>
2026-05-08,20:23:10.115855,IP,172.20.0.10.5002,>
2026-05-08,20:23:10.116277,IP,172.20.0.20.46413,>
2026-05-08,20:23:10.116474,IP,172.20.0.10.5002,>
2026-05-08,20:23:10.116833,IP,172.20.0.20.46413,>
2026-05-08,20:23:10.117231,IP,172.20.0.10.5002,>
2026-05-08,20:23:10.117535,IP,172.20.0.20.46413,>
2026-05-08,20:23:10.118032,IP,172.20.0.10.5002,>
2026-05-08,20:23:10.118555,IP,172.20.0.20.46413,>
2026-05-08,20:23:10.119433,IP,172.20.0.10.5002,>
2026-05-08,20:23:10.119754,IP,172.20.0.20.46413,>
2026-05-08,20:23:10.120534,IP,172.20.0.10.5002,>
2026-05-08,20:23:10.120902,IP,172.20.0.20.46413,>
2026-05-08,20:23:10.120990,IP,172.20.0.10.5002,>
2026-05-08,20:23:10.121333,IP,172.20.0.20.46413,>
2026-05-08,20:23:10.121411,IP,172.20.0.10.5002,>
2026-05-08,20:23:10.121759,IP,172.20.0.20.46413,>
2026-05-08,20:23:10.126539,IP,172.20.0.10.5002,>
2026-05-08,20:23:10.126995,IP,172.20.0.20.46413,>
2026-05-08,20:23:10.127042,IP,172.20.0.10.5002,>
2026-05-08,20:23:10.127454,IP,172.20.0.20.46413,>
2026-05-08,20:23:10.127691,IP,172.20.0.10.5002,>
2026-05-08,20:23:10.128069,IP,172.20.0.20.46413,>
2026-05-08,20:23:10.128742,IP,172.20.0.10.5002,>
2026-05-08,20:23:10.129126,IP,172.20.0.20.46413,>
2026-05-08,20:23:10.130195,IP,172.20.0.10.5002,>
2026-05-08,20:23:10.130621,IP,172.20.0.20.46413,>
2026-05-08,20:23:10.131105,IP,172.20.0.10.5002,>
2026-05-08,20:23:10.131473,IP,172.20.0.20.46413,>
2026-05-08,20:23:10.131602,IP,172.20.0.10.5002,>
2026-05-08,20:23:10.131927,IP,172.20.0.20.46413,>
2026-05-08,20:23:10.132258,IP,172.20.0.10.5002,>
2026-05-08,20:23:10.132575,IP,172.20.0.20.46413,>
2026-05-08,20:23:10.137349,IP,172.20.0.10.5002,>
2026-05-08,20:23:10.137659,IP,172.20.0.10.5002,>
2026-05-08,20:23:10.137773,IP,172.20.0.20.46413,>
2026-05-08,20:23:10.138206,IP,172.20.0.20.46413,>
2026-05-08,20:23:10.138255,IP,172.20.0.10.5002,>
2026-05-08,20:23:10.138565,IP,172.20.0.20.46413,>
2026-05-08,20:23:10.139319,IP,172.20.0.10.5002,>
2026-05-08,20:23:10.139621,IP,172.20.0.20.46413,>
2026-05-08,20:23:10.141040,IP,172.20.0.10.5002,>
2026-05-08,20:23:10.141393,IP,172.20.0.20.46413,>
2026-05-08,20:23:10.141694,IP,172.20.0.10.5002,>
2026-05-08,20:23:10.142118,IP,172.20.0.20.46413,>
2026-05-08,20:23:10.142129,IP,172.20.0.10.5002,>
2026-05-08,20:23:10.142363,IP,172.20.0.20.46413,>
2026-05-08,20:23:10.142755,IP,172.20.0.10.5002,>
2026-05-08,20:23:10.143147,IP,172.20.0.20.46413,>
2026-05-08,20:23:10.148208,IP,172.20.0.10.5002,>
2026-05-08,20:23:10.148369,IP,172.20.0.10.5002,>
2026-05-08,20:23:10.148537,IP,172.20.0.20.46413,>
2026-05-08,20:23:10.148733,IP,172.20.0.10.5002,>
2026-05-08,20:23:10.148821,IP,172.20.0.20.46413,>
2026-05-08,20:23:10.149052,IP,172.20.0.20.46413,>
2026-05-08,20:23:10.149822,IP,172.20.0.10.5002,>
2026-05-08,20:23:10.150139,IP,172.20.0.20.46413,>
2026-05-08,20:23:10.151652,IP,172.20.0.10.5002,>
2026-05-08,20:23:10.152070,IP,172.20.0.20.46413,>
2026-05-08,20:23:10.152292,IP,172.20.0.10.5002,>
2026-05-08,20:23:10.152579,IP,172.20.0.10.5002,>
2026-05-08,20:23:10.152886,IP,172.20.0.20.46413,>
2026-05-08,20:23:10.153196,IP,172.20.0.20.46413,>
2026-05-08,20:23:10.153354,IP,172.20.0.10.5002,>
2026-05-08,20:23:10.153709,IP,172.20.0.20.46413,>
2026-05-08,20:23:10.158892,IP,172.20.0.10.5002,>
2026-05-08,20:23:10.158991,IP,172.20.0.10.5002,>
2026-05-08,20:23:10.159271,IP,172.20.0.10.5002,>
2026-05-08,20:23:10.159303,IP,172.20.0.20.46413,>
2026-05-08,20:23:10.159607,IP,172.20.0.20.46413,>
2026-05-08,20:23:10.159969,IP,172.20.0.20.46413,>
2026-05-08,20:23:10.160314,IP,172.20.0.10.5002,>
2026-05-08,20:23:10.160832,IP,172.20.0.20.46413,>
2026-05-08,20:23:10.162283,IP,172.20.0.10.5002,>
2026-05-08,20:23:10.162636,IP,172.20.0.20.46413,>
2026-05-08,20:23:10.163131,IP,172.20.0.10.5002,>
2026-05-08,20:23:10.163375,IP,172.20.0.10.5002,>
2026-05-08,20:23:10.163462,IP,172.20.0.20.46413,>
2026-05-08,20:23:10.163727,IP,172.20.0.20.46413,>
2026-05-08,20:23:10.163955,IP,172.20.0.10.5002,>
2026-05-08,20:23:10.164238,IP,172.20.0.20.46413,>
2026-05-08,20:23:10.169714,IP,172.20.0.10.5002,>
2026-05-08,20:23:10.169814,IP,172.20.0.10.5002,>
2026-05-08,20:23:10.170150,IP,172.20.0.20.46413,>
2026-05-08,20:23:10.170174,IP,172.20.0.10.5002,>
2026-05-08,20:23:10.170441,IP,172.20.0.20.46413,>
2026-05-08,20:23:10.170681,IP,172.20.0.20.46413,>
2026-05-08,20:23:10.171209,IP,172.20.0.10.5002,>
2026-05-08,20:23:10.171523,IP,172.20.0.20.46413,>
2026-05-08,20:23:10.172939,IP,172.20.0.10.5002,>
2026-05-08,20:23:10.173255,IP,172.20.0.20.46413,>
2026-05-08,20:23:10.173677,IP,172.20.0.10.5002,>
2026-05-08,20:23:10.173988,IP,172.20.0.10.5002,>
2026-05-08,20:23:10.174394,IP,172.20.0.20.46413,>
2026-05-08,20:23:10.174434,IP,172.20.0.10.5002,>
2026-05-08,20:23:10.174669,IP,172.20.0.20.46413,>
2026-05-08,20:23:10.174944,IP,172.20.0.20.46413,>
2026-05-08,20:23:10.180667,IP,172.20.0.10.5002,>
2026-05-08,20:23:10.180770,IP,172.20.0.10.5002,>
2026-05-08,20:23:10.180878,IP,172.20.0.10.5002,>
2026-05-08,20:23:10.181225,IP,172.20.0.20.46413,>
2026-05-08,20:23:10.181535,IP,172.20.0.20.46413,>
2026-05-08,20:23:10.181719,IP,172.20.0.10.5002,>
2026-05-08,20:23:10.181817,IP,172.20.0.20.46413,>
2026-05-08,20:23:10.182235,IP,172.20.0.20.46413,>
2026-05-08,20:23:10.183609,IP,172.20.0.10.5002,>
2026-05-08,20:23:10.183992,IP,172.20.0.20.46413,>
2026-05-08,20:23:10.184614,IP,172.20.0.10.5002,>
2026-05-08,20:23:10.184895,IP,172.20.0.10.5002,>
2026-05-08,20:23:10.184987,IP,172.20.0.20.46413,>
2026-05-08,20:23:10.185127,IP,172.20.0.10.5002,>
2026-05-08,20:23:10.185345,IP,172.20.0.20.46413,>
2026-05-08,20:23:10.185584,IP,172.20.0.20.46413,>
2026-05-08,20:23:10.192559,IP,172.20.0.10.5002,>
2026-05-08,20:23:10.192655,IP,172.20.0.10.5002,>
2026-05-08,20:23:10.192688,IP,172.20.0.10.5002,>
2026-05-08,20:23:10.192771,IP,172.20.0.10.5002,>
2026-05-08,20:23:10.193037,IP,172.20.0.20.46413,>
2026-05-08,20:23:10.193358,IP,172.20.0.20.46413,>
2026-05-08,20:23:10.193633,IP,172.20.0.20.46413,>
2026-05-08,20:23:10.194023,IP,172.20.0.20.46413,>
2026-05-08,20:23:10.194269,IP,172.20.0.10.5002,>
2026-05-08,20:23:10.194741,IP,172.20.0.20.46413,>
2026-05-08,20:23:10.195216,IP,172.20.0.10.5002,>
2026-05-08,20:23:10.195541,IP,172.20.0.10.5002,>
2026-05-08,20:23:10.195577,IP,172.20.0.20.46413,>
2026-05-08,20:23:10.195881,IP,172.20.0.20.46413,>
2026-05-08,20:23:10.195993,IP,172.20.0.10.5002,>
2026-05-08,20:23:10.196292,IP,172.20.0.20.46413,>
2026-05-08,20:23:10.203443,IP,172.20.0.10.5002,>
2026-05-08,20:23:10.203535,IP,172.20.0.10.5002,>
2026-05-08,20:23:10.203820,IP,172.20.0.10.5002,>
2026-05-08,20:23:10.203843,IP,172.20.0.20.46413,>
2026-05-08,20:23:10.204209,IP,172.20.0.10.5002,>
2026-05-08,20:23:10.204286,IP,172.20.0.20.46413,>
2026-05-08,20:23:10.204536,IP,172.20.0.20.46413,>
2026-05-08,20:23:10.204781,IP,172.20.0.20.46413,>
2026-05-08,20:23:10.205108,IP,172.20.0.10.5002,>
2026-05-08,20:23:10.205405,IP,172.20.0.20.46413,>
2026-05-08,20:23:10.205778,IP,172.20.0.10.5002,>
2026-05-08,20:23:10.206033,IP,172.20.0.10.5002,>
2026-05-08,20:23:10.206466,IP,172.20.0.20.46413,>
2026-05-08,20:23:10.206513,IP,172.20.0.10.5002,>
2026-05-08,20:23:10.206958,IP,172.20.0.20.46413,>
2026-05-08,20:23:10.214113,IP,172.20.0.10.5002,>
2026-05-08,20:23:10.214164,IP,172.20.0.20.46413,>
2026-05-08,20:23:10.214470,IP,172.20.0.10.5002,>
2026-05-08,20:23:10.214478,IP,172.20.0.20.46413,>
2026-05-08,20:23:10.214745,IP,172.20.0.20.46413,>
2026-05-08,20:23:10.214940,IP,172.20.0.10.5002,>
2026-05-08,20:23:10.215151,IP,172.20.0.10.5002,>
2026-05-08,20:23:10.215245,IP,172.20.0.20.46413,>
2026-05-08,20:23:10.215472,IP,172.20.0.20.46413,>
2026-05-08,20:23:10.215654,IP,172.20.0.10.5002,>
2026-05-08,20:23:10.216748,IP,172.20.0.10.5002,>
2026-05-08,20:23:10.216910,IP,172.20.0.20.46413,>
2026-05-08,20:23:10.219569,IP,172.20.0.20.46413,>
2026-05-08,20:23:10.224301,IP,172.20.0.10.5002,>
2026-05-08,20:23:10.224381,IP,172.20.0.10.5002,>
2026-05-08,20:23:10.224711,IP,172.20.0.20.46413,>
2026-05-08,20:23:10.224834,IP,172.20.0.10.5002,>
2026-05-08,20:23:10.224916,IP,172.20.0.10.5002,>
2026-05-08,20:23:10.225120,IP,172.20.0.20.46413,>
2026-05-08,20:23:10.225525,IP,172.20.0.10.5002,>
2026-05-08,20:23:10.225611,IP,172.20.0.20.46413,>
2026-05-08,20:23:10.225967,IP,172.20.0.10.5002,>
2026-05-08,20:23:10.226687,IP,172.20.0.20.46413,>
2026-05-08,20:23:10.226694,IP,172.20.0.20.46413,>
2026-05-08,20:23:10.226699,IP,172.20.0.20.46413,>
2026-05-08,20:23:10.227167,IP,172.20.0.10.5002,>
2026-05-08,20:23:10.227607,IP,172.20.0.20.46413,>
2026-05-08,20:23:10.229815,IP,172.20.0.10.5002,>
2026-05-08,20:23:10.230206,IP,172.20.0.20.46413,>
2026-05-08,20:23:10.235068,IP,172.20.0.10.5002,>
2026-05-08,20:23:10.235471,IP,172.20.0.20.46413,>
2026-05-08,20:23:10.235580,IP,172.20.0.10.5002,>
2026-05-08,20:23:10.235938,IP,172.20.0.20.46413,>
2026-05-08,20:23:10.235983,IP,172.20.0.10.5002,>
2026-05-08,20:23:10.236350,IP,172.20.0.20.46413,>
2026-05-08,20:23:10.236914,IP,172.20.0.10.5002,>
2026-05-08,20:23:10.236983,IP,172.20.0.10.5002,>
2026-05-08,20:23:10.237093,IP,172.20.0.10.5002,>
2026-05-08,20:23:10.237219,IP,172.20.0.20.46413,>
2026-05-08,20:23:10.237473,IP,172.20.0.20.46413,>
2026-05-08,20:23:10.237734,IP,172.20.0.20.46413,>
2026-05-08,20:23:10.237952,IP,172.20.0.10.5002,>
2026-05-08,20:23:10.238252,IP,172.20.0.20.46413,>
2026-05-08,20:23:10.240378,IP,172.20.0.10.5002,>
2026-05-08,20:23:10.240685,IP,172.20.0.20.46413,>
2026-05-08,20:23:10.245737,IP,172.20.0.10.5002,>
2026-05-08,20:23:10.246288,IP,172.20.0.20.46413,>
2026-05-08,20:23:10.246377,IP,172.20.0.10.5002,>
2026-05-08,20:23:10.246545,IP,172.20.0.10.5002,>
2026-05-08,20:23:10.246865,IP,172.20.0.20.46413,>
2026-05-08,20:23:10.247155,IP,172.20.0.20.46413,>
2026-05-08,20:23:10.247489,IP,172.20.0.10.5002,>
2026-05-08,20:23:10.247686,IP,172.20.0.10.5002,>
2026-05-08,20:23:10.247984,IP,172.20.0.10.5002,>
2026-05-08,20:23:10.248168,IP,172.20.0.20.46413,>
2026-05-08,20:23:10.248449,IP,172.20.0.20.46413,>
2026-05-08,20:23:10.248487,IP,172.20.0.10.5002,>
2026-05-08,20:23:10.249124,IP,172.20.0.20.46413,>
2026-05-08,20:23:10.249565,IP,172.20.0.20.46413,>
2026-05-08,20:23:10.250926,IP,172.20.0.10.5002,>
2026-05-08,20:23:10.251276,IP,172.20.0.20.46413,>
2026-05-08,20:23:10.256508,IP,172.20.0.10.5002,>
2026-05-08,20:23:10.256962,IP,172.20.0.20.46413,>
2026-05-08,20:23:10.257226,IP,172.20.0.10.5002,>
2026-05-08,20:23:10.257366,IP,172.20.0.10.5002,>
2026-05-08,20:23:10.258321,IP,172.20.0.20.46413,>
2026-05-08,20:23:10.258379,IP,172.20.0.10.5002,>
2026-05-08,20:23:10.258637,IP,172.20.0.10.5002,>
2026-05-08,20:23:10.258670,IP,172.20.0.20.46413,>
2026-05-08,20:23:10.258941,IP,172.20.0.20.46413,>
2026-05-08,20:23:10.259191,IP,172.20.0.20.46413,>
2026-05-08,20:23:10.259338,IP,172.20.0.10.5002,>
2026-05-08,20:23:10.259869,IP,172.20.0.10.5002,>
2026-05-08,20:23:10.259987,IP,172.20.0.20.46413,>
2026-05-08,20:23:10.260328,IP,172.20.0.20.46413,>
2026-05-08,20:23:10.261510,IP,172.20.0.10.5002,>
2026-05-08,20:23:10.261935,IP,172.20.0.20.46413,>
2026-05-08,20:23:10.267513,IP,172.20.0.10.5002,>
2026-05-08,20:23:10.267955,IP,172.20.0.20.46413,>
2026-05-08,20:23:10.268605,IP,172.20.0.10.5002,>
2026-05-08,20:23:10.268953,IP,172.20.0.20.46413,>
2026-05-08,20:23:10.268972,IP,172.20.0.10.5002,>
2026-05-08,20:23:10.269117,IP,172.20.0.10.5002,>
2026-05-08,20:23:10.269444,IP,172.20.0.10.5002,>
2026-05-08,20:23:10.269492,IP,172.20.0.20.46413,>
2026-05-08,20:23:10.270000,IP,172.20.0.20.46413,>
2026-05-08,20:23:10.270196,IP,172.20.0.10.5002,>
2026-05-08,20:23:10.270259,IP,172.20.0.20.46413,>
2026-05-08,20:23:10.270546,IP,172.20.0.20.46413,>
2026-05-08,20:23:10.270644,IP,172.20.0.10.5002,>
2026-05-08,20:23:10.270962,IP,172.20.0.20.46413,>
2026-05-08,20:23:10.272127,IP,172.20.0.10.5002,>
2026-05-08,20:23:10.272435,IP,172.20.0.20.46413,>
2026-05-08,20:23:10.278190,IP,172.20.0.10.5002,>
2026-05-08,20:23:10.278599,IP,172.20.0.20.46413,>
2026-05-08,20:23:10.279268,IP,172.20.0.10.5002,>
2026-05-08,20:23:10.279608,IP,172.20.0.20.46413,>
2026-05-08,20:23:10.279778,IP,172.20.0.10.5002,>
2026-05-08,20:23:10.280135,IP,172.20.0.20.46413,>
2026-05-08,20:23:10.280206,IP,172.20.0.10.5002,>
2026-05-08,20:23:10.280451,IP,172.20.0.10.5002,>
2026-05-08,20:23:10.280757,IP,172.20.0.10.5002,>
2026-05-08,20:23:10.280874,IP,172.20.0.20.46413,>
2026-05-08,20:23:10.281199,IP,172.20.0.10.5002,>
2026-05-08,20:23:10.281210,IP,172.20.0.20.46413,>
2026-05-08,20:23:10.281557,IP,172.20.0.20.46413,>
2026-05-08,20:23:10.282009,IP,172.20.0.20.46413,>
2026-05-08,20:23:10.282611,IP,172.20.0.10.5002,>
2026-05-08,20:23:10.283037,IP,172.20.0.20.46413,>
2026-05-08,20:23:10.288957,IP,172.20.0.10.5002,>
2026-05-08,20:23:10.289374,IP,172.20.0.20.46413,>
2026-05-08,20:23:10.289893,IP,172.20.0.10.5002,>
2026-05-08,20:23:10.290235,IP,172.20.0.20.46413,>
2026-05-08,20:23:10.290453,IP,172.20.0.10.5002,>
2026-05-08,20:23:10.290768,IP,172.20.0.20.46413,>
2026-05-08,20:23:10.291126,IP,172.20.0.10.5002,>
2026-05-08,20:23:10.291460,IP,172.20.0.20.46413,>
2026-05-08,20:23:10.291488,IP,172.20.0.10.5002,>
2026-05-08,20:23:10.291737,IP,172.20.0.10.5002,>
2026-05-08,20:23:10.291865,IP,172.20.0.20.46413,>
2026-05-08,20:23:10.292179,IP,172.20.0.20.46413,>
2026-05-08,20:23:10.292660,IP,172.20.0.10.5002,>
2026-05-08,20:23:10.293083,IP,172.20.0.20.46413,>
2026-05-08,20:23:10.293240,IP,172.20.0.10.5002,>
2026-05-08,20:23:10.293582,IP,172.20.0.20.46413,>
2026-05-08,20:23:10.299697,IP,172.20.0.10.5002,>
2026-05-08,20:23:10.300138,IP,172.20.0.20.46413,>
2026-05-08,20:23:10.300474,IP,172.20.0.10.5002,>
2026-05-08,20:23:10.301015,IP,172.20.0.20.46413,>
2026-05-08,20:23:10.301120,IP,172.20.0.10.5002,>
2026-05-08,20:23:10.301506,IP,172.20.0.20.46413,>
2026-05-08,20:23:10.301655,IP,172.20.0.10.5002,>
2026-05-08,20:23:10.302026,IP,172.20.0.20.46413,>
2026-05-08,20:23:10.302104,IP,172.20.0.10.5002,>
2026-05-08,20:23:10.302362,IP,172.20.0.10.5002,>
2026-05-08,20:23:10.302965,IP,172.20.0.20.46413,>
2026-05-08,20:23:10.303249,IP,172.20.0.20.46413,>
2026-05-08,20:23:10.303337,IP,172.20.0.10.5002,>
2026-05-08,20:23:10.303600,IP,172.20.0.20.46413,>
2026-05-08,20:23:10.303999,IP,172.20.0.10.5002,>
2026-05-08,20:23:10.304280,IP,172.20.0.20.46413,>
2026-05-08,20:23:10.310377,IP,172.20.0.10.5002,>
2026-05-08,20:23:10.310746,IP,172.20.0.20.46413,>
2026-05-08,20:23:10.311222,IP,172.20.0.10.5002,>
2026-05-08,20:23:10.311777,IP,172.20.0.20.46413,>
2026-05-08,20:23:10.312283,IP,172.20.0.10.5002,>
2026-05-08,20:23:10.312404,IP,172.20.0.10.5002,>
2026-05-08,20:23:10.312658,IP,172.20.0.20.46413,>
2026-05-08,20:23:10.312978,IP,172.20.0.20.46413,>
2026-05-08,20:23:10.313375,IP,172.20.0.10.5002,>
2026-05-08,20:23:10.313624,IP,172.20.0.10.5002,>
2026-05-08,20:23:10.313738,IP,172.20.0.20.46413,>
2026-05-08,20:23:10.313839,IP,172.20.0.10.5002,>
2026-05-08,20:23:10.314104,IP,172.20.0.20.46413,>
2026-05-08,20:23:10.314333,IP,172.20.0.20.46413,>
2026-05-08,20:23:10.314656,IP,172.20.0.10.5002,>
2026-05-08,20:23:10.315186,IP,172.20.0.20.46413,>
2026-05-08,20:23:10.321060,IP,172.20.0.10.5002,>
2026-05-08,20:23:10.321554,IP,172.20.0.20.46413,>
2026-05-08,20:23:10.321998,IP,172.20.0.10.5002,>
2026-05-08,20:23:10.322310,IP,172.20.0.20.46413,>
2026-05-08,20:23:10.322996,IP,172.20.0.10.5002,>
2026-05-08,20:23:10.323184,IP,172.20.0.10.5002,>
2026-05-08,20:23:10.323313,IP,172.20.0.20.46413,>
2026-05-08,20:23:10.323575,IP,172.20.0.20.46413,>
2026-05-08,20:23:10.324054,IP,172.20.0.10.5002,>
2026-05-08,20:23:10.324276,IP,172.20.0.10.5002,>
2026-05-08,20:23:10.324613,IP,172.20.0.20.46413,>
2026-05-08,20:23:10.324725,IP,172.20.0.10.5002,>
2026-05-08,20:23:10.324930,IP,172.20.0.20.46413,>
2026-05-08,20:23:10.325369,IP,172.20.0.20.46413,>
2026-05-08,20:23:10.325502,IP,172.20.0.10.5002,>
2026-05-08,20:23:10.326144,IP,172.20.0.20.46413,>
2026-05-08,20:23:10.331824,IP,172.20.0.10.5002,>
2026-05-08,20:23:10.332165,IP,172.20.0.20.46413,>
2026-05-08,20:23:10.332516,IP,172.20.0.10.5002,>
2026-05-08,20:23:10.332932,IP,172.20.0.20.46413,>
2026-05-08,20:23:10.333581,IP,172.20.0.10.5002,>
2026-05-08,20:23:10.333740,IP,172.20.0.10.5002,>
2026-05-08,20:23:10.334019,IP,172.20.0.20.46413,>
2026-05-08,20:23:10.334405,IP,172.20.0.20.46413,>
2026-05-08,20:23:10.334896,IP,172.20.0.10.5002,>
2026-05-08,20:23:10.335120,IP,172.20.0.10.5002,>
2026-05-08,20:23:10.335472,IP,172.20.0.20.46413,>
2026-05-08,20:23:10.335605,IP,172.20.0.10.5002,>
2026-05-08,20:23:10.335814,IP,172.20.0.20.46413,>
2026-05-08,20:23:10.336239,IP,172.20.0.20.46413,>
2026-05-08,20:23:10.336422,IP,172.20.0.10.5002,>
2026-05-08,20:23:10.336723,IP,172.20.0.20.46413,>
2026-05-08,20:23:10.342449,IP,172.20.0.10.5002,>
2026-05-08,20:23:10.342979,IP,172.20.0.20.46413,>
2026-05-08,20:23:10.343167,IP,172.20.0.10.5002,>
2026-05-08,20:23:10.343553,IP,172.20.0.20.46413,>
2026-05-08,20:23:10.344386,IP,172.20.0.10.5002,>
2026-05-08,20:23:10.344707,IP,172.20.0.20.46413,>
2026-05-08,20:23:10.344809,IP,172.20.0.10.5002,>
2026-05-08,20:23:10.345150,IP,172.20.0.20.46413,>
2026-05-08,20:23:10.345645,IP,172.20.0.10.5002,>
2026-05-08,20:23:10.346003,IP,172.20.0.10.5002,>
2026-05-08,20:23:10.346283,IP,172.20.0.20.46413,>
2026-05-08,20:23:10.346615,IP,172.20.0.10.5002,>
2026-05-08,20:23:10.346880,IP,172.20.0.20.46413,>
2026-05-08,20:23:10.347049,IP,172.20.0.10.5002,>
2026-05-08,20:23:10.347151,IP,172.20.0.20.46413,>
2026-05-08,20:23:10.347715,IP,172.20.0.20.46413,>
2026-05-08,20:23:10.353339,IP,172.20.0.10.5002,>
2026-05-08,20:23:10.353759,IP,172.20.0.20.46413,>
2026-05-08,20:23:10.353887,IP,172.20.0.10.5002,>
2026-05-08,20:23:10.354203,IP,172.20.0.20.46413,>
2026-05-08,20:23:10.355002,IP,172.20.0.10.5002,>
2026-05-08,20:23:10.355362,IP,172.20.0.20.46413,>
2026-05-08,20:23:10.355681,IP,172.20.0.10.5002,>
2026-05-08,20:23:10.356041,IP,172.20.0.20.46413,>
2026-05-08,20:23:10.356470,IP,172.20.0.10.5002,>
2026-05-08,20:23:10.356814,IP,172.20.0.20.46413,>
2026-05-08,20:23:10.357192,IP,172.20.0.10.5002,>
2026-05-08,20:23:10.357437,IP,172.20.0.10.5002,>
2026-05-08,20:23:10.357663,IP,172.20.0.20.46413,>
2026-05-08,20:23:10.358062,IP,172.20.0.10.5002,>
2026-05-08,20:23:10.358080,IP,172.20.0.20.46413,>
2026-05-08,20:23:10.358533,IP,172.20.0.20.46413,>
2026-05-08,20:23:10.364021,IP,172.20.0.10.5002,>
2026-05-08,20:23:10.364451,IP,172.20.0.20.46413,>
2026-05-08,20:23:10.364475,IP,172.20.0.10.5002,>
2026-05-08,20:23:10.364809,IP,172.20.0.20.46413,>
2026-05-08,20:23:10.365693,IP,172.20.0.10.5002,>
2026-05-08,20:23:10.366152,IP,172.20.0.20.46413,>
2026-05-08,20:23:10.366250,IP,172.20.0.10.5002,>
2026-05-08,20:23:10.366629,IP,172.20.0.20.46413,>
2026-05-08,20:23:10.367038,IP,172.20.0.10.5002,>
2026-05-08,20:23:10.367554,IP,172.20.0.20.46413,>
2026-05-08,20:23:10.367946,IP,172.20.0.10.5002,>
2026-05-08,20:23:10.368277,IP,172.20.0.20.46413,>
2026-05-08,20:23:10.368315,IP,172.20.0.10.5002,>
2026-05-08,20:23:10.368611,IP,172.20.0.20.46413,>
2026-05-08,20:23:10.368826,IP,172.20.0.10.5002,>
2026-05-08,20:23:10.369143,IP,172.20.0.20.46413,>
2026-05-08,20:23:10.374765,IP,172.20.0.10.5002,>
2026-05-08,20:23:10.375011,IP,172.20.0.10.5002,>
2026-05-08,20:23:10.375199,IP,172.20.0.20.46413,>
2026-05-08,20:23:10.375476,IP,172.20.0.20.46413,>
2026-05-08,20:23:10.376509,IP,172.20.0.10.5002,>
2026-05-08,20:23:10.376851,IP,172.20.0.10.5002,>
2026-05-08,20:23:10.376882,IP,172.20.0.20.46413,>
2026-05-08,20:23:10.377221,IP,172.20.0.20.46413,>
2026-05-08,20:23:10.377813,IP,172.20.0.10.5002,>
2026-05-08,20:23:10.378264,IP,172.20.0.20.46413,>
2026-05-08,20:23:10.378491,IP,172.20.0.10.5002,>
2026-05-08,20:23:10.378813,IP,172.20.0.20.46413,>
2026-05-08,20:23:10.379098,IP,172.20.0.10.5002,>
2026-05-08,20:23:10.379432,IP,172.20.0.10.5002,>
2026-05-08,20:23:10.379458,IP,172.20.0.20.46413,>
2026-05-08,20:23:10.379718,IP,172.20.0.20.46413,>
2026-05-08,20:23:10.385445,IP,172.20.0.10.5002,>
2026-05-08,20:23:10.385825,IP,172.20.0.20.46413,>
2026-05-08,20:23:10.385937,IP,172.20.0.10.5002,>
2026-05-08,20:23:10.386266,IP,172.20.0.20.46413,>
2026-05-08,20:23:10.387238,IP,172.20.0.10.5002,>
2026-05-08,20:23:10.387547,IP,172.20.0.20.46413,>
2026-05-08,20:23:10.387565,IP,172.20.0.10.5002,>
2026-05-08,20:23:10.387930,IP,172.20.0.20.46413,>
2026-05-08,20:23:10.388454,IP,172.20.0.10.5002,>
2026-05-08,20:23:10.388747,IP,172.20.0.20.46413,>
2026-05-08,20:23:10.389066,IP,172.20.0.10.5002,>
2026-05-08,20:23:10.389651,IP,172.20.0.20.46413,>
2026-05-08,20:23:10.389846,IP,172.20.0.10.5002,>
2026-05-08,20:23:10.389979,IP,172.20.0.10.5002,>
2026-05-08,20:23:10.390768,IP,172.20.0.20.46413,>
2026-05-08,20:23:10.391136,IP,172.20.0.20.46413,>
2026-05-08,20:23:10.396113,IP,172.20.0.10.5002,>
2026-05-08,20:23:10.396534,IP,172.20.0.20.46413,>
2026-05-08,20:23:10.396609,IP,172.20.0.10.5002,>
2026-05-08,20:23:10.397032,IP,172.20.0.20.46413,>
2026-05-08,20:23:10.397813,IP,172.20.0.10.5002,>
2026-05-08,20:23:10.398130,IP,172.20.0.10.5002,>
2026-05-08,20:23:10.398172,IP,172.20.0.20.46413,>
2026-05-08,20:23:10.398426,IP,172.20.0.20.46413,>
2026-05-08,20:23:10.398956,IP,172.20.0.10.5002,>
2026-05-08,20:23:10.399358,IP,172.20.0.20.46413,>
2026-05-08,20:23:10.399853,IP,172.20.0.10.5002,>
2026-05-08,20:23:10.400330,IP,172.20.0.20.46413,>
2026-05-08,20:23:10.401088,IP,172.20.0.10.5002,>
2026-05-08,20:23:10.401387,IP,172.20.0.10.5002,>
2026-05-08,20:23:10.401443,IP,172.20.0.20.46413,>
2026-05-08,20:23:10.401698,IP,172.20.0.20.46413,>
2026-05-08,20:23:10.406866,IP,172.20.0.10.5002,>
2026-05-08,20:23:10.407228,IP,172.20.0.20.46413,>
2026-05-08,20:23:10.407370,IP,172.20.0.10.5002,>
2026-05-08,20:23:10.407851,IP,172.20.0.20.46413,>
2026-05-08,20:23:10.408461,IP,172.20.0.10.5002,>
2026-05-08,20:23:10.408541,IP,172.20.0.10.5002,>
2026-05-08,20:23:10.408815,IP,172.20.0.20.46413,>
2026-05-08,20:23:10.409094,IP,172.20.0.20.46413,>
2026-05-08,20:23:10.409568,IP,172.20.0.10.5002,>
2026-05-08,20:23:10.410103,IP,172.20.0.20.46413,>
2026-05-08,20:23:10.410536,IP,172.20.0.10.5002,>
2026-05-08,20:23:10.410984,IP,172.20.0.20.46413,>
2026-05-08,20:23:10.411718,IP,172.20.0.10.5002,>
2026-05-08,20:23:10.411883,IP,172.20.0.10.5002,>
2026-05-08,20:23:10.412141,IP,172.20.0.20.46413,>
2026-05-08,20:23:10.412442,IP,172.20.0.20.46413,>
2026-05-08,20:23:10.417480,IP,172.20.0.10.5002,>
2026-05-08,20:23:10.418118,IP,172.20.0.20.46413,>
2026-05-08,20:23:10.418157,IP,172.20.0.10.5002,>
2026-05-08,20:23:10.418498,IP,172.20.0.20.46413,>
2026-05-08,20:23:10.419085,IP,172.20.0.10.5002,>
2026-05-08,20:23:10.419255,IP,172.20.0.10.5002,>
2026-05-08,20:23:10.419488,IP,172.20.0.20.46413,>
2026-05-08,20:23:10.419832,IP,172.20.0.20.46413,>
2026-05-08,20:23:10.420321,IP,172.20.0.10.5002,>
2026-05-08,20:23:10.420883,IP,172.20.0.20.46413,>
2026-05-08,20:23:10.421143,IP,172.20.0.10.5002,>
2026-05-08,20:23:10.421453,IP,172.20.0.20.46413,>
2026-05-08,20:23:10.422419,IP,172.20.0.10.5002,>
2026-05-08,20:23:10.422616,IP,172.20.0.10.5002,>
2026-05-08,20:23:10.422897,IP,172.20.0.20.46413,>
2026-05-08,20:23:10.423172,IP,172.20.0.20.46413,>
2026-05-08,20:23:10.428367,IP,172.20.0.10.5002,>
2026-05-08,20:23:10.428712,IP,172.20.0.10.5002,>
2026-05-08,20:23:10.428775,IP,172.20.0.20.46413,>
2026-05-08,20:23:10.429114,IP,172.20.0.20.46413,>
2026-05-08,20:23:10.429810,IP,172.20.0.10.5002,>
2026-05-08,20:23:10.430177,IP,172.20.0.20.46413,>
2026-05-08,20:23:10.430238,IP,172.20.0.10.5002,>
2026-05-08,20:23:10.430704,IP,172.20.0.20.46413,>
2026-05-08,20:23:10.431159,IP,172.20.0.10.5002,>
2026-05-08,20:23:10.431512,IP,172.20.0.20.46413,>
2026-05-08,20:23:10.431639,IP,172.20.0.10.5002,>
2026-05-08,20:23:10.431995,IP,172.20.0.20.46413,>
2026-05-08,20:23:10.433145,IP,172.20.0.10.5002,>
2026-05-08,20:23:10.433517,IP,172.20.0.10.5002,>
2026-05-08,20:23:10.433531,IP,172.20.0.20.46413,>
2026-05-08,20:23:10.433816,IP,172.20.0.20.46413,>
2026-05-08,20:23:10.439075,IP,172.20.0.10.5002,>
2026-05-08,20:23:10.439273,IP,172.20.0.10.5002,>
2026-05-08,20:23:10.439482,IP,172.20.0.20.46413,>
2026-05-08,20:23:10.439874,IP,172.20.0.20.46413,>
2026-05-08,20:23:10.440449,IP,172.20.0.10.5002,>
2026-05-08,20:23:10.440932,IP,172.20.0.10.5002,>
2026-05-08,20:23:10.441078,IP,172.20.0.20.46413,>
2026-05-08,20:23:10.441664,IP,172.20.0.20.46413,>
2026-05-08,20:23:10.441952,IP,172.20.0.10.5002,>
2026-05-08,20:23:10.442199,IP,172.20.0.10.5002,>
2026-05-08,20:23:10.442372,IP,172.20.0.20.46413,>
2026-05-08,20:23:10.442816,IP,172.20.0.20.46413,>
2026-05-08,20:23:10.443879,IP,172.20.0.10.5002,>
2026-05-08,20:23:10.444013,IP,172.20.0.10.5002,>
2026-05-08,20:23:10.444275,IP,172.20.0.20.46413,>
2026-05-08,20:23:10.444573,IP,172.20.0.20.46413,>
2026-05-08,20:23:10.449743,IP,172.20.0.10.5002,>
2026-05-08,20:23:10.450067,IP,172.20.0.10.5002,>
2026-05-08,20:23:10.450248,IP,172.20.0.20.46413,>
2026-05-08,20:23:10.450521,IP,172.20.0.20.46413,>
2026-05-08,20:23:10.451342,IP,172.20.0.10.5002,>
2026-05-08,20:23:10.451694,IP,172.20.0.20.46413,>
2026-05-08,20:23:10.451976,IP,172.20.0.10.5002,>
2026-05-08,20:23:10.452319,IP,172.20.0.20.46413,>
2026-05-08,20:23:10.452505,IP,172.20.0.10.5002,>
2026-05-08,20:23:10.453034,IP,172.20.0.20.46413,>
2026-05-08,20:23:10.453041,IP,172.20.0.10.5002,>
2026-05-08,20:23:10.453429,IP,172.20.0.20.46413,>
2026-05-08,20:23:10.454688,IP,172.20.0.10.5002,>
2026-05-08,20:23:10.454718,IP,172.20.0.10.5002,>
2026-05-08,20:23:10.455112,IP,172.20.0.20.46413,>
2026-05-08,20:23:10.455354,IP,172.20.0.20.46413,>
2026-05-08,20:23:10.460506,IP,172.20.0.10.5002,>
2026-05-08,20:23:10.460718,IP,172.20.0.10.5002,>
2026-05-08,20:23:10.460957,IP,172.20.0.20.46413,>
2026-05-08,20:23:10.461238,IP,172.20.0.20.46413,>
2026-05-08,20:23:10.461932,IP,172.20.0.10.5002,>
2026-05-08,20:23:10.462255,IP,172.20.0.20.46413,>
2026-05-08,20:23:10.462491,IP,172.20.0.10.5002,>
2026-05-08,20:23:10.462931,IP,172.20.0.20.46413,>
2026-05-08,20:23:10.463287,IP,172.20.0.10.5002,>
2026-05-08,20:23:10.463588,IP,172.20.0.10.5002,>
2026-05-08,20:23:10.463728,IP,172.20.0.20.46413,>
2026-05-08,20:23:10.464017,IP,172.20.0.20.46413,>
2026-05-08,20:23:10.465433,IP,172.20.0.10.5002,>
2026-05-08,20:23:10.465505,IP,172.20.0.10.5002,>
2026-05-08,20:23:10.465758,IP,172.20.0.20.46413,>
2026-05-08,20:23:10.466106,IP,172.20.0.20.46413,>
2026-05-08,20:23:10.471236,IP,172.20.0.10.5002,>
2026-05-08,20:23:10.471369,IP,172.20.0.10.5002,>
2026-05-08,20:23:10.471660,IP,172.20.0.20.46413,>
2026-05-08,20:23:10.471970,IP,172.20.0.20.46413,>
2026-05-08,20:23:10.472524,IP,172.20.0.10.5002,>
2026-05-08,20:23:10.472910,IP,172.20.0.20.46413,>
2026-05-08,20:23:10.473148,IP,172.20.0.10.5002,>
2026-05-08,20:23:10.473451,IP,172.20.0.20.46413,>
2026-05-08,20:23:10.473992,IP,172.20.0.10.5002,>
2026-05-08,20:23:10.474189,IP,172.20.0.10.5002,>
2026-05-08,20:23:10.474342,IP,172.20.0.20.46413,>
2026-05-08,20:23:10.474641,IP,172.20.0.20.46413,>
2026-05-08,20:23:10.476160,IP,172.20.0.10.5002,>
2026-05-08,20:23:10.476278,IP,172.20.0.10.5002,>
2026-05-08,20:23:10.476648,IP,172.20.0.20.46413,>
2026-05-08,20:23:10.477187,IP,172.20.0.20.46413,>
2026-05-08,20:23:10.481917,IP,172.20.0.10.5002,>
2026-05-08,20:23:10.482182,IP,172.20.0.10.5002,>
2026-05-08,20:23:10.482318,IP,172.20.0.20.46413,>
2026-05-08,20:23:10.482625,IP,172.20.0.20.46413,>
2026-05-08,20:23:10.483192,IP,172.20.0.10.5002,>
2026-05-08,20:23:10.483642,IP,172.20.0.10.5002,>
2026-05-08,20:23:10.483717,IP,172.20.0.20.46413,>
2026-05-08,20:23:10.484042,IP,172.20.0.20.46413,>
2026-05-08,20:23:10.484542,IP,172.20.0.10.5002,>
2026-05-08,20:23:10.484812,IP,172.20.0.10.5002,>
2026-05-08,20:23:10.484939,IP,172.20.0.20.46413,>
2026-05-08,20:23:10.485212,IP,172.20.0.20.46413,>
2026-05-08,20:23:10.487199,IP,172.20.0.10.5002,>
2026-05-08,20:23:10.487622,IP,172.20.0.10.5002,>
2026-05-08,20:23:10.487740,IP,172.20.0.20.46413,>
2026-05-08,20:23:10.488055,IP,172.20.0.20.46413,>
2026-05-08,20:23:10.492523,IP,172.20.0.10.5002,>
2026-05-08,20:23:10.492864,IP,172.20.0.10.5002,>
2026-05-08,20:23:10.492888,IP,172.20.0.20.46413,>
2026-05-08,20:23:10.493244,IP,172.20.0.20.46413,>
2026-05-08,20:23:10.495801,IP,172.20.0.10.5002,>
2026-05-08,20:23:10.496005,IP,172.20.0.10.5002,>
2026-05-08,20:23:10.496117,IP,172.20.0.10.5002,>
2026-05-08,20:23:10.496196,IP,172.20.0.10.5002,>
2026-05-08,20:23:10.496223,IP,172.20.0.20.46413,>
2026-05-08,20:23:10.496561,IP,172.20.0.20.46413,>
2026-05-08,20:23:10.496886,IP,172.20.0.20.46413,>
2026-05-08,20:23:10.497544,IP,172.20.0.20.46413,>
2026-05-08,20:23:10.498136,IP,172.20.0.10.5002,>
2026-05-08,20:23:10.498208,IP,172.20.0.10.5002,>
2026-05-08,20:23:10.498533,IP,172.20.0.20.46413,>
2026-05-08,20:23:10.498862,IP,172.20.0.20.46413,>
2026-05-08,20:23:10.503220,IP,172.20.0.10.5002,>
2026-05-08,20:23:10.503414,IP,172.20.0.10.5002,>
2026-05-08,20:23:10.503625,IP,172.20.0.20.46413,>
2026-05-08,20:23:10.503937,IP,172.20.0.20.46413,>
2026-05-08,20:23:10.506639,IP,172.20.0.10.5002,>
2026-05-08,20:23:10.506714,IP,172.20.0.10.5002,>
2026-05-08,20:23:10.507034,IP,172.20.0.20.46413,>
2026-05-08,20:23:10.507093,IP,172.20.0.10.5002,>
2026-05-08,20:23:10.507481,IP,172.20.0.20.46413,>
2026-05-08,20:23:10.507737,IP,172.20.0.10.5002,>
2026-05-08,20:23:10.507843,IP,172.20.0.20.46413,>
2026-05-08,20:23:10.508192,IP,172.20.0.20.46413,>
2026-05-08,20:23:10.508905,IP,172.20.0.10.5002,>
2026-05-08,20:23:10.509011,IP,172.20.0.10.5002,>
2026-05-08,20:23:10.509367,IP,172.20.0.20.46413,>
2026-05-08,20:23:10.509622,IP,172.20.0.20.46413,>
2026-05-08,20:23:10.513905,IP,172.20.0.10.5002,>
2026-05-08,20:23:10.514229,IP,172.20.0.10.5002,>
2026-05-08,20:23:10.514344,IP,172.20.0.20.46413,>
2026-05-08,20:23:10.515242,IP,172.20.0.20.46413,>
2026-05-08,20:23:10.517307,IP,172.20.0.10.5002,>
2026-05-08,20:23:10.517751,IP,172.20.0.10.5002,>
2026-05-08,20:23:10.517925,IP,172.20.0.20.46413,>
2026-05-08,20:23:10.518229,IP,172.20.0.20.46413,>
2026-05-08,20:23:10.518281,IP,172.20.0.10.5002,>
2026-05-08,20:23:10.518352,IP,172.20.0.10.5002,>
2026-05-08,20:23:10.518735,IP,172.20.0.20.46413,>
2026-05-08,20:23:10.519150,IP,172.20.0.20.46413,>
2026-05-08,20:23:10.519756,IP,172.20.0.10.5002,>
2026-05-08,20:23:10.519858,IP,172.20.0.10.5002,>
2026-05-08,20:23:10.520239,IP,172.20.0.20.46413,>
2026-05-08,20:23:10.520512,IP,172.20.0.20.46413,>
2026-05-08,20:23:10.524542,IP,172.20.0.10.5002,>
2026-05-08,20:23:10.524949,IP,172.20.0.20.46413,>
2026-05-08,20:23:10.525423,IP,172.20.0.10.5002,>
2026-05-08,20:23:10.525969,IP,172.20.0.20.46413,>
2026-05-08,20:23:10.528255,IP,172.20.0.10.5002,>
2026-05-08,20:23:10.528665,IP,172.20.0.20.46413,>
2026-05-08,20:23:10.528682,IP,172.20.0.10.5002,>
2026-05-08,20:23:10.529010,IP,172.20.0.20.46413,>
2026-05-08,20:23:10.529073,IP,172.20.0.10.5002,>
2026-05-08,20:23:10.529411,IP,172.20.0.10.5002,>
2026-05-08,20:23:10.529434,IP,172.20.0.20.46413,>
2026-05-08,20:23:10.529727,IP,172.20.0.20.46413,>
2026-05-08,20:23:10.530505,IP,172.20.0.10.5002,>
2026-05-08,20:23:10.530724,IP,172.20.0.10.5002,>
2026-05-08,20:23:10.530935,IP,172.20.0.20.46413,>
2026-05-08,20:23:10.531259,IP,172.20.0.20.46413,>
2026-05-08,20:23:10.535210,IP,172.20.0.10.5002,>
2026-05-08,20:23:10.535595,IP,172.20.0.20.46413,>
2026-05-08,20:23:10.536157,IP,172.20.0.10.5002,>
2026-05-08,20:23:10.536547,IP,172.20.0.20.46413,>
2026-05-08,20:23:10.538981,IP,172.20.0.10.5002,>
2026-05-08,20:23:10.539212,IP,172.20.0.10.5002,>
2026-05-08,20:23:10.539419,IP,172.20.0.20.46413,>
2026-05-08,20:23:10.539636,IP,172.20.0.10.5002,>
2026-05-08,20:23:10.539764,IP,172.20.0.20.46413,>
2026-05-08,20:23:10.540037,IP,172.20.0.20.46413,>
2026-05-08,20:23:10.540074,IP,172.20.0.10.5002,>
2026-05-08,20:23:10.540492,IP,172.20.0.20.46413,>
2026-05-08,20:23:10.541233,IP,172.20.0.10.5002,>
2026-05-08,20:23:10.541593,IP,172.20.0.20.46413,>
2026-05-08,20:23:10.541631,IP,172.20.0.10.5002,>
2026-05-08,20:23:10.541942,IP,172.20.0.20.46413,>
2026-05-08,20:23:10.545815,IP,172.20.0.10.5002,>
2026-05-08,20:23:10.546169,IP,172.20.0.20.46413,>
2026-05-08,20:23:10.546741,IP,172.20.0.10.5002,>
2026-05-08,20:23:10.547068,IP,172.20.0.20.46413,>
2026-05-08,20:23:10.550264,IP,172.20.0.10.5002,>
2026-05-08,20:23:10.550345,IP,172.20.0.10.5002,>
2026-05-08,20:23:10.550377,IP,172.20.0.10.5002,>
2026-05-08,20:23:10.550686,IP,172.20.0.20.46413,>
2026-05-08,20:23:10.551119,IP,172.20.0.10.5002,>
2026-05-08,20:23:10.551211,IP,172.20.0.20.46413,>
2026-05-08,20:23:10.551493,IP,172.20.0.20.46413,>
2026-05-08,20:23:10.551719,IP,172.20.0.20.46413,>
2026-05-08,20:23:10.551992,IP,172.20.0.10.5002,>
2026-05-08,20:23:10.552240,IP,172.20.0.10.5002,>
2026-05-08,20:23:10.552366,IP,172.20.0.20.46413,>
2026-05-08,20:23:10.553078,IP,172.20.0.20.46413,>
2026-05-08,20:23:10.556431,IP,172.20.0.10.5002,>
2026-05-08,20:23:10.556894,IP,172.20.0.20.46413,>
2026-05-08,20:23:10.557238,IP,172.20.0.10.5002,>
2026-05-08,20:23:10.557772,IP,172.20.0.20.46413,>
2026-05-08,20:23:10.561044,IP,172.20.0.10.5002,>
2026-05-08,20:23:10.561439,IP,172.20.0.20.46413,>
2026-05-08,20:23:10.561537,IP,172.20.0.10.5002,>
2026-05-08,20:23:10.561620,IP,172.20.0.10.5002,>
2026-05-08,20:23:10.561918,IP,172.20.0.10.5002,>
2026-05-08,20:23:10.561948,IP,172.20.0.20.46413,>
2026-05-08,20:23:10.562222,IP,172.20.0.20.46413,>
2026-05-08,20:23:10.562495,IP,172.20.0.20.46413,>
2026-05-08,20:23:10.563129,IP,172.20.0.10.5002,>
2026-05-08,20:23:10.563368,IP,172.20.0.10.5002,>
2026-05-08,20:23:10.563526,IP,172.20.0.20.46413,>
2026-05-08,20:23:10.563848,IP,172.20.0.20.46413,>
2026-05-08,20:23:10.567160,IP,172.20.0.10.5002,>
2026-05-08,20:23:10.567497,IP,172.20.0.20.46413,>
2026-05-08,20:23:10.568070,IP,172.20.0.10.5002,>
2026-05-08,20:23:10.568468,IP,172.20.0.20.46413,>
2026-05-08,20:23:10.571781,IP,172.20.0.10.5002,>
2026-05-08,20:23:10.572151,IP,172.20.0.10.5002,>
2026-05-08,20:23:10.572215,IP,172.20.0.20.46413,>
2026-05-08,20:23:10.572517,IP,172.20.0.20.46413,>
2026-05-08,20:23:10.572632,IP,172.20.0.10.5002,>
2026-05-08,20:23:10.572715,IP,172.20.0.10.5002,>
2026-05-08,20:23:10.572968,IP,172.20.0.20.46413,>
2026-05-08,20:23:10.573265,IP,172.20.0.20.46413,>
2026-05-08,20:23:10.573870,IP,172.20.0.10.5002,>
2026-05-08,20:23:10.574152,IP,172.20.0.10.5002,>
2026-05-08,20:23:10.574289,IP,172.20.0.20.46413,>
2026-05-08,20:23:10.574545,IP,172.20.0.20.46413,>
2026-05-08,20:23:10.577736,IP,172.20.0.10.5002,>
2026-05-08,20:23:10.578156,IP,172.20.0.20.46413,>
2026-05-08,20:23:10.578640,IP,172.20.0.10.5002,>
2026-05-08,20:23:10.579069,IP,172.20.0.20.46413,>
2026-05-08,20:23:10.582593,IP,172.20.0.10.5002,>
2026-05-08,20:23:10.582670,IP,172.20.0.10.5002,>
2026-05-08,20:23:10.582979,IP,172.20.0.20.46413,>
2026-05-08,20:23:10.583123,IP,172.20.0.10.5002,>
2026-05-08,20:23:10.583241,IP,172.20.0.20.46413,>
2026-05-08,20:23:10.583420,IP,172.20.0.10.5002,>
2026-05-08,20:23:10.583507,IP,172.20.0.20.46413,>
2026-05-08,20:23:10.583849,IP,172.20.0.20.46413,>
2026-05-08,20:23:10.584830,IP,172.20.0.10.5002,>
2026-05-08,20:23:10.584904,IP,172.20.0.10.5002,>
2026-05-08,20:23:10.585184,IP,172.20.0.20.46413,>
2026-05-08,20:23:10.585426,IP,172.20.0.20.46413,>
2026-05-08,20:23:10.588412,IP,172.20.0.10.5002,>
2026-05-08,20:23:10.588832,IP,172.20.0.20.46413,>
2026-05-08,20:23:10.589388,IP,172.20.0.10.5002,>
2026-05-08,20:23:10.589740,IP,172.20.0.20.46413,>
2026-05-08,20:23:10.593349,IP,172.20.0.10.5002,>
2026-05-08,20:23:10.593433,IP,172.20.0.10.5002,>
2026-05-08,20:23:10.593816,IP,172.20.0.10.5002,>
2026-05-08,20:23:10.594020,IP,172.20.0.10.5002,>
2026-05-08,20:23:10.594020,IP,172.20.0.20.46413,>
2026-05-08,20:23:10.594352,IP,172.20.0.20.46413,>
2026-05-08,20:23:10.594700,IP,172.20.0.20.46413,>
2026-05-08,20:23:10.595194,IP,172.20.0.20.46413,>
2026-05-08,20:23:10.595418,IP,172.20.0.10.5002,>
2026-05-08,20:23:10.595626,IP,172.20.0.10.5002,>
2026-05-08,20:23:10.595770,IP,172.20.0.20.46413,>
2026-05-08,20:23:10.596061,IP,172.20.0.20.46413,>
2026-05-08,20:23:10.599000,IP,172.20.0.10.5002,>
2026-05-08,20:23:10.599372,IP,172.20.0.20.46413,>
2026-05-08,20:23:10.600164,IP,172.20.0.10.5002,>
2026-05-08,20:23:10.600643,IP,172.20.0.20.46413,>
2026-05-08,20:23:10.604370,IP,172.20.0.10.5002,>
2026-05-08,20:23:10.604545,IP,172.20.0.10.5002,>
2026-05-08,20:23:10.604780,IP,172.20.0.20.46413,>
2026-05-08,20:23:10.604890,IP,172.20.0.10.5002,>
2026-05-08,20:23:10.605088,IP,172.20.0.20.46413,>
2026-05-08,20:23:10.605383,IP,172.20.0.10.5002,>
2026-05-08,20:23:10.605630,IP,172.20.0.20.46413,>
2026-05-08,20:23:10.606022,IP,172.20.0.10.5002,>
2026-05-08,20:23:10.606216,IP,172.20.0.20.46413,>
2026-05-08,20:23:10.606248,IP,172.20.0.10.5002,>
2026-05-08,20:23:10.606495,IP,172.20.0.20.46413,>
2026-05-08,20:23:10.606868,IP,172.20.0.20.46413,>
2026-05-08,20:23:10.609628,IP,172.20.0.10.5002,>
2026-05-08,20:23:10.610190,IP,172.20.0.20.46413,>
2026-05-08,20:23:10.610873,IP,172.20.0.10.5002,>
2026-05-08,20:23:10.611225,IP,172.20.0.20.46413,>
2026-05-08,20:23:10.615126,IP,172.20.0.10.5002,>
2026-05-08,20:23:10.615539,IP,172.20.0.20.46413,>
2026-05-08,20:23:10.616043,IP,172.20.0.10.5002,>
2026-05-08,20:23:10.616211,IP,172.20.0.10.5002,>
2026-05-08,20:23:10.616405,IP,172.20.0.10.5002,>
2026-05-08,20:23:10.616411,IP,172.20.0.20.46413,>
2026-05-08,20:23:10.616743,IP,172.20.0.10.5002,>
2026-05-08,20:23:10.616883,IP,172.20.0.20.46413,>
2026-05-08,20:23:10.617088,IP,172.20.0.10.5002,>
2026-05-08,20:23:10.617168,IP,172.20.0.20.46413,>
2026-05-08,20:23:10.617422,IP,172.20.0.20.46413,>
2026-05-08,20:23:10.617861,IP,172.20.0.20.46413,>
2026-05-08,20:23:10.620400,IP,172.20.0.10.5002,>
2026-05-08,20:23:10.620814,IP,172.20.0.20.46413,>
2026-05-08,20:23:10.621511,IP,172.20.0.10.5002,>
2026-05-08,20:23:10.621970,IP,172.20.0.20.46413,>
2026-05-08,20:23:10.625886,IP,172.20.0.10.5002,>
2026-05-08,20:23:10.626282,IP,172.20.0.20.46413,>
2026-05-08,20:23:10.626689,IP,172.20.0.10.5002,>
2026-05-08,20:23:10.627097,IP,172.20.0.20.46413,>
2026-05-08,20:23:10.627123,IP,172.20.0.10.5002,>
2026-05-08,20:23:10.627319,IP,172.20.0.10.5002,>
2026-05-08,20:23:10.627720,IP,172.20.0.10.5002,>
2026-05-08,20:23:10.627936,IP,172.20.0.20.46413,>
2026-05-08,20:23:10.628376,IP,172.20.0.10.5002,>
2026-05-08,20:23:10.628383,IP,172.20.0.20.46413,>
2026-05-08,20:23:10.628818,IP,172.20.0.20.46413,>
2026-05-08,20:23:10.629067,IP,172.20.0.20.46413,>
2026-05-08,20:23:10.631077,IP,172.20.0.10.5002,>
2026-05-08,20:23:10.631491,IP,172.20.0.20.46413,>
2026-05-08,20:23:10.632250,IP,172.20.0.10.5002,>
2026-05-08,20:23:10.632578,IP,172.20.0.20.46413,>
2026-05-08,20:23:10.636596,IP,172.20.0.10.5002,>
2026-05-08,20:23:10.637055,IP,172.20.0.20.46413,>
2026-05-08,20:23:10.637280,IP,172.20.0.10.5002,>
2026-05-08,20:23:10.637698,IP,172.20.0.20.46413,>
2026-05-08,20:23:10.638153,IP,172.20.0.10.5002,>
2026-05-08,20:23:10.638536,IP,172.20.0.20.46413,>
2026-05-08,20:23:10.638724,IP,172.20.0.10.5002,>
2026-05-08,20:23:10.639022,IP,172.20.0.10.5002,>
2026-05-08,20:23:10.639105,IP,172.20.0.20.46413,>
2026-05-08,20:23:10.639205,IP,172.20.0.10.5002,>
2026-05-08,20:23:10.639391,IP,172.20.0.20.46413,>
2026-05-08,20:23:10.639631,IP,172.20.0.20.46413,>
2026-05-08,20:23:10.641668,IP,172.20.0.10.5002,>
2026-05-08,20:23:10.642053,IP,172.20.0.20.46413,>
2026-05-08,20:23:10.642771,IP,172.20.0.10.5002,>
2026-05-08,20:23:10.643088,IP,172.20.0.20.46413,>
2026-05-08,20:23:10.647390,IP,172.20.0.10.5002,>
2026-05-08,20:23:10.647820,IP,172.20.0.20.46413,>
2026-05-08,20:23:10.648000,IP,172.20.0.10.5002,>
2026-05-08,20:23:10.648395,IP,172.20.0.20.46413,>
2026-05-08,20:23:10.648762,IP,172.20.0.10.5002,>
2026-05-08,20:23:10.649135,IP,172.20.0.20.46413,>
2026-05-08,20:23:10.649298,IP,172.20.0.10.5002,>
2026-05-08,20:23:10.649634,IP,172.20.0.20.46413,>
2026-05-08,20:23:10.649714,IP,172.20.0.10.5002,>
2026-05-08,20:23:10.649803,IP,172.20.0.10.5002,>
2026-05-08,20:23:10.650298,IP,172.20.0.20.46413,>
2026-05-08,20:23:10.650551,IP,172.20.0.20.46413,>
2026-05-08,20:23:10.652289,IP,172.20.0.10.5002,>
2026-05-08,20:23:10.652616,IP,172.20.0.20.46413,>
2026-05-08,20:23:10.653295,IP,172.20.0.10.5002,>
2026-05-08,20:23:10.653671,IP,172.20.0.20.46413,>
2026-05-08,20:23:10.658249,IP,172.20.0.10.5002,>
2026-05-08,20:23:10.658615,IP,172.20.0.10.5002,>
2026-05-08,20:23:10.658656,IP,172.20.0.20.46413,>
2026-05-08,20:23:10.658971,IP,172.20.0.20.46413,>
2026-05-08,20:23:10.659428,IP,172.20.0.10.5002,>
2026-05-08,20:23:10.660065,IP,172.20.0.10.5002,>
2026-05-08,20:23:10.660114,IP,172.20.0.20.46413,>
2026-05-08,20:23:10.660363,IP,172.20.0.20.46413,>
2026-05-08,20:23:10.660537,IP,172.20.0.10.5002,>
2026-05-08,20:23:10.660770,IP,172.20.0.10.5002,>
2026-05-08,20:23:10.660880,IP,172.20.0.20.46413,>
2026-05-08,20:23:10.661370,IP,172.20.0.20.46413,>
2026-05-08,20:23:10.662837,IP,172.20.0.10.5002,>
2026-05-08,20:23:10.663300,IP,172.20.0.20.46413,>
2026-05-08,20:23:10.664061,IP,172.20.0.10.5002,>
2026-05-08,20:23:10.664346,IP,172.20.0.20.46413,>
2026-05-08,20:23:10.669053,IP,172.20.0.10.5002,>
2026-05-08,20:23:10.669172,IP,172.20.0.10.5002,>
2026-05-08,20:23:10.669390,IP,172.20.0.20.46413,>
2026-05-08,20:23:10.669675,IP,172.20.0.20.46413,>
2026-05-08,20:23:10.670347,IP,172.20.0.10.5002,>
2026-05-08,20:23:10.670578,IP,172.20.0.10.5002,>
2026-05-08,20:23:10.670728,IP,172.20.0.20.46413,>
2026-05-08,20:23:10.671090,IP,172.20.0.20.46413,>
2026-05-08,20:23:10.671188,IP,172.20.0.10.5002,>
2026-05-08,20:23:10.671530,IP,172.20.0.20.46413,>
2026-05-08,20:23:10.671605,IP,172.20.0.10.5002,>
2026-05-08,20:23:10.671874,IP,172.20.0.20.46413,>
2026-05-08,20:23:10.673519,IP,172.20.0.10.5002,>
2026-05-08,20:23:10.673863,IP,172.20.0.20.46413,>
2026-05-08,20:23:10.674571,IP,172.20.0.10.5002,>
2026-05-08,20:23:10.674917,IP,172.20.0.20.46413,>
2026-05-08,20:23:10.679708,IP,172.20.0.10.5002,>
2026-05-08,20:23:10.679981,IP,172.20.0.10.5002,>
2026-05-08,20:23:10.680142,IP,172.20.0.20.46413,>
2026-05-08,20:23:10.680431,IP,172.20.0.20.46413,>
2026-05-08,20:23:10.680982,IP,172.20.0.10.5002,>
2026-05-08,20:23:10.681257,IP,172.20.0.10.5002,>
2026-05-08,20:23:10.681305,IP,172.20.0.20.46413,>
2026-05-08,20:23:10.681524,IP,172.20.0.20.46413,>
2026-05-08,20:23:10.681820,IP,172.20.0.10.5002,>
2026-05-08,20:23:10.682115,IP,172.20.0.20.46413,>
2026-05-08,20:23:10.682165,IP,172.20.0.10.5002,>
2026-05-08,20:23:10.682429,IP,172.20.0.20.46413,>
2026-05-08,20:23:10.684073,IP,172.20.0.10.5002,>
2026-05-08,20:23:10.684425,IP,172.20.0.20.46413,>
2026-05-08,20:23:10.685098,IP,172.20.0.10.5002,>
2026-05-08,20:23:10.685478,IP,172.20.0.20.46413,>
2026-05-08,20:23:10.690444,IP,172.20.0.10.5002,>
2026-05-08,20:23:10.690846,IP,172.20.0.20.46413,>
2026-05-08,20:23:10.691415,IP,172.20.0.10.5002,>
2026-05-08,20:23:10.691491,IP,172.20.0.10.5002,>
2026-05-08,20:23:10.691754,IP,172.20.0.10.5002,>
2026-05-08,20:23:10.691861,IP,172.20.0.20.46413,>
2026-05-08,20:23:10.692131,IP,172.20.0.20.46413,>
2026-05-08,20:23:10.692539,IP,172.20.0.20.46413,>
2026-05-08,20:23:10.692757,IP,172.20.0.10.5002,>
2026-05-08,20:23:10.692889,IP,172.20.0.10.5002,>
2026-05-08,20:23:10.693231,IP,172.20.0.20.46413,>
2026-05-08,20:23:10.693586,IP,172.20.0.20.46413,>
2026-05-08,20:23:10.695191,IP,172.20.0.10.5002,>
2026-05-08,20:23:10.695536,IP,172.20.0.20.46413,>
2026-05-08,20:23:10.695700,IP,172.20.0.10.5002,>
2026-05-08,20:23:10.696170,IP,172.20.0.20.46413,>
2026-05-08,20:23:10.701161,IP,172.20.0.10.5002,>
2026-05-08,20:23:10.701592,IP,172.20.0.20.46413,>
2026-05-08,20:23:10.702365,IP,172.20.0.10.5002,>
2026-05-08,20:23:10.702461,IP,172.20.0.10.5002,>
2026-05-08,20:23:10.702726,IP,172.20.0.20.46413,>
2026-05-08,20:23:10.702833,IP,172.20.0.10.5002,>
2026-05-08,20:23:10.703016,IP,172.20.0.20.46413,>
2026-05-08,20:23:10.703538,IP,172.20.0.10.5002,>
2026-05-08,20:23:10.703682,IP,172.20.0.20.46413,>
2026-05-08,20:23:10.703882,IP,172.20.0.10.5002,>
2026-05-08,20:23:10.704005,IP,172.20.0.20.46413,>
2026-05-08,20:23:10.704253,IP,172.20.0.20.46413,>
2026-05-08,20:23:10.705841,IP,172.20.0.10.5002,>
2026-05-08,20:23:10.706209,IP,172.20.0.20.46413,>
2026-05-08,20:23:10.706377,IP,172.20.0.10.5002,>
2026-05-08,20:23:10.706692,IP,172.20.0.20.46413,>
2026-05-08,20:23:10.711984,IP,172.20.0.10.5002,>
2026-05-08,20:23:10.712406,IP,172.20.0.20.46413,>
2026-05-08,20:23:10.712965,IP,172.20.0.10.5002,>
2026-05-08,20:23:10.713202,IP,172.20.0.10.5002,>
2026-05-08,20:23:10.713277,IP,172.20.0.20.46413,>
2026-05-08,20:23:10.713587,IP,172.20.0.20.46413,>
2026-05-08,20:23:10.713961,IP,172.20.0.10.5002,>
2026-05-08,20:23:10.714235,IP,172.20.0.20.46413,>
2026-05-08,20:23:10.714295,IP,172.20.0.10.5002,>
2026-05-08,20:23:10.714377,IP,172.20.0.10.5002,>
2026-05-08,20:23:10.714590,IP,172.20.0.20.46413,>
2026-05-08,20:23:10.714904,IP,172.20.0.20.46413,>
2026-05-08,20:23:10.716416,IP,172.20.0.10.5002,>
2026-05-08,20:23:10.717056,IP,172.20.0.20.46413,>
2026-05-08,20:23:10.717142,IP,172.20.0.10.5002,>
2026-05-08,20:23:10.717442,IP,172.20.0.20.46413,>
2026-05-08,20:23:10.722709,IP,172.20.0.10.5002,>
2026-05-08,20:23:10.723209,IP,172.20.0.20.46413,>
2026-05-08,20:23:10.723537,IP,172.20.0.10.5002,>
2026-05-08,20:23:10.723777,IP,172.20.0.10.5002,>
2026-05-08,20:23:10.724040,IP,172.20.0.20.46413,>
2026-05-08,20:23:10.724373,IP,172.20.0.20.46413,>
2026-05-08,20:23:10.724454,IP,172.20.0.10.5002,>
2026-05-08,20:23:10.724911,IP,172.20.0.20.46413,>
2026-05-08,20:23:10.724992,IP,172.20.0.10.5002,>
2026-05-08,20:23:10.725075,IP,172.20.0.10.5002,>
2026-05-08,20:23:10.725432,IP,172.20.0.20.46413,>
2026-05-08,20:23:10.725706,IP,172.20.0.20.46413,>
2026-05-08,20:23:10.727276,IP,172.20.0.10.5002,>
2026-05-08,20:23:10.727865,IP,172.20.0.20.46413,>
2026-05-08,20:23:10.728227,IP,172.20.0.10.5002,>
2026-05-08,20:23:10.728547,IP,172.20.0.20.46413,>
2026-05-08,20:23:10.733516,IP,172.20.0.10.5002,>
2026-05-08,20:23:10.733852,IP,172.20.0.20.46413,>
2026-05-08,20:23:10.734260,IP,172.20.0.10.5002,>
2026-05-08,20:23:10.734605,IP,172.20.0.10.5002,>
2026-05-08,20:23:10.734891,IP,172.20.0.20.46413,>
2026-05-08,20:23:10.735084,IP,172.20.0.10.5002,>
2026-05-08,20:23:10.735326,IP,172.20.0.20.46413,>
2026-05-08,20:23:10.735726,IP,172.20.0.20.46413,>
2026-05-08,20:23:10.735834,IP,172.20.0.10.5002,>
2026-05-08,20:23:10.736004,IP,172.20.0.10.5002,>
2026-05-08,20:23:10.736340,IP,172.20.0.20.46413,>
2026-05-08,20:23:10.736780,IP,172.20.0.20.46413,>
2026-05-08,20:23:10.738143,IP,172.20.0.10.5002,>
2026-05-08,20:23:10.738519,IP,172.20.0.20.46413,>
2026-05-08,20:23:10.738739,IP,172.20.0.10.5002,>
2026-05-08,20:23:10.739154,IP,172.20.0.20.46413,>
2026-05-08,20:23:10.744251,IP,172.20.0.10.5002,>
2026-05-08,20:23:10.744576,IP,172.20.0.20.46413,>
2026-05-08,20:23:10.745149,IP,172.20.0.10.5002,>
2026-05-08,20:23:10.745555,IP,172.20.0.10.5002,>
2026-05-08,20:23:10.745704,IP,172.20.0.20.46413,>
2026-05-08,20:23:10.745959,IP,172.20.0.10.5002,>
2026-05-08,20:23:10.746108,IP,172.20.0.20.46413,>
2026-05-08,20:23:10.746384,IP,172.20.0.20.46413,>
2026-05-08,20:23:10.746656,IP,172.20.0.10.5002,>
2026-05-08,20:23:10.747022,IP,172.20.0.10.5002,>
2026-05-08,20:23:10.747400,IP,172.20.0.20.46413,>
2026-05-08,20:23:10.747675,IP,172.20.0.20.46413,>
2026-05-08,20:23:10.748722,IP,172.20.0.10.5002,>
2026-05-08,20:23:10.749108,IP,172.20.0.20.46413,>
2026-05-08,20:23:10.749431,IP,172.20.0.10.5002,>
2026-05-08,20:23:10.749756,IP,172.20.0.20.46413,>
2026-05-08,20:23:10.754878,IP,172.20.0.10.5002,>
2026-05-08,20:23:10.755437,IP,172.20.0.20.46413,>
2026-05-08,20:23:10.756030,IP,172.20.0.10.5002,>
2026-05-08,20:23:10.756296,IP,172.20.0.10.5002,>
2026-05-08,20:23:10.756501,IP,172.20.0.20.46413,>
2026-05-08,20:23:10.756594,IP,172.20.0.10.5002,>
2026-05-08,20:23:10.756759,IP,172.20.0.20.46413,>
2026-05-08,20:23:10.757009,IP,172.20.0.20.46413,>
2026-05-08,20:23:10.757673,IP,172.20.0.10.5002,>
2026-05-08,20:23:10.757920,IP,172.20.0.10.5002,>
2026-05-08,20:23:10.758136,IP,172.20.0.20.46413,>
2026-05-08,20:23:10.758415,IP,172.20.0.20.46413,>
2026-05-08,20:23:10.759328,IP,172.20.0.10.5002,>
2026-05-08,20:23:10.759646,IP,172.20.0.20.46413,>
2026-05-08,20:23:10.760030,IP,172.20.0.10.5002,>
2026-05-08,20:23:10.760551,IP,172.20.0.20.46413,>
2026-05-08,20:23:10.765747,IP,172.20.0.10.5002,>
2026-05-08,20:23:10.766158,IP,172.20.0.20.46413,>
2026-05-08,20:23:10.766866,IP,172.20.0.10.5002,>
2026-05-08,20:23:10.766981,IP,172.20.0.10.5002,>
2026-05-08,20:23:10.767218,IP,172.20.0.10.5002,>
2026-05-08,20:23:10.767316,IP,172.20.0.20.46413,>
2026-05-08,20:23:10.767616,IP,172.20.0.20.46413,>
2026-05-08,20:23:10.767989,IP,172.20.0.20.46413,>
2026-05-08,20:23:10.768426,IP,172.20.0.10.5002,>
2026-05-08,20:23:10.768583,IP,172.20.0.10.5002,>
2026-05-08,20:23:10.768946,IP,172.20.0.20.46413,>
2026-05-08,20:23:10.769303,IP,172.20.0.20.46413,>
2026-05-08,20:23:10.769904,IP,172.20.0.10.5002,>
2026-05-08,20:23:10.770245,IP,172.20.0.20.46413,>
2026-05-08,20:23:10.770762,IP,172.20.0.10.5002,>
2026-05-08,20:23:10.771149,IP,172.20.0.20.46413,>
2026-05-08,20:23:10.776560,IP,172.20.0.10.5002,>
2026-05-08,20:23:10.776993,IP,172.20.0.20.46413,>
2026-05-08,20:23:10.777563,IP,172.20.0.10.5002,>
2026-05-08,20:23:10.777934,IP,172.20.0.20.46413,>
2026-05-08,20:23:10.777985,IP,172.20.0.10.5002,>
2026-05-08,20:23:10.778168,IP,172.20.0.10.5002,>
2026-05-08,20:23:10.778317,IP,172.20.0.20.46413,>
2026-05-08,20:23:10.778637,IP,172.20.0.20.46413,>
2026-05-08,20:23:10.779231,IP,172.20.0.10.5002,>
2026-05-08,20:23:10.779490,IP,172.20.0.10.5002,>
2026-05-08,20:23:10.779692,IP,172.20.0.20.46413,>
2026-05-08,20:23:10.780010,IP,172.20.0.20.46413,>
2026-05-08,20:23:10.780453,IP,172.20.0.10.5002,>
2026-05-08,20:23:10.780741,IP,172.20.0.20.46413,>
2026-05-08,20:23:10.781362,IP,172.20.0.10.5002,>
2026-05-08,20:23:10.781631,IP,172.20.0.20.46413,>
2026-05-08,20:23:10.787364,IP,172.20.0.10.5002,>
2026-05-08,20:23:10.787682,IP,172.20.0.20.46413,>
2026-05-08,20:23:10.788093,IP,172.20.0.10.5002,>
2026-05-08,20:23:10.788444,IP,172.20.0.20.46413,>
2026-05-08,20:23:10.788508,IP,172.20.0.10.5002,>
2026-05-08,20:23:10.788981,IP,172.20.0.20.46413,>
2026-05-08,20:23:10.789136,IP,172.20.0.10.5002,>
2026-05-08,20:23:10.789483,IP,172.20.0.20.46413,>
2026-05-08,20:23:10.789993,IP,172.20.0.10.5002,>
2026-05-08,20:23:10.790193,IP,172.20.0.10.5002,>
2026-05-08,20:23:10.790569,IP,172.20.0.20.46413,>
2026-05-08,20:23:10.790854,IP,172.20.0.20.46413,>
2026-05-08,20:23:10.790999,IP,172.20.0.10.5002,>
2026-05-08,20:23:10.791289,IP,172.20.0.20.46413,>
2026-05-08,20:23:10.791776,IP,172.20.0.10.5002,>
2026-05-08,20:23:10.792128,IP,172.20.0.20.46413,>
2026-05-08,20:23:10.797989,IP,172.20.0.10.5002,>
2026-05-08,20:23:10.798437,IP,172.20.0.20.46413,>
2026-05-08,20:23:10.798631,IP,172.20.0.10.5002,>
2026-05-08,20:23:10.799030,IP,172.20.0.20.46413,>
2026-05-08,20:23:10.799228,IP,172.20.0.10.5002,>
2026-05-08,20:23:10.799843,IP,172.20.0.20.46413,>
2026-05-08,20:23:10.800077,IP,172.20.0.10.5002,>
2026-05-08,20:23:10.800444,IP,172.20.0.20.46413,>
2026-05-08,20:23:10.800869,IP,172.20.0.10.5002,>
2026-05-08,20:23:10.800948,IP,172.20.0.10.5002,>
2026-05-08,20:23:10.801208,IP,172.20.0.20.46413,>
2026-05-08,20:23:10.801446,IP,172.20.0.10.5002,>
2026-05-08,20:23:10.801514,IP,172.20.0.20.46413,>
2026-05-08,20:23:10.801745,IP,172.20.0.20.46413,>
2026-05-08,20:23:10.802335,IP,172.20.0.10.5002,>
2026-05-08,20:23:10.802938,IP,172.20.0.20.46413,>
2026-05-08,20:23:10.808843,IP,172.20.0.10.5002,>
2026-05-08,20:23:10.809225,IP,172.20.0.20.46413,>
2026-05-08,20:23:10.809367,IP,172.20.0.10.5002,>
2026-05-08,20:23:10.809900,IP,172.20.0.20.46413,>
2026-05-08,20:23:10.810072,IP,172.20.0.10.5002,>
2026-05-08,20:23:10.810378,IP,172.20.0.20.46413,>
2026-05-08,20:23:10.810627,IP,172.20.0.10.5002,>
2026-05-08,20:23:10.811001,IP,172.20.0.20.46413,>
2026-05-08,20:23:10.811481,IP,172.20.0.10.5002,>
2026-05-08,20:23:10.811625,IP,172.20.0.10.5002,>
2026-05-08,20:23:10.811811,IP,172.20.0.20.46413,>
2026-05-08,20:23:10.812065,IP,172.20.0.20.46413,>
2026-05-08,20:23:10.812106,IP,172.20.0.10.5002,>
2026-05-08,20:23:10.812369,IP,172.20.0.20.46413,>
2026-05-08,20:23:10.813143,IP,172.20.0.10.5002,>
2026-05-08,20:23:10.813440,IP,172.20.0.20.46413,>
2026-05-08,20:23:10.819814,IP,172.20.0.10.5002,>
2026-05-08,20:23:10.820110,IP,172.20.0.10.5002,>
2026-05-08,20:23:10.820298,IP,172.20.0.20.46413,>
2026-05-08,20:23:10.820636,IP,172.20.0.20.46413,>
2026-05-08,20:23:10.820745,IP,172.20.0.10.5002,>
2026-05-08,20:23:10.821094,IP,172.20.0.20.46413,>
2026-05-08,20:23:10.821204,IP,172.20.0.10.5002,>
2026-05-08,20:23:10.821509,IP,172.20.0.20.46413,>
2026-05-08,20:23:10.822284,IP,172.20.0.10.5002,>
2026-05-08,20:23:10.822357,IP,172.20.0.10.5002,>
2026-05-08,20:23:10.822541,IP,172.20.0.10.5002,>
2026-05-08,20:23:10.822621,IP,172.20.0.20.46413,>
2026-05-08,20:23:10.822911,IP,172.20.0.20.46413,>
2026-05-08,20:23:10.823270,IP,172.20.0.20.46413,>
2026-05-08,20:23:10.823643,IP,172.20.0.10.5002,>
2026-05-08,20:23:10.823995,IP,172.20.0.20.46413,>
2026-05-08,20:23:10.831419,IP,172.20.0.10.5002,>
2026-05-08,20:23:10.831847,IP,172.20.0.20.46413,>
2026-05-08,20:23:10.832523,IP,172.20.0.10.5002,>
2026-05-08,20:23:10.832658,IP,172.20.0.10.5002,>
2026-05-08,20:23:10.832734,IP,172.20.0.10.5002,>
2026-05-08,20:23:10.832931,IP,172.20.0.10.5002,>
2026-05-08,20:23:10.832976,IP,172.20.0.20.46413,>
2026-05-08,20:23:10.833070,IP,172.20.0.10.5002,>
2026-05-08,20:23:10.833255,IP,172.20.0.20.46413,>
2026-05-08,20:23:10.833419,IP,172.20.0.10.5002,>
2026-05-08,20:23:10.833608,IP,172.20.0.20.46413,>
2026-05-08,20:23:10.833897,IP,172.20.0.20.46413,>
2026-05-08,20:23:10.834179,IP,172.20.0.20.46413,>
2026-05-08,20:23:10.834392,IP,172.20.0.10.5002,>
2026-05-08,20:23:10.834438,IP,172.20.0.20.46413,>
2026-05-08,20:23:10.834658,IP,172.20.0.20.46413,>
2026-05-08,20:23:10.842130,IP,172.20.0.10.5002,>
2026-05-08,20:23:10.842503,IP,172.20.0.20.46413,>
2026-05-08,20:23:10.844152,IP,172.20.0.10.5002,>
2026-05-08,20:23:10.844263,IP,172.20.0.10.5002,>
2026-05-08,20:23:10.844332,IP,172.20.0.10.5002,>
2026-05-08,20:23:10.844566,IP,172.20.0.10.5002,>
2026-05-08,20:23:10.844589,IP,172.20.0.10.5002,>
2026-05-08,20:23:10.844588,IP,172.20.0.20.46413,>
2026-05-08,20:23:10.844651,IP,172.20.0.10.5002,>
2026-05-08,20:23:10.844769,IP,172.20.0.10.5002,>
2026-05-08,20:23:10.844909,IP,172.20.0.20.46413,>
2026-05-08,20:23:10.845458,IP,172.20.0.20.46413,>
2026-05-08,20:23:10.846020,IP,172.20.0.20.46413,>
2026-05-08,20:23:10.846552,IP,172.20.0.20.46413,>
2026-05-08,20:23:10.846833,IP,172.20.0.20.46413,>
2026-05-08,20:23:10.847125,IP,172.20.0.20.46413,>
2026-05-08,20:23:10.852884,IP,172.20.0.10.5002,>
2026-05-08,20:23:10.853263,IP,172.20.0.20.46413,>
2026-05-08,20:23:10.854813,IP,172.20.0.10.5002,>
2026-05-08,20:23:10.855070,IP,172.20.0.10.5002,>
2026-05-08,20:23:10.855173,IP,172.20.0.20.46413,>
2026-05-08,20:23:10.855435,IP,172.20.0.20.46413,>
2026-05-08,20:23:10.855667,IP,172.20.0.10.5002,>
2026-05-08,20:23:10.856001,IP,172.20.0.20.46413,>
2026-05-08,20:23:10.856305,IP,172.20.0.10.5002,>
2026-05-08,20:23:10.856607,IP,172.20.0.20.46413,>
2026-05-08,20:23:10.856711,IP,172.20.0.10.5002,>
2026-05-08,20:23:10.857044,IP,172.20.0.20.46413,>
2026-05-08,20:23:10.857112,IP,172.20.0.10.5002,>
2026-05-08,20:23:10.857313,IP,172.20.0.10.5002,>
2026-05-08,20:23:10.857487,IP,172.20.0.20.46413,>
2026-05-08,20:23:10.857721,IP,172.20.0.20.46413,>
2026-05-08,20:23:10.863619,IP,172.20.0.10.5002,>
2026-05-08,20:23:10.864097,IP,172.20.0.20.46413,>
2026-05-08,20:23:10.865382,IP,172.20.0.10.5002,>
2026-05-08,20:23:10.865635,IP,172.20.0.10.5002,>
2026-05-08,20:23:10.865991,IP,172.20.0.20.46413,>
2026-05-08,20:23:10.866194,IP,172.20.0.10.5002,>
2026-05-08,20:23:10.866813,IP,172.20.0.20.46413,>
2026-05-08,20:23:10.867135,IP,172.20.0.20.46413,>
2026-05-08,20:23:10.867693,IP,172.20.0.10.5002,>
2026-05-08,20:23:10.867780,IP,172.20.0.10.5002,>
2026-05-08,20:23:10.868220,IP,172.20.0.10.5002,>
2026-05-08,20:23:10.868227,IP,172.20.0.10.5002,>
2026-05-08,20:23:10.868504,IP,172.20.0.20.46413,>
2026-05-08,20:23:10.869445,IP,172.20.0.20.46413,>
2026-05-08,20:23:10.869993,IP,172.20.0.20.46413,>
2026-05-08,20:23:10.870302,IP,172.20.0.20.46413,>
2026-05-08,20:23:10.874446,IP,172.20.0.10.5002,>
2026-05-08,20:23:10.875093,IP,172.20.0.20.46413,>
2026-05-08,20:23:10.876209,IP,172.20.0.10.5002,>
2026-05-08,20:23:10.877343,IP,172.20.0.10.5002,>
2026-05-08,20:23:10.877351,IP,172.20.0.10.5002,>
2026-05-08,20:23:10.877691,IP,172.20.0.20.46413,>
2026-05-08,20:23:10.878111,IP,172.20.0.20.46413,>
2026-05-08,20:23:10.878365,IP,172.20.0.20.46413,>
2026-05-08,20:23:10.878871,IP,172.20.0.10.5002,>
2026-05-08,20:23:10.879228,IP,172.20.0.20.46413,>
2026-05-08,20:23:10.879702,IP,172.20.0.10.5002,>
2026-05-08,20:23:10.880041,IP,172.20.0.20.46413,>
2026-05-08,20:23:10.880170,IP,172.20.0.10.5002,>
2026-05-08,20:23:10.880478,IP,172.20.0.10.5002,>
2026-05-08,20:23:10.880480,IP,172.20.0.20.46413,>
2026-05-08,20:23:10.880734,IP,172.20.0.20.46413,>
2026-05-08,20:23:10.885444,IP,172.20.0.10.5002,>
2026-05-08,20:23:10.885863,IP,172.20.0.20.46413,>
2026-05-08,20:23:10.888560,IP,172.20.0.10.5002,>
2026-05-08,20:23:10.888901,IP,172.20.0.10.5002,>
2026-05-08,20:23:10.889080,IP,172.20.0.10.5002,>
2026-05-08,20:23:10.889594,IP,172.20.0.10.5002,>
2026-05-08,20:23:10.890346,IP,172.20.0.10.5002,>
2026-05-08,20:23:10.890736,IP,172.20.0.10.5002,>
2026-05-08,20:23:10.891033,IP,172.20.0.10.5002,>
2026-05-08,20:23:10.896199,IP,172.20.0.10.5002,>
2026-05-08,20:23:10.896721,IP,172.20.0.20.46413,>
2026-05-08,20:23:10.897246,IP,172.20.0.20.46413,>
2026-05-08,20:23:10.897542,IP,172.20.0.20.46413,>
2026-05-08,20:23:10.897908,IP,172.20.0.20.46413,>
2026-05-08,20:23:10.898222,IP,172.20.0.20.46413,>
2026-05-08,20:23:10.898491,IP,172.20.0.20.46413,>
2026-05-08,20:23:10.898767,IP,172.20.0.20.46413,>
2026-05-08,20:23:10.899114,IP,172.20.0.20.46413,>
2026-05-08,20:23:10.907297,IP,172.20.0.10.5002,>
2026-05-08,20:23:10.907469,IP,172.20.0.10.5002,>
2026-05-08,20:23:10.907677,IP,172.20.0.20.46413,>
2026-05-08,20:23:10.907744,IP,172.20.0.10.5002,>
2026-05-08,20:23:10.908062,IP,172.20.0.20.46413,>
2026-05-08,20:23:10.908351,IP,172.20.0.20.46413,>
2026-05-08,20:23:10.908360,IP,172.20.0.10.5002,>
2026-05-08,20:23:10.908451,IP,172.20.0.10.5002,>
2026-05-08,20:23:10.908604,IP,172.20.0.20.46413,>
2026-05-08,20:23:10.908668,IP,172.20.0.10.5002,>
2026-05-08,20:23:10.908828,IP,172.20.0.20.46413,>
2026-05-08,20:23:10.908988,IP,172.20.0.10.5002,>
2026-05-08,20:23:10.909060,IP,172.20.0.20.46413,>
2026-05-08,20:23:10.909277,IP,172.20.0.20.46413,>
2026-05-08,20:23:10.909580,IP,172.20.0.10.5002,>
2026-05-08,20:23:10.909995,IP,172.20.0.20.46413,>
2026-05-08,20:23:10.918031,IP,172.20.0.10.5002,>
2026-05-08,20:23:10.918281,IP,172.20.0.10.5002,>
2026-05-08,20:23:10.918398,IP,172.20.0.20.46413,>
2026-05-08,20:23:10.918733,IP,172.20.0.20.46413,>
2026-05-08,20:23:10.918751,IP,172.20.0.10.5002,>
2026-05-08,20:23:10.918939,IP,172.20.0.10.5002,>
2026-05-08,20:23:10.919017,IP,172.20.0.10.5002,>
2026-05-08,20:23:10.919305,IP,172.20.0.20.46413,>
2026-05-08,20:23:10.919449,IP,172.20.0.10.5002,>
2026-05-08,20:23:10.919519,IP,172.20.0.10.5002,>
2026-05-08,20:23:10.919573,IP,172.20.0.20.46413,>
2026-05-08,20:23:10.919828,IP,172.20.0.20.46413,>
2026-05-08,20:23:10.920191,IP,172.20.0.20.46413,>
2026-05-08,20:23:10.920277,IP,172.20.0.10.5002,>
2026-05-08,20:23:10.920422,IP,172.20.0.20.46413,>
2026-05-08,20:23:10.920642,IP,172.20.0.20.46413,>
2026-05-08,20:23:10.928613,IP,172.20.0.10.5002,>
2026-05-08,20:23:10.929021,IP,172.20.0.20.46413,>
2026-05-08,20:23:10.929156,IP,172.20.0.10.5002,>
2026-05-08,20:23:10.929511,IP,172.20.0.20.46413,>
2026-05-08,20:23:10.930181,IP,172.20.0.10.5002,>
2026-05-08,20:23:10.930488,IP,172.20.0.10.5002,>
2026-05-08,20:23:10.930555,IP,172.20.0.10.5002,>
2026-05-08,20:23:10.930574,IP,172.20.0.20.46413,>
2026-05-08,20:23:10.930618,IP,172.20.0.10.5002,>
2026-05-08,20:23:10.930682,IP,172.20.0.10.5002,>
2026-05-08,20:23:10.931030,IP,172.20.0.20.46413,>
2026-05-08,20:23:10.931044,IP,172.20.0.10.5002,>
2026-05-08,20:23:10.931324,IP,172.20.0.20.46413,>
2026-05-08,20:23:10.931575,IP,172.20.0.20.46413,>
2026-05-08,20:23:10.931954,IP,172.20.0.20.46413,>
2026-05-08,20:23:10.932219,IP,172.20.0.20.46413,>
2026-05-08,20:23:10.939268,IP,172.20.0.10.5002,>
2026-05-08,20:23:10.939617,IP,172.20.0.20.46413,>
2026-05-08,20:23:10.939702,IP,172.20.0.10.5002,>
2026-05-08,20:23:10.940023,IP,172.20.0.20.46413,>
2026-05-08,20:23:10.940857,IP,172.20.0.10.5002,>
2026-05-08,20:23:10.941185,IP,172.20.0.20.46413,>
2026-05-08,20:23:10.941298,IP,172.20.0.10.5002,>
2026-05-08,20:23:10.941542,IP,172.20.0.10.5002,>
2026-05-08,20:23:10.941642,IP,172.20.0.20.46413,>
2026-05-08,20:23:10.941926,IP,172.20.0.10.5002,>
2026-05-08,20:23:10.942128,IP,172.20.0.10.5002,>
2026-05-08,20:23:10.942471,IP,172.20.0.20.46413,>
2026-05-08,20:23:10.942511,IP,172.20.0.10.5002,>
2026-05-08,20:23:10.942776,IP,172.20.0.20.46413,>
2026-05-08,20:23:10.943045,IP,172.20.0.20.46413,>
2026-05-08,20:23:10.943364,IP,172.20.0.20.46413,>
2026-05-08,20:23:10.949921,IP,172.20.0.10.5002,>
2026-05-08,20:23:10.950196,IP,172.20.0.10.5002,>
2026-05-08,20:23:10.950314,IP,172.20.0.20.46413,>
2026-05-08,20:23:10.950599,IP,172.20.0.20.46413,>
2026-05-08,20:23:10.951395,IP,172.20.0.10.5002,>
2026-05-08,20:23:10.951730,IP,172.20.0.20.46413,>
2026-05-08,20:23:10.952179,IP,172.20.0.10.5002,>
2026-05-08,20:23:10.952541,IP,172.20.0.20.46413,>
2026-05-08,20:23:10.952778,IP,172.20.0.10.5002,>
2026-05-08,20:23:10.952951,IP,172.20.0.10.5002,>
2026-05-08,20:23:10.953189,IP,172.20.0.20.46413,>
2026-05-08,20:23:10.953299,IP,172.20.0.10.5002,>
2026-05-08,20:23:10.953651,IP,172.20.0.10.5002,>
2026-05-08,20:23:10.953686,IP,172.20.0.20.46413,>
2026-05-08,20:23:10.954055,IP,172.20.0.20.46413,>
2026-05-08,20:23:10.954394,IP,172.20.0.20.46413,>
2026-05-08,20:23:10.960600,IP,172.20.0.10.5002,>
2026-05-08,20:23:10.960850,IP,172.20.0.10.5002,>
2026-05-08,20:23:10.961029,IP,172.20.0.20.46413,>
2026-05-08,20:23:10.961314,IP,172.20.0.20.46413,>
2026-05-08,20:23:10.961953,IP,172.20.0.10.5002,>
2026-05-08,20:23:10.962290,IP,172.20.0.20.46413,>
2026-05-08,20:23:10.962770,IP,172.20.0.10.5002,>
2026-05-08,20:23:10.963126,IP,172.20.0.20.46413,>
2026-05-08,20:23:10.963542,IP,172.20.0.10.5002,>
2026-05-08,20:23:10.963962,IP,172.20.0.20.46413,>
2026-05-08,20:23:10.964035,IP,172.20.0.10.5002,>
2026-05-08,20:23:10.964205,IP,172.20.0.10.5002,>
2026-05-08,20:23:10.964578,IP,172.20.0.20.46413,>
2026-05-08,20:23:10.964644,IP,172.20.0.10.5002,>
2026-05-08,20:23:10.965089,IP,172.20.0.20.46413,>
2026-05-08,20:23:10.965572,IP,172.20.0.20.46413,>
2026-05-08,20:23:10.971282,IP,172.20.0.10.5002,>
2026-05-08,20:23:10.971480,IP,172.20.0.10.5002,>
2026-05-08,20:23:10.971745,IP,172.20.0.20.46413,>
2026-05-08,20:23:10.972041,IP,172.20.0.20.46413,>
2026-05-08,20:23:10.972478,IP,172.20.0.10.5002,>
2026-05-08,20:23:10.972982,IP,172.20.0.20.46413,>
2026-05-08,20:23:10.973463,IP,172.20.0.10.5002,>
2026-05-08,20:23:10.973815,IP,172.20.0.20.46413,>
2026-05-08,20:23:10.974202,IP,172.20.0.10.5002,>
2026-05-08,20:23:10.974604,IP,172.20.0.20.46413,>
2026-05-08,20:23:10.974806,IP,172.20.0.10.5002,>
2026-05-08,20:23:10.975111,IP,172.20.0.20.46413,>
2026-05-08,20:23:10.975331,IP,172.20.0.10.5002,>
2026-05-08,20:23:10.975671,IP,172.20.0.20.46413,>
2026-05-08,20:23:10.976025,IP,172.20.0.10.5002,>
2026-05-08,20:23:10.976325,IP,172.20.0.20.46413,>
2026-05-08,20:23:10.981997,IP,172.20.0.10.5002,>
2026-05-08,20:23:10.982221,IP,172.20.0.10.5002,>
2026-05-08,20:23:10.982386,IP,172.20.0.20.46413,>
2026-05-08,20:23:10.982671,IP,172.20.0.20.46413,>
2026-05-08,20:23:10.983226,IP,172.20.0.10.5002,>
2026-05-08,20:23:10.983650,IP,172.20.0.20.46413,>
2026-05-08,20:23:10.984259,IP,172.20.0.10.5002,>
2026-05-08,20:23:10.984578,IP,172.20.0.20.46413,>
2026-05-08,20:23:10.984947,IP,172.20.0.10.5002,>
2026-05-08,20:23:10.985247,IP,172.20.0.20.46413,>
2026-05-08,20:23:10.985268,IP,172.20.0.10.5002,>
2026-05-08,20:23:10.985493,IP,172.20.0.20.46413,>
2026-05-08,20:23:10.985896,IP,172.20.0.10.5002,>
2026-05-08,20:23:10.986266,IP,172.20.0.20.46413,>
2026-05-08,20:23:10.986883,IP,172.20.0.10.5002,>
2026-05-08,20:23:10.987216,IP,172.20.0.20.46413,>
2026-05-08,20:23:10.992653,IP,172.20.0.10.5002,>
2026-05-08,20:23:10.992919,IP,172.20.0.10.5002,>
2026-05-08,20:23:10.993022,IP,172.20.0.20.46413,>
2026-05-08,20:23:10.993306,IP,172.20.0.20.46413,>
2026-05-08,20:23:10.993854,IP,172.20.0.10.5002,>
2026-05-08,20:23:10.994277,IP,172.20.0.20.46413,>
2026-05-08,20:23:10.994852,IP,172.20.0.10.5002,>
2026-05-08,20:23:10.995154,IP,172.20.0.20.46413,>
2026-05-08,20:23:10.995492,IP,172.20.0.10.5002,>
2026-05-08,20:23:10.995670,IP,172.20.0.10.5002,>
2026-05-08,20:23:10.995812,IP,172.20.0.20.46413,>
2026-05-08,20:23:10.996070,IP,172.20.0.20.46413,>
2026-05-08,20:23:10.996701,IP,172.20.0.10.5002,>
2026-05-08,20:23:10.997002,IP,172.20.0.20.46413,>
2026-05-08,20:23:10.997472,IP,172.20.0.10.5002,>
2026-05-08,20:23:10.997780,IP,172.20.0.20.46413,>
2026-05-08,20:23:11.003310,IP,172.20.0.10.5002,>
2026-05-08,20:23:11.003483,IP,172.20.0.10.5002,>
2026-05-08,20:23:11.003826,IP,172.20.0.20.46413,>
2026-05-08,20:23:11.004224,IP,172.20.0.20.46413,>
2026-05-08,20:23:11.004501,IP,172.20.0.10.5002,>
2026-05-08,20:23:11.004990,IP,172.20.0.20.46413,>
2026-05-08,20:23:11.005431,IP,172.20.0.10.5002,>
2026-05-08,20:23:11.005904,IP,172.20.0.20.46413,>
2026-05-08,20:23:11.005997,IP,172.20.0.10.5002,>
2026-05-08,20:23:11.006219,IP,172.20.0.10.5002,>
2026-05-08,20:23:11.006504,IP,172.20.0.20.46413,>
2026-05-08,20:23:11.006913,IP,172.20.0.20.46413,>
2026-05-08,20:23:11.007295,IP,172.20.0.10.5002,>
2026-05-08,20:23:11.007703,IP,172.20.0.20.46413,>
2026-05-08,20:23:11.008484,IP,172.20.0.10.5002,>
2026-05-08,20:23:11.008897,IP,172.20.0.20.46413,>
2026-05-08,20:23:11.014044,IP,172.20.0.10.5002,>
2026-05-08,20:23:11.014412,IP,172.20.0.20.46413,>
2026-05-08,20:23:11.014448,IP,172.20.0.10.5002,>
2026-05-08,20:23:11.014848,IP,172.20.0.20.46413,>
2026-05-08,20:23:11.015260,IP,172.20.0.10.5002,>
2026-05-08,20:23:11.016249,IP,172.20.0.20.46413,>
2026-05-08,20:23:11.016312,IP,172.20.0.10.5002,>
2026-05-08,20:23:11.016710,IP,172.20.0.20.46413,>
2026-05-08,20:23:11.016734,IP,172.20.0.10.5002,>
2026-05-08,20:23:11.017134,IP,172.20.0.10.5002,>
2026-05-08,20:23:11.017398,IP,172.20.0.20.46413,>
2026-05-08,20:23:11.017902,IP,172.20.0.10.5002,>
2026-05-08,20:23:11.018098,IP,172.20.0.20.46413,>
2026-05-08,20:23:11.018720,IP,172.20.0.20.46413,>
2026-05-08,20:23:11.019248,IP,172.20.0.10.5002,>
2026-05-08,20:23:11.019770,IP,172.20.0.20.46413,>
2026-05-08,20:23:11.024720,IP,172.20.0.10.5002,>
2026-05-08,20:23:11.025071,IP,172.20.0.10.5002,>
2026-05-08,20:23:11.025101,IP,172.20.0.20.46413,>
2026-05-08,20:23:11.025496,IP,172.20.0.20.46413,>
2026-05-08,20:23:11.026489,IP,172.20.0.10.5002,>
2026-05-08,20:23:11.026949,IP,172.20.0.20.46413,>
2026-05-08,20:23:11.027035,IP,172.20.0.10.5002,>
2026-05-08,20:23:11.027611,IP,172.20.0.10.5002,>
2026-05-08,20:23:11.027712,IP,172.20.0.20.46413,>
2026-05-08,20:23:11.028321,IP,172.20.0.20.46413,>
2026-05-08,20:23:11.028372,IP,172.20.0.10.5002,>
2026-05-08,20:23:11.028840,IP,172.20.0.20.46413,>
2026-05-08,20:23:11.028973,IP,172.20.0.10.5002,>
2026-05-08,20:23:11.029765,IP,172.20.0.20.46413,>
2026-05-08,20:23:11.030126,IP,172.20.0.10.5002,>
2026-05-08,20:23:11.030751,IP,172.20.0.20.46413,>
2026-05-08,20:23:11.035356,IP,172.20.0.10.5002,>
2026-05-08,20:23:11.035735,IP,172.20.0.20.46413,>
2026-05-08,20:23:11.035775,IP,172.20.0.10.5002,>
2026-05-08,20:23:11.036180,IP,172.20.0.20.46413,>
2026-05-08,20:23:11.037428,IP,172.20.0.10.5002,>
2026-05-08,20:23:11.037970,IP,172.20.0.20.46413,>
2026-05-08,20:23:11.038093,IP,172.20.0.10.5002,>
2026-05-08,20:23:11.038537,IP,172.20.0.20.46413,>
2026-05-08,20:23:11.038583,IP,172.20.0.10.5002,>
2026-05-08,20:23:11.039088,IP,172.20.0.10.5002,>
2026-05-08,20:23:11.039409,IP,172.20.0.20.46413,>
2026-05-08,20:23:11.040030,IP,172.20.0.20.46413,>
2026-05-08,20:23:11.040072,IP,172.20.0.10.5002,>
2026-05-08,20:23:11.041100,IP,172.20.0.10.5002,>
2026-05-08,20:23:11.041173,IP,172.20.0.20.46413,>
2026-05-08,20:23:11.041460,IP,172.20.0.20.46413,>
2026-05-08,20:23:11.046035,IP,172.20.0.10.5002,>
2026-05-08,20:23:11.046449,IP,172.20.0.20.46413,>
2026-05-08,20:23:11.046486,IP,172.20.0.10.5002,>
2026-05-08,20:23:11.047120,IP,172.20.0.20.46413,>
2026-05-08,20:23:11.048214,IP,172.20.0.10.5002,>
2026-05-08,20:23:11.048580,IP,172.20.0.20.46413,>
2026-05-08,20:23:11.049075,IP,172.20.0.10.5002,>
2026-05-08,20:23:11.049669,IP,172.20.0.10.5002,>
2026-05-08,20:23:11.049758,IP,172.20.0.20.46413,>
2026-05-08,20:23:11.050235,IP,172.20.0.10.5002,>
2026-05-08,20:23:11.050351,IP,172.20.0.20.46413,>
2026-05-08,20:23:11.051282,IP,172.20.0.20.46413,>
2026-05-08,20:23:11.051371,IP,172.20.0.10.5002,>
2026-05-08,20:23:11.051720,IP,172.20.0.10.5002,>
2026-05-08,20:23:11.051889,IP,172.20.0.20.46413,>
2026-05-08,20:23:11.053171,IP,172.20.0.20.46413,>
2026-05-08,20:23:11.056693,IP,172.20.0.10.5002,>
2026-05-08,20:23:11.057112,IP,172.20.0.20.46413,>
2026-05-08,20:23:11.057325,IP,172.20.0.10.5002,>
2026-05-08,20:23:11.057701,IP,172.20.0.20.46413,>
2026-05-08,20:23:11.058827,IP,172.20.0.10.5002,>
2026-05-08,20:23:11.059163,IP,172.20.0.20.46413,>
2026-05-08,20:23:11.060107,IP,172.20.0.10.5002,>
2026-05-08,20:23:11.060453,IP,172.20.0.20.46413,>
2026-05-08,20:23:11.060551,IP,172.20.0.10.5002,>
2026-05-08,20:23:11.061482,IP,172.20.0.10.5002,>
2026-05-08,20:23:11.062181,IP,172.20.0.20.46413,>
2026-05-08,20:23:11.062210,IP,172.20.0.10.5002,>
2026-05-08,20:23:11.062519,IP,172.20.0.20.46413,>
2026-05-08,20:23:11.063324,IP,172.20.0.20.46413,>
2026-05-08,20:23:11.063522,IP,172.20.0.10.5002,>
2026-05-08,20:23:11.064250,IP,172.20.0.20.46413,>
2026-05-08,20:23:11.067356,IP,172.20.0.10.5002,>
2026-05-08,20:23:11.067735,IP,172.20.0.20.46413,>
2026-05-08,20:23:11.067974,IP,172.20.0.10.5002,>
2026-05-08,20:23:11.068288,IP,172.20.0.20.46413,>
2026-05-08,20:23:11.069410,IP,172.20.0.10.5002,>
2026-05-08,20:23:11.069730,IP,172.20.0.20.46413,>
2026-05-08,20:23:11.070745,IP,172.20.0.10.5002,>
2026-05-08,20:23:11.071096,IP,172.20.0.20.46413,>
2026-05-08,20:23:11.072417,IP,172.20.0.10.5002,>
2026-05-08,20:23:11.072695,IP,172.20.0.10.5002,>
2026-05-08,20:23:11.072841,IP,172.20.0.20.46413,>
2026-05-08,20:23:11.073123,IP,172.20.0.20.46413,>
2026-05-08,20:23:11.073621,IP,172.20.0.10.5002,>
2026-05-08,20:23:11.074072,IP,172.20.0.20.46413,>
2026-05-08,20:23:11.074529,IP,172.20.0.10.5002,>
2026-05-08,20:23:11.074885,IP,172.20.0.20.46413,>
2026-05-08,20:23:11.078058,IP,172.20.0.10.5002,>
2026-05-08,20:23:11.078355,IP,172.20.0.20.46413,>
2026-05-08,20:23:11.078489,IP,172.20.0.10.5002,>
2026-05-08,20:23:11.078920,IP,172.20.0.20.46413,>
2026-05-08,20:23:11.080078,IP,172.20.0.10.5002,>
2026-05-08,20:23:11.080482,IP,172.20.0.20.46413,>
2026-05-08,20:23:11.081451,IP,172.20.0.10.5002,>
2026-05-08,20:23:11.081825,IP,172.20.0.20.46413,>
2026-05-08,20:23:11.083068,IP,172.20.0.10.5002,>
2026-05-08,20:23:11.083290,IP,172.20.0.10.5002,>
2026-05-08,20:23:11.083440,IP,172.20.0.20.46413,>
2026-05-08,20:23:11.083702,IP,172.20.0.20.46413,>
2026-05-08,20:23:11.084273,IP,172.20.0.10.5002,>
2026-05-08,20:23:11.084859,IP,172.20.0.20.46413,>
2026-05-08,20:23:11.085186,IP,172.20.0.10.5002,>
2026-05-08,20:23:11.085584,IP,172.20.0.20.46413,>
2026-05-08,20:23:11.088598,IP,172.20.0.10.5002,>
2026-05-08,20:23:11.089028,IP,172.20.0.20.46413,>
2026-05-08,20:23:11.089164,IP,172.20.0.10.5002,>
2026-05-08,20:23:11.089512,IP,172.20.0.20.46413,>
2026-05-08,20:23:11.090747,IP,172.20.0.10.5002,>
2026-05-08,20:23:11.091142,IP,172.20.0.20.46413,>
2026-05-08,20:23:11.092115,IP,172.20.0.10.5002,>
2026-05-08,20:23:11.092462,IP,172.20.0.20.46413,>
2026-05-08,20:23:11.093641,IP,172.20.0.10.5002,>
2026-05-08,20:23:11.093895,IP,172.20.0.10.5002,>
2026-05-08,20:23:11.094051,IP,172.20.0.20.46413,>
2026-05-08,20:23:11.094311,IP,172.20.0.20.46413,>
2026-05-08,20:23:11.095021,IP,172.20.0.10.5002,>
2026-05-08,20:23:11.095543,IP,172.20.0.20.46413,>
2026-05-08,20:23:11.096059,IP,172.20.0.10.5002,>
2026-05-08,20:23:11.096617,IP,172.20.0.20.46413,>
2026-05-08,20:23:11.099266,IP,172.20.0.10.5002,>
2026-05-08,20:23:11.099633,IP,172.20.0.20.46413,>
2026-05-08,20:23:11.099703,IP,172.20.0.10.5002,>
2026-05-08,20:23:11.100076,IP,172.20.0.20.46413,>
2026-05-08,20:23:11.101383,IP,172.20.0.10.5002,>
2026-05-08,20:23:11.101831,IP,172.20.0.20.46413,>
2026-05-08,20:23:11.102725,IP,172.20.0.10.5002,>
2026-05-08,20:23:11.103111,IP,172.20.0.20.46413,>
2026-05-08,20:23:11.104244,IP,172.20.0.10.5002,>
2026-05-08,20:23:11.104515,IP,172.20.0.10.5002,>
2026-05-08,20:23:11.104607,IP,172.20.0.20.46413,>
2026-05-08,20:23:11.104912,IP,172.20.0.20.46413,>
2026-05-08,20:23:11.105740,IP,172.20.0.10.5002,>
2026-05-08,20:23:11.106195,IP,172.20.0.20.46413,>
2026-05-08,20:23:11.106973,IP,172.20.0.10.5002,>
2026-05-08,20:23:11.107329,IP,172.20.0.20.46413,>
2026-05-08,20:23:11.109917,IP,172.20.0.10.5002,>
2026-05-08,20:23:11.110254,IP,172.20.0.20.46413,>
2026-05-08,20:23:11.110434,IP,172.20.0.10.5002,>
2026-05-08,20:23:11.110990,IP,172.20.0.20.46413,>
2026-05-08,20:23:11.112082,IP,172.20.0.10.5002,>
2026-05-08,20:23:11.112456,IP,172.20.0.20.46413,>
2026-05-08,20:23:11.113424,IP,172.20.0.10.5002,>
2026-05-08,20:23:11.113842,IP,172.20.0.20.46413,>
2026-05-08,20:23:11.115291,IP,172.20.0.10.5002,>
2026-05-08,20:23:11.115635,IP,172.20.0.20.46413,>
2026-05-08,20:23:11.115767,IP,172.20.0.10.5002,>
2026-05-08,20:23:11.116178,IP,172.20.0.20.46413,>
2026-05-08,20:23:11.116385,IP,172.20.0.10.5002,>
2026-05-08,20:23:11.116739,IP,172.20.0.20.46413,>
2026-05-08,20:23:11.117591,IP,172.20.0.10.5002,>
2026-05-08,20:23:11.117983,IP,172.20.0.20.46413,>
2026-05-08,20:23:11.120559,IP,172.20.0.10.5002,>
2026-05-08,20:23:11.121011,IP,172.20.0.20.46413,>
2026-05-08,20:23:11.121214,IP,172.20.0.10.5002,>
2026-05-08,20:23:11.121578,IP,172.20.0.20.46413,>
2026-05-08,20:23:11.122640,IP,172.20.0.10.5002,>
2026-05-08,20:23:11.123080,IP,172.20.0.20.46413,>
2026-05-08,20:23:11.124111,IP,172.20.0.10.5002,>
2026-05-08,20:23:11.124488,IP,172.20.0.20.46413,>
2026-05-08,20:23:11.125967,IP,172.20.0.10.5002,>
2026-05-08,20:23:11.126321,IP,172.20.0.20.46413,>
2026-05-08,20:23:11.126518,IP,172.20.0.10.5002,>
2026-05-08,20:23:11.126931,IP,172.20.0.20.46413,>
2026-05-08,20:23:11.126953,IP,172.20.0.10.5002,>
2026-05-08,20:23:11.127360,IP,172.20.0.20.46413,>
2026-05-08,20:23:11.128279,IP,172.20.0.10.5002,>
2026-05-08,20:23:11.128621,IP,172.20.0.20.46413,>
2026-05-08,20:23:11.131254,IP,172.20.0.10.5002,>
2026-05-08,20:23:11.131601,IP,172.20.0.20.46413,>
2026-05-08,20:23:11.131758,IP,172.20.0.10.5002,>
2026-05-08,20:23:11.132096,IP,172.20.0.20.46413,>
2026-05-08,20:23:11.133284,IP,172.20.0.10.5002,>
2026-05-08,20:23:11.133653,IP,172.20.0.20.46413,>
2026-05-08,20:23:11.134756,IP,172.20.0.10.5002,>
2026-05-08,20:23:11.135240,IP,172.20.0.20.46413,>
2026-05-08,20:23:11.136712,IP,172.20.0.10.5002,>
2026-05-08,20:23:11.137145,IP,172.20.0.20.46413,>
2026-05-08,20:23:11.137204,IP,172.20.0.10.5002,>
2026-05-08,20:23:11.137518,IP,172.20.0.20.46413,>
2026-05-08,20:23:11.137556,IP,172.20.0.10.5002,>
2026-05-08,20:23:11.137952,IP,172.20.0.20.46413,>
2026-05-08,20:23:11.138911,IP,172.20.0.10.5002,>
2026-05-08,20:23:11.139248,IP,172.20.0.20.46413,>
2026-05-08,20:23:11.141970,IP,172.20.0.10.5002,>
2026-05-08,20:23:11.142321,IP,172.20.0.10.5002,>
2026-05-08,20:23:11.142375,IP,172.20.0.20.46413,>
2026-05-08,20:23:11.142674,IP,172.20.0.20.46413,>
2026-05-08,20:23:11.143948,IP,172.20.0.10.5002,>
2026-05-08,20:23:11.144280,IP,172.20.0.20.46413,>
2026-05-08,20:23:11.145554,IP,172.20.0.10.5002,>
2026-05-08,20:23:11.146022,IP,172.20.0.20.46413,>
2026-05-08,20:23:11.147368,IP,172.20.0.10.5002,>
2026-05-08,20:23:11.147691,IP,172.20.0.20.46413,>
2026-05-08,20:23:11.147700,IP,172.20.0.10.5002,>
2026-05-08,20:23:11.147996,IP,172.20.0.20.46413,>
2026-05-08,20:23:11.148225,IP,172.20.0.10.5002,>
2026-05-08,20:23:11.148572,IP,172.20.0.20.46413,>
2026-05-08,20:23:11.149502,IP,172.20.0.10.5002,>
2026-05-08,20:23:11.149860,IP,172.20.0.20.46413,>
2026-05-08,20:23:11.152566,IP,172.20.0.10.5002,>
2026-05-08,20:23:11.152907,IP,172.20.0.10.5002,>
2026-05-08,20:23:11.152987,IP,172.20.0.20.46413,>
2026-05-08,20:23:11.153295,IP,172.20.0.20.46413,>
2026-05-08,20:23:11.154511,IP,172.20.0.10.5002,>
2026-05-08,20:23:11.154916,IP,172.20.0.20.46413,>
2026-05-08,20:23:11.156489,IP,172.20.0.10.5002,>
2026-05-08,20:23:11.156853,IP,172.20.0.20.46413,>
2026-05-08,20:23:11.157906,IP,172.20.0.10.5002,>
2026-05-08,20:23:11.158180,IP,172.20.0.10.5002,>
2026-05-08,20:23:11.158267,IP,172.20.0.20.46413,>
2026-05-08,20:23:11.158565,IP,172.20.0.20.46413,>
2026-05-08,20:23:11.158728,IP,172.20.0.10.5002,>
2026-05-08,20:23:11.159110,IP,172.20.0.20.46413,>
2026-05-08,20:23:11.160218,IP,172.20.0.10.5002,>
2026-05-08,20:23:11.160614,IP,172.20.0.20.46413,>
2026-05-08,20:23:11.163180,IP,172.20.0.10.5002,>
2026-05-08,20:23:11.163552,IP,172.20.0.10.5002,>
2026-05-08,20:23:11.163564,IP,172.20.0.20.46413,>
2026-05-08,20:23:11.164287,IP,172.20.0.20.46413,>
2026-05-08,20:23:11.165142,IP,172.20.0.10.5002,>
2026-05-08,20:23:11.165454,IP,172.20.0.20.46413,>
2026-05-08,20:23:11.167122,IP,172.20.0.10.5002,>
2026-05-08,20:23:11.167443,IP,172.20.0.20.46413,>
2026-05-08,20:23:11.168619,IP,172.20.0.10.5002,>
2026-05-08,20:23:11.168940,IP,172.20.0.20.46413,>
2026-05-08,20:23:11.169110,IP,172.20.0.10.5002,>
2026-05-08,20:23:11.169283,IP,172.20.0.10.5002,>
2026-05-08,20:23:11.169502,IP,172.20.0.20.46413,>
2026-05-08,20:23:11.169757,IP,172.20.0.20.46413,>
2026-05-08,20:23:11.171043,IP,172.20.0.10.5002,>
2026-05-08,20:23:11.171562,IP,172.20.0.20.46413,>
2026-05-08,20:23:11.173812,IP,172.20.0.10.5002,>
2026-05-08,20:23:11.174207,IP,172.20.0.20.46413,>
2026-05-08,20:23:11.174518,IP,172.20.0.10.5002,>
2026-05-08,20:23:11.175072,IP,172.20.0.20.46413,>
2026-05-08,20:23:11.175767,IP,172.20.0.10.5002,>
2026-05-08,20:23:11.176171,IP,172.20.0.20.46413,>
2026-05-08,20:23:11.177864,IP,172.20.0.10.5002,>
2026-05-08,20:23:11.178267,IP,172.20.0.20.46413,>
2026-05-08,20:23:11.179182,IP,172.20.0.10.5002,>
2026-05-08,20:23:11.179603,IP,172.20.0.20.46413,>
2026-05-08,20:23:11.179714,IP,172.20.0.10.5002,>
2026-05-08,20:23:11.180199,IP,172.20.0.20.46413,>
2026-05-08,20:23:11.180254,IP,172.20.0.10.5002,>
2026-05-08,20:23:11.180571,IP,172.20.0.20.46413,>
2026-05-08,20:23:11.181994,IP,172.20.0.10.5002,>
2026-05-08,20:23:11.182349,IP,172.20.0.20.46413,>
2026-05-08,20:23:11.184434,IP,172.20.0.10.5002,>
2026-05-08,20:23:11.184808,IP,172.20.0.20.46413,>
2026-05-08,20:23:11.185303,IP,172.20.0.10.5002,>
2026-05-08,20:23:11.185618,IP,172.20.0.20.46413,>
2026-05-08,20:23:11.186393,IP,172.20.0.10.5002,>
2026-05-08,20:23:11.186831,IP,172.20.0.20.46413,>
2026-05-08,20:23:11.188612,IP,172.20.0.10.5002,>
2026-05-08,20:23:11.189004,IP,172.20.0.20.46413,>
2026-05-08,20:23:11.189942,IP,172.20.0.10.5002,>
2026-05-08,20:23:11.190267,IP,172.20.0.20.46413,>
2026-05-08,20:23:11.190446,IP,172.20.0.10.5002,>
2026-05-08,20:23:11.190809,IP,172.20.0.10.5002,>
2026-05-08,20:23:11.190913,IP,172.20.0.20.46413,>
2026-05-08,20:23:11.191280,IP,172.20.0.20.46413,>
2026-05-08,20:23:11.192635,IP,172.20.0.10.5002,>
2026-05-08,20:23:11.192965,IP,172.20.0.20.46413,>
2026-05-08,20:23:11.195021,IP,172.20.0.10.5002,>
2026-05-08,20:23:11.195311,IP,172.20.0.20.46413,>
2026-05-08,20:23:11.195830,IP,172.20.0.10.5002,>
2026-05-08,20:23:11.196188,IP,172.20.0.20.46413,>
2026-05-08,20:23:11.197024,IP,172.20.0.10.5002,>
2026-05-08,20:23:11.197382,IP,172.20.0.20.46413,>
2026-05-08,20:23:11.199310,IP,172.20.0.10.5002,>
2026-05-08,20:23:11.199661,IP,172.20.0.20.46413,>
2026-05-08,20:23:11.200504,IP,172.20.0.10.5002,>
2026-05-08,20:23:11.200859,IP,172.20.0.20.46413,>
2026-05-08,20:23:11.201123,IP,172.20.0.10.5002,>
2026-05-08,20:23:11.201428,IP,172.20.0.20.46413,>
2026-05-08,20:23:11.201493,IP,172.20.0.10.5002,>
2026-05-08,20:23:11.201779,IP,172.20.0.20.46413,>
2026-05-08,20:23:11.203228,IP,172.20.0.10.5002,>
2026-05-08,20:23:11.203623,IP,172.20.0.20.46413,>
2026-05-08,20:23:11.205514,IP,172.20.0.10.5002,>
2026-05-08,20:23:11.205902,IP,172.20.0.20.46413,>
2026-05-08,20:23:11.206380,IP,172.20.0.10.5002,>
2026-05-08,20:23:11.206705,IP,172.20.0.20.46413,>
2026-05-08,20:23:11.207568,IP,172.20.0.10.5002,>
2026-05-08,20:23:11.207945,IP,172.20.0.20.46413,>
2026-05-08,20:23:11.210290,IP,172.20.0.10.5002,>
2026-05-08,20:23:11.210613,IP,172.20.0.20.46413,>
2026-05-08,20:23:11.211052,IP,172.20.0.10.5002,>
2026-05-08,20:23:11.211464,IP,172.20.0.20.46413,>
2026-05-08,20:23:11.211632,IP,172.20.0.10.5002,>
2026-05-08,20:23:11.211985,IP,172.20.0.20.46413,>
2026-05-08,20:23:11.212219,IP,172.20.0.10.5002,>
2026-05-08,20:23:11.212897,IP,172.20.0.20.46413,>
2026-05-08,20:23:11.213971,IP,172.20.0.10.5002,>
2026-05-08,20:23:11.214308,IP,172.20.0.20.46413,>
2026-05-08,20:23:11.216478,IP,172.20.0.10.5002,>
2026-05-08,20:23:11.216886,IP,172.20.0.20.46413,>
2026-05-08,20:23:11.216970,IP,172.20.0.10.5002,>
2026-05-08,20:23:11.217510,IP,172.20.0.20.46413,>
2026-05-08,20:23:11.218121,IP,172.20.0.10.5002,>
2026-05-08,20:23:11.218459,IP,172.20.0.20.46413,>
2026-05-08,20:23:11.220899,IP,172.20.0.10.5002,>
2026-05-08,20:23:11.221282,IP,172.20.0.20.46413,>
2026-05-08,20:23:11.221814,IP,172.20.0.10.5002,>
2026-05-08,20:23:11.222165,IP,172.20.0.10.5002,>
2026-05-08,20:23:11.222276,IP,172.20.0.20.46413,>
2026-05-08,20:23:11.222578,IP,172.20.0.20.46413,>
2026-05-08,20:23:11.223146,IP,172.20.0.10.5002,>
2026-05-08,20:23:11.223550,IP,172.20.0.20.46413,>
2026-05-08,20:23:11.224617,IP,172.20.0.10.5002,>
2026-05-08,20:23:11.224997,IP,172.20.0.20.46413,>
2026-05-08,20:23:11.227102,IP,172.20.0.10.5002,>
2026-05-08,20:23:11.227459,IP,172.20.0.20.46413,>
2026-05-08,20:23:11.227753,IP,172.20.0.10.5002,>
2026-05-08,20:23:11.228213,IP,172.20.0.20.46413,>
2026-05-08,20:23:11.228640,IP,172.20.0.10.5002,>
2026-05-08,20:23:11.229007,IP,172.20.0.20.46413,>
2026-05-08,20:23:11.231567,IP,172.20.0.10.5002,>
2026-05-08,20:23:11.231921,IP,172.20.0.20.46413,>
2026-05-08,20:23:11.232453,IP,172.20.0.10.5002,>
2026-05-08,20:23:11.232756,IP,172.20.0.10.5002,>
2026-05-08,20:23:11.232870,IP,172.20.0.20.46413,>
2026-05-08,20:23:11.233308,IP,172.20.0.20.46413,>
2026-05-08,20:23:11.233780,IP,172.20.0.10.5002,>
2026-05-08,20:23:11.234195,IP,172.20.0.20.46413,>
2026-05-08,20:23:11.235271,IP,172.20.0.10.5002,>
2026-05-08,20:23:11.235685,IP,172.20.0.20.46413,>
2026-05-08,20:23:11.237719,IP,172.20.0.10.5002,>
2026-05-08,20:23:11.238175,IP,172.20.0.20.46413,>
2026-05-08,20:23:11.238369,IP,172.20.0.10.5002,>
2026-05-08,20:23:11.238698,IP,172.20.0.20.46413,>
2026-05-08,20:23:11.239206,IP,172.20.0.10.5002,>
2026-05-08,20:23:11.239505,IP,172.20.0.20.46413,>
2026-05-08,20:23:11.242183,IP,172.20.0.10.5002,>
2026-05-08,20:23:11.242510,IP,172.20.0.20.46413,>
2026-05-08,20:23:11.243053,IP,172.20.0.10.5002,>
2026-05-08,20:23:11.243331,IP,172.20.0.20.46413,>
2026-05-08,20:23:11.243508,IP,172.20.0.10.5002,>
2026-05-08,20:23:11.243898,IP,172.20.0.20.46413,>
2026-05-08,20:23:11.244373,IP,172.20.0.10.5002,>
2026-05-08,20:23:11.244759,IP,172.20.0.20.46413,>
2026-05-08,20:23:11.245966,IP,172.20.0.10.5002,>
2026-05-08,20:23:11.246310,IP,172.20.0.20.46413,>
2026-05-08,20:23:11.248487,IP,172.20.0.10.5002,>
2026-05-08,20:23:11.248881,IP,172.20.0.10.5002,>
2026-05-08,20:23:11.248883,IP,172.20.0.20.46413,>
2026-05-08,20:23:11.249139,IP,172.20.0.20.46413,>
2026-05-08,20:23:11.249668,IP,172.20.0.10.5002,>
2026-05-08,20:23:11.250140,IP,172.20.0.20.46413,>
2026-05-08,20:23:11.252805,IP,172.20.0.10.5002,>
2026-05-08,20:23:11.253146,IP,172.20.0.20.46413,>
2026-05-08,20:23:11.253523,IP,172.20.0.10.5002,>
2026-05-08,20:23:11.253986,IP,172.20.0.20.46413,>
2026-05-08,20:23:11.254094,IP,172.20.0.10.5002,>
2026-05-08,20:23:11.254408,IP,172.20.0.20.46413,>
2026-05-08,20:23:11.254979,IP,172.20.0.10.5002,>
2026-05-08,20:23:11.255290,IP,172.20.0.20.46413,>
2026-05-08,20:23:11.256568,IP,172.20.0.10.5002,>
2026-05-08,20:23:11.256900,IP,172.20.0.20.46413,>
2026-05-08,20:23:11.259113,IP,172.20.0.10.5002,>
2026-05-08,20:23:11.259530,IP,172.20.0.20.46413,>
2026-05-08,20:23:11.259535,IP,172.20.0.10.5002,>
2026-05-08,20:23:11.259972,IP,172.20.0.20.46413,>
2026-05-08,20:23:11.260383,IP,172.20.0.10.5002,>
2026-05-08,20:23:11.260680,IP,172.20.0.20.46413,>
2026-05-08,20:23:11.263436,IP,172.20.0.10.5002,>
2026-05-08,20:23:11.263766,IP,172.20.0.20.46413,>
2026-05-08,20:23:11.264248,IP,172.20.0.10.5002,>
2026-05-08,20:23:11.264581,IP,172.20.0.20.46413,>
2026-05-08,20:23:11.264587,IP,172.20.0.10.5002,>
2026-05-08,20:23:11.264874,IP,172.20.0.20.46413,>
2026-05-08,20:23:11.265463,IP,172.20.0.10.5002,>
2026-05-08,20:23:11.265813,IP,172.20.0.20.46413,>
2026-05-08,20:23:11.267144,IP,172.20.0.10.5002,>
2026-05-08,20:23:11.267448,IP,172.20.0.20.46413,>
2026-05-08,20:23:11.269776,IP,172.20.0.10.5002,>
2026-05-08,20:23:11.270148,IP,172.20.0.20.46413,>
2026-05-08,20:23:11.270185,IP,172.20.0.10.5002,>
2026-05-08,20:23:11.270751,IP,172.20.0.20.46413,>
2026-05-08,20:23:11.271019,IP,172.20.0.10.5002,>
2026-05-08,20:23:11.271303,IP,172.20.0.20.46413,>
2026-05-08,20:23:11.274052,IP,172.20.0.10.5002,>
2026-05-08,20:23:11.274457,IP,172.20.0.20.46413,>
2026-05-08,20:23:11.274776,IP,172.20.0.10.5002,>
2026-05-08,20:23:11.275090,IP,172.20.0.10.5002,>
2026-05-08,20:23:11.275202,IP,172.20.0.20.46413,>
2026-05-08,20:23:11.275452,IP,172.20.0.20.46413,>
2026-05-08,20:23:11.276040,IP,172.20.0.10.5002,>
2026-05-08,20:23:11.276389,IP,172.20.0.20.46413,>
2026-05-08,20:23:11.277679,IP,172.20.0.10.5002,>
2026-05-08,20:23:11.278131,IP,172.20.0.20.46413,>
2026-05-08,20:23:11.280334,IP,172.20.0.10.5002,>
2026-05-08,20:23:11.280688,IP,172.20.0.20.46413,>
2026-05-08,20:23:11.281232,IP,172.20.0.10.5002,>
2026-05-08,20:23:11.281514,IP,172.20.0.10.5002,>
2026-05-08,20:23:11.281573,IP,172.20.0.20.46413,>
2026-05-08,20:23:11.281922,IP,172.20.0.20.46413,>
2026-05-08,20:23:11.285336,IP,172.20.0.10.5002,>
2026-05-08,20:23:11.285490,IP,172.20.0.10.5002,>
2026-05-08,20:23:11.285624,IP,172.20.0.10.5002,>
2026-05-08,20:23:11.285868,IP,172.20.0.20.46413,>
2026-05-08,20:23:11.286495,IP,172.20.0.20.46413,>
2026-05-08,20:23:11.286503,IP,172.20.0.20.46413,>
2026-05-08,20:23:11.286589,IP,172.20.0.10.5002,>
2026-05-08,20:23:11.286916,IP,172.20.0.20.46413,>
2026-05-08,20:23:11.288422,IP,172.20.0.10.5002,>
2026-05-08,20:23:11.288769,IP,172.20.0.20.46413,>
2026-05-08,20:23:11.290912,IP,172.20.0.10.5002,>
2026-05-08,20:23:11.291280,IP,172.20.0.20.46413,>
2026-05-08,20:23:11.291750,IP,172.20.0.10.5002,>
2026-05-08,20:23:11.292076,IP,172.20.0.10.5002,>
2026-05-08,20:23:11.292342,IP,172.20.0.20.46413,>
2026-05-08,20:23:11.292696,IP,172.20.0.20.46413,>
2026-05-08,20:23:11.296273,IP,172.20.0.10.5002,>
2026-05-08,20:23:11.296653,IP,172.20.0.20.46413,>
2026-05-08,20:23:11.296700,IP,172.20.0.10.5002,>
2026-05-08,20:23:11.296958,IP,172.20.0.10.5002,>
2026-05-08,20:23:11.297095,IP,172.20.0.10.5002,>
2026-05-08,20:23:11.297366,IP,172.20.0.20.46413,>
2026-05-08,20:23:11.297636,IP,172.20.0.20.46413,>
2026-05-08,20:23:11.298047,IP,172.20.0.20.46413,>
2026-05-08,20:23:11.299186,IP,172.20.0.10.5002,>
2026-05-08,20:23:11.299703,IP,172.20.0.20.46413,>
2026-05-08,20:23:11.301491,IP,172.20.0.10.5002,>
2026-05-08,20:23:11.301977,IP,172.20.0.20.46413,>
2026-05-08,20:23:11.302565,IP,172.20.0.10.5002,>
2026-05-08,20:23:11.302917,IP,172.20.0.10.5002,>
2026-05-08,20:23:11.303177,IP,172.20.0.20.46413,>
2026-05-08,20:23:11.303424,IP,172.20.0.20.46413,>
2026-05-08,20:23:11.307027,IP,172.20.0.10.5002,>
2026-05-08,20:23:11.307524,IP,172.20.0.20.46413,>
2026-05-08,20:23:11.307630,IP,172.20.0.10.5002,>
2026-05-08,20:23:11.307836,IP,172.20.0.10.5002,>
2026-05-08,20:23:11.308219,IP,172.20.0.20.46413,>
2026-05-08,20:23:11.308258,IP,172.20.0.10.5002,>
2026-05-08,20:23:11.308564,IP,172.20.0.20.46413,>
2026-05-08,20:23:11.308859,IP,172.20.0.20.46413,>
2026-05-08,20:23:11.310005,IP,172.20.0.10.5002,>
2026-05-08,20:23:11.310344,IP,172.20.0.20.46413,>
2026-05-08,20:23:11.312197,IP,172.20.0.10.5002,>
2026-05-08,20:23:11.312518,IP,172.20.0.20.46413,>
2026-05-08,20:23:11.313399,IP,172.20.0.10.5002,>
2026-05-08,20:23:11.313632,IP,172.20.0.10.5002,>
2026-05-08,20:23:11.313727,IP,172.20.0.20.46413,>
2026-05-08,20:23:11.314071,IP,172.20.0.20.46413,>
2026-05-08,20:23:11.318169,IP,172.20.0.10.5002,>
2026-05-08,20:23:11.318524,IP,172.20.0.10.5002,>
2026-05-08,20:23:11.318566,IP,172.20.0.20.46413,>
2026-05-08,20:23:11.318773,IP,172.20.0.10.5002,>
2026-05-08,20:23:11.318886,IP,172.20.0.20.46413,>
2026-05-08,20:23:11.319063,IP,172.20.0.10.5002,>
2026-05-08,20:23:11.319286,IP,172.20.0.20.46413,>
2026-05-08,20:23:11.319566,IP,172.20.0.20.46413,>
2026-05-08,20:23:11.320643,IP,172.20.0.10.5002,>
2026-05-08,20:23:11.321084,IP,172.20.0.20.46413,>
2026-05-08,20:23:11.322802,IP,172.20.0.10.5002,>
2026-05-08,20:23:11.323214,IP,172.20.0.20.46413,>
2026-05-08,20:23:11.324079,IP,172.20.0.10.5002,>
2026-05-08,20:23:11.324283,IP,172.20.0.10.5002,>
2026-05-08,20:23:11.324428,IP,172.20.0.20.46413,>
2026-05-08,20:23:11.324766,IP,172.20.0.20.46413,>
2026-05-08,20:23:11.328889,IP,172.20.0.10.5002,>
2026-05-08,20:23:11.329204,IP,172.20.0.10.5002,>
2026-05-08,20:23:11.329243,IP,172.20.0.20.46413,>
2026-05-08,20:23:11.329501,IP,172.20.0.20.46413,>
2026-05-08,20:23:11.329551,IP,172.20.0.10.5002,>
2026-05-08,20:23:11.329959,IP,172.20.0.20.46413,>
2026-05-08,20:23:11.329992,IP,172.20.0.10.5002,>
2026-05-08,20:23:11.330350,IP,172.20.0.20.46413,>
2026-05-08,20:23:11.331464,IP,172.20.0.10.5002,>
2026-05-08,20:23:11.331839,IP,172.20.0.20.46413,>
2026-05-08,20:23:11.333441,IP,172.20.0.10.5002,>
2026-05-08,20:23:11.333844,IP,172.20.0.20.46413,>
2026-05-08,20:23:11.334624,IP,172.20.0.10.5002,>
2026-05-08,20:23:11.334994,IP,172.20.0.20.46413,>
2026-05-08,20:23:11.335014,IP,172.20.0.10.5002,>
2026-05-08,20:23:11.335336,IP,172.20.0.20.46413,>
2026-05-08,20:23:11.339513,IP,172.20.0.10.5002,>
2026-05-08,20:23:11.339724,IP,172.20.0.10.5002,>
2026-05-08,20:23:11.339955,IP,172.20.0.20.46413,>
2026-05-08,20:23:11.340143,IP,172.20.0.10.5002,>
2026-05-08,20:23:11.340299,IP,172.20.0.20.46413,>
2026-05-08,20:23:11.340501,IP,172.20.0.10.5002,>
2026-05-08,20:23:11.340646,IP,172.20.0.20.46413,>
2026-05-08,20:23:11.340972,IP,172.20.0.20.46413,>
2026-05-08,20:23:11.342109,IP,172.20.0.10.5002,>
2026-05-08,20:23:11.342488,IP,172.20.0.20.46413,>
2026-05-08,20:23:11.344136,IP,172.20.0.10.5002,>
2026-05-08,20:23:11.344452,IP,172.20.0.20.46413,>
2026-05-08,20:23:11.345260,IP,172.20.0.10.5002,>
2026-05-08,20:23:11.345523,IP,172.20.0.10.5002,>
2026-05-08,20:23:11.345600,IP,172.20.0.20.46413,>
2026-05-08,20:23:11.346141,IP,172.20.0.20.46413,>
2026-05-08,20:23:11.350264,IP,172.20.0.10.5002,>
2026-05-08,20:23:11.350499,IP,172.20.0.10.5002,>
2026-05-08,20:23:11.350775,IP,172.20.0.20.46413,>
2026-05-08,20:23:11.350919,IP,172.20.0.10.5002,>
2026-05-08,20:23:11.351151,IP,172.20.0.10.5002,>
2026-05-08,20:23:11.351194,IP,172.20.0.20.46413,>
2026-05-08,20:23:11.351485,IP,172.20.0.20.46413,>
2026-05-08,20:23:11.351727,IP,172.20.0.20.46413,>
2026-05-08,20:23:11.352814,IP,172.20.0.10.5002,>
2026-05-08,20:23:11.353169,IP,172.20.0.20.46413,>
2026-05-08,20:23:11.354697,IP,172.20.0.10.5002,>
2026-05-08,20:23:11.355037,IP,172.20.0.20.46413,>
2026-05-08,20:23:11.355846,IP,172.20.0.10.5002,>
2026-05-08,20:23:11.356179,IP,172.20.0.20.46413,>
2026-05-08,20:23:11.356553,IP,172.20.0.10.5002,>
2026-05-08,20:23:11.356954,IP,172.20.0.20.46413,>
2026-05-08,20:23:11.361160,IP,172.20.0.10.5002,>
2026-05-08,20:23:11.361428,IP,172.20.0.10.5002,>
2026-05-08,20:23:11.361768,IP,172.20.0.10.5002,>
2026-05-08,20:23:11.361832,IP,172.20.0.20.46413,>
2026-05-08,20:23:11.362217,IP,172.20.0.10.5002,>
2026-05-08,20:23:11.362950,IP,172.20.0.20.46413,>
2026-05-08,20:23:11.362957,IP,172.20.0.20.46413,>
2026-05-08,20:23:11.362963,IP,172.20.0.20.46413,>
2026-05-08,20:23:11.363534,IP,172.20.0.10.5002,>
2026-05-08,20:23:11.364022,IP,172.20.0.20.46413,>
2026-05-08,20:23:11.365360,IP,172.20.0.10.5002,>
2026-05-08,20:23:11.365754,IP,172.20.0.20.46413,>
2026-05-08,20:23:11.366350,IP,172.20.0.10.5002,>
2026-05-08,20:23:11.366648,IP,172.20.0.20.46413,>
2026-05-08,20:23:11.367165,IP,172.20.0.10.5002,>
2026-05-08,20:23:11.367448,IP,172.20.0.20.46413,>
2026-05-08,20:23:11.372281,IP,172.20.0.10.5002,>
2026-05-08,20:23:11.372585,IP,172.20.0.20.46413,>
2026-05-08,20:23:11.373170,IP,172.20.0.10.5002,>
2026-05-08,20:23:11.373249,IP,172.20.0.10.5002,>
2026-05-08,20:23:11.373319,IP,172.20.0.10.5002,>
2026-05-08,20:23:11.373672,IP,172.20.0.20.46413,>
2026-05-08,20:23:11.374070,IP,172.20.0.20.46413,>
2026-05-08,20:23:11.374282,IP,172.20.0.10.5002,>
2026-05-08,20:23:11.374424,IP,172.20.0.20.46413,>
2026-05-08,20:23:11.374717,IP,172.20.0.20.46413,>
2026-05-08,20:23:11.376038,IP,172.20.0.10.5002,>
2026-05-08,20:23:11.376441,IP,172.20.0.20.46413,>
2026-05-08,20:23:11.376868,IP,172.20.0.10.5002,>
2026-05-08,20:23:11.377156,IP,172.20.0.20.46413,>
2026-05-08,20:23:11.377621,IP,172.20.0.10.5002,>
2026-05-08,20:23:11.378351,IP,172.20.0.20.46413,>
2026-05-08,20:23:11.382883,IP,172.20.0.10.5002,>
2026-05-08,20:23:11.383323,IP,172.20.0.20.46413,>
2026-05-08,20:23:11.383920,IP,172.20.0.10.5002,>
2026-05-08,20:23:11.384305,IP,172.20.0.10.5002,>
2026-05-08,20:23:11.384316,IP,172.20.0.20.46413,>
2026-05-08,20:23:11.384645,IP,172.20.0.10.5002,>
2026-05-08,20:23:11.384659,IP,172.20.0.20.46413,>
2026-05-08,20:23:11.384963,IP,172.20.0.20.46413,>
2026-05-08,20:23:11.385116,IP,172.20.0.10.5002,>
2026-05-08,20:23:11.385435,IP,172.20.0.20.46413,>
2026-05-08,20:23:11.386661,IP,172.20.0.10.5002,>
2026-05-08,20:23:11.387105,IP,172.20.0.20.46413,>
2026-05-08,20:23:11.387334,IP,172.20.0.10.5002,>
2026-05-08,20:23:11.387673,IP,172.20.0.20.46413,>
2026-05-08,20:23:11.388598,IP,172.20.0.10.5002,>
2026-05-08,20:23:11.388902,IP,172.20.0.20.46413,>
2026-05-08,20:23:11.393628,IP,172.20.0.10.5002,>
2026-05-08,20:23:11.394046,IP,172.20.0.20.46413,>
2026-05-08,20:23:11.394513,IP,172.20.0.10.5002,>
2026-05-08,20:23:11.394901,IP,172.20.0.10.5002,>
2026-05-08,20:23:11.395104,IP,172.20.0.20.46413,>
2026-05-08,20:23:11.395145,IP,172.20.0.10.5002,>
2026-05-08,20:23:11.395401,IP,172.20.0.20.46413,>
2026-05-08,20:23:11.395672,IP,172.20.0.10.5002,>
2026-05-08,20:23:11.395985,IP,172.20.0.20.46413,>
2026-05-08,20:23:11.396228,IP,172.20.0.20.46413,>
2026-05-08,20:23:11.397321,IP,172.20.0.10.5002,>
2026-05-08,20:23:11.397603,IP,172.20.0.20.46413,>
2026-05-08,20:23:11.397886,IP,172.20.0.10.5002,>
2026-05-08,20:23:11.398403,IP,172.20.0.20.46413,>
2026-05-08,20:23:11.399081,IP,172.20.0.10.5002,>
2026-05-08,20:23:11.399399,IP,172.20.0.20.46413,>
2026-05-08,20:23:11.404372,IP,172.20.0.10.5002,>
2026-05-08,20:23:11.404872,IP,172.20.0.20.46413,>
2026-05-08,20:23:11.405317,IP,172.20.0.10.5002,>
2026-05-08,20:23:11.405588,IP,172.20.0.10.5002,>
2026-05-08,20:23:11.405924,IP,172.20.0.20.46413,>
2026-05-08,20:23:11.406157,IP,172.20.0.10.5002,>
2026-05-08,20:23:11.406195,IP,172.20.0.20.46413,>
2026-05-08,20:23:11.406457,IP,172.20.0.10.5002,>
2026-05-08,20:23:11.406602,IP,172.20.0.20.46413,>
2026-05-08,20:23:11.406852,IP,172.20.0.20.46413,>
2026-05-08,20:23:11.407808,IP,172.20.0.10.5002,>
2026-05-08,20:23:11.408136,IP,172.20.0.20.46413,>
2026-05-08,20:23:11.408608,IP,172.20.0.10.5002,>
2026-05-08,20:23:11.408947,IP,172.20.0.20.46413,>
2026-05-08,20:23:11.409592,IP,172.20.0.10.5002,>
2026-05-08,20:23:11.409981,IP,172.20.0.20.46413,>
2026-05-08,20:23:11.415205,IP,172.20.0.10.5002,>
2026-05-08,20:23:11.415536,IP,172.20.0.20.46413,>
2026-05-08,20:23:11.416176,IP,172.20.0.10.5002,>
2026-05-08,20:23:11.416436,IP,172.20.0.10.5002,>
2026-05-08,20:23:11.416561,IP,172.20.0.20.46413,>
2026-05-08,20:23:11.416923,IP,172.20.0.10.5002,>
2026-05-08,20:23:11.416989,IP,172.20.0.20.46413,>
2026-05-08,20:23:11.417066,IP,172.20.0.10.5002,>
2026-05-08,20:23:11.417354,IP,172.20.0.20.46413,>
2026-05-08,20:23:11.417657,IP,172.20.0.20.46413,>
2026-05-08,20:23:11.418376,IP,172.20.0.10.5002,>
2026-05-08,20:23:11.418716,IP,172.20.0.20.46413,>
2026-05-08,20:23:11.419122,IP,172.20.0.10.5002,>
2026-05-08,20:23:11.419474,IP,172.20.0.20.46413,>
2026-05-08,20:23:11.420161,IP,172.20.0.10.5002,>
2026-05-08,20:23:11.420529,IP,172.20.0.20.46413,>
2026-05-08,20:23:11.426140,IP,172.20.0.10.5002,>
2026-05-08,20:23:11.426499,IP,172.20.0.20.46413,>
2026-05-08,20:23:11.426744,IP,172.20.0.10.5002,>
2026-05-08,20:23:11.427074,IP,172.20.0.20.46413,>
2026-05-08,20:23:11.427140,IP,172.20.0.10.5002,>
2026-05-08,20:23:11.427502,IP,172.20.0.20.46413,>
2026-05-08,20:23:11.427524,IP,172.20.0.10.5002,>
2026-05-08,20:23:11.428011,IP,172.20.0.10.5002,>
2026-05-08,20:23:11.428222,IP,172.20.0.20.46413,>
2026-05-08,20:23:11.428471,IP,172.20.0.20.46413,>
2026-05-08,20:23:11.429039,IP,172.20.0.10.5002,>
2026-05-08,20:23:11.429380,IP,172.20.0.20.46413,>
2026-05-08,20:23:11.429881,IP,172.20.0.10.5002,>
2026-05-08,20:23:11.430364,IP,172.20.0.20.46413,>
2026-05-08,20:23:11.430834,IP,172.20.0.10.5002,>
2026-05-08,20:23:11.431183,IP,172.20.0.20.46413,>
2026-05-08,20:23:11.436889,IP,172.20.0.10.5002,>
2026-05-08,20:23:11.437245,IP,172.20.0.20.46413,>
2026-05-08,20:23:11.437915,IP,172.20.0.10.5002,>
2026-05-08,20:23:11.437993,IP,172.20.0.10.5002,>
2026-05-08,20:23:11.438455,IP,172.20.0.10.5002,>
2026-05-08,20:23:11.438475,IP,172.20.0.20.46413,>
2026-05-08,20:23:11.438704,IP,172.20.0.10.5002,>
2026-05-08,20:23:11.438774,IP,172.20.0.20.46413,>
2026-05-08,20:23:11.439047,IP,172.20.0.20.46413,>
2026-05-08,20:23:11.439291,IP,172.20.0.20.46413,>
2026-05-08,20:23:11.439566,IP,172.20.0.10.5002,>
2026-05-08,20:23:11.440025,IP,172.20.0.20.46413,>
2026-05-08,20:23:11.440562,IP,172.20.0.10.5002,>
2026-05-08,20:23:11.440924,IP,172.20.0.20.46413,>
2026-05-08,20:23:11.441406,IP,172.20.0.10.5002,>
2026-05-08,20:23:11.441854,IP,172.20.0.20.46413,>
2026-05-08,20:23:11.447546,IP,172.20.0.10.5002,>
2026-05-08,20:23:11.448038,IP,172.20.0.20.46413,>
2026-05-08,20:23:11.448706,IP,172.20.0.10.5002,>
2026-05-08,20:23:11.448967,IP,172.20.0.10.5002,>
2026-05-08,20:23:11.449134,IP,172.20.0.20.46413,>
2026-05-08,20:23:11.449399,IP,172.20.0.20.46413,>
2026-05-08,20:23:11.457768,IP,172.20.0.10.5002,>
2026-05-08,20:23:11.457838,IP,172.20.0.10.5002,>
2026-05-08,20:23:11.457843,IP,172.20.0.10.5002,>
2026-05-08,20:23:11.457846,IP,172.20.0.10.5002,>
2026-05-08,20:23:11.457849,IP,172.20.0.10.5002,>
2026-05-08,20:23:11.458287,IP,172.20.0.10.5002,>
2026-05-08,20:23:11.458458,IP,172.20.0.20.46413,>
2026-05-08,20:23:11.458734,IP,172.20.0.20.46413,>
2026-05-08,20:23:11.459038,IP,172.20.0.20.46413,>
2026-05-08,20:23:11.459271,IP,172.20.0.20.46413,>
2026-05-08,20:23:11.459372,IP,172.20.0.10.5002,>
2026-05-08,20:23:11.459528,IP,172.20.0.10.5002,>
2026-05-08,20:23:11.459641,IP,172.20.0.20.46413,>
2026-05-08,20:23:11.459917,IP,172.20.0.20.46413,>
2026-05-08,20:23:11.460191,IP,172.20.0.20.46413,>
2026-05-08,20:23:11.460424,IP,172.20.0.20.46413,>
2026-05-08,20:23:11.468856,IP,172.20.0.10.5002,>
2026-05-08,20:23:11.469055,IP,172.20.0.10.5002,>
2026-05-08,20:23:11.469129,IP,172.20.0.10.5002,>
2026-05-08,20:23:11.469273,IP,172.20.0.20.46413,>
2026-05-08,20:23:11.469437,IP,172.20.0.10.5002,>
2026-05-08,20:23:11.469669,IP,172.20.0.20.46413,>
2026-05-08,20:23:11.469807,IP,172.20.0.10.5002,>
2026-05-08,20:23:11.470075,IP,172.20.0.20.46413,>
2026-05-08,20:23:11.470128,IP,172.20.0.10.5002,>
2026-05-08,20:23:11.470374,IP,172.20.0.10.5002,>
2026-05-08,20:23:11.470443,IP,172.20.0.20.46413,>
2026-05-08,20:23:11.470583,IP,172.20.0.10.5002,>
2026-05-08,20:23:11.470711,IP,172.20.0.20.46413,>
2026-05-08,20:23:11.470991,IP,172.20.0.20.46413,>
2026-05-08,20:23:11.471227,IP,172.20.0.20.46413,>
2026-05-08,20:23:11.471478,IP,172.20.0.20.46413,>
2026-05-08,20:23:11.479572,IP,172.20.0.10.5002,>
2026-05-08,20:23:11.479944,IP,172.20.0.20.46413,>
2026-05-08,20:23:11.479991,IP,172.20.0.10.5002,>
2026-05-08,20:23:11.480295,IP,172.20.0.10.5002,>
2026-05-08,20:23:11.480476,IP,172.20.0.20.46413,>
2026-05-08,20:23:11.480753,IP,172.20.0.10.5002,>
2026-05-08,20:23:11.480975,IP,172.20.0.10.5002,>
2026-05-08,20:23:11.481190,IP,172.20.0.10.5002,>
2026-05-08,20:23:11.481447,IP,172.20.0.10.5002,>
2026-05-08,20:23:11.481542,IP,172.20.0.20.46413,>
2026-05-08,20:23:11.481631,IP,172.20.0.10.5002,>
2026-05-08,20:23:11.482144,IP,172.20.0.20.46413,>
2026-05-08,20:23:11.482438,IP,172.20.0.20.46413,>
2026-05-08,20:23:11.483122,IP,172.20.0.20.46413,>
2026-05-08,20:23:11.483502,IP,172.20.0.20.46413,>
2026-05-08,20:23:11.483756,IP,172.20.0.20.46413,>
2026-05-08,20:23:11.490266,IP,172.20.0.10.5002,>
2026-05-08,20:23:11.490647,IP,172.20.0.20.46413,>
2026-05-08,20:23:11.490769,IP,172.20.0.10.5002,>
2026-05-08,20:23:11.491103,IP,172.20.0.20.46413,>
2026-05-08,20:23:11.491972,IP,172.20.0.10.5002,>
2026-05-08,20:23:11.492309,IP,172.20.0.20.46413,>
2026-05-08,20:23:11.492356,IP,172.20.0.10.5002,>
2026-05-08,20:23:11.492626,IP,172.20.0.10.5002,>
2026-05-08,20:23:11.492689,IP,172.20.0.20.46413,>
2026-05-08,20:23:11.492961,IP,172.20.0.20.46413,>
2026-05-08,20:23:11.493384,IP,172.20.0.10.5002,>
2026-05-08,20:23:11.493709,IP,172.20.0.10.5002,>
2026-05-08,20:23:11.493989,IP,172.20.0.10.5002,>
2026-05-08,20:23:11.494183,IP,172.20.0.20.46413,>
2026-05-08,20:23:11.494461,IP,172.20.0.20.46413,>
2026-05-08,20:23:11.494746,IP,172.20.0.20.46413,>
2026-05-08,20:23:11.500915,IP,172.20.0.10.5002,>
2026-05-08,20:23:11.501286,IP,172.20.0.20.46413,>
2026-05-08,20:23:11.501380,IP,172.20.0.10.5002,>
2026-05-08,20:23:11.501720,IP,172.20.0.20.46413,>
2026-05-08,20:23:11.502518,IP,172.20.0.10.5002,>
2026-05-08,20:23:11.502883,IP,172.20.0.20.46413,>
2026-05-08,20:23:11.502912,IP,172.20.0.10.5002,>
2026-05-08,20:23:11.503124,IP,172.20.0.10.5002,>
2026-05-08,20:23:11.503158,IP,172.20.0.20.46413,>
2026-05-08,20:23:11.503404,IP,172.20.0.20.46413,>
2026-05-08,20:23:11.504497,IP,172.20.0.10.5002,>
2026-05-08,20:23:11.504623,IP,172.20.0.10.5002,>
2026-05-08,20:23:11.504934,IP,172.20.0.10.5002,>
2026-05-08,20:23:11.505023,IP,172.20.0.20.46413,>
2026-05-08,20:23:11.505342,IP,172.20.0.20.46413,>
2026-05-08,20:23:11.505673,IP,172.20.0.20.46413,>
2026-05-08,20:23:11.511514,IP,172.20.0.10.5002,>
2026-05-08,20:23:11.511934,IP,172.20.0.20.46413,>
2026-05-08,20:23:11.512105,IP,172.20.0.10.5002,>
2026-05-08,20:23:11.512473,IP,172.20.0.20.46413,>
2026-05-08,20:23:11.513128,IP,172.20.0.10.5002,>
2026-05-08,20:23:11.513379,IP,172.20.0.10.5002,>
2026-05-08,20:23:11.513628,IP,172.20.0.10.5002,>
2026-05-08,20:23:11.513841,IP,172.20.0.20.46413,>
2026-05-08,20:23:11.514336,IP,172.20.0.20.46413,>
2026-05-08,20:23:11.514343,IP,172.20.0.20.46413,>
2026-05-08,20:23:11.515335,IP,172.20.0.10.5002,>
2026-05-08,20:23:11.515567,IP,172.20.0.10.5002,>
2026-05-08,20:23:11.515709,IP,172.20.0.20.46413,>
2026-05-08,20:23:11.515863,IP,172.20.0.10.5002,>
2026-05-08,20:23:11.516060,IP,172.20.0.20.46413,>
2026-05-08,20:23:11.516339,IP,172.20.0.20.46413,>
2026-05-08,20:23:11.522130,IP,172.20.0.10.5002,>
2026-05-08,20:23:11.522516,IP,172.20.0.20.46413,>
2026-05-08,20:23:11.522728,IP,172.20.0.10.5002,>
2026-05-08,20:23:11.523077,IP,172.20.0.20.46413,>
2026-05-08,20:23:11.524641,IP,172.20.0.10.5002,>
2026-05-08,20:23:11.524720,IP,172.20.0.10.5002,>
2026-05-08,20:23:11.524779,IP,172.20.0.10.5002,>
2026-05-08,20:23:11.525125,IP,172.20.0.20.46413,>
2026-05-08,20:23:11.525597,IP,172.20.0.20.46413,>
2026-05-08,20:23:11.525923,IP,172.20.0.20.46413,>
2026-05-08,20:23:11.526001,IP,172.20.0.10.5002,>
2026-05-08,20:23:11.526238,IP,172.20.0.10.5002,>
2026-05-08,20:23:11.526316,IP,172.20.0.20.46413,>
2026-05-08,20:23:11.526482,IP,172.20.0.10.5002,>
2026-05-08,20:23:11.526641,IP,172.20.0.20.46413,>
2026-05-08,20:23:11.527037,IP,172.20.0.20.46413,>
2026-05-08,20:23:11.532749,IP,172.20.0.10.5002,>
2026-05-08,20:23:11.533151,IP,172.20.0.20.46413,>
2026-05-08,20:23:11.533376,IP,172.20.0.10.5002,>
2026-05-08,20:23:11.533752,IP,172.20.0.20.46413,>
2026-05-08,20:23:11.535329,IP,172.20.0.10.5002,>
2026-05-08,20:23:11.535685,IP,172.20.0.20.46413,>
2026-05-08,20:23:11.535864,IP,172.20.0.10.5002,>
2026-05-08,20:23:11.536203,IP,172.20.0.20.46413,>
2026-05-08,20:23:11.536324,IP,172.20.0.10.5002,>
2026-05-08,20:23:11.536614,IP,172.20.0.20.46413,>
2026-05-08,20:23:11.536625,IP,172.20.0.10.5002,>
2026-05-08,20:23:11.536880,IP,172.20.0.20.46413,>
2026-05-08,20:23:11.536916,IP,172.20.0.10.5002,>
2026-05-08,20:23:11.537204,IP,172.20.0.10.5002,>
2026-05-08,20:23:11.537223,IP,172.20.0.20.46413,>
2026-05-08,20:23:11.537440,IP,172.20.0.20.46413,>
2026-05-08,20:23:11.543361,IP,172.20.0.10.5002,>
2026-05-08,20:23:11.543686,IP,172.20.0.20.46413,>
2026-05-08,20:23:11.544151,IP,172.20.0.10.5002,>
2026-05-08,20:23:11.544743,IP,172.20.0.20.46413,>
2026-05-08,20:23:11.545900,IP,172.20.0.10.5002,>
2026-05-08,20:23:11.546242,IP,172.20.0.20.46413,>
2026-05-08,20:23:11.546498,IP,172.20.0.10.5002,>
2026-05-08,20:23:11.546867,IP,172.20.0.20.46413,>
2026-05-08,20:23:11.547073,IP,172.20.0.10.5002,>
2026-05-08,20:23:11.547285,IP,172.20.0.10.5002,>
2026-05-08,20:23:11.547364,IP,172.20.0.10.5002,>
2026-05-08,20:23:11.547386,IP,172.20.0.20.46413,>
2026-05-08,20:23:11.547680,IP,172.20.0.10.5002,>
2026-05-08,20:23:11.547726,IP,172.20.0.20.46413,>
2026-05-08,20:23:11.548058,IP,172.20.0.20.46413,>
2026-05-08,20:23:11.548335,IP,172.20.0.20.46413,>
2026-05-08,20:23:11.553999,IP,172.20.0.10.5002,>
2026-05-08,20:23:11.554369,IP,172.20.0.20.46413,>
2026-05-08,20:23:11.555106,IP,172.20.0.10.5002,>
2026-05-08,20:23:11.555445,IP,172.20.0.20.46413,>
2026-05-08,20:23:11.556466,IP,172.20.0.10.5002,>
2026-05-08,20:23:11.556859,IP,172.20.0.20.46413,>
2026-05-08,20:23:11.557065,IP,172.20.0.10.5002,>
2026-05-08,20:23:11.557377,IP,172.20.0.20.46413,>
2026-05-08,20:23:11.557585,IP,172.20.0.10.5002,>
2026-05-08,20:23:11.557991,IP,172.20.0.10.5002,>
2026-05-08,20:23:11.557999,IP,172.20.0.20.46413,>
2026-05-08,20:23:11.558243,IP,172.20.0.10.5002,>
2026-05-08,20:23:11.558297,IP,172.20.0.20.46413,>
2026-05-08,20:23:11.558474,IP,172.20.0.10.5002,>
2026-05-08,20:23:11.558595,IP,172.20.0.20.46413,>
2026-05-08,20:23:11.558828,IP,172.20.0.20.46413,>
2026-05-08,20:23:11.564611,IP,172.20.0.10.5002,>
2026-05-08,20:23:11.565006,IP,172.20.0.20.46413,>
2026-05-08,20:23:11.565892,IP,172.20.0.10.5002,>
2026-05-08,20:23:11.566343,IP,172.20.0.20.46413,>
2026-05-08,20:23:11.567029,IP,172.20.0.10.5002,>
2026-05-08,20:23:11.567453,IP,172.20.0.20.46413,>
2026-05-08,20:23:11.567532,IP,172.20.0.10.5002,>
2026-05-08,20:23:11.567868,IP,172.20.0.20.46413,>
2026-05-08,20:23:11.568192,IP,172.20.0.10.5002,>
2026-05-08,20:23:11.568757,IP,172.20.0.20.46413,>
2026-05-08,20:23:11.569717,IP,172.20.0.10.5002,>
2026-05-08,20:23:11.569815,IP,172.20.0.10.5002,>
2026-05-08,20:23:11.569925,IP,172.20.0.10.5002,>
2026-05-08,20:23:11.570164,IP,172.20.0.20.46413,>
2026-05-08,20:23:11.570447,IP,172.20.0.20.46413,>
2026-05-08,20:23:11.570745,IP,172.20.0.20.46413,>
2026-05-08,20:23:11.575197,IP,172.20.0.10.5002,>
2026-05-08,20:23:11.575605,IP,172.20.0.20.46413,>
2026-05-08,20:23:11.576746,IP,172.20.0.10.5002,>
2026-05-08,20:23:11.577144,IP,172.20.0.20.46413,>
2026-05-08,20:23:11.577656,IP,172.20.0.10.5002,>
2026-05-08,20:23:11.578023,IP,172.20.0.20.46413,>
2026-05-08,20:23:11.578051,IP,172.20.0.10.5002,>
2026-05-08,20:23:11.578402,IP,172.20.0.20.46413,>
2026-05-08,20:23:11.578980,IP,172.20.0.10.5002,>
2026-05-08,20:23:11.579558,IP,172.20.0.20.46413,>
2026-05-08,20:23:11.580493,IP,172.20.0.10.5002,>
2026-05-08,20:23:11.580631,IP,172.20.0.10.5002,>
2026-05-08,20:23:11.580950,IP,172.20.0.10.5002,>
2026-05-08,20:23:11.580974,IP,172.20.0.20.46413,>
2026-05-08,20:23:11.581568,IP,172.20.0.20.46413,>
2026-05-08,20:23:11.582035,IP,172.20.0.20.46413,>
2026-05-08,20:23:11.585824,IP,172.20.0.10.5002,>
2026-05-08,20:23:11.586272,IP,172.20.0.20.46413,>
2026-05-08,20:23:11.587368,IP,172.20.0.10.5002,>
2026-05-08,20:23:11.587725,IP,172.20.0.20.46413,>
2026-05-08,20:23:11.588414,IP,172.20.0.10.5002,>
2026-05-08,20:23:11.588574,IP,172.20.0.10.5002,>
2026-05-08,20:23:11.588847,IP,172.20.0.20.46413,>
2026-05-08,20:23:11.589095,IP,172.20.0.20.46413,>
2026-05-08,20:23:11.589699,IP,172.20.0.10.5002,>
2026-05-08,20:23:11.590076,IP,172.20.0.20.46413,>
2026-05-08,20:23:11.591193,IP,172.20.0.10.5002,>
2026-05-08,20:23:11.591545,IP,172.20.0.20.46413,>
2026-05-08,20:23:11.591709,IP,172.20.0.10.5002,>
2026-05-08,20:23:11.592043,IP,172.20.0.20.46413,>
2026-05-08,20:23:11.592242,IP,172.20.0.10.5002,>
2026-05-08,20:23:11.592609,IP,172.20.0.20.46413,>
2026-05-08,20:23:11.596462,IP,172.20.0.10.5002,>
2026-05-08,20:23:11.596921,IP,172.20.0.20.46413,>
2026-05-08,20:23:11.598010,IP,172.20.0.10.5002,>
2026-05-08,20:23:11.598408,IP,172.20.0.20.46413,>
2026-05-08,20:23:11.599028,IP,172.20.0.10.5002,>
2026-05-08,20:23:11.599248,IP,172.20.0.10.5002,>
2026-05-08,20:23:11.599524,IP,172.20.0.20.46413,>
2026-05-08,20:23:11.600073,IP,172.20.0.20.46413,>
2026-05-08,20:23:11.600252,IP,172.20.0.10.5002,>
2026-05-08,20:23:11.600528,IP,172.20.0.20.46413,>
2026-05-08,20:23:11.601907,IP,172.20.0.10.5002,>
2026-05-08,20:23:11.602263,IP,172.20.0.10.5002,>
2026-05-08,20:23:11.602440,IP,172.20.0.20.46413,>
2026-05-08,20:23:11.602844,IP,172.20.0.10.5002,>
2026-05-08,20:23:11.603067,IP,172.20.0.20.46413,>
2026-05-08,20:23:11.603337,IP,172.20.0.20.46413,>
2026-05-08,20:23:11.607150,IP,172.20.0.10.5002,>
2026-05-08,20:23:11.607470,IP,172.20.0.20.46413,>
2026-05-08,20:23:11.608709,IP,172.20.0.10.5002,>
2026-05-08,20:23:11.609219,IP,172.20.0.20.46413,>
2026-05-08,20:23:11.609674,IP,172.20.0.10.5002,>
2026-05-08,20:23:11.610214,IP,172.20.0.10.5002,>
2026-05-08,20:23:11.610304,IP,172.20.0.20.46413,>
2026-05-08,20:23:11.610655,IP,172.20.0.20.46413,>
2026-05-08,20:23:11.610664,IP,172.20.0.10.5002,>
2026-05-08,20:23:11.611043,IP,172.20.0.20.46413,>
2026-05-08,20:23:11.614862,IP,172.20.0.10.5002,>
2026-05-08,20:23:11.614953,IP,172.20.0.10.5002,>
2026-05-08,20:23:11.615029,IP,172.20.0.10.5002,>
2026-05-08,20:23:11.616613,IP,172.20.0.20.46413,>
2026-05-08,20:23:11.617042,IP,172.20.0.20.46413,>
2026-05-08,20:23:11.617446,IP,172.20.0.20.46413,>
2026-05-08,20:23:11.617629,IP,172.20.0.10.5002,>
2026-05-08,20:23:11.618156,IP,172.20.0.20.46413,>
2026-05-08,20:23:11.619484,IP,172.20.0.10.5002,>
2026-05-08,20:23:11.619983,IP,172.20.0.20.46413,>
2026-05-08,20:23:11.620504,IP,172.20.0.10.5002,>
2026-05-08,20:23:11.620861,IP,172.20.0.10.5002,>
2026-05-08,20:23:11.621063,IP,172.20.0.20.46413,>
2026-05-08,20:23:11.621237,IP,172.20.0.10.5002,>
2026-05-08,20:23:11.621389,IP,172.20.0.20.46413,>
2026-05-08,20:23:11.621720,IP,172.20.0.20.46413,>
2026-05-08,20:23:11.626951,IP,172.20.0.10.5002,>
2026-05-08,20:23:11.627213,IP,172.20.0.10.5002,>
2026-05-08,20:23:11.627351,IP,172.20.0.20.46413,>
2026-05-08,20:23:11.627642,IP,172.20.0.20.46413,>
2026-05-08,20:23:11.627745,IP,172.20.0.10.5002,>
2026-05-08,20:23:11.628117,IP,172.20.0.20.46413,>
2026-05-08,20:23:11.628350,IP,172.20.0.10.5002,>
2026-05-08,20:23:11.628691,IP,172.20.0.20.46413,>
2026-05-08,20:23:11.631760,IP,172.20.0.10.5002,>
2026-05-08,20:23:11.632079,IP,172.20.0.10.5002,>
2026-05-08,20:23:11.632148,IP,172.20.0.20.46413,>
2026-05-08,20:23:11.632204,IP,172.20.0.10.5002,>
2026-05-08,20:23:11.632334,IP,172.20.0.10.5002,>
2026-05-08,20:23:11.632428,IP,172.20.0.20.46413,>
2026-05-08,20:23:11.632688,IP,172.20.0.20.46413,>
2026-05-08,20:23:11.632977,IP,172.20.0.20.46413,>
2026-05-08,20:23:11.637619,IP,172.20.0.10.5002,>
2026-05-08,20:23:11.637809,IP,172.20.0.10.5002,>
2026-05-08,20:23:11.638104,IP,172.20.0.20.46413,>
2026-05-08,20:23:11.638410,IP,172.20.0.20.46413,>
2026-05-08,20:23:11.638558,IP,172.20.0.10.5002,>
2026-05-08,20:23:11.638919,IP,172.20.0.20.46413,>
2026-05-08,20:23:11.640561,IP,172.20.0.10.5002,>
2026-05-08,20:23:11.640933,IP,172.20.0.20.46413,>
2026-05-08,20:23:11.642444,IP,172.20.0.10.5002,>
2026-05-08,20:23:11.642589,IP,172.20.0.10.5002,>
2026-05-08,20:23:11.642873,IP,172.20.0.20.46413,>
2026-05-08,20:23:11.642899,IP,172.20.0.10.5002,>
2026-05-08,20:23:11.643170,IP,172.20.0.20.46413,>
2026-05-08,20:23:11.643214,IP,172.20.0.10.5002,>
2026-05-08,20:23:11.643451,IP,172.20.0.20.46413,>
2026-05-08,20:23:11.643702,IP,172.20.0.20.46413,>
2026-05-08,20:23:11.648642,IP,172.20.0.10.5002,>
2026-05-08,20:23:11.648732,IP,172.20.0.10.5002,>
2026-05-08,20:23:11.649050,IP,172.20.0.20.46413,>
2026-05-08,20:23:11.649310,IP,172.20.0.20.46413,>
2026-05-08,20:23:11.649817,IP,172.20.0.10.5002,>
2026-05-08,20:23:11.650532,IP,172.20.0.20.46413,>
2026-05-08,20:23:11.651149,IP,172.20.0.10.5002,>
2026-05-08,20:23:11.651571,IP,172.20.0.20.46413,>
2026-05-08,20:23:11.653125,IP,172.20.0.10.5002,>
2026-05-08,20:23:11.653309,IP,172.20.0.10.5002,>
2026-05-08,20:23:11.653488,IP,172.20.0.20.46413,>
2026-05-08,20:23:11.653746,IP,172.20.0.20.46413,>
2026-05-08,20:23:11.654333,IP,172.20.0.10.5002,>
2026-05-08,20:23:11.654415,IP,172.20.0.10.5002,>
2026-05-08,20:23:11.655190,IP,172.20.0.20.46413,>
2026-05-08,20:23:11.655427,IP,172.20.0.20.46413,>
2026-05-08,20:23:11.660733,IP,172.20.0.10.5002,>
2026-05-08,20:23:11.661219,IP,172.20.0.10.5002,>
2026-05-08,20:23:11.661318,IP,172.20.0.10.5002,>
2026-05-08,20:23:11.661449,IP,172.20.0.20.46413,>
2026-05-08,20:23:11.661718,IP,172.20.0.20.46413,>
2026-05-08,20:23:11.661749,IP,172.20.0.10.5002,>
2026-05-08,20:23:11.662091,IP,172.20.0.20.46413,>
2026-05-08,20:23:11.662323,IP,172.20.0.20.46413,>
2026-05-08,20:23:11.664833,IP,172.20.0.10.5002,>
2026-05-08,20:23:11.664930,IP,172.20.0.10.5002,>
2026-05-08,20:23:11.665246,IP,172.20.0.20.46413,>
2026-05-08,20:23:11.665505,IP,172.20.0.20.46413,>
2026-05-08,20:23:11.665589,IP,172.20.0.10.5002,>
2026-05-08,20:23:11.665931,IP,172.20.0.10.5002,>
2026-05-08,20:23:11.665956,IP,172.20.0.20.46413,>
2026-05-08,20:23:11.666201,IP,172.20.0.20.46413,>
2026-05-08,20:23:11.672030,IP,172.20.0.10.5002,>
2026-05-08,20:23:11.672114,IP,172.20.0.10.5002,>
2026-05-08,20:23:11.672174,IP,172.20.0.10.5002,>
2026-05-08,20:23:11.672371,IP,172.20.0.20.46413,>
2026-05-08,20:23:11.672518,IP,172.20.0.10.5002,>
2026-05-08,20:23:11.672628,IP,172.20.0.20.46413,>
2026-05-08,20:23:11.672873,IP,172.20.0.20.46413,>
2026-05-08,20:23:11.673077,IP,172.20.0.20.46413,>
2026-05-08,20:23:11.675729,IP,172.20.0.10.5002,>
2026-05-08,20:23:11.675858,IP,172.20.0.10.5002,>
2026-05-08,20:23:11.676067,IP,172.20.0.20.46413,>
2026-05-08,20:23:11.676182,IP,172.20.0.10.5002,>
2026-05-08,20:23:11.676313,IP,172.20.0.20.46413,>
2026-05-08,20:23:11.676423,IP,172.20.0.10.5002,>
2026-05-08,20:23:11.676514,IP,172.20.0.20.46413,>
2026-05-08,20:23:11.676719,IP,172.20.0.20.46413,>
2026-05-08,20:23:11.682775,IP,172.20.0.10.5002,>
2026-05-08,20:23:11.682939,IP,172.20.0.10.5002,>
2026-05-08,20:23:11.683064,IP,172.20.0.10.5002,>
2026-05-08,20:23:11.683162,IP,172.20.0.20.46413,>
2026-05-08,20:23:11.683243,IP,172.20.0.10.5002,>
2026-05-08,20:23:11.683423,IP,172.20.0.20.46413,>
2026-05-08,20:23:11.683657,IP,172.20.0.20.46413,>
2026-05-08,20:23:11.683915,IP,172.20.0.20.46413,>
2026-05-08,20:23:11.686390,IP,172.20.0.10.5002,>
2026-05-08,20:23:11.686467,IP,172.20.0.10.5002,>
2026-05-08,20:23:11.686699,IP,172.20.0.10.5002,>
2026-05-08,20:23:11.686910,IP,172.20.0.10.5002,>
2026-05-08,20:23:11.686979,IP,172.20.0.20.46413,>
2026-05-08,20:23:11.687281,IP,172.20.0.20.46413,>
2026-05-08,20:23:11.687527,IP,172.20.0.20.46413,>
2026-05-08,20:23:11.687928,IP,172.20.0.20.46413,>
2026-05-08,20:23:11.693511,IP,172.20.0.10.5002,>
2026-05-08,20:23:11.693948,IP,172.20.0.10.5002,>
2026-05-08,20:23:11.693954,IP,172.20.0.10.5002,>
2026-05-08,20:23:11.693985,IP,172.20.0.20.46413,>
2026-05-08,20:23:11.694377,IP,172.20.0.10.5002,>
2026-05-08,20:23:11.694592,IP,172.20.0.20.46413,>
2026-05-08,20:23:11.695018,IP,172.20.0.20.46413,>
2026-05-08,20:23:11.695381,IP,172.20.0.20.46413,>
2026-05-08,20:23:11.697235,IP,172.20.0.10.5002,>
2026-05-08,20:23:11.697511,IP,172.20.0.10.5002,>
2026-05-08,20:23:11.697665,IP,172.20.0.20.46413,>
2026-05-08,20:23:11.697900,IP,172.20.0.10.5002,>
2026-05-08,20:23:11.697991,IP,172.20.0.20.46413,>
2026-05-08,20:23:11.698127,IP,172.20.0.10.5002,>
2026-05-08,20:23:11.698463,IP,172.20.0.20.46413,>
2026-05-08,20:23:11.698757,IP,172.20.0.20.46413,>
2026-05-08,20:23:11.704299,IP,172.20.0.10.5002,>
2026-05-08,20:23:11.704626,IP,172.20.0.20.46413,>
2026-05-08,20:23:11.704741,IP,172.20.0.10.5002,>
2026-05-08,20:23:11.705163,IP,172.20.0.10.5002,>
2026-05-08,20:23:11.705272,IP,172.20.0.20.46413,>
2026-05-08,20:23:11.705515,IP,172.20.0.10.5002,>
2026-05-08,20:23:11.706061,IP,172.20.0.20.46413,>
2026-05-08,20:23:11.706437,IP,172.20.0.20.46413,>
2026-05-08,20:23:11.708017,IP,172.20.0.10.5002,>
2026-05-08,20:23:11.708136,IP,172.20.0.10.5002,>
2026-05-08,20:23:11.708610,IP,172.20.0.10.5002,>
2026-05-08,20:23:11.708913,IP,172.20.0.10.5002,>
2026-05-08,20:23:11.714507,IP,172.20.0.20.46413,>
2026-05-08,20:23:11.714956,IP,172.20.0.10.5002,>
2026-05-08,20:23:11.715245,IP,172.20.0.20.46413,>
2026-05-08,20:23:11.715648,IP,172.20.0.20.46413,>
2026-05-08,20:23:11.715728,IP,172.20.0.10.5002,>
2026-05-08,20:23:11.716164,IP,172.20.0.20.46413,>
2026-05-08,20:23:11.716213,IP,172.20.0.10.5002,>
2026-05-08,20:23:11.716571,IP,172.20.0.10.5002,>
2026-05-08,20:23:11.716655,IP,172.20.0.20.46413,>
2026-05-08,20:23:11.717171,IP,172.20.0.20.46413,>
2026-05-08,20:23:11.717552,IP,172.20.0.20.46413,>
2026-05-08,20:23:11.718101,IP,172.20.0.20.46413,>
2026-05-08,20:23:11.724910,IP,172.20.0.10.5002,>
2026-05-08,20:23:11.725268,IP,172.20.0.20.46413,>
2026-05-08,20:23:11.725394,IP,172.20.0.10.5002,>
2026-05-08,20:23:11.725929,IP,172.20.0.10.5002,>
2026-05-08,20:23:11.726092,IP,172.20.0.20.46413,>
2026-05-08,20:23:11.726350,IP,172.20.0.10.5002,>
2026-05-08,20:23:11.726683,IP,172.20.0.20.46413,>
2026-05-08,20:23:11.726912,IP,172.20.0.10.5002,>
2026-05-08,20:23:11.727166,IP,172.20.0.20.46413,>
2026-05-08,20:23:11.727313,IP,172.20.0.10.5002,>
2026-05-08,20:23:11.727634,IP,172.20.0.20.46413,>
2026-05-08,20:23:11.727759,IP,172.20.0.10.5002,>
2026-05-08,20:23:11.728168,IP,172.20.0.20.46413,>
2026-05-08,20:23:11.728253,IP,172.20.0.10.5002,>
2026-05-08,20:23:11.728644,IP,172.20.0.20.46413,>
2026-05-08,20:23:11.729042,IP,172.20.0.20.46413,>
2026-05-08,20:23:11.735609,IP,172.20.0.10.5002,>
2026-05-08,20:23:11.735971,IP,172.20.0.20.46413,>
2026-05-08,20:23:11.736342,IP,172.20.0.10.5002,>
2026-05-08,20:23:11.736773,IP,172.20.0.20.46413,>
2026-05-08,20:23:11.736860,IP,172.20.0.10.5002,>
2026-05-08,20:23:11.737380,IP,172.20.0.20.46413,>
2026-05-08,20:23:11.737414,IP,172.20.0.10.5002,>
2026-05-08,20:23:11.737947,IP,172.20.0.10.5002,>
2026-05-08,20:23:11.738011,IP,172.20.0.20.46413,>
2026-05-08,20:23:11.738408,IP,172.20.0.10.5002,>
2026-05-08,20:23:11.738451,IP,172.20.0.20.46413,>
2026-05-08,20:23:11.738817,IP,172.20.0.10.5002,>
2026-05-08,20:23:11.739212,IP,172.20.0.10.5002,>
2026-05-08,20:23:11.739245,IP,172.20.0.20.46413,>
2026-05-08,20:23:11.739970,IP,172.20.0.20.46413,>
2026-05-08,20:23:11.740326,IP,172.20.0.20.46413,>
2026-05-08,20:23:11.746226,IP,172.20.0.10.5002,>
2026-05-08,20:23:11.746614,IP,172.20.0.20.46413,>
2026-05-08,20:23:11.747026,IP,172.20.0.10.5002,>
2026-05-08,20:23:11.747434,IP,172.20.0.20.46413,>
2026-05-08,20:23:11.747556,IP,172.20.0.10.5002,>
2026-05-08,20:23:11.748027,IP,172.20.0.20.46413,>
2026-05-08,20:23:11.748160,IP,172.20.0.10.5002,>
2026-05-08,20:23:11.748580,IP,172.20.0.20.46413,>
2026-05-08,20:23:11.748730,IP,172.20.0.10.5002,>
2026-05-08,20:23:11.749165,IP,172.20.0.20.46413,>
2026-05-08,20:23:11.749723,IP,172.20.0.10.5002,>
2026-05-08,20:23:11.750085,IP,172.20.0.20.46413,>
2026-05-08,20:23:11.750128,IP,172.20.0.10.5002,>
2026-05-08,20:23:11.750412,IP,172.20.0.20.46413,>
2026-05-08,20:23:11.750467,IP,172.20.0.10.5002,>
2026-05-08,20:23:11.751459,IP,172.20.0.20.46413,>
2026-05-08,20:23:11.756911,IP,172.20.0.10.5002,>
2026-05-08,20:23:11.757278,IP,172.20.0.20.46413,>
2026-05-08,20:23:11.757653,IP,172.20.0.10.5002,>
2026-05-08,20:23:11.758234,IP,172.20.0.20.46413,>
2026-05-08,20:23:11.758391,IP,172.20.0.10.5002,>
2026-05-08,20:23:11.758765,IP,172.20.0.10.5002,>
2026-05-08,20:23:11.759064,IP,172.20.0.20.46413,>
2026-05-08,20:23:11.759334,IP,172.20.0.20.46413,>
2026-05-08,20:23:11.759446,IP,172.20.0.10.5002,>
2026-05-08,20:23:11.759740,IP,172.20.0.20.46413,>
2026-05-08,20:23:11.760325,IP,172.20.0.10.5002,>
2026-05-08,20:23:11.760595,IP,172.20.0.10.5002,>
2026-05-08,20:23:11.760775,IP,172.20.0.20.46413,>
2026-05-08,20:23:11.761062,IP,172.20.0.20.46413,>
2026-05-08,20:23:11.761637,IP,172.20.0.10.5002,>
2026-05-08,20:23:11.762085,IP,172.20.0.20.46413,>
2026-05-08,20:23:11.767630,IP,172.20.0.10.5002,>
2026-05-08,20:23:11.768025,IP,172.20.0.20.46413,>
2026-05-08,20:23:11.768403,IP,172.20.0.10.5002,>
2026-05-08,20:23:11.768731,IP,172.20.0.20.46413,>
2026-05-08,20:23:11.769252,IP,172.20.0.10.5002,>
2026-05-08,20:23:11.769600,IP,172.20.0.10.5002,>
2026-05-08,20:23:11.769602,IP,172.20.0.20.46413,>
2026-05-08,20:23:11.769902,IP,172.20.0.20.46413,>
2026-05-08,20:23:11.769988,IP,172.20.0.10.5002,>
2026-05-08,20:23:11.770305,IP,172.20.0.20.46413,>
2026-05-08,20:23:11.771050,IP,172.20.0.10.5002,>
2026-05-08,20:23:11.771269,IP,172.20.0.10.5002,>
2026-05-08,20:23:11.771366,IP,172.20.0.20.46413,>
2026-05-08,20:23:11.771820,IP,172.20.0.20.46413,>
2026-05-08,20:23:11.772346,IP,172.20.0.10.5002,>
2026-05-08,20:23:11.772727,IP,172.20.0.20.46413,>
2026-05-08,20:23:11.778328,IP,172.20.0.10.5002,>
2026-05-08,20:23:11.778748,IP,172.20.0.20.46413,>
2026-05-08,20:23:11.778933,IP,172.20.0.10.5002,>
2026-05-08,20:23:11.779420,IP,172.20.0.20.46413,>
2026-05-08,20:23:11.779814,IP,172.20.0.10.5002,>
2026-05-08,20:23:11.780067,IP,172.20.0.10.5002,>
2026-05-08,20:23:11.780213,IP,172.20.0.20.46413,>
2026-05-08,20:23:11.780588,IP,172.20.0.10.5002,>
2026-05-08,20:23:11.780776,IP,172.20.0.20.46413,>
2026-05-08,20:23:11.781462,IP,172.20.0.20.46413,>
2026-05-08,20:23:11.781725,IP,172.20.0.10.5002,>
2026-05-08,20:23:11.782025,IP,172.20.0.10.5002,>
2026-05-08,20:23:11.782129,IP,172.20.0.20.46413,>
2026-05-08,20:23:11.782411,IP,172.20.0.20.46413,>
2026-05-08,20:23:11.782933,IP,172.20.0.10.5002,>
2026-05-08,20:23:11.783217,IP,172.20.0.20.46413,>
2026-05-08,20:23:11.789160,IP,172.20.0.10.5002,>
2026-05-08,20:23:11.789528,IP,172.20.0.20.46413,>
2026-05-08,20:23:11.789578,IP,172.20.0.10.5002,>
2026-05-08,20:23:11.790370,IP,172.20.0.10.5002,>
2026-05-08,20:23:11.790480,IP,172.20.0.20.46413,>
2026-05-08,20:23:11.791059,IP,172.20.0.10.5002,>
2026-05-08,20:23:11.791240,IP,172.20.0.20.46413,>
2026-05-08,20:23:11.791637,IP,172.20.0.20.46413,>
2026-05-08,20:23:11.791799,IP,172.20.0.10.5002,>
2026-05-08,20:23:11.792302,IP,172.20.0.10.5002,>
2026-05-08,20:23:11.792440,IP,172.20.0.20.46413,>
2026-05-08,20:23:11.792830,IP,172.20.0.10.5002,>
2026-05-08,20:23:11.793168,IP,172.20.0.20.46413,>
2026-05-08,20:23:11.793687,IP,172.20.0.20.46413,>
2026-05-08,20:23:11.793744,IP,172.20.0.10.5002,>
2026-05-08,20:23:11.794326,IP,172.20.0.20.46413,>
2026-05-08,20:23:11.799961,IP,172.20.0.10.5002,>
2026-05-08,20:23:11.800259,IP,172.20.0.20.46413,>
2026-05-08,20:23:11.800626,IP,172.20.0.10.5002,>
2026-05-08,20:23:11.800996,IP,172.20.0.20.46413,>
2026-05-08,20:23:11.801419,IP,172.20.0.10.5002,>
2026-05-08,20:23:11.802002,IP,172.20.0.20.46413,>
2026-05-08,20:23:11.802014,IP,172.20.0.10.5002,>
2026-05-08,20:23:11.802553,IP,172.20.0.20.46413,>
2026-05-08,20:23:11.802866,IP,172.20.0.10.5002,>
2026-05-08,20:23:11.803337,IP,172.20.0.10.5002,>
2026-05-08,20:23:11.803467,IP,172.20.0.20.46413,>
2026-05-08,20:23:11.803713,IP,172.20.0.20.46413,>
2026-05-08,20:23:11.803950,IP,172.20.0.10.5002,>
2026-05-08,20:23:11.804266,IP,172.20.0.20.46413,>
2026-05-08,20:23:11.804477,IP,172.20.0.10.5002,>
2026-05-08,20:23:11.804863,IP,172.20.0.20.46413,>
2026-05-08,20:23:11.810653,IP,172.20.0.10.5002,>
2026-05-08,20:23:11.811038,IP,172.20.0.20.46413,>
2026-05-08,20:23:11.811317,IP,172.20.0.10.5002,>
2026-05-08,20:23:11.811590,IP,172.20.0.20.46413,>
2026-05-08,20:23:11.812235,IP,172.20.0.10.5002,>
2026-05-08,20:23:11.812535,IP,172.20.0.20.46413,>
2026-05-08,20:23:11.813010,IP,172.20.0.10.5002,>
2026-05-08,20:23:11.813389,IP,172.20.0.20.46413,>
2026-05-08,20:23:11.813709,IP,172.20.0.10.5002,>
2026-05-08,20:23:11.814108,IP,172.20.0.20.46413,>
2026-05-08,20:23:11.814160,IP,172.20.0.10.5002,>
2026-05-08,20:23:11.814429,IP,172.20.0.20.46413,>
2026-05-08,20:23:11.814461,IP,172.20.0.10.5002,>
2026-05-08,20:23:11.814689,IP,172.20.0.20.46413,>
2026-05-08,20:23:11.815003,IP,172.20.0.10.5002,>
2026-05-08,20:23:11.815340,IP,172.20.0.20.46413,>
2026-05-08,20:23:11.821278,IP,172.20.0.10.5002,>
2026-05-08,20:23:11.821641,IP,172.20.0.20.46413,>
2026-05-08,20:23:11.821848,IP,172.20.0.10.5002,>
2026-05-08,20:23:11.822194,IP,172.20.0.20.46413,>
2026-05-08,20:23:11.822732,IP,172.20.0.10.5002,>
2026-05-08,20:23:11.823161,IP,172.20.0.20.46413,>
2026-05-08,20:23:11.823581,IP,172.20.0.10.5002,>
2026-05-08,20:23:11.823900,IP,172.20.0.20.46413,>
2026-05-08,20:23:11.824394,IP,172.20.0.10.5002,>
2026-05-08,20:23:11.824670,IP,172.20.0.10.5002,>
2026-05-08,20:23:11.824695,IP,172.20.0.20.46413,>
2026-05-08,20:23:11.824922,IP,172.20.0.10.5002,>
2026-05-08,20:23:11.824972,IP,172.20.0.20.46413,>
2026-05-08,20:23:11.825174,IP,172.20.0.20.46413,>
2026-05-08,20:23:11.825517,IP,172.20.0.10.5002,>
2026-05-08,20:23:11.825986,IP,172.20.0.20.46413,>
2026-05-08,20:23:11.832047,IP,172.20.0.10.5002,>
2026-05-08,20:23:11.832360,IP,172.20.0.10.5002,>
2026-05-08,20:23:11.832440,IP,172.20.0.20.46413,>
2026-05-08,20:23:11.832714,IP,172.20.0.20.46413,>
2026-05-08,20:23:11.833398,IP,172.20.0.10.5002,>
2026-05-08,20:23:11.834070,IP,172.20.0.10.5002,>
2026-05-08,20:23:11.834379,IP,172.20.0.20.46413,>
2026-05-08,20:23:11.834977,IP,172.20.0.20.46413,>
2026-05-08,20:23:11.834990,IP,172.20.0.10.5002,>
2026-05-08,20:23:11.835078,IP,172.20.0.10.5002,>
2026-05-08,20:23:11.835363,IP,172.20.0.10.5002,>
2026-05-08,20:23:11.835502,IP,172.20.0.20.46413,>
2026-05-08,20:23:11.835974,IP,172.20.0.20.46413,>
2026-05-08,20:23:11.836252,IP,172.20.0.10.5002,>
2026-05-08,20:23:11.836437,IP,172.20.0.20.46413,>
2026-05-08,20:23:11.836706,IP,172.20.0.20.46413,>
2026-05-08,20:23:11.842759,IP,172.20.0.10.5002,>
2026-05-08,20:23:11.842949,IP,172.20.0.10.5002,>
2026-05-08,20:23:11.843241,IP,172.20.0.20.46413,>
2026-05-08,20:23:11.843566,IP,172.20.0.20.46413,>
2026-05-08,20:23:11.844620,IP,172.20.0.10.5002,>
2026-05-08,20:23:11.844991,IP,172.20.0.20.46413,>
2026-05-08,20:23:11.845131,IP,172.20.0.10.5002,>
2026-05-08,20:23:11.845479,IP,172.20.0.20.46413,>
2026-05-08,20:23:11.845887,IP,172.20.0.10.5002,>
2026-05-08,20:23:11.846185,IP,172.20.0.10.5002,>
2026-05-08,20:23:11.846267,IP,172.20.0.20.46413,>
2026-05-08,20:23:11.846524,IP,172.20.0.20.46413,>
2026-05-08,20:23:11.846634,IP,172.20.0.10.5002,>
2026-05-08,20:23:11.846951,IP,172.20.0.10.5002,>
2026-05-08,20:23:11.846998,IP,172.20.0.20.46413,>
2026-05-08,20:23:11.847307,IP,172.20.0.20.46413,>
2026-05-08,20:23:11.853626,IP,172.20.0.10.5002,>
2026-05-08,20:23:11.853733,IP,172.20.0.10.5002,>
2026-05-08,20:23:11.854119,IP,172.20.0.20.46413,>
2026-05-08,20:23:11.854420,IP,172.20.0.20.46413,>
2026-05-08,20:23:11.855220,IP,172.20.0.10.5002,>
2026-05-08,20:23:11.855653,IP,172.20.0.20.46413,>
2026-05-08,20:23:11.855665,IP,172.20.0.10.5002,>
2026-05-08,20:23:11.856125,IP,172.20.0.20.46413,>
2026-05-08,20:23:11.856584,IP,172.20.0.10.5002,>
2026-05-08,20:23:11.856687,IP,172.20.0.10.5002,>
2026-05-08,20:23:11.856992,IP,172.20.0.20.46413,>
2026-05-08,20:23:11.857178,IP,172.20.0.10.5002,>
2026-05-08,20:23:11.857308,IP,172.20.0.20.46413,>
2026-05-08,20:23:11.857485,IP,172.20.0.10.5002,>
2026-05-08,20:23:11.857621,IP,172.20.0.20.46413,>
2026-05-08,20:23:11.858005,IP,172.20.0.20.46413,>
2026-05-08,20:23:11.864666,IP,172.20.0.10.5002,>
2026-05-08,20:23:11.865070,IP,172.20.0.10.5002,>
2026-05-08,20:23:11.865109,IP,172.20.0.20.46413,>
2026-05-08,20:23:11.865610,IP,172.20.0.20.46413,>
2026-05-08,20:23:11.865886,IP,172.20.0.10.5002,>
2026-05-08,20:23:11.866209,IP,172.20.0.20.46413,>
2026-05-08,20:23:11.866301,IP,172.20.0.10.5002,>
2026-05-08,20:23:11.866673,IP,172.20.0.20.46413,>
2026-05-08,20:23:11.867394,IP,172.20.0.10.5002,>
2026-05-08,20:23:11.867503,IP,172.20.0.10.5002,>
2026-05-08,20:23:11.867857,IP,172.20.0.10.5002,>
2026-05-08,20:23:11.867947,IP,172.20.0.20.46413,>
2026-05-08,20:23:11.868164,IP,172.20.0.10.5002,>
2026-05-08,20:23:11.868246,IP,172.20.0.20.46413,>
2026-05-08,20:23:11.868484,IP,172.20.0.20.46413,>
2026-05-08,20:23:11.868719,IP,172.20.0.20.46413,>
2026-05-08,20:23:11.875405,IP,172.20.0.10.5002,>
2026-05-08,20:23:11.875771,IP,172.20.0.10.5002,>
2026-05-08,20:23:11.875909,IP,172.20.0.20.46413,>
2026-05-08,20:23:11.876221,IP,172.20.0.20.46413,>
2026-05-08,20:23:11.876432,IP,172.20.0.10.5002,>
2026-05-08,20:23:11.876750,IP,172.20.0.20.46413,>
2026-05-08,20:23:11.876846,IP,172.20.0.10.5002,>
2026-05-08,20:23:11.877112,IP,172.20.0.20.46413,>
2026-05-08,20:23:11.878374,IP,172.20.0.10.5002,>
2026-05-08,20:23:11.878480,IP,172.20.0.10.5002,>
2026-05-08,20:23:11.878649,IP,172.20.0.10.5002,>
2026-05-08,20:23:11.878724,IP,172.20.0.20.46413,>
2026-05-08,20:23:11.878903,IP,172.20.0.10.5002,>
2026-05-08,20:23:11.879003,IP,172.20.0.20.46413,>
2026-05-08,20:23:11.879232,IP,172.20.0.20.46413,>
2026-05-08,20:23:11.879467,IP,172.20.0.20.46413,>
2026-05-08,20:23:11.886208,IP,172.20.0.10.5002,>
2026-05-08,20:23:11.886407,IP,172.20.0.10.5002,>
2026-05-08,20:23:11.886610,IP,172.20.0.20.46413,>
2026-05-08,20:23:11.887113,IP,172.20.0.20.46413,>
2026-05-08,20:23:11.887270,IP,172.20.0.10.5002,>
2026-05-08,20:23:11.887349,IP,172.20.0.10.5002,>
2026-05-08,20:23:11.887620,IP,172.20.0.20.46413,>
2026-05-08,20:23:11.888038,IP,172.20.0.20.46413,>
2026-05-08,20:23:11.889209,IP,172.20.0.10.5002,>
2026-05-08,20:23:11.889217,IP,172.20.0.10.5002,>
2026-05-08,20:23:11.889416,IP,172.20.0.10.5002,>
2026-05-08,20:23:11.889632,IP,172.20.0.20.46413,>
2026-05-08,20:23:11.889663,IP,172.20.0.10.5002,>
2026-05-08,20:23:11.890047,IP,172.20.0.20.46413,>
2026-05-08,20:23:11.890326,IP,172.20.0.20.46413,>
2026-05-08,20:23:11.890568,IP,172.20.0.20.46413,>
2026-05-08,20:23:11.896900,IP,172.20.0.10.5002,>
2026-05-08,20:23:11.897260,IP,172.20.0.10.5002,>
2026-05-08,20:23:11.897336,IP,172.20.0.20.46413,>
2026-05-08,20:23:11.897659,IP,172.20.0.20.46413,>
2026-05-08,20:23:11.897810,IP,172.20.0.10.5002,>
2026-05-08,20:23:11.898191,IP,172.20.0.10.5002,>
2026-05-08,20:23:11.898227,IP,172.20.0.20.46413,>
2026-05-08,20:23:11.898497,IP,172.20.0.20.46413,>
2026-05-08,20:23:11.900070,IP,172.20.0.10.5002,>
2026-05-08,20:23:11.900290,IP,172.20.0.10.5002,>
2026-05-08,20:23:11.900444,IP,172.20.0.20.46413,>
2026-05-08,20:23:11.900493,IP,172.20.0.10.5002,>
2026-05-08,20:23:11.900693,IP,172.20.0.20.46413,>
2026-05-08,20:23:11.900705,IP,172.20.0.10.5002,>
2026-05-08,20:23:11.900939,IP,172.20.0.20.46413,>
2026-05-08,20:23:11.901137,IP,172.20.0.20.46413,>
2026-05-08,20:23:11.907670,IP,172.20.0.10.5002,>
2026-05-08,20:23:11.907986,IP,172.20.0.10.5002,>
2026-05-08,20:23:11.908149,IP,172.20.0.20.46413,>
2026-05-08,20:23:11.908423,IP,172.20.0.20.46413,>
2026-05-08,20:23:11.908458,IP,172.20.0.10.5002,>
2026-05-08,20:23:11.908675,IP,172.20.0.10.5002,>
2026-05-08,20:23:11.908739,IP,172.20.0.20.46413,>
2026-05-08,20:23:11.909039,IP,172.20.0.20.46413,>
2026-05-08,20:23:11.910890,IP,172.20.0.10.5002,>
2026-05-08,20:23:11.911040,IP,172.20.0.10.5002,>
2026-05-08,20:23:11.911251,IP,172.20.0.10.5002,>
2026-05-08,20:23:11.911280,IP,172.20.0.20.46413,>
2026-05-08,20:23:11.911356,IP,172.20.0.10.5002,>
2026-05-08,20:23:11.911592,IP,172.20.0.20.46413,>
2026-05-08,20:23:11.913809,IP,172.20.0.20.46413,>
2026-05-08,20:23:11.914209,IP,172.20.0.20.46413,>
2026-05-08,20:23:11.918522,IP,172.20.0.10.5002,>
2026-05-08,20:23:11.918758,IP,172.20.0.10.5002,>
2026-05-08,20:23:11.918990,IP,172.20.0.10.5002,>
2026-05-08,20:23:11.919018,IP,172.20.0.20.46413,>
2026-05-08,20:23:11.919207,IP,172.20.0.10.5002,>
2026-05-08,20:23:11.919300,IP,172.20.0.20.46413,>
2026-05-08,20:23:11.919600,IP,172.20.0.20.46413,>
2026-05-08,20:23:11.920226,IP,172.20.0.20.46413,>
2026-05-08,20:23:11.921713,IP,172.20.0.10.5002,>
2026-05-08,20:23:11.921906,IP,172.20.0.10.5002,>
2026-05-08,20:23:11.922108,IP,172.20.0.20.46413,>
2026-05-08,20:23:11.922359,IP,172.20.0.20.46413,>
2026-05-08,20:23:11.924032,IP,172.20.0.10.5002,>
2026-05-08,20:23:11.924416,IP,172.20.0.10.5002,>
2026-05-08,20:23:11.924492,IP,172.20.0.20.46413,>
2026-05-08,20:23:11.924760,IP,172.20.0.20.46413,>
2026-05-08,20:23:11.929299,IP,172.20.0.10.5002,>
2026-05-08,20:23:11.929464,IP,172.20.0.10.5002,>
2026-05-08,20:23:11.929656,IP,172.20.0.20.46413,>
2026-05-08,20:23:11.929845,IP,172.20.0.10.5002,>
2026-05-08,20:23:11.929984,IP,172.20.0.20.46413,>
2026-05-08,20:23:11.930195,IP,172.20.0.20.46413,>
2026-05-08,20:23:11.930382,IP,172.20.0.10.5002,>
2026-05-08,20:23:11.930694,IP,172.20.0.20.46413,>
2026-05-08,20:23:11.932397,IP,172.20.0.10.5002,>
2026-05-08,20:23:11.932596,IP,172.20.0.10.5002,>
2026-05-08,20:23:11.932769,IP,172.20.0.20.46413,>
2026-05-08,20:23:11.933050,IP,172.20.0.20.46413,>
2026-05-08,20:23:11.934757,IP,172.20.0.10.5002,>
2026-05-08,20:23:11.934959,IP,172.20.0.10.5002,>
2026-05-08,20:23:11.935245,IP,172.20.0.20.46413,>
2026-05-08,20:23:11.935618,IP,172.20.0.20.46413,>
2026-05-08,20:23:11.940061,IP,172.20.0.10.5002,>
2026-05-08,20:23:11.940156,IP,172.20.0.10.5002,>
2026-05-08,20:23:11.940490,IP,172.20.0.20.46413,>
2026-05-08,20:23:11.940553,IP,172.20.0.10.5002,>
2026-05-08,20:23:11.940924,IP,172.20.0.20.46413,>
2026-05-08,20:23:11.941182,IP,172.20.0.20.46413,>
2026-05-08,20:23:11.941408,IP,172.20.0.10.5002,>
2026-05-08,20:23:11.941716,IP,172.20.0.20.46413,>
2026-05-08,20:23:11.943101,IP,172.20.0.10.5002,>
2026-05-08,20:23:11.943380,IP,172.20.0.10.5002,>
2026-05-08,20:23:11.943715,IP,172.20.0.20.46413,>
2026-05-08,20:23:11.944031,IP,172.20.0.20.46413,>
2026-05-08,20:23:11.945518,IP,172.20.0.10.5002,>
2026-05-08,20:23:11.945848,IP,172.20.0.10.5002,>
2026-05-08,20:23:11.945854,IP,172.20.0.20.46413,>
2026-05-08,20:23:11.946210,IP,172.20.0.20.46413,>
2026-05-08,20:23:11.951034,IP,172.20.0.10.5002,>
2026-05-08,20:23:11.951144,IP,172.20.0.10.5002,>
2026-05-08,20:23:11.951404,IP,172.20.0.10.5002,>
2026-05-08,20:23:11.951573,IP,172.20.0.20.46413,>
2026-05-08,20:23:11.951914,IP,172.20.0.20.46413,>
2026-05-08,20:23:11.952167,IP,172.20.0.20.46413,>
2026-05-08,20:23:11.952376,IP,172.20.0.10.5002,>
2026-05-08,20:23:11.952900,IP,172.20.0.20.46413,>
2026-05-08,20:23:11.954027,IP,172.20.0.10.5002,>
2026-05-08,20:23:11.954480,IP,172.20.0.20.46413,>
2026-05-08,20:23:11.954843,IP,172.20.0.10.5002,>
2026-05-08,20:23:11.955379,IP,172.20.0.20.46413,>
2026-05-08,20:23:11.956177,IP,172.20.0.10.5002,>
2026-05-08,20:23:11.956364,IP,172.20.0.10.5002,>
2026-05-08,20:23:11.956540,IP,172.20.0.20.46413,>
2026-05-08,20:23:11.956818,IP,172.20.0.20.46413,>
2026-05-08,20:23:11.961897,IP,172.20.0.10.5002,>
2026-05-08,20:23:11.962235,IP,172.20.0.10.5002,>
2026-05-08,20:23:11.962281,IP,172.20.0.20.46413,>
2026-05-08,20:23:11.962323,IP,172.20.0.10.5002,>
2026-05-08,20:23:11.962548,IP,172.20.0.20.46413,>
2026-05-08,20:23:11.962823,IP,172.20.0.20.46413,>
2026-05-08,20:23:11.963133,IP,172.20.0.10.5002,>
2026-05-08,20:23:11.963459,IP,172.20.0.20.46413,>
2026-05-08,20:23:11.964884,IP,172.20.0.10.5002,>
2026-05-08,20:23:11.965225,IP,172.20.0.20.46413,>
2026-05-08,20:23:11.965586,IP,172.20.0.10.5002,>
2026-05-08,20:23:11.965946,IP,172.20.0.20.46413,>
2026-05-08,20:23:11.966733,IP,172.20.0.10.5002,>
2026-05-08,20:23:11.967003,IP,172.20.0.10.5002,>
2026-05-08,20:23:11.967071,IP,172.20.0.20.46413,>
2026-05-08,20:23:11.967314,IP,172.20.0.20.46413,>
2026-05-08,20:23:11.972630,IP,172.20.0.10.5002,>
2026-05-08,20:23:11.972823,IP,172.20.0.10.5002,>
2026-05-08,20:23:11.973084,IP,172.20.0.10.5002,>
2026-05-08,20:23:11.973145,IP,172.20.0.20.46413,>
2026-05-08,20:23:11.973530,IP,172.20.0.20.46413,>
2026-05-08,20:23:11.973747,IP,172.20.0.10.5002,>
2026-05-08,20:23:11.973830,IP,172.20.0.20.46413,>
2026-05-08,20:23:11.974146,IP,172.20.0.20.46413,>
2026-05-08,20:23:11.975558,IP,172.20.0.10.5002,>
2026-05-08,20:23:11.976051,IP,172.20.0.20.46413,>
2026-05-08,20:23:11.976175,IP,172.20.0.10.5002,>
2026-05-08,20:23:11.976904,IP,172.20.0.20.46413,>
2026-05-08,20:23:11.977302,IP,172.20.0.10.5002,>
2026-05-08,20:23:11.977477,IP,172.20.0.10.5002,>
2026-05-08,20:23:11.977726,IP,172.20.0.20.46413,>
2026-05-08,20:23:11.978085,IP,172.20.0.20.46413,>
2026-05-08,20:23:11.983541,IP,172.20.0.10.5002,>
2026-05-08,20:23:11.983747,IP,172.20.0.10.5002,>
2026-05-08,20:23:11.983940,IP,172.20.0.20.46413,>
2026-05-08,20:23:11.984024,IP,172.20.0.10.5002,>
2026-05-08,20:23:11.984229,IP,172.20.0.20.46413,>
2026-05-08,20:23:11.984318,IP,172.20.0.10.5002,>
2026-05-08,20:23:11.984511,IP,172.20.0.20.46413,>
2026-05-08,20:23:11.984840,IP,172.20.0.20.46413,>
2026-05-08,20:23:11.986507,IP,172.20.0.10.5002,>
2026-05-08,20:23:11.987033,IP,172.20.0.20.46413,>
2026-05-08,20:23:11.987101,IP,172.20.0.10.5002,>
2026-05-08,20:23:11.987399,IP,172.20.0.20.46413,>
2026-05-08,20:23:11.988052,IP,172.20.0.10.5002,>
2026-05-08,20:23:11.988294,IP,172.20.0.10.5002,>
2026-05-08,20:23:11.988959,IP,172.20.0.20.46413,>
2026-05-08,20:23:11.989425,IP,172.20.0.20.46413,>
2026-05-08,20:23:11.994539,IP,172.20.0.10.5002,>
2026-05-08,20:23:11.994664,IP,172.20.0.10.5002,>
2026-05-08,20:23:11.994825,IP,172.20.0.10.5002,>
2026-05-08,20:23:11.995032,IP,172.20.0.10.5002,>
2026-05-08,20:23:11.995065,IP,172.20.0.20.46413,>
2026-05-08,20:23:11.995502,IP,172.20.0.20.46413,>
2026-05-08,20:23:11.995893,IP,172.20.0.20.46413,>
2026-05-08,20:23:11.996229,IP,172.20.0.20.46413,>
2026-05-08,20:23:11.997414,IP,172.20.0.10.5002,>
2026-05-08,20:23:11.997505,IP,172.20.0.10.5002,>
2026-05-08,20:23:11.998045,IP,172.20.0.20.46413,>
2026-05-08,20:23:11.998449,IP,172.20.0.20.46413,>
2026-05-08,20:23:11.999257,IP,172.20.0.10.5002,>
2026-05-08,20:23:11.999634,IP,172.20.0.10.5002,>
2026-05-08,20:23:11.999708,IP,172.20.0.20.46413,>
2026-05-08,20:23:12.000512,IP,172.20.0.20.46413,>
2026-05-08,20:23:12.005469,IP,172.20.0.10.5002,>
2026-05-08,20:23:12.005743,IP,172.20.0.10.5002,>
2026-05-08,20:23:12.006066,IP,172.20.0.20.46413,>
2026-05-08,20:23:12.006369,IP,172.20.0.10.5002,>
2026-05-08,20:23:12.006448,IP,172.20.0.10.5002,>
2026-05-08,20:23:12.006476,IP,172.20.0.20.46413,>
2026-05-08,20:23:12.006961,IP,172.20.0.20.46413,>
2026-05-08,20:23:12.007503,IP,172.20.0.20.46413,>
2026-05-08,20:23:12.008399,IP,172.20.0.10.5002,>
2026-05-08,20:23:12.008682,IP,172.20.0.10.5002,>
2026-05-08,20:23:12.008924,IP,172.20.0.20.46413,>
2026-05-08,20:23:12.009441,IP,172.20.0.20.46413,>
2026-05-08,20:23:12.010016,IP,172.20.0.10.5002,>
2026-05-08,20:23:12.010506,IP,172.20.0.20.46413,>
2026-05-08,20:23:12.010806,IP,172.20.0.10.5002,>
2026-05-08,20:23:12.011366,IP,172.20.0.20.46413,>
2026-05-08,20:23:12.016345,IP,172.20.0.10.5002,>
2026-05-08,20:23:12.016708,IP,172.20.0.10.5002,>
2026-05-08,20:23:12.016958,IP,172.20.0.20.46413,>
2026-05-08,20:23:12.017217,IP,172.20.0.10.5002,>
2026-05-08,20:23:12.017458,IP,172.20.0.20.46413,>
2026-05-08,20:23:12.017739,IP,172.20.0.10.5002,>
2026-05-08,20:23:12.018271,IP,172.20.0.20.46413,>
2026-05-08,20:23:12.019147,IP,172.20.0.10.5002,>
2026-05-08,20:23:12.019261,IP,172.20.0.20.46413,>
2026-05-08,20:23:12.019655,IP,172.20.0.10.5002,>
2026-05-08,20:23:12.020482,IP,172.20.0.20.46413,>
2026-05-08,20:23:12.020702,IP,172.20.0.10.5002,>
2026-05-08,20:23:12.021559,IP,172.20.0.10.5002,>
2026-05-08,20:23:12.021850,IP,172.20.0.20.46413,>
2026-05-08,20:23:12.022443,IP,172.20.0.20.46413,>
2026-05-08,20:23:12.022948,IP,172.20.0.20.46413,>
2026-05-08,20:23:12.028129,IP,172.20.0.10.5002,>
2026-05-08,20:23:12.028244,IP,172.20.0.10.5002,>
2026-05-08,20:23:12.029231,IP,172.20.0.20.46413,>
2026-05-08,20:23:12.030474,IP,172.20.0.20.46413,>
2026-05-08,20:23:12.032037,IP,172.20.0.10.5002,>
2026-05-08,20:23:12.032158,IP,172.20.0.10.5002,>
2026-05-08,20:23:12.032314,IP,172.20.0.10.5002,>
2026-05-08,20:23:12.032385,IP,172.20.0.10.5002,>
2026-05-08,20:23:12.032714,IP,172.20.0.20.46413,>
2026-05-08,20:23:12.033313,IP,172.20.0.20.46413,>
2026-05-08,20:23:12.033628,IP,172.20.0.20.46413,>
2026-05-08,20:23:12.034095,IP,172.20.0.20.46413,>
2026-05-08,20:23:12.040149,IP,172.20.0.10.5002,>
2026-05-08,20:23:12.040235,IP,172.20.0.10.5002,>
2026-05-08,20:23:12.040351,IP,172.20.0.10.5002,>
2026-05-08,20:23:12.040696,IP,172.20.0.20.46413,>
2026-05-08,20:23:12.041139,IP,172.20.0.20.46413,>
2026-05-08,20:23:12.041508,IP,172.20.0.20.46413,>
2026-05-08,20:23:12.041661,IP,172.20.0.10.5002,>
2026-05-08,20:23:12.042222,IP,172.20.0.20.46413,>
2026-05-08,20:23:12.044959,IP,172.20.0.10.5002,>
2026-05-08,20:23:12.045055,IP,172.20.0.10.5002,>
2026-05-08,20:23:12.045174,IP,172.20.0.10.5002,>
2026-05-08,20:23:12.045238,IP,172.20.0.10.5002,>
2026-05-08,20:23:12.045560,IP,172.20.0.20.46413,>
2026-05-08,20:23:12.046087,IP,172.20.0.20.46413,>
2026-05-08,20:23:12.046441,IP,172.20.0.20.46413,>
2026-05-08,20:23:12.046775,IP,172.20.0.20.46413,>
2026-05-08,20:23:12.050945,IP,172.20.0.10.5002,>
2026-05-08,20:23:12.051309,IP,172.20.0.10.5002,>
2026-05-08,20:23:12.051488,IP,172.20.0.20.46413,>
2026-05-08,20:23:12.051743,IP,172.20.0.10.5002,>
2026-05-08,20:23:12.051971,IP,172.20.0.20.46413,>
2026-05-08,20:23:12.052343,IP,172.20.0.20.46413,>
2026-05-08,20:23:12.052410,IP,172.20.0.10.5002,>
2026-05-08,20:23:12.053425,IP,172.20.0.20.46413,>
2026-05-08,20:23:12.055726,IP,172.20.0.10.5002,>
2026-05-08,20:23:12.056069,IP,172.20.0.20.46413,>
2026-05-08,20:23:12.056250,IP,172.20.0.10.5002,>
2026-05-08,20:23:12.056550,IP,172.20.0.20.46413,>
2026-05-08,20:23:12.056647,IP,172.20.0.10.5002,>
2026-05-08,20:23:12.056941,IP,172.20.0.20.46413,>
2026-05-08,20:23:12.056989,IP,172.20.0.10.5002,>
2026-05-08,20:23:12.057214,IP,172.20.0.20.46413,>
2026-05-08,20:23:12.061688,IP,172.20.0.10.5002,>
2026-05-08,20:23:12.062137,IP,172.20.0.20.46413,>
2026-05-08,20:23:12.062176,IP,172.20.0.10.5002,>
2026-05-08,20:23:12.062485,IP,172.20.0.20.46413,>
2026-05-08,20:23:12.062568,IP,172.20.0.10.5002,>
2026-05-08,20:23:12.062936,IP,172.20.0.20.46413,>
2026-05-08,20:23:12.063584,IP,172.20.0.10.5002,>
2026-05-08,20:23:12.064034,IP,172.20.0.20.46413,>
2026-05-08,20:23:12.066223,IP,172.20.0.10.5002,>
2026-05-08,20:23:12.066601,IP,172.20.0.20.46413,>
2026-05-08,20:23:12.066668,IP,172.20.0.10.5002,>
2026-05-08,20:23:12.067158,IP,172.20.0.10.5002,>
2026-05-08,20:23:12.067241,IP,172.20.0.20.46413,>
2026-05-08,20:23:12.067336,IP,172.20.0.10.5002,>
2026-05-08,20:23:12.067552,IP,172.20.0.20.46413,>
2026-05-08,20:23:12.067865,IP,172.20.0.20.46413,>
2026-05-08,20:23:12.072610,IP,172.20.0.10.5002,>
2026-05-08,20:23:12.072809,IP,172.20.0.10.5002,>
2026-05-08,20:23:12.072975,IP,172.20.0.20.46413,>
2026-05-08,20:23:12.073230,IP,172.20.0.20.46413,>
2026-05-08,20:23:12.073758,IP,172.20.0.10.5002,>
2026-05-08,20:23:12.074194,IP,172.20.0.20.46413,>
2026-05-08,20:23:12.074255,IP,172.20.0.10.5002,>
2026-05-08,20:23:12.074622,IP,172.20.0.20.46413,>
2026-05-08,20:23:12.076902,IP,172.20.0.10.5002,>
2026-05-08,20:23:12.077669,IP,172.20.0.20.46413,>
2026-05-08,20:23:12.077816,IP,172.20.0.10.5002,>
2026-05-08,20:23:12.078130,IP,172.20.0.10.5002,>
2026-05-08,20:23:12.078222,IP,172.20.0.10.5002,>
2026-05-08,20:23:12.078406,IP,172.20.0.20.46413,>
2026-05-08,20:23:12.078850,IP,172.20.0.20.46413,>
2026-05-08,20:23:12.079230,IP,172.20.0.20.46413,>
2026-05-08,20:23:12.083232,IP,172.20.0.10.5002,>
2026-05-08,20:23:12.083430,IP,172.20.0.10.5002,>
2026-05-08,20:23:12.083630,IP,172.20.0.20.46413,>
2026-05-08,20:23:12.083971,IP,172.20.0.20.46413,>
2026-05-08,20:23:12.084935,IP,172.20.0.10.5002,>
2026-05-08,20:23:12.085016,IP,172.20.0.10.5002,>
2026-05-08,20:23:12.085202,IP,172.20.0.20.46413,>
2026-05-08,20:23:12.085457,IP,172.20.0.20.46413,>
2026-05-08,20:23:12.088190,IP,172.20.0.10.5002,>
2026-05-08,20:23:12.088419,IP,172.20.0.20.46413,>
2026-05-08,20:23:12.088615,IP,172.20.0.10.5002,>
2026-05-08,20:23:12.088829,IP,172.20.0.20.46413,>
2026-05-08,20:23:12.089154,IP,172.20.0.10.5002,>
2026-05-08,20:23:12.089428,IP,172.20.0.10.5002,>
2026-05-08,20:23:12.089587,IP,172.20.0.20.46413,>
2026-05-08,20:23:12.089747,IP,172.20.0.20.46413,>
2026-05-08,20:23:12.093859,IP,172.20.0.10.5002,>
2026-05-08,20:23:12.094118,IP,172.20.0.20.46413,>
2026-05-08,20:23:12.094177,IP,172.20.0.10.5002,>
2026-05-08,20:23:12.094426,IP,172.20.0.20.46413,>
2026-05-08,20:23:12.095533,IP,172.20.0.10.5002,>
2026-05-08,20:23:12.095600,IP,172.20.0.10.5002,>
2026-05-08,20:23:12.095742,IP,172.20.0.20.46413,>
2026-05-08,20:23:12.095925,IP,172.20.0.20.46413,>
2026-05-08,20:23:12.098629,IP,172.20.0.10.5002,>
2026-05-08,20:23:12.098852,IP,172.20.0.20.46413,>
2026-05-08,20:23:12.099094,IP,172.20.0.10.5002,>
2026-05-08,20:23:12.099327,IP,172.20.0.20.46413,>
2026-05-08,20:23:12.099813,IP,172.20.0.10.5002,>
2026-05-08,20:23:12.100008,IP,172.20.0.10.5002,>
2026-05-08,20:23:12.100042,IP,172.20.0.20.46413,>
2026-05-08,20:23:12.100387,IP,172.20.0.20.46413,>
2026-05-08,20:23:12.108481,IP,172.20.0.10.5002,>
2026-05-08,20:23:12.108593,IP,172.20.0.10.5002,>
2026-05-08,20:23:12.108598,IP,172.20.0.10.5002,>
2026-05-08,20:23:12.108600,IP,172.20.0.10.5002,>
2026-05-08,20:23:12.109025,IP,172.20.0.20.46413,>
2026-05-08,20:23:12.109032,IP,172.20.0.10.5002,>
2026-05-08,20:23:12.109185,IP,172.20.0.20.46413,>
2026-05-08,20:23:12.109307,IP,172.20.0.20.46413,>
2026-05-08,20:23:12.109466,IP,172.20.0.20.46413,>
2026-05-08,20:23:12.110674,IP,172.20.0.10.5002,>
2026-05-08,20:23:12.110681,IP,172.20.0.10.5002,>
2026-05-08,20:23:12.110683,IP,172.20.0.10.5002,>
2026-05-08,20:23:12.111311,IP,172.20.0.20.46413,>
2026-05-08,20:23:12.111453,IP,172.20.0.20.46413,>
2026-05-08,20:23:12.111586,IP,172.20.0.20.46413,>
2026-05-08,20:23:12.111718,IP,172.20.0.20.46413,>
2026-05-08,20:23:12.120756,IP,172.20.0.10.5002,>
2026-05-08,20:23:12.120860,IP,172.20.0.10.5002,>
2026-05-08,20:23:12.121034,IP,172.20.0.10.5002,>
2026-05-08,20:23:12.121100,IP,172.20.0.10.5002,>
2026-05-08,20:23:12.121138,IP,172.20.0.20.46413,>
2026-05-08,20:23:12.121310,IP,172.20.0.20.46413,>
2026-05-08,20:23:12.121444,IP,172.20.0.10.5002,>
2026-05-08,20:23:12.121452,IP,172.20.0.20.46413,>
2026-05-08,20:23:12.121567,IP,172.20.0.10.5002,>
2026-05-08,20:23:12.121580,IP,172.20.0.20.46413,>
2026-05-08,20:23:12.121695,IP,172.20.0.20.46413,>
2026-05-08,20:23:12.121746,IP,172.20.0.10.5002,>
2026-05-08,20:23:12.121824,IP,172.20.0.20.46413,>
2026-05-08,20:23:12.121836,IP,172.20.0.10.5002,>
2026-05-08,20:23:12.121976,IP,172.20.0.20.46413,>
2026-05-08,20:23:12.122090,IP,172.20.0.20.46413,>
2026-05-08,20:23:12.131488,IP,172.20.0.10.5002,>
2026-05-08,20:23:12.131569,IP,172.20.0.10.5002,>
2026-05-08,20:23:12.131729,IP,172.20.0.10.5002,>
2026-05-08,20:23:12.131775,IP,172.20.0.10.5002,>
2026-05-08,20:23:12.131807,IP,172.20.0.20.46413,>
2026-05-08,20:23:12.131933,IP,172.20.0.10.5002,>
2026-05-08,20:23:12.131983,IP,172.20.0.20.46413,>
2026-05-08,20:23:12.132006,IP,172.20.0.10.5002,>
2026-05-08,20:23:12.132133,IP,172.20.0.10.5002,>
2026-05-08,20:23:12.132150,IP,172.20.0.20.46413,>
2026-05-08,20:23:12.132192,IP,172.20.0.10.5002,>
2026-05-08,20:23:12.132328,IP,172.20.0.20.46413,>
2026-05-08,20:23:12.132461,IP,172.20.0.20.46413,>
2026-05-08,20:23:12.132600,IP,172.20.0.20.46413,>
2026-05-08,20:23:12.132734,IP,172.20.0.20.46413,>
2026-05-08,20:23:12.132896,IP,172.20.0.20.46413,>
2026-05-08,20:23:12.142002,IP,172.20.0.10.5002,>
2026-05-08,20:23:12.142130,IP,172.20.0.10.5002,>
2026-05-08,20:23:12.142283,IP,172.20.0.20.46413,>
2026-05-08,20:23:12.142352,IP,172.20.0.10.5002,>
2026-05-08,20:23:12.142419,IP,172.20.0.10.5002,>
2026-05-08,20:23:12.142455,IP,172.20.0.20.46413,>
2026-05-08,20:23:12.142575,IP,172.20.0.10.5002,>
2026-05-08,20:23:12.142588,IP,172.20.0.20.46413,>
2026-05-08,20:23:12.142710,IP,172.20.0.20.46413,>
2026-05-08,20:23:12.142711,IP,172.20.0.10.5002,>
2026-05-08,20:23:12.142858,IP,172.20.0.20.46413,>
2026-05-08,20:23:12.142942,IP,172.20.0.10.5002,>
2026-05-08,20:23:12.142982,IP,172.20.0.20.46413,>
2026-05-08,20:23:12.143001,IP,172.20.0.10.5002,>
2026-05-08,20:23:12.143100,IP,172.20.0.20.46413,>
2026-05-08,20:23:12.143218,IP,172.20.0.20.46413,>
2026-05-08,20:23:12.152691,IP,172.20.0.10.5002,>
2026-05-08,20:23:12.152834,IP,172.20.0.10.5002,>
2026-05-08,20:23:12.153094,IP,172.20.0.10.5002,>
2026-05-08,20:23:12.153144,IP,172.20.0.20.46413,>
2026-05-08,20:23:12.153174,IP,172.20.0.10.5002,>
2026-05-08,20:23:12.153233,IP,172.20.0.10.5002,>
2026-05-08,20:23:12.153295,IP,172.20.0.10.5002,>
2026-05-08,20:23:12.153416,IP,172.20.0.10.5002,>
2026-05-08,20:23:12.153482,IP,172.20.0.10.5002,>
2026-05-08,20:23:12.153616,IP,172.20.0.20.46413,>
2026-05-08,20:23:12.153956,IP,172.20.0.20.46413,>
2026-05-08,20:23:12.154204,IP,172.20.0.20.46413,>
2026-05-08,20:23:12.154491,IP,172.20.0.20.46413,>
2026-05-08,20:23:12.154715,IP,172.20.0.20.46413,>
2026-05-08,20:23:12.154986,IP,172.20.0.20.46413,>
2026-05-08,20:23:12.155203,IP,172.20.0.20.46413,>
2026-05-08,20:23:12.163587,IP,172.20.0.10.5002,>
2026-05-08,20:23:12.163764,IP,172.20.0.10.5002,>
2026-05-08,20:23:12.164095,IP,172.20.0.20.46413,>
2026-05-08,20:23:12.164220,IP,172.20.0.10.5002,>
2026-05-08,20:23:12.164336,IP,172.20.0.10.5002,>
2026-05-08,20:23:12.164379,IP,172.20.0.20.46413,>
2026-05-08,20:23:12.164583,IP,172.20.0.20.46413,>
2026-05-08,20:23:12.164659,IP,172.20.0.10.5002,>
2026-05-08,20:23:12.164777,IP,172.20.0.20.46413,>
2026-05-08,20:23:12.164947,IP,172.20.0.10.5002,>
2026-05-08,20:23:12.165000,IP,172.20.0.20.46413,>
2026-05-08,20:23:12.165185,IP,172.20.0.20.46413,>
2026-05-08,20:23:12.165235,IP,172.20.0.10.5002,>
2026-05-08,20:23:12.165330,IP,172.20.0.10.5002,>
2026-05-08,20:23:12.165550,IP,172.20.0.20.46413,>
2026-05-08,20:23:12.165740,IP,172.20.0.20.46413,>
2026-05-08,20:23:12.174530,IP,172.20.0.10.5002,>
2026-05-08,20:23:12.174684,IP,172.20.0.10.5002,>
2026-05-08,20:23:12.174984,IP,172.20.0.20.46413,>
2026-05-08,20:23:12.175039,IP,172.20.0.10.5002,>
2026-05-08,20:23:12.175207,IP,172.20.0.10.5002,>
2026-05-08,20:23:12.175252,IP,172.20.0.20.46413,>
2026-05-08,20:23:12.175468,IP,172.20.0.20.46413,>
2026-05-08,20:23:12.175475,IP,172.20.0.10.5002,>
2026-05-08,20:23:12.175595,IP,172.20.0.10.5002,>
2026-05-08,20:23:12.175683,IP,172.20.0.20.46413,>
2026-05-08,20:23:12.175761,IP,172.20.0.10.5002,>
2026-05-08,20:23:12.175906,IP,172.20.0.20.46413,>
2026-05-08,20:23:12.175991,IP,172.20.0.10.5002,>
2026-05-08,20:23:12.176095,IP,172.20.0.20.46413,>
2026-05-08,20:23:12.176270,IP,172.20.0.20.46413,>
2026-05-08,20:23:12.176514,IP,172.20.0.20.46413,>
2026-05-08,20:23:12.185229,IP,172.20.0.10.5002,>
2026-05-08,20:23:12.185414,IP,172.20.0.10.5002,>
2026-05-08,20:23:12.185595,IP,172.20.0.20.46413,>
2026-05-08,20:23:12.185895,IP,172.20.0.10.5002,>
2026-05-08,20:23:12.185907,IP,172.20.0.20.46413,>
2026-05-08,20:23:12.186082,IP,172.20.0.10.5002,>
2026-05-08,20:23:12.186174,IP,172.20.0.10.5002,>
2026-05-08,20:23:12.186254,IP,172.20.0.10.5002,>
2026-05-08,20:23:12.186525,IP,172.20.0.10.5002,>
2026-05-08,20:23:12.186639,IP,172.20.0.10.5002,>
2026-05-08,20:23:12.186629,IP,172.20.0.20.46413,>
2026-05-08,20:23:12.186636,IP,172.20.0.20.46413,>
2026-05-08,20:23:12.186642,IP,172.20.0.20.46413,>
2026-05-08,20:23:12.186648,IP,172.20.0.20.46413,>
2026-05-08,20:23:12.187030,IP,172.20.0.20.46413,>
2026-05-08,20:23:12.187220,IP,172.20.0.20.46413,>
2026-05-08,20:23:12.195820,IP,172.20.0.10.5002,>
2026-05-08,20:23:12.196072,IP,172.20.0.10.5002,>
2026-05-08,20:23:12.196309,IP,172.20.0.20.46413,>
2026-05-08,20:23:12.196567,IP,172.20.0.20.46413,>
2026-05-08,20:23:12.196949,IP,172.20.0.10.5002,>
2026-05-08,20:23:12.197026,IP,172.20.0.10.5002,>
2026-05-08,20:23:12.197067,IP,172.20.0.10.5002,>
2026-05-08,20:23:12.197138,IP,172.20.0.10.5002,>
2026-05-08,20:23:12.197297,IP,172.20.0.10.5002,>
2026-05-08,20:23:12.197364,IP,172.20.0.20.46413,>
2026-05-08,20:23:12.197439,IP,172.20.0.10.5002,>
2026-05-08,20:23:12.197622,IP,172.20.0.20.46413,>
2026-05-08,20:23:12.197841,IP,172.20.0.20.46413,>
2026-05-08,20:23:12.198127,IP,172.20.0.20.46413,>
2026-05-08,20:23:12.198335,IP,172.20.0.20.46413,>
2026-05-08,20:23:12.198584,IP,172.20.0.20.46413,>
2026-05-08,20:23:12.206531,IP,172.20.0.10.5002,>
2026-05-08,20:23:12.206724,IP,172.20.0.10.5002,>
2026-05-08,20:23:12.206928,IP,172.20.0.20.46413,>
2026-05-08,20:23:12.207280,IP,172.20.0.20.46413,>
2026-05-08,20:23:12.207650,IP,172.20.0.10.5002,>
2026-05-08,20:23:12.207741,IP,172.20.0.10.5002,>
2026-05-08,20:23:12.208075,IP,172.20.0.10.5002,>
2026-05-08,20:23:12.208108,IP,172.20.0.20.46413,>
2026-05-08,20:23:12.208307,IP,172.20.0.10.5002,>
2026-05-08,20:23:12.208363,IP,172.20.0.20.46413,>
2026-05-08,20:23:12.208581,IP,172.20.0.10.5002,>
2026-05-08,20:23:12.208598,IP,172.20.0.20.46413,>
2026-05-08,20:23:12.208746,IP,172.20.0.10.5002,>
2026-05-08,20:23:12.208845,IP,172.20.0.20.46413,>
2026-05-08,20:23:12.209068,IP,172.20.0.20.46413,>
2026-05-08,20:23:12.209344,IP,172.20.0.20.46413,>
2026-05-08,20:23:12.217131,IP,172.20.0.10.5002,>
2026-05-08,20:23:12.217502,IP,172.20.0.10.5002,>
2026-05-08,20:23:12.217515,IP,172.20.0.20.46413,>
2026-05-08,20:23:12.217775,IP,172.20.0.20.46413,>
2026-05-08,20:23:12.218466,IP,172.20.0.10.5002,>
2026-05-08,20:23:12.218541,IP,172.20.0.10.5002,>
2026-05-08,20:23:12.218740,IP,172.20.0.10.5002,>
2026-05-08,20:23:12.218854,IP,172.20.0.20.46413,>
2026-05-08,20:23:12.219026,IP,172.20.0.10.5002,>
2026-05-08,20:23:12.219124,IP,172.20.0.20.46413,>
2026-05-08,20:23:12.219266,IP,172.20.0.10.5002,>
2026-05-08,20:23:12.219373,IP,172.20.0.20.46413,>
2026-05-08,20:23:12.219500,IP,172.20.0.10.5002,>
2026-05-08,20:23:12.219651,IP,172.20.0.20.46413,>
2026-05-08,20:23:12.219921,IP,172.20.0.20.46413,>
2026-05-08,20:23:12.220170,IP,172.20.0.20.46413,>
2026-05-08,20:23:12.227737,IP,172.20.0.10.5002,>
2026-05-08,20:23:12.228027,IP,172.20.0.10.5002,>
2026-05-08,20:23:12.228349,IP,172.20.0.20.46413,>
2026-05-08,20:23:12.228689,IP,172.20.0.20.46413,>
2026-05-08,20:23:12.229212,IP,172.20.0.10.5002,>
2026-05-08,20:23:12.229401,IP,172.20.0.10.5002,>
2026-05-08,20:23:12.229612,IP,172.20.0.20.46413,>
2026-05-08,20:23:12.229704,IP,172.20.0.10.5002,>
2026-05-08,20:23:12.229836,IP,172.20.0.10.5002,>
2026-05-08,20:23:12.229970,IP,172.20.0.20.46413,>
2026-05-08,20:23:12.230263,IP,172.20.0.10.5002,>
2026-05-08,20:23:12.230326,IP,172.20.0.20.46413,>
2026-05-08,20:23:12.230393,IP,172.20.0.10.5002,>
2026-05-08,20:23:12.230569,IP,172.20.0.20.46413,>
2026-05-08,20:23:12.230823,IP,172.20.0.20.46413,>
2026-05-08,20:23:12.231025,IP,172.20.0.20.46413,>
2026-05-08,20:23:12.238540,IP,172.20.0.10.5002,>
2026-05-08,20:23:12.238908,IP,172.20.0.10.5002,>
2026-05-08,20:23:12.238921,IP,172.20.0.20.46413,>
2026-05-08,20:23:12.239181,IP,172.20.0.20.46413,>
2026-05-08,20:23:12.240103,IP,172.20.0.10.5002,>
2026-05-08,20:23:12.240191,IP,172.20.0.10.5002,>
2026-05-08,20:23:12.240409,IP,172.20.0.20.46413,>
2026-05-08,20:23:12.240562,IP,172.20.0.10.5002,>
2026-05-08,20:23:12.240682,IP,172.20.0.20.46413,>
2026-05-08,20:23:12.240780,IP,172.20.0.10.5002,>
2026-05-08,20:23:12.240945,IP,172.20.0.20.46413,>
2026-05-08,20:23:12.241014,IP,172.20.0.10.5002,>
2026-05-08,20:23:12.241166,IP,172.20.0.20.46413,>
2026-05-08,20:23:12.241209,IP,172.20.0.10.5002,>
2026-05-08,20:23:12.241659,IP,172.20.0.20.46413,>
2026-05-08,20:23:12.242007,IP,172.20.0.20.46413,>
2026-05-08,20:23:12.249126,IP,172.20.0.10.5002,>
2026-05-08,20:23:12.249354,IP,172.20.0.10.5002,>
2026-05-08,20:23:12.249492,IP,172.20.0.20.46413,>
2026-05-08,20:23:12.249748,IP,172.20.0.20.46413,>
2026-05-08,20:23:12.250653,IP,172.20.0.10.5002,>
2026-05-08,20:23:12.250877,IP,172.20.0.10.5002,>
2026-05-08,20:23:12.251068,IP,172.20.0.20.46413,>
2026-05-08,20:23:12.251221,IP,172.20.0.10.5002,>
2026-05-08,20:23:12.251293,IP,172.20.0.20.46413,>
2026-05-08,20:23:12.251319,IP,172.20.0.10.5002,>
2026-05-08,20:23:12.251490,IP,172.20.0.20.46413,>
2026-05-08,20:23:12.251720,IP,172.20.0.20.46413,>
2026-05-08,20:23:12.252074,IP,172.20.0.10.5002,>
2026-05-08,20:23:12.252160,IP,172.20.0.10.5002,>
2026-05-08,20:23:12.252360,IP,172.20.0.20.46413,>
2026-05-08,20:23:12.252552,IP,172.20.0.20.46413,>
2026-05-08,20:23:12.259672,IP,172.20.0.10.5002,>
2026-05-08,20:23:12.260131,IP,172.20.0.20.46413,>
2026-05-08,20:23:12.264194,IP,172.20.0.10.5002,>
2026-05-08,20:23:12.264397,IP,172.20.0.10.5002,>
2026-05-08,20:23:12.264502,IP,172.20.0.10.5002,>
2026-05-08,20:23:12.264576,IP,172.20.0.10.5002,>
2026-05-08,20:23:12.264614,IP,172.20.0.20.46413,>
2026-05-08,20:23:12.264646,IP,172.20.0.10.5002,>
2026-05-08,20:23:12.264842,IP,172.20.0.10.5002,>
2026-05-08,20:23:12.264930,IP,172.20.0.20.46413,>
2026-05-08,20:23:12.264942,IP,172.20.0.10.5002,>
2026-05-08,20:23:12.265188,IP,172.20.0.20.46413,>
2026-05-08,20:23:12.265429,IP,172.20.0.20.46413,>
2026-05-08,20:23:12.265665,IP,172.20.0.20.46413,>
2026-05-08,20:23:12.265991,IP,172.20.0.20.46413,>
2026-05-08,20:23:12.266215,IP,172.20.0.20.46413,>
2026-05-08,20:23:12.270330,IP,172.20.0.10.5002,>
2026-05-08,20:23:12.270728,IP,172.20.0.20.46413,>
2026-05-08,20:23:12.274831,IP,172.20.0.10.5002,>
2026-05-08,20:23:12.275165,IP,172.20.0.10.5002,>
2026-05-08,20:23:12.275257,IP,172.20.0.20.46413,>
2026-05-08,20:23:12.275495,IP,172.20.0.10.5002,>
2026-05-08,20:23:12.275528,IP,172.20.0.20.46413,>
2026-05-08,20:23:12.275573,IP,172.20.0.10.5002,>
2026-05-08,20:23:12.275823,IP,172.20.0.20.46413,>
2026-05-08,20:23:12.275887,IP,172.20.0.10.5002,>
2026-05-08,20:23:12.276066,IP,172.20.0.20.46413,>
2026-05-08,20:23:12.276231,IP,172.20.0.10.5002,>
2026-05-08,20:23:12.276335,IP,172.20.0.20.46413,>
2026-05-08,20:23:12.276390,IP,172.20.0.10.5002,>
2026-05-08,20:23:12.276548,IP,172.20.0.20.46413,>
2026-05-08,20:23:12.276737,IP,172.20.0.20.46413,>
2026-05-08,20:23:12.280935,IP,172.20.0.10.5002,>
2026-05-08,20:23:12.281275,IP,172.20.0.20.46413,>
2026-05-08,20:23:12.285500,IP,172.20.0.10.5002,>
2026-05-08,20:23:12.285896,IP,172.20.0.20.46413,>
2026-05-08,20:23:12.294644,IP,172.20.0.10.5002,>
2026-05-08,20:23:12.294727,IP,172.20.0.10.5002,>
2026-05-08,20:23:12.294907,IP,172.20.0.10.5002,>
2026-05-08,20:23:12.295005,IP,172.20.0.10.5002,>
2026-05-08,20:23:12.295162,IP,172.20.0.10.5002,>
2026-05-08,20:23:12.295246,IP,172.20.0.10.5002,>
2026-05-08,20:23:12.295311,IP,172.20.0.10.5002,>
2026-05-08,20:23:12.295490,IP,172.20.0.20.46413,>
2026-05-08,20:23:12.295757,IP,172.20.0.20.46413,>
2026-05-08,20:23:12.296026,IP,172.20.0.20.46413,>
2026-05-08,20:23:12.296249,IP,172.20.0.20.46413,>
2026-05-08,20:23:12.296385,IP,172.20.0.10.5002,>
2026-05-08,20:23:12.296494,IP,172.20.0.20.46413,>
2026-05-08,20:23:12.296711,IP,172.20.0.20.46413,>
2026-05-08,20:23:12.296961,IP,172.20.0.20.46413,>
2026-05-08,20:23:12.297175,IP,172.20.0.20.46413,>
2026-05-08,20:23:12.305799,IP,172.20.0.10.5002,>
2026-05-08,20:23:12.305949,IP,172.20.0.10.5002,>
2026-05-08,20:23:12.306178,IP,172.20.0.10.5002,>
2026-05-08,20:23:12.306316,IP,172.20.0.20.46413,>
2026-05-08,20:23:12.306393,IP,172.20.0.10.5002,>
2026-05-08,20:23:12.306630,IP,172.20.0.20.46413,>
2026-05-08,20:23:12.306710,IP,172.20.0.10.5002,>
2026-05-08,20:23:12.306890,IP,172.20.0.10.5002,>
2026-05-08,20:23:12.307050,IP,172.20.0.20.46413,>
2026-05-08,20:23:12.307104,IP,172.20.0.10.5002,>
2026-05-08,20:23:12.307316,IP,172.20.0.10.5002,>
2026-05-08,20:23:12.307361,IP,172.20.0.20.46413,>
2026-05-08,20:23:12.307566,IP,172.20.0.20.46413,>
2026-05-08,20:23:12.307815,IP,172.20.0.20.46413,>
2026-05-08,20:23:12.308048,IP,172.20.0.20.46413,>
2026-05-08,20:23:12.308248,IP,172.20.0.20.46413,>
2026-05-08,20:23:12.316659,IP,172.20.0.10.5002,>
2026-05-08,20:23:12.317038,IP,172.20.0.20.46413,>
2026-05-08,20:23:12.317309,IP,172.20.0.10.5002,>
2026-05-08,20:23:12.317399,IP,172.20.0.10.5002,>
2026-05-08,20:23:12.317455,IP,172.20.0.10.5002,>
2026-05-08,20:23:12.318096,IP,172.20.0.20.46413,>
2026-05-08,20:23:12.318236,IP,172.20.0.10.5002,>
2026-05-08,20:23:12.318310,IP,172.20.0.10.5002,>
2026-05-08,20:23:12.318384,IP,172.20.0.20.46413,>
2026-05-08,20:23:12.318387,IP,172.20.0.10.5002,>
2026-05-08,20:23:12.318432,IP,172.20.0.10.5002,>
2026-05-08,20:23:12.318631,IP,172.20.0.20.46413,>
2026-05-08,20:23:12.318887,IP,172.20.0.20.46413,>
2026-05-08,20:23:12.319188,IP,172.20.0.20.46413,>
2026-05-08,20:23:12.319435,IP,172.20.0.20.46413,>
2026-05-08,20:23:12.319854,IP,172.20.0.20.46413,>
2026-05-08,20:23:12.327366,IP,172.20.0.10.5002,>
2026-05-08,20:23:12.327762,IP,172.20.0.20.46413,>
2026-05-08,20:23:12.328676,IP,172.20.0.10.5002,>
2026-05-08,20:23:12.328686,IP,172.20.0.10.5002,>
2026-05-08,20:23:12.328889,IP,172.20.0.10.5002,>
2026-05-08,20:23:12.329128,IP,172.20.0.20.46413,>
2026-05-08,20:23:12.329377,IP,172.20.0.10.5002,>
2026-05-08,20:23:12.329380,IP,172.20.0.20.46413,>
2026-05-08,20:23:12.329385,IP,172.20.0.10.5002,>
2026-05-08,20:23:12.329623,IP,172.20.0.20.46413,>
2026-05-08,20:23:12.330021,IP,172.20.0.10.5002,>
2026-05-08,20:23:12.330032,IP,172.20.0.10.5002,>
2026-05-08,20:23:12.338154,IP,172.20.0.10.5002,>
2026-05-08,20:23:12.338366,IP,172.20.0.20.46413,>
2026-05-08,20:23:12.339085,IP,172.20.0.20.46413,>
2026-05-08,20:23:12.339730,IP,172.20.0.20.46413,>
2026-05-08,20:23:12.340011,IP,172.20.0.10.5002,>
2026-05-08,20:23:12.340290,IP,172.20.0.10.5002,>
2026-05-08,20:23:12.340408,IP,172.20.0.10.5002,>
2026-05-08,20:23:12.340433,IP,172.20.0.20.46413,>
2026-05-08,20:23:12.340869,IP,172.20.0.20.46413,>
2026-05-08,20:23:12.341281,IP,172.20.0.20.46413,>
2026-05-08,20:23:12.342091,IP,172.20.0.20.46413,>
2026-05-08,20:23:12.342438,IP,172.20.0.20.46413,>
2026-05-08,20:23:12.348857,IP,172.20.0.10.5002,>
2026-05-08,20:23:12.349240,IP,172.20.0.20.46413,>
2026-05-08,20:23:12.349271,IP,172.20.0.10.5002,>
2026-05-08,20:23:12.349915,IP,172.20.0.20.46413,>
2026-05-08,20:23:12.350282,IP,172.20.0.10.5002,>
2026-05-08,20:23:12.350705,IP,172.20.0.10.5002,>
2026-05-08,20:23:12.351346,IP,172.20.0.10.5002,>
2026-05-08,20:23:12.351462,IP,172.20.0.10.5002,>
2026-05-08,20:23:12.351592,IP,172.20.0.20.46413,>
2026-05-08,20:23:12.352296,IP,172.20.0.20.46413,>
2026-05-08,20:23:12.352374,IP,172.20.0.10.5002,>
2026-05-08,20:23:12.353111,IP,172.20.0.10.5002,>
2026-05-08,20:23:12.353131,IP,172.20.0.20.46413,>
2026-05-08,20:23:12.353703,IP,172.20.0.20.46413,>
2026-05-08,20:23:12.354092,IP,172.20.0.20.46413,>
2026-05-08,20:23:12.354344,IP,172.20.0.20.46413,>
2026-05-08,20:23:12.360174,IP,172.20.0.10.5002,>
2026-05-08,20:23:12.360315,IP,172.20.0.10.5002,>
2026-05-08,20:23:12.360553,IP,172.20.0.20.46413,>
2026-05-08,20:23:12.360977,IP,172.20.0.20.46413,>
2026-05-08,20:23:12.361949,IP,172.20.0.10.5002,>
2026-05-08,20:23:12.362363,IP,172.20.0.20.46413,>
2026-05-08,20:23:12.362714,IP,172.20.0.10.5002,>
2026-05-08,20:23:12.363168,IP,172.20.0.20.46413,>
2026-05-08,20:23:12.363492,IP,172.20.0.10.5002,>
2026-05-08,20:23:12.363931,IP,172.20.0.20.46413,>
2026-05-08,20:23:12.363957,IP,172.20.0.10.5002,>
2026-05-08,20:23:12.364279,IP,172.20.0.10.5002,>
2026-05-08,20:23:12.364283,IP,172.20.0.20.46413,>
2026-05-08,20:23:12.364499,IP,172.20.0.10.5002,>
2026-05-08,20:23:12.364543,IP,172.20.0.20.46413,>
2026-05-08,20:23:12.364821,IP,172.20.0.20.46413,>
2026-05-08,20:23:12.370878,IP,172.20.0.10.5002,>
2026-05-08,20:23:12.371190,IP,172.20.0.10.5002,>
2026-05-08,20:23:12.371250,IP,172.20.0.20.46413,>
2026-05-08,20:23:12.371527,IP,172.20.0.20.46413,>
2026-05-08,20:23:12.372538,IP,172.20.0.10.5002,>
2026-05-08,20:23:12.372874,IP,172.20.0.20.46413,>
2026-05-08,20:23:12.373490,IP,172.20.0.10.5002,>
2026-05-08,20:23:12.374107,IP,172.20.0.20.46413,>
2026-05-08,20:23:12.374297,IP,172.20.0.10.5002,>
2026-05-08,20:23:12.374422,IP,172.20.0.10.5002,>
2026-05-08,20:23:12.374604,IP,172.20.0.20.46413,>
2026-05-08,20:23:12.374740,IP,172.20.0.10.5002,>
2026-05-08,20:23:12.374884,IP,172.20.0.20.46413,>
2026-05-08,20:23:12.374974,IP,172.20.0.10.5002,>
2026-05-08,20:23:12.375110,IP,172.20.0.20.46413,>
2026-05-08,20:23:12.375305,IP,172.20.0.20.46413,>
2026-05-08,20:23:12.381545,IP,172.20.0.10.5002,>
2026-05-08,20:23:12.381701,IP,172.20.0.10.5002,>
2026-05-08,20:23:12.382025,IP,172.20.0.20.46413,>
2026-05-08,20:23:12.382308,IP,172.20.0.20.46413,>
2026-05-08,20:23:12.383117,IP,172.20.0.10.5002,>
2026-05-08,20:23:12.383461,IP,172.20.0.20.46413,>
2026-05-08,20:23:12.384378,IP,172.20.0.10.5002,>
2026-05-08,20:23:12.384715,IP,172.20.0.20.46413,>
2026-05-08,20:23:12.385747,IP,172.20.0.10.5002,>
2026-05-08,20:23:12.385756,IP,172.20.0.10.5002,>
2026-05-08,20:23:12.385758,IP,172.20.0.10.5002,>
2026-05-08,20:23:12.385760,IP,172.20.0.10.5002,>
2026-05-08,20:23:12.386168,IP,172.20.0.20.46413,>
2026-05-08,20:23:12.386431,IP,172.20.0.20.46413,>
2026-05-08,20:23:12.386687,IP,172.20.0.20.46413,>
2026-05-08,20:23:12.386948,IP,172.20.0.20.46413,>
2026-05-08,20:23:12.392411,IP,172.20.0.10.5002,>
2026-05-08,20:23:12.392501,IP,172.20.0.10.5002,>
2026-05-08,20:23:12.392852,IP,172.20.0.20.46413,>
2026-05-08,20:23:12.393132,IP,172.20.0.20.46413,>
2026-05-08,20:23:12.393667,IP,172.20.0.10.5002,>
2026-05-08,20:23:12.394071,IP,172.20.0.20.46413,>
2026-05-08,20:23:12.394940,IP,172.20.0.10.5002,>
2026-05-08,20:23:12.395423,IP,172.20.0.20.46413,>
2026-05-08,20:23:12.396463,IP,172.20.0.10.5002,>
2026-05-08,20:23:12.396588,IP,172.20.0.10.5002,>
2026-05-08,20:23:12.396864,IP,172.20.0.20.46413,>
2026-05-08,20:23:12.396909,IP,172.20.0.10.5002,>
2026-05-08,20:23:12.397117,IP,172.20.0.10.5002,>
2026-05-08,20:23:12.397225,IP,172.20.0.20.46413,>
2026-05-08,20:23:12.397522,IP,172.20.0.20.46413,>
2026-05-08,20:23:12.397756,IP,172.20.0.20.46413,>
2026-05-08,20:23:12.403145,IP,172.20.0.10.5002,>
2026-05-08,20:23:12.403357,IP,172.20.0.10.5002,>
2026-05-08,20:23:12.403578,IP,172.20.0.20.46413,>
2026-05-08,20:23:12.403938,IP,172.20.0.20.46413,>
2026-05-08,20:23:12.404303,IP,172.20.0.10.5002,>
2026-05-08,20:23:12.404667,IP,172.20.0.20.46413,>
2026-05-08,20:23:12.405638,IP,172.20.0.10.5002,>
2026-05-08,20:23:12.406122,IP,172.20.0.20.46413,>
2026-05-08,20:23:12.407465,IP,172.20.0.10.5002,>
2026-05-08,20:23:12.407553,IP,172.20.0.10.5002,>
2026-05-08,20:23:12.407657,IP,172.20.0.10.5002,>
2026-05-08,20:23:12.407859,IP,172.20.0.20.46413,>
2026-05-08,20:23:12.408023,IP,172.20.0.10.5002,>
2026-05-08,20:23:12.408134,IP,172.20.0.20.46413,>
2026-05-08,20:23:12.408470,IP,172.20.0.20.46413,>
2026-05-08,20:23:12.408724,IP,172.20.0.20.46413,>
2026-05-08,20:23:12.413897,IP,172.20.0.10.5002,>
2026-05-08,20:23:12.414182,IP,172.20.0.10.5002,>
2026-05-08,20:23:12.414289,IP,172.20.0.20.46413,>
2026-05-08,20:23:12.414610,IP,172.20.0.20.46413,>
2026-05-08,20:23:12.414895,IP,172.20.0.10.5002,>
2026-05-08,20:23:12.415364,IP,172.20.0.20.46413,>
2026-05-08,20:23:12.416327,IP,172.20.0.10.5002,>
2026-05-08,20:23:12.416735,IP,172.20.0.20.46413,>
2026-05-08,20:23:12.418150,IP,172.20.0.10.5002,>
2026-05-08,20:23:12.418308,IP,172.20.0.10.5002,>
2026-05-08,20:23:12.418555,IP,172.20.0.20.46413,>
2026-05-08,20:23:12.418627,IP,172.20.0.10.5002,>
2026-05-08,20:23:12.418896,IP,172.20.0.10.5002,>
2026-05-08,20:23:12.418937,IP,172.20.0.20.46413,>
2026-05-08,20:23:12.419316,IP,172.20.0.20.46413,>
2026-05-08,20:23:12.419722,IP,172.20.0.20.46413,>
2026-05-08,20:23:12.424594,IP,172.20.0.10.5002,>
2026-05-08,20:23:12.424810,IP,172.20.0.10.5002,>
2026-05-08,20:23:12.424984,IP,172.20.0.20.46413,>
2026-05-08,20:23:12.425259,IP,172.20.0.20.46413,>
2026-05-08,20:23:12.425571,IP,172.20.0.10.5002,>
2026-05-08,20:23:12.426120,IP,172.20.0.20.46413,>
2026-05-08,20:23:12.426962,IP,172.20.0.10.5002,>
2026-05-08,20:23:12.427310,IP,172.20.0.20.46413,>
2026-05-08,20:23:12.429704,IP,172.20.0.10.5002,>
2026-05-08,20:23:12.430020,IP,172.20.0.10.5002,>
2026-05-08,20:23:12.430028,IP,172.20.0.10.5002,>
2026-05-08,20:23:12.430126,IP,172.20.0.20.46413,>
2026-05-08,20:23:12.430300,IP,172.20.0.10.5002,>
2026-05-08,20:23:12.430485,IP,172.20.0.20.46413,>
2026-05-08,20:23:12.430932,IP,172.20.0.20.46413,>
2026-05-08,20:23:12.431200,IP,172.20.0.20.46413,>
2026-05-08,20:23:12.436140,IP,172.20.0.10.5002,>
2026-05-08,20:23:12.436372,IP,172.20.0.10.5002,>
2026-05-08,20:23:12.436547,IP,172.20.0.10.5002,>
2026-05-08,20:23:12.436595,IP,172.20.0.20.46413,>
2026-05-08,20:23:12.437495,IP,172.20.0.20.46413,>
2026-05-08,20:23:12.437815,IP,172.20.0.20.46413,>
2026-05-08,20:23:12.438100,IP,172.20.0.10.5002,>
2026-05-08,20:23:12.438626,IP,172.20.0.20.46413,>
2026-05-08,20:23:12.440967,IP,172.20.0.10.5002,>
2026-05-08,20:23:12.441049,IP,172.20.0.10.5002,>
2026-05-08,20:23:12.441147,IP,172.20.0.10.5002,>
2026-05-08,20:23:12.441364,IP,172.20.0.20.46413,>
2026-05-08,20:23:12.441976,IP,172.20.0.10.5002,>
2026-05-08,20:23:12.442038,IP,172.20.0.20.46413,>
2026-05-08,20:23:12.442624,IP,172.20.0.20.46413,>
2026-05-08,20:23:12.442936,IP,172.20.0.20.46413,>
2026-05-08,20:23:12.446984,IP,172.20.0.10.5002,>
2026-05-08,20:23:12.447406,IP,172.20.0.20.46413,>
2026-05-08,20:23:12.447702,IP,172.20.0.10.5002,>
2026-05-08,20:23:12.448076,IP,172.20.0.20.46413,>
2026-05-08,20:23:12.448242,IP,172.20.0.10.5002,>
2026-05-08,20:23:12.448608,IP,172.20.0.20.46413,>
2026-05-08,20:23:12.450879,IP,172.20.0.10.5002,>
2026-05-08,20:23:12.451268,IP,172.20.0.20.46413,>
2026-05-08,20:23:12.451653,IP,172.20.0.10.5002,>
2026-05-08,20:23:12.452286,IP,172.20.0.20.46413,>
2026-05-08,20:23:12.452381,IP,172.20.0.10.5002,>
2026-05-08,20:23:12.452737,IP,172.20.0.20.46413,>
2026-05-08,20:23:12.452912,IP,172.20.0.10.5002,>
2026-05-08,20:23:12.453255,IP,172.20.0.10.5002,>
2026-05-08,20:23:12.453373,IP,172.20.0.20.46413,>
2026-05-08,20:23:12.453857,IP,172.20.0.20.46413,>
2026-05-08,20:23:12.457688,IP,172.20.0.10.5002,>
2026-05-08,20:23:12.458162,IP,172.20.0.20.46413,>
2026-05-08,20:23:12.458252,IP,172.20.0.10.5002,>
2026-05-08,20:23:12.458616,IP,172.20.0.20.46413,>
2026-05-08,20:23:12.458762,IP,172.20.0.10.5002,>
2026-05-08,20:23:12.459522,IP,172.20.0.20.46413,>
2026-05-08,20:23:12.461495,IP,172.20.0.10.5002,>
2026-05-08,20:23:12.462301,IP,172.20.0.20.46413,>
2026-05-08,20:23:12.462705,IP,172.20.0.10.5002,>
2026-05-08,20:23:12.463005,IP,172.20.0.10.5002,>
2026-05-08,20:23:12.463534,IP,172.20.0.20.46413,>
2026-05-08,20:23:12.463560,IP,172.20.0.10.5002,>
2026-05-08,20:23:12.463911,IP,172.20.0.20.46413,>
2026-05-08,20:23:12.464195,IP,172.20.0.20.46413,>
2026-05-08,20:23:12.464392,IP,172.20.0.10.5002,>
2026-05-08,20:23:12.464770,IP,172.20.0.20.46413,>
2026-05-08,20:23:12.469164,IP,172.20.0.10.5002,>
2026-05-08,20:23:12.469247,IP,172.20.0.10.5002,>
2026-05-08,20:23:12.469553,IP,172.20.0.20.46413,>
2026-05-08,20:23:12.469895,IP,172.20.0.10.5002,>
2026-05-08,20:23:12.469950,IP,172.20.0.20.46413,>
2026-05-08,20:23:12.470365,IP,172.20.0.20.46413,>
2026-05-08,20:23:12.472952,IP,172.20.0.10.5002,>
2026-05-08,20:23:12.473822,IP,172.20.0.20.46413,>
2026-05-08,20:23:12.473944,IP,172.20.0.10.5002,>
2026-05-08,20:23:12.474054,IP,172.20.0.10.5002,>
2026-05-08,20:23:12.474270,IP,172.20.0.20.46413,>
2026-05-08,20:23:12.474364,IP,172.20.0.10.5002,>
2026-05-08,20:23:12.474751,IP,172.20.0.20.46413,>
2026-05-08,20:23:12.474959,IP,172.20.0.10.5002,>
2026-05-08,20:23:12.475430,IP,172.20.0.20.46413,>
2026-05-08,20:23:12.475720,IP,172.20.0.20.46413,>
2026-05-08,20:23:12.479851,IP,172.20.0.10.5002,>
2026-05-08,20:23:12.480205,IP,172.20.0.20.46413,>
2026-05-08,20:23:12.480225,IP,172.20.0.10.5002,>
2026-05-08,20:23:12.480517,IP,172.20.0.20.46413,>
2026-05-08,20:23:12.480567,IP,172.20.0.10.5002,>
2026-05-08,20:23:12.480912,IP,172.20.0.20.46413,>
2026-05-08,20:23:12.484085,IP,172.20.0.10.5002,>
2026-05-08,20:23:12.484483,IP,172.20.0.20.46413,>
2026-05-08,20:23:12.484632,IP,172.20.0.10.5002,>
2026-05-08,20:23:12.484976,IP,172.20.0.10.5002,>
2026-05-08,20:23:12.485122,IP,172.20.0.20.46413,>
2026-05-08,20:23:12.485418,IP,172.20.0.20.46413,>
2026-05-08,20:23:12.485641,IP,172.20.0.10.5002,>
2026-05-08,20:23:12.485927,IP,172.20.0.10.5002,>
2026-05-08,20:23:12.486030,IP,172.20.0.20.46413,>
2026-05-08,20:23:12.486287,IP,172.20.0.20.46413,>
2026-05-08,20:23:12.490553,IP,172.20.0.10.5002,>
2026-05-08,20:23:12.490840,IP,172.20.0.10.5002,>
2026-05-08,20:23:12.491011,IP,172.20.0.20.46413,>
2026-05-08,20:23:12.491171,IP,172.20.0.10.5002,>
2026-05-08,20:23:12.491335,IP,172.20.0.20.46413,>
2026-05-08,20:23:12.491584,IP,172.20.0.20.46413,>
2026-05-08,20:23:12.494737,IP,172.20.0.10.5002,>
2026-05-08,20:23:12.495126,IP,172.20.0.20.46413,>
2026-05-08,20:23:12.495620,IP,172.20.0.10.5002,>
2026-05-08,20:23:12.495703,IP,172.20.0.10.5002,>
2026-05-08,20:23:12.495964,IP,172.20.0.20.46413,>
2026-05-08,20:23:12.496208,IP,172.20.0.20.46413,>
2026-05-08,20:23:12.496390,IP,172.20.0.10.5002,>
2026-05-08,20:23:12.496630,IP,172.20.0.10.5002,>
2026-05-08,20:23:12.496689,IP,172.20.0.20.46413,>
2026-05-08,20:23:12.496965,IP,172.20.0.20.46413,>
2026-05-08,20:23:12.501359,IP,172.20.0.10.5002,>
2026-05-08,20:23:12.501538,IP,172.20.0.10.5002,>
2026-05-08,20:23:12.501834,IP,172.20.0.10.5002,>
2026-05-08,20:23:12.501864,IP,172.20.0.20.46413,>
2026-05-08,20:23:12.502201,IP,172.20.0.20.46413,>
2026-05-08,20:23:12.502443,IP,172.20.0.20.46413,>
2026-05-08,20:23:12.505374,IP,172.20.0.10.5002,>
2026-05-08,20:23:12.505817,IP,172.20.0.20.46413,>
2026-05-08,20:23:12.506255,IP,172.20.0.10.5002,>
2026-05-08,20:23:12.506345,IP,172.20.0.10.5002,>
2026-05-08,20:23:12.506741,IP,172.20.0.20.46413,>
2026-05-08,20:23:12.507035,IP,172.20.0.10.5002,>
2026-05-08,20:23:12.507185,IP,172.20.0.20.46413,>
2026-05-08,20:23:12.507260,IP,172.20.0.10.5002,>
2026-05-08,20:23:12.507463,IP,172.20.0.20.46413,>
2026-05-08,20:23:12.507705,IP,172.20.0.20.46413,>
2026-05-08,20:23:12.512272,IP,172.20.0.10.5002,>
2026-05-08,20:23:12.512381,IP,172.20.0.10.5002,>
2026-05-08,20:23:12.512667,IP,172.20.0.10.5002,>
2026-05-08,20:23:12.512718,IP,172.20.0.20.46413,>
2026-05-08,20:23:12.513051,IP,172.20.0.20.46413,>
2026-05-08,20:23:12.513264,IP,172.20.0.20.46413,>
2026-05-08,20:23:12.516069,IP,172.20.0.10.5002,>
2026-05-08,20:23:12.516418,IP,172.20.0.20.46413,>
2026-05-08,20:23:12.517163,IP,172.20.0.10.5002,>
2026-05-08,20:23:12.517398,IP,172.20.0.10.5002,>
2026-05-08,20:23:12.517808,IP,172.20.0.20.46413,>
2026-05-08,20:23:12.518149,IP,172.20.0.10.5002,>
2026-05-08,20:23:12.518254,IP,172.20.0.10.5002,>
2026-05-08,20:23:12.518678,IP,172.20.0.20.46413,>
2026-05-08,20:23:12.519263,IP,172.20.0.20.46413,>
2026-05-08,20:23:12.519556,IP,172.20.0.20.46413,>
2026-05-08,20:23:12.523818,IP,172.20.0.10.5002,>
2026-05-08,20:23:12.524027,IP,172.20.0.10.5002,>
2026-05-08,20:23:12.524129,IP,172.20.0.10.5002,>
2026-05-08,20:23:12.524200,IP,172.20.0.20.46413,>
2026-05-08,20:23:12.524499,IP,172.20.0.20.46413,>
2026-05-08,20:23:12.524760,IP,172.20.0.20.46413,>
2026-05-08,20:23:12.526630,IP,172.20.0.10.5002,>
2026-05-08,20:23:12.527072,IP,172.20.0.20.46413,>
2026-05-08,20:23:12.528194,IP,172.20.0.10.5002,>
2026-05-08,20:23:12.528569,IP,172.20.0.20.46413,>
2026-05-08,20:23:12.528912,IP,172.20.0.10.5002,>
2026-05-08,20:23:12.529492,IP,172.20.0.10.5002,>
2026-05-08,20:23:12.529708,IP,172.20.0.20.46413,>
2026-05-08,20:23:12.529744,IP,172.20.0.10.5002,>
2026-05-08,20:23:12.530213,IP,172.20.0.20.46413,>
2026-05-08,20:23:12.530507,IP,172.20.0.20.46413,>
2026-05-08,20:23:12.534549,IP,172.20.0.10.5002,>
2026-05-08,20:23:12.534635,IP,172.20.0.10.5002,>
2026-05-08,20:23:12.534993,IP,172.20.0.20.46413,>
2026-05-08,20:23:12.534999,IP,172.20.0.10.5002,>
2026-05-08,20:23:12.535897,IP,172.20.0.20.46413,>
2026-05-08,20:23:12.536352,IP,172.20.0.20.46413,>
2026-05-08,20:23:12.537279,IP,172.20.0.10.5002,>
2026-05-08,20:23:12.537674,IP,172.20.0.20.46413,>
2026-05-08,20:23:12.538957,IP,172.20.0.10.5002,>
2026-05-08,20:23:12.539343,IP,172.20.0.20.46413,>
2026-05-08,20:23:12.540030,IP,172.20.0.10.5002,>
2026-05-08,20:23:12.540398,IP,172.20.0.20.46413,>
2026-05-08,20:23:12.540412,IP,172.20.0.10.5002,>
2026-05-08,20:23:12.540674,IP,172.20.0.10.5002,>
2026-05-08,20:23:12.540691,IP,172.20.0.20.46413,>
2026-05-08,20:23:12.541090,IP,172.20.0.20.46413,>
2026-05-08,20:23:12.545252,IP,172.20.0.10.5002,>
2026-05-08,20:23:12.545692,IP,172.20.0.20.46413,>
2026-05-08,20:23:12.546207,IP,172.20.0.10.5002,>
2026-05-08,20:23:12.546526,IP,172.20.0.10.5002,>
2026-05-08,20:23:12.546609,IP,172.20.0.20.46413,>
2026-05-08,20:23:12.546926,IP,172.20.0.20.46413,>
2026-05-08,20:23:12.547996,IP,172.20.0.10.5002,>
2026-05-08,20:23:12.548349,IP,172.20.0.20.46413,>
2026-05-08,20:23:12.549690,IP,172.20.0.10.5002,>
2026-05-08,20:23:12.550125,IP,172.20.0.20.46413,>
2026-05-08,20:23:12.550642,IP,172.20.0.10.5002,>
2026-05-08,20:23:12.550912,IP,172.20.0.10.5002,>
2026-05-08,20:23:12.550990,IP,172.20.0.20.46413,>
2026-05-08,20:23:12.551253,IP,172.20.0.20.46413,>
2026-05-08,20:23:12.551342,IP,172.20.0.10.5002,>
2026-05-08,20:23:12.551670,IP,172.20.0.20.46413,>
2026-05-08,20:23:12.556168,IP,172.20.0.10.5002,>
2026-05-08,20:23:12.556520,IP,172.20.0.20.46413,>
2026-05-08,20:23:12.556910,IP,172.20.0.10.5002,>
2026-05-08,20:23:12.557118,IP,172.20.0.10.5002,>
2026-05-08,20:23:12.557252,IP,172.20.0.20.46413,>
2026-05-08,20:23:12.557507,IP,172.20.0.20.46413,>
2026-05-08,20:23:12.558585,IP,172.20.0.10.5002,>
2026-05-08,20:23:12.558955,IP,172.20.0.20.46413,>
2026-05-08,20:23:12.560446,IP,172.20.0.10.5002,>
2026-05-08,20:23:12.560833,IP,172.20.0.20.46413,>
2026-05-08,20:23:12.561183,IP,172.20.0.10.5002,>
2026-05-08,20:23:12.561480,IP,172.20.0.10.5002,>
2026-05-08,20:23:12.561483,IP,172.20.0.20.46413,>
2026-05-08,20:23:12.561731,IP,172.20.0.20.46413,>
2026-05-08,20:23:12.561895,IP,172.20.0.10.5002,>
2026-05-08,20:23:12.562315,IP,172.20.0.20.46413,>
2026-05-08,20:23:12.566860,IP,172.20.0.10.5002,>
2026-05-08,20:23:12.567273,IP,172.20.0.20.46413,>
2026-05-08,20:23:12.567455,IP,172.20.0.10.5002,>
2026-05-08,20:23:12.567660,IP,172.20.0.10.5002,>
2026-05-08,20:23:12.567894,IP,172.20.0.20.46413,>
2026-05-08,20:23:12.568164,IP,172.20.0.20.46413,>
2026-05-08,20:23:12.569143,IP,172.20.0.10.5002,>
2026-05-08,20:23:12.569459,IP,172.20.0.20.46413,>
2026-05-08,20:23:12.571120,IP,172.20.0.10.5002,>
2026-05-08,20:23:12.571501,IP,172.20.0.20.46413,>
2026-05-08,20:23:12.571682,IP,172.20.0.10.5002,>
2026-05-08,20:23:12.572003,IP,172.20.0.10.5002,>
2026-05-08,20:23:12.572019,IP,172.20.0.20.46413,>
2026-05-08,20:23:12.572275,IP,172.20.0.20.46413,>
2026-05-08,20:23:12.572520,IP,172.20.0.10.5002,>
2026-05-08,20:23:12.572971,IP,172.20.0.20.46413,>
2026-05-08,20:23:12.577606,IP,172.20.0.10.5002,>
2026-05-08,20:23:12.578086,IP,172.20.0.10.5002,>
2026-05-08,20:23:12.578138,IP,172.20.0.20.46413,>
2026-05-08,20:23:12.578359,IP,172.20.0.10.5002,>
2026-05-08,20:23:12.578412,IP,172.20.0.20.46413,>
2026-05-08,20:23:12.578618,IP,172.20.0.20.46413,>
2026-05-08,20:23:12.579652,IP,172.20.0.10.5002,>
2026-05-08,20:23:12.580110,IP,172.20.0.20.46413,>
2026-05-08,20:23:12.581905,IP,172.20.0.10.5002,>
2026-05-08,20:23:12.582215,IP,172.20.0.10.5002,>
2026-05-08,20:23:12.582299,IP,172.20.0.20.46413,>
2026-05-08,20:23:12.582421,IP,172.20.0.10.5002,>
2026-05-08,20:23:12.582668,IP,172.20.0.20.46413,>
2026-05-08,20:23:12.583225,IP,172.20.0.10.5002,>
2026-05-08,20:23:12.583423,IP,172.20.0.20.46413,>
2026-05-08,20:23:12.583676,IP,172.20.0.20.46413,>
2026-05-08,20:23:12.588516,IP,172.20.0.10.5002,>
2026-05-08,20:23:12.588595,IP,172.20.0.10.5002,>
2026-05-08,20:23:12.588805,IP,172.20.0.10.5002,>
2026-05-08,20:23:12.588904,IP,172.20.0.20.46413,>
2026-05-08,20:23:12.589172,IP,172.20.0.20.46413,>
2026-05-08,20:23:12.589402,IP,172.20.0.20.46413,>
2026-05-08,20:23:12.590372,IP,172.20.0.10.5002,>
2026-05-08,20:23:12.590857,IP,172.20.0.20.46413,>
2026-05-08,20:23:12.592643,IP,172.20.0.10.5002,>
2026-05-08,20:23:12.592918,IP,172.20.0.10.5002,>
2026-05-08,20:23:12.593098,IP,172.20.0.20.46413,>
2026-05-08,20:23:12.593381,IP,172.20.0.20.46413,>
2026-05-08,20:23:12.593609,IP,172.20.0.10.5002,>
2026-05-08,20:23:12.593888,IP,172.20.0.10.5002,>
2026-05-08,20:23:12.594129,IP,172.20.0.20.46413,>
2026-05-08,20:23:12.594421,IP,172.20.0.20.46413,>
2026-05-08,20:23:12.599324,IP,172.20.0.10.5002,>
2026-05-08,20:23:12.599409,IP,172.20.0.10.5002,>
2026-05-08,20:23:12.599735,IP,172.20.0.10.5002,>
2026-05-08,20:23:12.599743,IP,172.20.0.20.46413,>
2026-05-08,20:23:12.600050,IP,172.20.0.20.46413,>
2026-05-08,20:23:12.600507,IP,172.20.0.20.46413,>
2026-05-08,20:23:12.601080,IP,172.20.0.10.5002,>
2026-05-08,20:23:12.601432,IP,172.20.0.20.46413,>
2026-05-08,20:23:12.603489,IP,172.20.0.10.5002,>
2026-05-08,20:23:12.603636,IP,172.20.0.10.5002,>
2026-05-08,20:23:12.603878,IP,172.20.0.20.46413,>
2026-05-08,20:23:12.604195,IP,172.20.0.20.46413,>
2026-05-08,20:23:12.604361,IP,172.20.0.10.5002,>
2026-05-08,20:23:12.604666,IP,172.20.0.10.5002,>
2026-05-08,20:23:12.604706,IP,172.20.0.20.46413,>
2026-05-08,20:23:12.604980,IP,172.20.0.20.46413,>
2026-05-08,20:23:12.610188,IP,172.20.0.10.5002,>
2026-05-08,20:23:12.610271,IP,172.20.0.10.5002,>
2026-05-08,20:23:12.610607,IP,172.20.0.20.46413,>
2026-05-08,20:23:12.610686,IP,172.20.0.10.5002,>
2026-05-08,20:23:12.610999,IP,172.20.0.20.46413,>
2026-05-08,20:23:12.611222,IP,172.20.0.20.46413,>
2026-05-08,20:23:12.611701,IP,172.20.0.10.5002,>
2026-05-08,20:23:12.612235,IP,172.20.0.20.46413,>
2026-05-08,20:23:12.614267,IP,172.20.0.10.5002,>
2026-05-08,20:23:12.614377,IP,172.20.0.10.5002,>
2026-05-08,20:23:12.614695,IP,172.20.0.20.46413,>
2026-05-08,20:23:12.614884,IP,172.20.0.10.5002,>
2026-05-08,20:23:12.614987,IP,172.20.0.20.46413,>
2026-05-08,20:23:12.615161,IP,172.20.0.10.5002,>
2026-05-08,20:23:12.615260,IP,172.20.0.20.46413,>
2026-05-08,20:23:12.615487,IP,172.20.0.20.46413,>
2026-05-08,20:23:12.621173,IP,172.20.0.10.5002,>
2026-05-08,20:23:12.621261,IP,172.20.0.10.5002,>
2026-05-08,20:23:12.621411,IP,172.20.0.10.5002,>
2026-05-08,20:23:12.621606,IP,172.20.0.20.46413,>
2026-05-08,20:23:12.621988,IP,172.20.0.20.46413,>
2026-05-08,20:23:12.622238,IP,172.20.0.20.46413,>
2026-05-08,20:23:12.622427,IP,172.20.0.10.5002,>
2026-05-08,20:23:12.623555,IP,172.20.0.20.46413,>
2026-05-08,20:23:12.625009,IP,172.20.0.10.5002,>
2026-05-08,20:23:12.625279,IP,172.20.0.10.5002,>
2026-05-08,20:23:12.625340,IP,172.20.0.20.46413,>
2026-05-08,20:23:12.625455,IP,172.20.0.10.5002,>
2026-05-08,20:23:12.625694,IP,172.20.0.10.5002,>
2026-05-08,20:23:12.625841,IP,172.20.0.20.46413,>
2026-05-08,20:23:12.626181,IP,172.20.0.20.46413,>
2026-05-08,20:23:12.626856,IP,172.20.0.20.46413,>
2026-05-08,20:23:12.632022,IP,172.20.0.10.5002,>
2026-05-08,20:23:12.632148,IP,172.20.0.10.5002,>
2026-05-08,20:23:12.632429,IP,172.20.0.20.46413,>
2026-05-08,20:23:12.632464,IP,172.20.0.10.5002,>
2026-05-08,20:23:12.632713,IP,172.20.0.20.46413,>
2026-05-08,20:23:12.633062,IP,172.20.0.20.46413,>
2026-05-08,20:23:12.633832,IP,172.20.0.10.5002,>
2026-05-08,20:23:12.634125,IP,172.20.0.20.46413,>
2026-05-08,20:23:12.635818,IP,172.20.0.10.5002,>
2026-05-08,20:23:12.636114,IP,172.20.0.20.46413,>
2026-05-08,20:23:12.636245,IP,172.20.0.10.5002,>
2026-05-08,20:23:12.636379,IP,172.20.0.10.5002,>
2026-05-08,20:23:12.636700,IP,172.20.0.20.46413,>
2026-05-08,20:23:12.637037,IP,172.20.0.10.5002,>
2026-05-08,20:23:12.637078,IP,172.20.0.20.46413,>
2026-05-08,20:23:12.637539,IP,172.20.0.20.46413,>
2026-05-08,20:23:12.642884,IP,172.20.0.10.5002,>
2026-05-08,20:23:12.642965,IP,172.20.0.10.5002,>
2026-05-08,20:23:12.643269,IP,172.20.0.20.46413,>
2026-05-08,20:23:12.643526,IP,172.20.0.20.46413,>
2026-05-08,20:23:12.643556,IP,172.20.0.10.5002,>
2026-05-08,20:23:12.643857,IP,172.20.0.20.46413,>
2026-05-08,20:23:12.644363,IP,172.20.0.10.5002,>
2026-05-08,20:23:12.644671,IP,172.20.0.20.46413,>
2026-05-08,20:23:12.646441,IP,172.20.0.10.5002,>
2026-05-08,20:23:12.646809,IP,172.20.0.20.46413,>
2026-05-08,20:23:12.646930,IP,172.20.0.10.5002,>
2026-05-08,20:23:12.647251,IP,172.20.0.10.5002,>
2026-05-08,20:23:12.647360,IP,172.20.0.20.46413,>
2026-05-08,20:23:12.647620,IP,172.20.0.20.46413,>
2026-05-08,20:23:12.647736,IP,172.20.0.10.5002,>
2026-05-08,20:23:12.648194,IP,172.20.0.20.46413,>
2026-05-08,20:23:12.653537,IP,172.20.0.10.5002,>
2026-05-08,20:23:12.653692,IP,172.20.0.10.5002,>
2026-05-08,20:23:12.653979,IP,172.20.0.20.46413,>
2026-05-08,20:23:12.653999,IP,172.20.0.10.5002,>
2026-05-08,20:23:12.654255,IP,172.20.0.20.46413,>
2026-05-08,20:23:12.654467,IP,172.20.0.20.46413,>
2026-05-08,20:23:12.654995,IP,172.20.0.10.5002,>
2026-05-08,20:23:12.655371,IP,172.20.0.20.46413,>
2026-05-08,20:23:12.657091,IP,172.20.0.10.5002,>
2026-05-08,20:23:12.657449,IP,172.20.0.20.46413,>
2026-05-08,20:23:12.657691,IP,172.20.0.10.5002,>
2026-05-08,20:23:12.658104,IP,172.20.0.20.46413,>
2026-05-08,20:23:12.658148,IP,172.20.0.10.5002,>
2026-05-08,20:23:12.658593,IP,172.20.0.20.46413,>
2026-05-08,20:23:12.658682,IP,172.20.0.10.5002,>
2026-05-08,20:23:12.658988,IP,172.20.0.20.46413,>
2026-05-08,20:23:12.664343,IP,172.20.0.10.5002,>
2026-05-08,20:23:12.664425,IP,172.20.0.10.5002,>
2026-05-08,20:23:12.664765,IP,172.20.0.20.46413,>
2026-05-08,20:23:12.665011,IP,172.20.0.10.5002,>
2026-05-08,20:23:12.665067,IP,172.20.0.20.46413,>
2026-05-08,20:23:12.665352,IP,172.20.0.20.46413,>
2026-05-08,20:23:12.665545,IP,172.20.0.10.5002,>
2026-05-08,20:23:12.665947,IP,172.20.0.20.46413,>
2026-05-08,20:23:12.667856,IP,172.20.0.10.5002,>
2026-05-08,20:23:12.668178,IP,172.20.0.20.46413,>
2026-05-08,20:23:12.668280,IP,172.20.0.10.5002,>
2026-05-08,20:23:12.668581,IP,172.20.0.20.46413,>
2026-05-08,20:23:12.668872,IP,172.20.0.10.5002,>
2026-05-08,20:23:12.669144,IP,172.20.0.10.5002,>
2026-05-08,20:23:12.669168,IP,172.20.0.20.46413,>
2026-05-08,20:23:12.669419,IP,172.20.0.20.46413,>
2026-05-08,20:23:12.675159,IP,172.20.0.10.5002,>
2026-05-08,20:23:12.675236,IP,172.20.0.10.5002,>
2026-05-08,20:23:12.675512,IP,172.20.0.20.46413,>
2026-05-08,20:23:12.675723,IP,172.20.0.10.5002,>
2026-05-08,20:23:12.675838,IP,172.20.0.20.46413,>
2026-05-08,20:23:12.676075,IP,172.20.0.20.46413,>
2026-05-08,20:23:12.676138,IP,172.20.0.10.5002,>
2026-05-08,20:23:12.676412,IP,172.20.0.20.46413,>
2026-05-08,20:23:12.678450,IP,172.20.0.10.5002,>
2026-05-08,20:23:12.678766,IP,172.20.0.20.46413,>
2026-05-08,20:23:12.678891,IP,172.20.0.10.5002,>
2026-05-08,20:23:12.679164,IP,172.20.0.20.46413,>
2026-05-08,20:23:12.679529,IP,172.20.0.10.5002,>
2026-05-08,20:23:12.679642,IP,172.20.0.10.5002,>
2026-05-08,20:23:12.679949,IP,172.20.0.20.46413,>
2026-05-08,20:23:12.680183,IP,172.20.0.20.46413,>
2026-05-08,20:23:12.685925,IP,172.20.0.10.5002,>
2026-05-08,20:23:12.686005,IP,172.20.0.10.5002,>
2026-05-08,20:23:12.686319,IP,172.20.0.20.46413,>
2026-05-08,20:23:12.686598,IP,172.20.0.20.46413,>
2026-05-08,20:23:12.686682,IP,172.20.0.10.5002,>
2026-05-08,20:23:12.686689,IP,172.20.0.10.5002,>
2026-05-08,20:23:12.687190,IP,172.20.0.20.46413,>
2026-05-08,20:23:12.687450,IP,172.20.0.20.46413,>
2026-05-08,20:23:12.689173,IP,172.20.0.10.5002,>
2026-05-08,20:23:12.689553,IP,172.20.0.20.46413,>
2026-05-08,20:23:12.690019,IP,172.20.0.10.5002,>
2026-05-08,20:23:12.690106,IP,172.20.0.10.5002,>
2026-05-08,20:23:12.690372,IP,172.20.0.10.5002,>
2026-05-08,20:23:12.690374,IP,172.20.0.20.46413,>
2026-05-08,20:23:12.690628,IP,172.20.0.20.46413,>
2026-05-08,20:23:12.690931,IP,172.20.0.20.46413,>
2026-05-08,20:23:12.696754,IP,172.20.0.10.5002,>
2026-05-08,20:23:12.696864,IP,172.20.0.10.5002,>
2026-05-08,20:23:12.697147,IP,172.20.0.20.46413,>
2026-05-08,20:23:12.697416,IP,172.20.0.20.46413,>
2026-05-08,20:23:12.697690,IP,172.20.0.10.5002,>
2026-05-08,20:23:12.697807,IP,172.20.0.10.5002,>
2026-05-08,20:23:12.698126,IP,172.20.0.20.46413,>
2026-05-08,20:23:12.698371,IP,172.20.0.20.46413,>
2026-05-08,20:23:12.699910,IP,172.20.0.10.5002,>
2026-05-08,20:23:12.700214,IP,172.20.0.20.46413,>
2026-05-08,20:23:12.700547,IP,172.20.0.10.5002,>
2026-05-08,20:23:12.700895,IP,172.20.0.20.46413,>
2026-05-08,20:23:12.701117,IP,172.20.0.10.5002,>
2026-05-08,20:23:12.701127,IP,172.20.0.10.5002,>
2026-05-08,20:23:12.701471,IP,172.20.0.20.46413,>
2026-05-08,20:23:12.701744,IP,172.20.0.20.46413,>
2026-05-08,20:23:12.707530,IP,172.20.0.10.5002,>
2026-05-08,20:23:12.707617,IP,172.20.0.10.5002,>
2026-05-08,20:23:12.707966,IP,172.20.0.20.46413,>
2026-05-08,20:23:12.708364,IP,172.20.0.10.5002,>
2026-05-08,20:23:12.708397,IP,172.20.0.20.46413,>
2026-05-08,20:23:12.708600,IP,172.20.0.10.5002,>
2026-05-08,20:23:12.708688,IP,172.20.0.20.46413,>
2026-05-08,20:23:12.708948,IP,172.20.0.20.46413,>
2026-05-08,20:23:12.710581,IP,172.20.0.10.5002,>
2026-05-08,20:23:12.710919,IP,172.20.0.20.46413,>
2026-05-08,20:23:12.711129,IP,172.20.0.10.5002,>
2026-05-08,20:23:12.711535,IP,172.20.0.20.46413,>
2026-05-08,20:23:12.711739,IP,172.20.0.10.5002,>
2026-05-08,20:23:12.712044,IP,172.20.0.10.5002,>
2026-05-08,20:23:12.712068,IP,172.20.0.20.46413,>
2026-05-08,20:23:12.712295,IP,172.20.0.20.46413,>
2026-05-08,20:23:12.718313,IP,172.20.0.10.5002,>
2026-05-08,20:23:12.718613,IP,172.20.0.10.5002,>
2026-05-08,20:23:12.718737,IP,172.20.0.20.46413,>
2026-05-08,20:23:12.718895,IP,172.20.0.10.5002,>
2026-05-08,20:23:12.719027,IP,172.20.0.20.46413,>
2026-05-08,20:23:12.719132,IP,172.20.0.10.5002,>
2026-05-08,20:23:12.719259,IP,172.20.0.20.46413,>
2026-05-08,20:23:12.720074,IP,172.20.0.20.46413,>
2026-05-08,20:23:12.721322,IP,172.20.0.10.5002,>
2026-05-08,20:23:12.721636,IP,172.20.0.20.46413,>
2026-05-08,20:23:12.721688,IP,172.20.0.10.5002,>
2026-05-08,20:23:12.722156,IP,172.20.0.20.46413,>
2026-05-08,20:23:12.722217,IP,172.20.0.10.5002,>
2026-05-08,20:23:12.722452,IP,172.20.0.10.5002,>
2026-05-08,20:23:12.722609,IP,172.20.0.20.46413,>
2026-05-08,20:23:12.722927,IP,172.20.0.20.46413,>
2026-05-08,20:23:12.729175,IP,172.20.0.10.5002,>
2026-05-08,20:23:12.729268,IP,172.20.0.10.5002,>
2026-05-08,20:23:12.729483,IP,172.20.0.10.5002,>
2026-05-08,20:23:12.729568,IP,172.20.0.20.46413,>
2026-05-08,20:23:12.729859,IP,172.20.0.20.46413,>
2026-05-08,20:23:12.730157,IP,172.20.0.20.46413,>
2026-05-08,20:23:12.730261,IP,172.20.0.10.5002,>
2026-05-08,20:23:12.730551,IP,172.20.0.20.46413,>
2026-05-08,20:23:12.732020,IP,172.20.0.10.5002,>
2026-05-08,20:23:12.732348,IP,172.20.0.10.5002,>
2026-05-08,20:23:12.732352,IP,172.20.0.20.46413,>
2026-05-08,20:23:12.732679,IP,172.20.0.20.46413,>
2026-05-08,20:23:12.732884,IP,172.20.0.10.5002,>
2026-05-08,20:23:12.733279,IP,172.20.0.20.46413,>
2026-05-08,20:23:12.733738,IP,172.20.0.10.5002,>
2026-05-08,20:23:12.734128,IP,172.20.0.20.46413,>
2026-05-08,20:23:12.740045,IP,172.20.0.10.5002,>
2026-05-08,20:23:12.740172,IP,172.20.0.10.5002,>
2026-05-08,20:23:12.740371,IP,172.20.0.10.5002,>
2026-05-08,20:23:12.740453,IP,172.20.0.20.46413,>
2026-05-08,20:23:12.740721,IP,172.20.0.10.5002,>
2026-05-08,20:23:12.740885,IP,172.20.0.20.46413,>
2026-05-08,20:23:12.741239,IP,172.20.0.20.46413,>
2026-05-08,20:23:12.741471,IP,172.20.0.20.46413,>
2026-05-08,20:23:12.742683,IP,172.20.0.10.5002,>
2026-05-08,20:23:12.742999,IP,172.20.0.10.5002,>
2026-05-08,20:23:12.743075,IP,172.20.0.20.46413,>
2026-05-08,20:23:12.743445,IP,172.20.0.10.5002,>
2026-05-08,20:23:12.743521,IP,172.20.0.20.46413,>
2026-05-08,20:23:12.743809,IP,172.20.0.20.46413,>
2026-05-08,20:23:12.744420,IP,172.20.0.10.5002,>
2026-05-08,20:23:12.744901,IP,172.20.0.20.46413,>
2026-05-08,20:23:12.750807,IP,172.20.0.10.5002,>
2026-05-08,20:23:12.751069,IP,172.20.0.10.5002,>
2026-05-08,20:23:12.751429,IP,172.20.0.10.5002,>
2026-05-08,20:23:12.751468,IP,172.20.0.20.46413,>
2026-05-08,20:23:12.751633,IP,172.20.0.10.5002,>
2026-05-08,20:23:12.751811,IP,172.20.0.20.46413,>
2026-05-08,20:23:12.752368,IP,172.20.0.20.46413,>
2026-05-08,20:23:12.752724,IP,172.20.0.20.46413,>
2026-05-08,20:23:12.753440,IP,172.20.0.10.5002,>
2026-05-08,20:23:12.753678,IP,172.20.0.10.5002,>
2026-05-08,20:23:12.753965,IP,172.20.0.20.46413,>
2026-05-08,20:23:12.754183,IP,172.20.0.10.5002,>
2026-05-08,20:23:12.754230,IP,172.20.0.20.46413,>
2026-05-08,20:23:12.754471,IP,172.20.0.20.46413,>
2026-05-08,20:23:12.755245,IP,172.20.0.10.5002,>
2026-05-08,20:23:12.755584,IP,172.20.0.20.46413,>
2026-05-08,20:23:12.761937,IP,172.20.0.10.5002,>
2026-05-08,20:23:12.761946,IP,172.20.0.10.5002,>
2026-05-08,20:23:12.762328,IP,172.20.0.20.46413,>
2026-05-08,20:23:12.762553,IP,172.20.0.10.5002,>
2026-05-08,20:23:12.762605,IP,172.20.0.20.46413,>
2026-05-08,20:23:12.762953,IP,172.20.0.20.46413,>
2026-05-08,20:23:12.762998,IP,172.20.0.10.5002,>
2026-05-08,20:23:12.763316,IP,172.20.0.20.46413,>
2026-05-08,20:23:12.764233,IP,172.20.0.10.5002,>
2026-05-08,20:23:12.764382,IP,172.20.0.10.5002,>
2026-05-08,20:23:12.764569,IP,172.20.0.20.46413,>
2026-05-08,20:23:12.764617,IP,172.20.0.10.5002,>
2026-05-08,20:23:12.764864,IP,172.20.0.20.46413,>
2026-05-08,20:23:12.765273,IP,172.20.0.20.46413,>
2026-05-08,20:23:12.765980,IP,172.20.0.10.5002,>
2026-05-08,20:23:12.766345,IP,172.20.0.20.46413,>
2026-05-08,20:23:12.772829,IP,172.20.0.10.5002,>
2026-05-08,20:23:12.773139,IP,172.20.0.10.5002,>
2026-05-08,20:23:12.773409,IP,172.20.0.10.5002,>
2026-05-08,20:23:12.773480,IP,172.20.0.20.46413,>
2026-05-08,20:23:12.773503,IP,172.20.0.10.5002,>
2026-05-08,20:23:12.774000,IP,172.20.0.20.46413,>
2026-05-08,20:23:12.774360,IP,172.20.0.20.46413,>
2026-05-08,20:23:12.774624,IP,172.20.0.20.46413,>
2026-05-08,20:23:12.774888,IP,172.20.0.10.5002,>
2026-05-08,20:23:12.774983,IP,172.20.0.10.5002,>
2026-05-08,20:23:12.775566,IP,172.20.0.10.5002,>
2026-05-08,20:23:12.775886,IP,172.20.0.20.46413,>
2026-05-08,20:23:12.776205,IP,172.20.0.20.46413,>
2026-05-08,20:23:12.776807,IP,172.20.0.10.5002,>
2026-05-08,20:23:12.777184,IP,172.20.0.20.46413,>
2026-05-08,20:23:12.777455,IP,172.20.0.20.46413,>
2026-05-08,20:23:12.783899,IP,172.20.0.10.5002,>
2026-05-08,20:23:12.784183,IP,172.20.0.10.5002,>
2026-05-08,20:23:12.784312,IP,172.20.0.20.46413,>
2026-05-08,20:23:12.784565,IP,172.20.0.10.5002,>
2026-05-08,20:23:12.784753,IP,172.20.0.20.46413,>
2026-05-08,20:23:12.784760,IP,172.20.0.10.5002,>
2026-05-08,20:23:12.785047,IP,172.20.0.20.46413,>
2026-05-08,20:23:12.785291,IP,172.20.0.20.46413,>
2026-05-08,20:23:12.786197,IP,172.20.0.10.5002,>
2026-05-08,20:23:12.786411,IP,172.20.0.10.5002,>
2026-05-08,20:23:12.786601,IP,172.20.0.20.46413,>
2026-05-08,20:23:12.786920,IP,172.20.0.20.46413,>
2026-05-08,20:23:12.787418,IP,172.20.0.10.5002,>
2026-05-08,20:23:12.787622,IP,172.20.0.10.5002,>
2026-05-08,20:23:12.787743,IP,172.20.0.20.46413,>
2026-05-08,20:23:12.788201,IP,172.20.0.20.46413,>
2026-05-08,20:23:12.794665,IP,172.20.0.10.5002,>
2026-05-08,20:23:12.795095,IP,172.20.0.10.5002,>
2026-05-08,20:23:12.795096,IP,172.20.0.20.46413,>
2026-05-08,20:23:12.795237,IP,172.20.0.10.5002,>
2026-05-08,20:23:12.795456,IP,172.20.0.20.46413,>
2026-05-08,20:23:12.795538,IP,172.20.0.10.5002,>
2026-05-08,20:23:12.795766,IP,172.20.0.20.46413,>
2026-05-08,20:23:12.796104,IP,172.20.0.20.46413,>
2026-05-08,20:23:12.796911,IP,172.20.0.10.5002,>
2026-05-08,20:23:12.797083,IP,172.20.0.10.5002,>
2026-05-08,20:23:12.797685,IP,172.20.0.20.46413,>
2026-05-08,20:23:12.797945,IP,172.20.0.10.5002,>
2026-05-08,20:23:12.798190,IP,172.20.0.20.46413,>
2026-05-08,20:23:12.798370,IP,172.20.0.10.5002,>
2026-05-08,20:23:12.798695,IP,172.20.0.20.46413,>
2026-05-08,20:23:12.798999,IP,172.20.0.20.46413,>
2026-05-08,20:23:12.805457,IP,172.20.0.10.5002,>
2026-05-08,20:23:12.805742,IP,172.20.0.10.5002,>
2026-05-08,20:23:12.805889,IP,172.20.0.20.46413,>
2026-05-08,20:23:12.805988,IP,172.20.0.10.5002,>
2026-05-08,20:23:12.806262,IP,172.20.0.10.5002,>
2026-05-08,20:23:12.806290,IP,172.20.0.20.46413,>
2026-05-08,20:23:12.806568,IP,172.20.0.20.46413,>
2026-05-08,20:23:12.806877,IP,172.20.0.20.46413,>
2026-05-08,20:23:12.808044,IP,172.20.0.10.5002,>
2026-05-08,20:23:12.808381,IP,172.20.0.10.5002,>
2026-05-08,20:23:12.808471,IP,172.20.0.20.46413,>
2026-05-08,20:23:12.808756,IP,172.20.0.20.46413,>
2026-05-08,20:23:12.808921,IP,172.20.0.10.5002,>
2026-05-08,20:23:12.809174,IP,172.20.0.10.5002,>
2026-05-08,20:23:12.809372,IP,172.20.0.20.46413,>
2026-05-08,20:23:12.809653,IP,172.20.0.20.46413,>
2026-05-08,20:23:12.816305,IP,172.20.0.10.5002,>
2026-05-08,20:23:12.816677,IP,172.20.0.10.5002,>
2026-05-08,20:23:12.816719,IP,172.20.0.20.46413,>
2026-05-08,20:23:12.816858,IP,172.20.0.10.5002,>
2026-05-08,20:23:12.817029,IP,172.20.0.10.5002,>
2026-05-08,20:23:12.817044,IP,172.20.0.20.46413,>
2026-05-08,20:23:12.817254,IP,172.20.0.20.46413,>
2026-05-08,20:23:12.817714,IP,172.20.0.20.46413,>
2026-05-08,20:23:12.818904,IP,172.20.0.10.5002,>
2026-05-08,20:23:12.819017,IP,172.20.0.10.5002,>
2026-05-08,20:23:12.819368,IP,172.20.0.20.46413,>
2026-05-08,20:23:12.819570,IP,172.20.0.10.5002,>
2026-05-08,20:23:12.819632,IP,172.20.0.20.46413,>
2026-05-08,20:23:12.819858,IP,172.20.0.10.5002,>
2026-05-08,20:23:12.819901,IP,172.20.0.20.46413,>
2026-05-08,20:23:12.820133,IP,172.20.0.20.46413,>
2026-05-08,20:23:12.827049,IP,172.20.0.10.5002,>
2026-05-08,20:23:12.827211,IP,172.20.0.10.5002,>
2026-05-08,20:23:12.827404,IP,172.20.0.10.5002,>
2026-05-08,20:23:12.827433,IP,172.20.0.20.46413,>
2026-05-08,20:23:12.827726,IP,172.20.0.20.46413,>
2026-05-08,20:23:12.828007,IP,172.20.0.20.46413,>
2026-05-08,20:23:12.828248,IP,172.20.0.10.5002,>
2026-05-08,20:23:12.828534,IP,172.20.0.20.46413,>
2026-05-08,20:23:12.829638,IP,172.20.0.10.5002,>
2026-05-08,20:23:12.829776,IP,172.20.0.10.5002,>
2026-05-08,20:23:12.830050,IP,172.20.0.10.5002,>
2026-05-08,20:23:12.830313,IP,172.20.0.20.46413,>
2026-05-08,20:23:12.830345,IP,172.20.0.10.5002,>
2026-05-08,20:23:12.830603,IP,172.20.0.20.46413,>
2026-05-08,20:23:12.830937,IP,172.20.0.20.46413,>
2026-05-08,20:23:12.831265,IP,172.20.0.20.46413,>
2026-05-08,20:23:12.837879,IP,172.20.0.10.5002,>
2026-05-08,20:23:12.838007,IP,172.20.0.10.5002,>
2026-05-08,20:23:12.838192,IP,172.20.0.10.5002,>
2026-05-08,20:23:12.838287,IP,172.20.0.20.46413,>
2026-05-08,20:23:12.838565,IP,172.20.0.20.46413,>
2026-05-08,20:23:12.838770,IP,172.20.0.10.5002,>
2026-05-08,20:23:12.839075,IP,172.20.0.20.46413,>
2026-05-08,20:23:12.839360,IP,172.20.0.20.46413,>
2026-05-08,20:23:12.840720,IP,172.20.0.10.5002,>
2026-05-08,20:23:12.840820,IP,172.20.0.10.5002,>
2026-05-08,20:23:12.841081,IP,172.20.0.20.46413,>
2026-05-08,20:23:12.841215,IP,172.20.0.10.5002,>
2026-05-08,20:23:12.841418,IP,172.20.0.20.46413,>
2026-05-08,20:23:12.841425,IP,172.20.0.10.5002,>
2026-05-08,20:23:12.841689,IP,172.20.0.20.46413,>
2026-05-08,20:23:12.842502,IP,172.20.0.20.46413,>
2026-05-08,20:23:12.848686,IP,172.20.0.10.5002,>
2026-05-08,20:23:12.848698,IP,172.20.0.10.5002,>
2026-05-08,20:23:12.849301,IP,172.20.0.10.5002,>
2026-05-08,20:23:12.849524,IP,172.20.0.10.5002,>
2026-05-08,20:23:12.854102,IP,172.20.0.10.5002,>
2026-05-08,20:23:12.854132,IP,172.20.0.10.5002,>
2026-05-08,20:23:12.854135,IP,172.20.0.10.5002,>
2026-05-08,20:23:12.854137,IP,172.20.0.10.5002,>
2026-05-08,20:23:12.855357,IP,172.20.0.20.46413,>
2026-05-08,20:23:12.855689,IP,172.20.0.20.46413,>
2026-05-08,20:23:12.855946,IP,172.20.0.20.46413,>
2026-05-08,20:23:12.856172,IP,172.20.0.20.46413,>
2026-05-08,20:23:12.856366,IP,172.20.0.20.46413,>
2026-05-08,20:23:12.856564,IP,172.20.0.20.46413,>
2026-05-08,20:23:12.856750,IP,172.20.0.20.46413,>
2026-05-08,20:23:12.856979,IP,172.20.0.20.46413,>
2026-05-08,20:23:12.865857,IP,172.20.0.10.5002,>
2026-05-08,20:23:12.865951,IP,172.20.0.10.5002,>
2026-05-08,20:23:12.866225,IP,172.20.0.20.46413,>
2026-05-08,20:23:12.866489,IP,172.20.0.20.46413,>
2026-05-08,20:23:12.867738,IP,172.20.0.10.5002,>
2026-05-08,20:23:12.867831,IP,172.20.0.10.5002,>
2026-05-08,20:23:12.868060,IP,172.20.0.10.5002,>
2026-05-08,20:23:12.868085,IP,172.20.0.20.46413,>
2026-05-08,20:23:12.868135,IP,172.20.0.10.5002,>
2026-05-08,20:23:12.868345,IP,172.20.0.20.46413,>
2026-05-08,20:23:12.868468,IP,172.20.0.10.5002,>
2026-05-08,20:23:12.868538,IP,172.20.0.10.5002,>
2026-05-08,20:23:12.868627,IP,172.20.0.20.46413,>
2026-05-08,20:23:12.868865,IP,172.20.0.20.46413,>
2026-05-08,20:23:12.869064,IP,172.20.0.20.46413,>
2026-05-08,20:23:12.869271,IP,172.20.0.20.46413,>
2026-05-08,20:23:12.876572,IP,172.20.0.10.5002,>
2026-05-08,20:23:12.876663,IP,172.20.0.10.5002,>
2026-05-08,20:23:12.876996,IP,172.20.0.20.46413,>
2026-05-08,20:23:12.877460,IP,172.20.0.20.46413,>
2026-05-08,20:23:12.878332,IP,172.20.0.10.5002,>
2026-05-08,20:23:12.878715,IP,172.20.0.20.46413,>
2026-05-08,20:23:12.878938,IP,172.20.0.10.5002,>
2026-05-08,20:23:12.879238,IP,172.20.0.20.46413,>
2026-05-08,20:23:12.879387,IP,172.20.0.10.5002,>
2026-05-08,20:23:12.879483,IP,172.20.0.10.5002,>
2026-05-08,20:23:12.879703,IP,172.20.0.10.5002,>
2026-05-08,20:23:12.879862,IP,172.20.0.20.46413,>
2026-05-08,20:23:12.879982,IP,172.20.0.10.5002,>
2026-05-08,20:23:12.880188,IP,172.20.0.20.46413,>
2026-05-08,20:23:12.880420,IP,172.20.0.20.46413,>
2026-05-08,20:23:12.880662,IP,172.20.0.20.46413,>
2026-05-08,20:23:12.887362,IP,172.20.0.10.5002,>
2026-05-08,20:23:12.887738,IP,172.20.0.10.5002,>
2026-05-08,20:23:12.887777,IP,172.20.0.20.46413,>
2026-05-08,20:23:12.888079,IP,172.20.0.20.46413,>
2026-05-08,20:23:12.889071,IP,172.20.0.10.5002,>
2026-05-08,20:23:12.889525,IP,172.20.0.20.46413,>
2026-05-08,20:23:12.889938,IP,172.20.0.10.5002,>
2026-05-08,20:23:12.890178,IP,172.20.0.10.5002,>
2026-05-08,20:23:12.890256,IP,172.20.0.20.46413,>
2026-05-08,20:23:12.890389,IP,172.20.0.10.5002,>
2026-05-08,20:23:12.890599,IP,172.20.0.20.46413,>
2026-05-08,20:23:12.890662,IP,172.20.0.10.5002,>
2026-05-08,20:23:12.890864,IP,172.20.0.10.5002,>
2026-05-08,20:23:12.890945,IP,172.20.0.20.46413,>
2026-05-08,20:23:12.891218,IP,172.20.0.20.46413,>
2026-05-08,20:23:12.891443,IP,172.20.0.20.46413,>
2026-05-08,20:23:12.898215,IP,172.20.0.10.5002,>
2026-05-08,20:23:12.898467,IP,172.20.0.10.5002,>
2026-05-08,20:23:12.898649,IP,172.20.0.20.46413,>
2026-05-08,20:23:12.898989,IP,172.20.0.20.46413,>
2026-05-08,20:23:12.899742,IP,172.20.0.10.5002,>
2026-05-08,20:23:12.900455,IP,172.20.0.20.46413,>
2026-05-08,20:23:12.901069,IP,172.20.0.10.5002,>
2026-05-08,20:23:12.901254,IP,172.20.0.10.5002,>
2026-05-08,20:23:12.901312,IP,172.20.0.10.5002,>
2026-05-08,20:23:12.901369,IP,172.20.0.10.5002,>
2026-05-08,20:23:12.901523,IP,172.20.0.20.46413,>
2026-05-08,20:23:12.901626,IP,172.20.0.10.5002,>
2026-05-08,20:23:12.901844,IP,172.20.0.20.46413,>
2026-05-08,20:23:12.902520,IP,172.20.0.20.46413,>
2026-05-08,20:23:12.902526,IP,172.20.0.20.46413,>
2026-05-08,20:23:12.902532,IP,172.20.0.20.46413,>
2026-05-08,20:23:12.909030,IP,172.20.0.10.5002,>
2026-05-08,20:23:12.909149,IP,172.20.0.10.5002,>
2026-05-08,20:23:12.909716,IP,172.20.0.20.46413,>
2026-05-08,20:23:12.910127,IP,172.20.0.20.46413,>
2026-05-08,20:23:12.910695,IP,172.20.0.10.5002,>
2026-05-08,20:23:12.911112,IP,172.20.0.20.46413,>
2026-05-08,20:23:12.911821,IP,172.20.0.10.5002,>
2026-05-08,20:23:12.912228,IP,172.20.0.20.46413,>
2026-05-08,20:23:12.912258,IP,172.20.0.10.5002,>
2026-05-08,20:23:12.912526,IP,172.20.0.20.46413,>
2026-05-08,20:23:12.912701,IP,172.20.0.10.5002,>
2026-05-08,20:23:12.912768,IP,172.20.0.10.5002,>
2026-05-08,20:23:12.912994,IP,172.20.0.10.5002,>
2026-05-08,20:23:12.913256,IP,172.20.0.20.46413,>
2026-05-08,20:23:12.913653,IP,172.20.0.20.46413,>
2026-05-08,20:23:12.913950,IP,172.20.0.20.46413,>
2026-05-08,20:23:12.920090,IP,172.20.0.10.5002,>
2026-05-08,20:23:12.920403,IP,172.20.0.10.5002,>
2026-05-08,20:23:12.920472,IP,172.20.0.20.46413,>
2026-05-08,20:23:12.920779,IP,172.20.0.20.46413,>
2026-05-08,20:23:12.921337,IP,172.20.0.10.5002,>
2026-05-08,20:23:12.921712,IP,172.20.0.20.46413,>
2026-05-08,20:23:12.923514,IP,172.20.0.10.5002,>
2026-05-08,20:23:12.923910,IP,172.20.0.20.46413,>
2026-05-08,20:23:12.924151,IP,172.20.0.10.5002,>
2026-05-08,20:23:12.924320,IP,172.20.0.10.5002,>
2026-05-08,20:23:12.924390,IP,172.20.0.10.5002,>
2026-05-08,20:23:12.924454,IP,172.20.0.10.5002,>
2026-05-08,20:23:12.924678,IP,172.20.0.20.46413,>
2026-05-08,20:23:12.925331,IP,172.20.0.20.46413,>
2026-05-08,20:23:12.925627,IP,172.20.0.20.46413,>
2026-05-08,20:23:12.926244,IP,172.20.0.20.46413,>
2026-05-08,20:23:12.931406,IP,172.20.0.10.5002,>
2026-05-08,20:23:12.931493,IP,172.20.0.10.5002,>
2026-05-08,20:23:12.931774,IP,172.20.0.20.46413,>
2026-05-08,20:23:12.932104,IP,172.20.0.20.46413,>
2026-05-08,20:23:12.932152,IP,172.20.0.10.5002,>
2026-05-08,20:23:12.932407,IP,172.20.0.20.46413,>
2026-05-08,20:23:12.934065,IP,172.20.0.10.5002,>
2026-05-08,20:23:12.934519,IP,172.20.0.20.46413,>
2026-05-08,20:23:12.935008,IP,172.20.0.10.5002,>
2026-05-08,20:23:12.935533,IP,172.20.0.20.46413,>
2026-05-08,20:23:12.935629,IP,172.20.0.10.5002,>
2026-05-08,20:23:12.936028,IP,172.20.0.20.46413,>
2026-05-08,20:23:12.936081,IP,172.20.0.10.5002,>
2026-05-08,20:23:12.936355,IP,172.20.0.20.46413,>
2026-05-08,20:23:12.936504,IP,172.20.0.10.5002,>
2026-05-08,20:23:12.936830,IP,172.20.0.20.46413,>
2026-05-08,20:23:12.942130,IP,172.20.0.10.5002,>
2026-05-08,20:23:12.942352,IP,172.20.0.10.5002,>
2026-05-08,20:23:12.942564,IP,172.20.0.10.5002,>
2026-05-08,20:23:12.942616,IP,172.20.0.20.46413,>
2026-05-08,20:23:12.943282,IP,172.20.0.20.46413,>
2026-05-08,20:23:12.943655,IP,172.20.0.20.46413,>
2026-05-08,20:23:12.944699,IP,172.20.0.10.5002,>
2026-05-08,20:23:12.945045,IP,172.20.0.20.46413,>
2026-05-08,20:23:12.945846,IP,172.20.0.10.5002,>
2026-05-08,20:23:12.946196,IP,172.20.0.20.46413,>
2026-05-08,20:23:12.946262,IP,172.20.0.10.5002,>
2026-05-08,20:23:12.946550,IP,172.20.0.10.5002,>
2026-05-08,20:23:12.946598,IP,172.20.0.20.46413,>
2026-05-08,20:23:12.946871,IP,172.20.0.20.46413,>
2026-05-08,20:23:12.946990,IP,172.20.0.10.5002,>
2026-05-08,20:23:12.947524,IP,172.20.0.20.46413,>
2026-05-08,20:23:12.952981,IP,172.20.0.10.5002,>
2026-05-08,20:23:12.953357,IP,172.20.0.20.46413,>
2026-05-08,20:23:12.953429,IP,172.20.0.10.5002,>
2026-05-08,20:23:12.953742,IP,172.20.0.20.46413,>
2026-05-08,20:23:12.953925,IP,172.20.0.10.5002,>
2026-05-08,20:23:12.954426,IP,172.20.0.20.46413,>
2026-05-08,20:23:12.955229,IP,172.20.0.10.5002,>
2026-05-08,20:23:12.955626,IP,172.20.0.20.46413,>
2026-05-08,20:23:12.956484,IP,172.20.0.10.5002,>
2026-05-08,20:23:12.956890,IP,172.20.0.10.5002,>
2026-05-08,20:23:12.956975,IP,172.20.0.10.5002,>
2026-05-08,20:23:12.957187,IP,172.20.0.20.46413,>
2026-05-08,20:23:12.957705,IP,172.20.0.20.46413,>
2026-05-08,20:23:12.957749,IP,172.20.0.10.5002,>
2026-05-08,20:23:12.958126,IP,172.20.0.20.46413,>
2026-05-08,20:23:12.958761,IP,172.20.0.20.46413,>
2026-05-08,20:23:12.963706,IP,172.20.0.10.5002,>
2026-05-08,20:23:12.964039,IP,172.20.0.10.5002,>
2026-05-08,20:23:12.964100,IP,172.20.0.20.46413,>
2026-05-08,20:23:12.964408,IP,172.20.0.20.46413,>
2026-05-08,20:23:12.964618,IP,172.20.0.10.5002,>
2026-05-08,20:23:12.964978,IP,172.20.0.20.46413,>
2026-05-08,20:23:12.965848,IP,172.20.0.10.5002,>
2026-05-08,20:23:12.966203,IP,172.20.0.20.46413,>
2026-05-08,20:23:12.967469,IP,172.20.0.10.5002,>
2026-05-08,20:23:12.967825,IP,172.20.0.20.46413,>
2026-05-08,20:23:12.967951,IP,172.20.0.10.5002,>
2026-05-08,20:23:12.968278,IP,172.20.0.20.46413,>
2026-05-08,20:23:12.968289,IP,172.20.0.10.5002,>
2026-05-08,20:23:12.968778,IP,172.20.0.20.46413,>
2026-05-08,20:23:12.968993,IP,172.20.0.10.5002,>
2026-05-08,20:23:12.969671,IP,172.20.0.20.46413,>
2026-05-08,20:23:12.974424,IP,172.20.0.10.5002,>
2026-05-08,20:23:12.974515,IP,172.20.0.10.5002,>
2026-05-08,20:23:12.975013,IP,172.20.0.20.46413,>
2026-05-08,20:23:12.975147,IP,172.20.0.10.5002,>
2026-05-08,20:23:12.975356,IP,172.20.0.20.46413,>
2026-05-08,20:23:12.976132,IP,172.20.0.20.46413,>
2026-05-08,20:23:12.976399,IP,172.20.0.10.5002,>
2026-05-08,20:23:12.976915,IP,172.20.0.20.46413,>
2026-05-08,20:23:12.978129,IP,172.20.0.10.5002,>
2026-05-08,20:23:12.978496,IP,172.20.0.10.5002,>
2026-05-08,20:23:12.978586,IP,172.20.0.20.46413,>
2026-05-08,20:23:12.978984,IP,172.20.0.10.5002,>
2026-05-08,20:23:12.979018,IP,172.20.0.20.46413,>
2026-05-08,20:23:12.979501,IP,172.20.0.20.46413,>
2026-05-08,20:23:12.980029,IP,172.20.0.10.5002,>
2026-05-08,20:23:12.980450,IP,172.20.0.20.46413,>
2026-05-08,20:23:12.985323,IP,172.20.0.10.5002,>
2026-05-08,20:23:12.985549,IP,172.20.0.10.5002,>
2026-05-08,20:23:12.985932,IP,172.20.0.20.46413,>
2026-05-08,20:23:12.986337,IP,172.20.0.20.46413,>
2026-05-08,20:23:12.986477,IP,172.20.0.10.5002,>
2026-05-08,20:23:12.986941,IP,172.20.0.20.46413,>
2026-05-08,20:23:12.987151,IP,172.20.0.10.5002,>
2026-05-08,20:23:12.987581,IP,172.20.0.20.46413,>
2026-05-08,20:23:12.988950,IP,172.20.0.10.5002,>
2026-05-08,20:23:12.989296,IP,172.20.0.20.46413,>
2026-05-08,20:23:12.989399,IP,172.20.0.10.5002,>
2026-05-08,20:23:12.989708,IP,172.20.0.20.46413,>
2026-05-08,20:23:12.989752,IP,172.20.0.10.5002,>
2026-05-08,20:23:12.990121,IP,172.20.0.20.46413,>
2026-05-08,20:23:12.990612,IP,172.20.0.10.5002,>
2026-05-08,20:23:12.991083,IP,172.20.0.20.46413,>
2026-05-08,20:23:12.996261,IP,172.20.0.10.5002,>
2026-05-08,20:23:12.996529,IP,172.20.0.10.5002,>
2026-05-08,20:23:12.996608,IP,172.20.0.20.46413,>
2026-05-08,20:23:12.997033,IP,172.20.0.20.46413,>
2026-05-08,20:23:12.997176,IP,172.20.0.10.5002,>
2026-05-08,20:23:12.997616,IP,172.20.0.20.46413,>
2026-05-08,20:23:12.997768,IP,172.20.0.10.5002,>
2026-05-08,20:23:12.998172,IP,172.20.0.20.46413,>
2026-05-08,20:23:12.999611,IP,172.20.0.10.5002,>
2026-05-08,20:23:13.000198,IP,172.20.0.10.5002,>
2026-05-08,20:23:13.000214,IP,172.20.0.20.46413,>
2026-05-08,20:23:13.000285,IP,172.20.0.10.5002,>
2026-05-08,20:23:13.000606,IP,172.20.0.20.46413,>
2026-05-08,20:23:13.001400,IP,172.20.0.20.46413,>
2026-05-08,20:23:13.001563,IP,172.20.0.10.5002,>
2026-05-08,20:23:13.002482,IP,172.20.0.20.46413,>
2026-05-08,20:23:13.007015,IP,172.20.0.10.5002,>
2026-05-08,20:23:13.007328,IP,172.20.0.10.5002,>
2026-05-08,20:23:13.007443,IP,172.20.0.20.46413,>
2026-05-08,20:23:13.007745,IP,172.20.0.20.46413,>
2026-05-08,20:23:13.008050,IP,172.20.0.10.5002,>
2026-05-08,20:23:13.008474,IP,172.20.0.10.5002,>
2026-05-08,20:23:13.008603,IP,172.20.0.20.46413,>
2026-05-08,20:23:13.008962,IP,172.20.0.20.46413,>
2026-05-08,20:23:13.010564,IP,172.20.0.10.5002,>
2026-05-08,20:23:13.011040,IP,172.20.0.20.46413,>
2026-05-08,20:23:13.011239,IP,172.20.0.10.5002,>
2026-05-08,20:23:13.011676,IP,172.20.0.10.5002,>
2026-05-08,20:23:13.011921,IP,172.20.0.20.46413,>
2026-05-08,20:23:13.012221,IP,172.20.0.20.46413,>
2026-05-08,20:23:13.012693,IP,172.20.0.10.5002,>
2026-05-08,20:23:13.013403,IP,172.20.0.20.46413,>
2026-05-08,20:23:13.017838,IP,172.20.0.10.5002,>
2026-05-08,20:23:13.017947,IP,172.20.0.10.5002,>
2026-05-08,20:23:13.018258,IP,172.20.0.20.46413,>
2026-05-08,20:23:13.018549,IP,172.20.0.20.46413,>
2026-05-08,20:23:13.018818,IP,172.20.0.10.5002,>
2026-05-08,20:23:13.019171,IP,172.20.0.10.5002,>
2026-05-08,20:23:13.019211,IP,172.20.0.20.46413,>
2026-05-08,20:23:13.019522,IP,172.20.0.20.46413,>
2026-05-08,20:23:13.021282,IP,172.20.0.10.5002,>
2026-05-08,20:23:13.021676,IP,172.20.0.20.46413,>
2026-05-08,20:23:13.022088,IP,172.20.0.10.5002,>
2026-05-08,20:23:13.022404,IP,172.20.0.20.46413,>
2026-05-08,20:23:13.022435,IP,172.20.0.10.5002,>
2026-05-08,20:23:13.022722,IP,172.20.0.20.46413,>
2026-05-08,20:23:13.023586,IP,172.20.0.10.5002,>
2026-05-08,20:23:13.024016,IP,172.20.0.20.46413,>
2026-05-08,20:23:13.028626,IP,172.20.0.10.5002,>
2026-05-08,20:23:13.028704,IP,172.20.0.10.5002,>
2026-05-08,20:23:13.029082,IP,172.20.0.20.46413,>
2026-05-08,20:23:13.029376,IP,172.20.0.10.5002,>
2026-05-08,20:23:13.029393,IP,172.20.0.20.46413,>
2026-05-08,20:23:13.029679,IP,172.20.0.20.46413,>
2026-05-08,20:23:13.029967,IP,172.20.0.10.5002,>
2026-05-08,20:23:13.030405,IP,172.20.0.20.46413,>
2026-05-08,20:23:13.032051,IP,172.20.0.10.5002,>
2026-05-08,20:23:13.032404,IP,172.20.0.20.46413,>
2026-05-08,20:23:13.032609,IP,172.20.0.10.5002,>
2026-05-08,20:23:13.032930,IP,172.20.0.10.5002,>
2026-05-08,20:23:13.032991,IP,172.20.0.20.46413,>
2026-05-08,20:23:13.033316,IP,172.20.0.20.46413,>
2026-05-08,20:23:13.034249,IP,172.20.0.10.5002,>
2026-05-08,20:23:13.034627,IP,172.20.0.20.46413,>
2026-05-08,20:23:13.039404,IP,172.20.0.10.5002,>
2026-05-08,20:23:13.039570,IP,172.20.0.10.5002,>
2026-05-08,20:23:13.039840,IP,172.20.0.20.46413,>
2026-05-08,20:23:13.040118,IP,172.20.0.20.46413,>
2026-05-08,20:23:13.040366,IP,172.20.0.10.5002,>
2026-05-08,20:23:13.040957,IP,172.20.0.20.46413,>
2026-05-08,20:23:13.041254,IP,172.20.0.10.5002,>
2026-05-08,20:23:13.041635,IP,172.20.0.20.46413,>
2026-05-08,20:23:13.042765,IP,172.20.0.10.5002,>
2026-05-08,20:23:13.043136,IP,172.20.0.20.46413,>
2026-05-08,20:23:13.043197,IP,172.20.0.10.5002,>
2026-05-08,20:23:13.043479,IP,172.20.0.10.5002,>
2026-05-08,20:23:13.043829,IP,172.20.0.20.46413,>
2026-05-08,20:23:13.044058,IP,172.20.0.20.46413,>
2026-05-08,20:23:13.044815,IP,172.20.0.10.5002,>
2026-05-08,20:23:13.045206,IP,172.20.0.20.46413,>
2026-05-08,20:23:13.052230,IP,172.20.0.10.5002,>
2026-05-08,20:23:13.052380,IP,172.20.0.10.5002,>
2026-05-08,20:23:13.052463,IP,172.20.0.10.5002,>
2026-05-08,20:23:13.052526,IP,172.20.0.10.5002,>
2026-05-08,20:23:13.052602,IP,172.20.0.20.46413,>
2026-05-08,20:23:13.053155,IP,172.20.0.20.46413,>
2026-05-08,20:23:13.053387,IP,172.20.0.20.46413,>
2026-05-08,20:23:13.053448,IP,172.20.0.10.5002,>
2026-05-08,20:23:13.053597,IP,172.20.0.20.46413,>
2026-05-08,20:23:13.053809,IP,172.20.0.20.46413,>
2026-05-08,20:23:13.054213,IP,172.20.0.10.5002,>
2026-05-08,20:23:13.054486,IP,172.20.0.10.5002,>
2026-05-08,20:23:13.054815,IP,172.20.0.20.46413,>
2026-05-08,20:23:13.055070,IP,172.20.0.20.46413,>
2026-05-08,20:23:13.055822,IP,172.20.0.10.5002,>
2026-05-08,20:23:13.056160,IP,172.20.0.20.46413,>
2026-05-08,20:23:13.063160,IP,172.20.0.10.5002,>
2026-05-08,20:23:13.063332,IP,172.20.0.10.5002,>
2026-05-08,20:23:13.063634,IP,172.20.0.10.5002,>
2026-05-08,20:23:13.063719,IP,172.20.0.10.5002,>
2026-05-08,20:23:13.064065,IP,172.20.0.10.5002,>
2026-05-08,20:23:13.065242,IP,172.20.0.10.5002,>
2026-05-08,20:23:13.065318,IP,172.20.0.10.5002,>
2026-05-08,20:23:13.066454,IP,172.20.0.10.5002,>
2026-05-08,20:23:13.072191,IP,172.20.0.20.46413,>
2026-05-08,20:23:13.072199,IP,172.20.0.20.46413,>
2026-05-08,20:23:13.072205,IP,172.20.0.20.46413,>
2026-05-08,20:23:13.072211,IP,172.20.0.20.46413,>
2026-05-08,20:23:13.072217,IP,172.20.0.20.46413,>
2026-05-08,20:23:13.072223,IP,172.20.0.20.46413,>
2026-05-08,20:23:13.072230,IP,172.20.0.20.46413,>
2026-05-08,20:23:13.072236,IP,172.20.0.20.46413,>
2026-05-08,20:23:13.082594,IP,172.20.0.10.5002,>
2026-05-08,20:23:13.084553,IP,172.20.0.10.5002,>
2026-05-08,20:23:13.084558,IP,172.20.0.10.5002,>
2026-05-08,20:23:13.084561,IP,172.20.0.10.5002,>
2026-05-08,20:23:13.084563,IP,172.20.0.10.5002,>
2026-05-08,20:23:13.084566,IP,172.20.0.10.5002,>
2026-05-08,20:23:13.084568,IP,172.20.0.10.5002,>
2026-05-08,20:23:13.084572,IP,172.20.0.10.5002,>
2026-05-08,20:23:13.085603,IP,172.20.0.20.46413,>
2026-05-08,20:23:13.086023,IP,172.20.0.20.46413,>
2026-05-08,20:23:13.086265,IP,172.20.0.20.46413,>
2026-05-08,20:23:13.086522,IP,172.20.0.20.46413,>
2026-05-08,20:23:13.086774,IP,172.20.0.20.46413,>
2026-05-08,20:23:13.087070,IP,172.20.0.20.46413,>
2026-05-08,20:23:13.087363,IP,172.20.0.20.46413,>
2026-05-08,20:23:13.087933,IP,172.20.0.20.46413,>
2026-05-08,20:23:13.096205,IP,172.20.0.10.5002,>
2026-05-08,20:23:13.096314,IP,172.20.0.10.5002,>
2026-05-08,20:23:13.096636,IP,172.20.0.10.5002,>
2026-05-08,20:23:13.096761,IP,172.20.0.10.5002,>
2026-05-08,20:23:13.096843,IP,172.20.0.20.46413,>
2026-05-08,20:23:13.097045,IP,172.20.0.10.5002,>
2026-05-08,20:23:13.097265,IP,172.20.0.10.5002,>
2026-05-08,20:23:13.097402,IP,172.20.0.20.46413,>
2026-05-08,20:23:13.097578,IP,172.20.0.10.5002,>
2026-05-08,20:23:13.097933,IP,172.20.0.20.46413,>
2026-05-08,20:23:13.098138,IP,172.20.0.10.5002,>
2026-05-08,20:23:13.098301,IP,172.20.0.20.46413,>
2026-05-08,20:23:13.098598,IP,172.20.0.20.46413,>
2026-05-08,20:23:13.098888,IP,172.20.0.20.46413,>
2026-05-08,20:23:13.099123,IP,172.20.0.20.46413,>
2026-05-08,20:23:13.099392,IP,172.20.0.20.46413,>
2026-05-08,20:23:13.107453,IP,172.20.0.10.5002,>
2026-05-08,20:23:13.107745,IP,172.20.0.10.5002,>
2026-05-08,20:23:13.108122,IP,172.20.0.20.46413,>
2026-05-08,20:23:13.108148,IP,172.20.0.10.5002,>
2026-05-08,20:23:13.108469,IP,172.20.0.10.5002,>
2026-05-08,20:23:13.108593,IP,172.20.0.20.46413,>
2026-05-08,20:23:13.108946,IP,172.20.0.10.5002,>
2026-05-08,20:23:13.109014,IP,172.20.0.10.5002,>
2026-05-08,20:23:13.109133,IP,172.20.0.20.46413,>
2026-05-08,20:23:13.109298,IP,172.20.0.10.5002,>
2026-05-08,20:23:13.109576,IP,172.20.0.10.5002,>
2026-05-08,20:23:13.109713,IP,172.20.0.20.46413,>
2026-05-08,20:23:13.110583,IP,172.20.0.20.46413,>
2026-05-08,20:23:13.111049,IP,172.20.0.20.46413,>
2026-05-08,20:23:13.111505,IP,172.20.0.20.46413,>
2026-05-08,20:23:13.112257,IP,172.20.0.20.46413,>
2026-05-08,20:23:13.118820,IP,172.20.0.10.5002,>
2026-05-08,20:23:13.118932,IP,172.20.0.10.5002,>
2026-05-08,20:23:13.119536,IP,172.20.0.20.46413,>
2026-05-08,20:23:13.119771,IP,172.20.0.10.5002,>
2026-05-08,20:23:13.119877,IP,172.20.0.10.5002,>
2026-05-08,20:23:13.120086,IP,172.20.0.20.46413,>
2026-05-08,20:23:13.120467,IP,172.20.0.20.46413,>
2026-05-08,20:23:13.120958,IP,172.20.0.10.5002,>
2026-05-08,20:23:13.121376,IP,172.20.0.10.5002,>
2026-05-08,20:23:13.121678,IP,172.20.0.20.46413,>
2026-05-08,20:23:13.121756,IP,172.20.0.10.5002,>
2026-05-08,20:23:13.122083,IP,172.20.0.20.46413,>
2026-05-08,20:23:13.122435,IP,172.20.0.20.46413,>
2026-05-08,20:23:13.122478,IP,172.20.0.10.5002,>
2026-05-08,20:23:13.123161,IP,172.20.0.20.46413,>
2026-05-08,20:23:13.123729,IP,172.20.0.20.46413,>
2026-05-08,20:23:13.129977,IP,172.20.0.10.5002,>
2026-05-08,20:23:13.130256,IP,172.20.0.10.5002,>
2026-05-08,20:23:13.130356,IP,172.20.0.20.46413,>
2026-05-08,20:23:13.130691,IP,172.20.0.10.5002,>
2026-05-08,20:23:13.130723,IP,172.20.0.20.46413,>
2026-05-08,20:23:13.131898,IP,172.20.0.10.5002,>
2026-05-08,20:23:13.132276,IP,172.20.0.20.46413,>
2026-05-08,20:23:13.132345,IP,172.20.0.10.5002,>
2026-05-08,20:23:13.132582,IP,172.20.0.20.46413,>
2026-05-08,20:23:13.132613,IP,172.20.0.10.5002,>
2026-05-08,20:23:13.133395,IP,172.20.0.10.5002,>
2026-05-08,20:23:13.133993,IP,172.20.0.10.5002,>
2026-05-08,20:23:13.134143,IP,172.20.0.20.46413,>
2026-05-08,20:23:13.134659,IP,172.20.0.20.46413,>
2026-05-08,20:23:13.135089,IP,172.20.0.20.46413,>
2026-05-08,20:23:13.135346,IP,172.20.0.20.46413,>
2026-05-08,20:23:13.140691,IP,172.20.0.10.5002,>
2026-05-08,20:23:13.140967,IP,172.20.0.10.5002,>
2026-05-08,20:23:13.141248,IP,172.20.0.20.46413,>
2026-05-08,20:23:13.141703,IP,172.20.0.20.46413,>
2026-05-08,20:23:13.142500,IP,172.20.0.10.5002,>
2026-05-08,20:23:13.142747,IP,172.20.0.10.5002,>
2026-05-08,20:23:13.142892,IP,172.20.0.20.46413,>
2026-05-08,20:23:13.143222,IP,172.20.0.20.46413,>
2026-05-08,20:23:13.144545,IP,172.20.0.10.5002,>
2026-05-08,20:23:13.144898,IP,172.20.0.10.5002,>
2026-05-08,20:23:13.145096,IP,172.20.0.20.46413,>
2026-05-08,20:23:13.145288,IP,172.20.0.10.5002,>
2026-05-08,20:23:13.145507,IP,172.20.0.20.46413,>
2026-05-08,20:23:13.145565,IP,172.20.0.10.5002,>
2026-05-08,20:23:13.146077,IP,172.20.0.20.46413,>
2026-05-08,20:23:13.146846,IP,172.20.0.20.46413,>
2026-05-08,20:23:13.151604,IP,172.20.0.10.5002,>
2026-05-08,20:23:13.152118,IP,172.20.0.20.46413,>
2026-05-08,20:23:13.152172,IP,172.20.0.10.5002,>
2026-05-08,20:23:13.152575,IP,172.20.0.20.46413,>
2026-05-08,20:23:13.153395,IP,172.20.0.10.5002,>
2026-05-08,20:23:13.153519,IP,172.20.0.10.5002,>
2026-05-08,20:23:13.153747,IP,172.20.0.20.46413,>
2026-05-08,20:23:13.154181,IP,172.20.0.20.46413,>
2026-05-08,20:23:13.155415,IP,172.20.0.10.5002,>
2026-05-08,20:23:13.155732,IP,172.20.0.10.5002,>
2026-05-08,20:23:13.155806,IP,172.20.0.20.46413,>
2026-05-08,20:23:13.156100,IP,172.20.0.20.46413,>
2026-05-08,20:23:13.156432,IP,172.20.0.10.5002,>
2026-05-08,20:23:13.156856,IP,172.20.0.20.46413,>
2026-05-08,20:23:13.157149,IP,172.20.0.10.5002,>
2026-05-08,20:23:13.157495,IP,172.20.0.20.46413,>
2026-05-08,20:23:13.162432,IP,172.20.0.10.5002,>
2026-05-08,20:23:13.162778,IP,172.20.0.10.5002,>
2026-05-08,20:23:13.162971,IP,172.20.0.20.46413,>
2026-05-08,20:23:13.163333,IP,172.20.0.20.46413,>
2026-05-08,20:23:13.164091,IP,172.20.0.10.5002,>
2026-05-08,20:23:13.164500,IP,172.20.0.10.5002,>
2026-05-08,20:23:13.164635,IP,172.20.0.20.46413,>
2026-05-08,20:23:13.165389,IP,172.20.0.20.46413,>
2026-05-08,20:23:13.166206,IP,172.20.0.10.5002,>
2026-05-08,20:23:13.166304,IP,172.20.0.10.5002,>
2026-05-08,20:23:13.166866,IP,172.20.0.20.46413,>
2026-05-08,20:23:13.167281,IP,172.20.0.10.5002,>
2026-05-08,20:23:13.167504,IP,172.20.0.20.46413,>
2026-05-08,20:23:13.167758,IP,172.20.0.10.5002,>
2026-05-08,20:23:13.167988,IP,172.20.0.20.46413,>
2026-05-08,20:23:13.168302,IP,172.20.0.20.46413,>
2026-05-08,20:23:13.173351,IP,172.20.0.10.5002,>
2026-05-08,20:23:13.173562,IP,172.20.0.10.5002,>
2026-05-08,20:23:13.173772,IP,172.20.0.20.46413,>
2026-05-08,20:23:13.174182,IP,172.20.0.20.46413,>
2026-05-08,20:23:13.174878,IP,172.20.0.10.5002,>
2026-05-08,20:23:13.175278,IP,172.20.0.20.46413,>
2026-05-08,20:23:13.175630,IP,172.20.0.10.5002,>
2026-05-08,20:23:13.176099,IP,172.20.0.20.46413,>
2026-05-08,20:23:13.177149,IP,172.20.0.10.5002,>
2026-05-08,20:23:13.177525,IP,172.20.0.20.46413,>
2026-05-08,20:23:13.177953,IP,172.20.0.10.5002,>
2026-05-08,20:23:13.178313,IP,172.20.0.10.5002,>
2026-05-08,20:23:13.178428,IP,172.20.0.10.5002,>
2026-05-08,20:23:13.178536,IP,172.20.0.20.46413,>
2026-05-08,20:23:13.178849,IP,172.20.0.20.46413,>
2026-05-08,20:23:13.179212,IP,172.20.0.20.46413,>
2026-05-08,20:23:13.184144,IP,172.20.0.10.5002,>
2026-05-08,20:23:13.184337,IP,172.20.0.10.5002,>
2026-05-08,20:23:13.184545,IP,172.20.0.20.46413,>
2026-05-08,20:23:13.184891,IP,172.20.0.20.46413,>
2026-05-08,20:23:13.185511,IP,172.20.0.10.5002,>
2026-05-08,20:23:13.186078,IP,172.20.0.20.46413,>
2026-05-08,20:23:13.186317,IP,172.20.0.10.5002,>
2026-05-08,20:23:13.186853,IP,172.20.0.20.46413,>
2026-05-08,20:23:13.194302,IP,172.20.0.10.5002,>
2026-05-08,20:23:13.194390,IP,172.20.0.10.5002,>
2026-05-08,20:23:13.194529,IP,172.20.0.10.5002,>
2026-05-08,20:23:13.194595,IP,172.20.0.10.5002,>
2026-05-08,20:23:13.194747,IP,172.20.0.20.46413,>
2026-05-08,20:23:13.194804,IP,172.20.0.10.5002,>
2026-05-08,20:23:13.195068,IP,172.20.0.20.46413,>
2026-05-08,20:23:13.195211,IP,172.20.0.10.5002,>
2026-05-08,20:23:13.195301,IP,172.20.0.20.46413,>
2026-05-08,20:23:13.195638,IP,172.20.0.20.46413,>
2026-05-08,20:23:13.196066,IP,172.20.0.20.46413,>
2026-05-08,20:23:13.196462,IP,172.20.0.20.46413,>
2026-05-08,20:23:13.196483,IP,172.20.0.10.5002,>
2026-05-08,20:23:13.196854,IP,172.20.0.20.46413,>
2026-05-08,20:23:13.197513,IP,172.20.0.10.5002,>
2026-05-08,20:23:13.198421,IP,172.20.0.20.46413,>
2026-05-08,20:23:13.205120,IP,172.20.0.10.5002,>
2026-05-08,20:23:13.205233,IP,172.20.0.10.5002,>
2026-05-08,20:23:13.205523,IP,172.20.0.10.5002,>
2026-05-08,20:23:13.205745,IP,172.20.0.20.46413,>
2026-05-08,20:23:13.205887,IP,172.20.0.10.5002,>
2026-05-08,20:23:13.206335,IP,172.20.0.10.5002,>
2026-05-08,20:23:13.206607,IP,172.20.0.20.46413,>
2026-05-08,20:23:13.206827,IP,172.20.0.10.5002,>
2026-05-08,20:23:13.207034,IP,172.20.0.10.5002,>
2026-05-08,20:23:13.207371,IP,172.20.0.20.46413,>
2026-05-08,20:23:13.208253,IP,172.20.0.20.46413,>
2026-05-08,20:23:13.208690,IP,172.20.0.10.5002,>
2026-05-08,20:23:13.208698,IP,172.20.0.20.46413,>
2026-05-08,20:23:13.209965,IP,172.20.0.20.46413,>
2026-05-08,20:23:13.210399,IP,172.20.0.20.46413,>
2026-05-08,20:23:13.210874,IP,172.20.0.20.46413,>
2026-05-08,20:23:13.216126,IP,172.20.0.10.5002,>
2026-05-08,20:23:13.216998,IP,172.20.0.10.5002,>
2026-05-08,20:23:13.217551,IP,172.20.0.10.5002,>
2026-05-08,20:23:13.217909,IP,172.20.0.20.46413,>
2026-05-08,20:23:13.218273,IP,172.20.0.20.46413,>
2026-05-08,20:23:13.218403,IP,172.20.0.10.5002,>
2026-05-08,20:23:13.219117,IP,172.20.0.20.46413,>
2026-05-08,20:23:13.219440,IP,172.20.0.20.46413,>
2026-05-08,20:23:13.222035,IP,172.20.0.10.5002,>
2026-05-08,20:23:13.222087,IP,172.20.0.10.5002,>
2026-05-08,20:23:13.222125,IP,172.20.0.10.5002,>
2026-05-08,20:23:13.222237,IP,172.20.0.10.5002,>
2026-05-08,20:23:13.222470,IP,172.20.0.20.46413,>
2026-05-08,20:23:13.222774,IP,172.20.0.20.46413,>
2026-05-08,20:23:13.223171,IP,172.20.0.20.46413,>
2026-05-08,20:23:13.223496,IP,172.20.0.20.46413,>
2026-05-08,20:23:13.228208,IP,172.20.0.10.5002,>
2026-05-08,20:23:13.228425,IP,172.20.0.10.5002,>
2026-05-08,20:23:13.228724,IP,172.20.0.20.46413,>
2026-05-08,20:23:13.229538,IP,172.20.0.20.46413,>
2026-05-08,20:23:13.231234,IP,172.20.0.10.5002,>
2026-05-08,20:23:13.231347,IP,172.20.0.10.5002,>
2026-05-08,20:23:13.231750,IP,172.20.0.20.46413,>
2026-05-08,20:23:13.232194,IP,172.20.0.20.46413,>
2026-05-08,20:23:13.232839,IP,172.20.0.10.5002,>
2026-05-08,20:23:13.233113,IP,172.20.0.10.5002,>
2026-05-08,20:23:13.233205,IP,172.20.0.20.46413,>
2026-05-08,20:23:13.233531,IP,172.20.0.20.46413,>
2026-05-08,20:23:13.233961,IP,172.20.0.10.5002,>
2026-05-08,20:23:13.233968,IP,172.20.0.10.5002,>
2026-05-08,20:23:13.234704,IP,172.20.0.20.46413,>
2026-05-08,20:23:13.235124,IP,172.20.0.20.46413,>
2026-05-08,20:23:13.239065,IP,172.20.0.10.5002,>
2026-05-08,20:23:13.239475,IP,172.20.0.20.46413,>
2026-05-08,20:23:13.239691,IP,172.20.0.10.5002,>
2026-05-08,20:23:13.240202,IP,172.20.0.20.46413,>
2026-05-08,20:23:13.241981,IP,172.20.0.10.5002,>
2026-05-08,20:23:13.242410,IP,172.20.0.20.46413,>
2026-05-08,20:23:13.242424,IP,172.20.0.10.5002,>
2026-05-08,20:23:13.242938,IP,172.20.0.20.46413,>
2026-05-08,20:23:13.243982,IP,172.20.0.10.5002,>
2026-05-08,20:23:13.244108,IP,172.20.0.10.5002,>
2026-05-08,20:23:13.244325,IP,172.20.0.20.46413,>
2026-05-08,20:23:13.244583,IP,172.20.0.20.46413,>
2026-05-08,20:23:13.244898,IP,172.20.0.10.5002,>
2026-05-08,20:23:13.245357,IP,172.20.0.10.5002,>
2026-05-08,20:23:13.245560,IP,172.20.0.20.46413,>
2026-05-08,20:23:13.245772,IP,172.20.0.20.46413,>
2026-05-08,20:23:13.249880,IP,172.20.0.10.5002,>
2026-05-08,20:23:13.250173,IP,172.20.0.20.46413,>
2026-05-08,20:23:13.250393,IP,172.20.0.10.5002,>
2026-05-08,20:23:13.250912,IP,172.20.0.20.46413,>
2026-05-08,20:23:13.252655,IP,172.20.0.10.5002,>
2026-05-08,20:23:13.253074,IP,172.20.0.20.46413,>
2026-05-08,20:23:13.253187,IP,172.20.0.10.5002,>
2026-05-08,20:23:13.253597,IP,172.20.0.20.46413,>
2026-05-08,20:23:13.254829,IP,172.20.0.10.5002,>
2026-05-08,20:23:13.255121,IP,172.20.0.10.5002,>
2026-05-08,20:23:13.255478,IP,172.20.0.20.46413,>
2026-05-08,20:23:13.255860,IP,172.20.0.10.5002,>
2026-05-08,20:23:13.255891,IP,172.20.0.20.46413,>
2026-05-08,20:23:13.256042,IP,172.20.0.10.5002,>
2026-05-08,20:23:13.256141,IP,172.20.0.20.46413,>
2026-05-08,20:23:13.256361,IP,172.20.0.20.46413,>
2026-05-08,20:23:13.260549,IP,172.20.0.10.5002,>
2026-05-08,20:23:13.260895,IP,172.20.0.20.46413,>
2026-05-08,20:23:13.261200,IP,172.20.0.10.5002,>
2026-05-08,20:23:13.261497,IP,172.20.0.20.46413,>
2026-05-08,20:23:13.263326,IP,172.20.0.10.5002,>
2026-05-08,20:23:13.263602,IP,172.20.0.20.46413,>
2026-05-08,20:23:13.264213,IP,172.20.0.10.5002,>
2026-05-08,20:23:13.264575,IP,172.20.0.20.46413,>
2026-05-08,20:23:13.265758,IP,172.20.0.10.5002,>
2026-05-08,20:23:13.266070,IP,172.20.0.10.5002,>
2026-05-08,20:23:13.266072,IP,172.20.0.20.46413,>
2026-05-08,20:23:13.266292,IP,172.20.0.10.5002,>
2026-05-08,20:23:13.266339,IP,172.20.0.20.46413,>
2026-05-08,20:23:13.266513,IP,172.20.0.20.46413,>
2026-05-08,20:23:13.266514,IP,172.20.0.10.5002,>
2026-05-08,20:23:13.266684,IP,172.20.0.20.46413,>
2026-05-08,20:23:13.271334,IP,172.20.0.10.5002,>
2026-05-08,20:23:13.271561,IP,172.20.0.20.46413,>
2026-05-08,20:23:13.271753,IP,172.20.0.10.5002,>
2026-05-08,20:23:13.272138,IP,172.20.0.20.46413,>
2026-05-08,20:23:13.273874,IP,172.20.0.10.5002,>
2026-05-08,20:23:13.274178,IP,172.20.0.20.46413,>
2026-05-08,20:23:13.274770,IP,172.20.0.10.5002,>
2026-05-08,20:23:13.275115,IP,172.20.0.20.46413,>
2026-05-08,20:23:13.276369,IP,172.20.0.10.5002,>
2026-05-08,20:23:13.276477,IP,172.20.0.10.5002,>
2026-05-08,20:23:13.276605,IP,172.20.0.20.46413,>
2026-05-08,20:23:13.276690,IP,172.20.0.10.5002,>
2026-05-08,20:23:13.276770,IP,172.20.0.20.46413,>
2026-05-08,20:23:13.276880,IP,172.20.0.10.5002,>
2026-05-08,20:23:13.276933,IP,172.20.0.20.46413,>
2026-05-08,20:23:13.277086,IP,172.20.0.20.46413,>
2026-05-08,20:23:13.281927,IP,172.20.0.10.5002,>
2026-05-08,20:23:13.282317,IP,172.20.0.10.5002,>
2026-05-08,20:23:13.282360,IP,172.20.0.20.46413,>
2026-05-08,20:23:13.282572,IP,172.20.0.20.46413,>
2026-05-08,20:23:13.284381,IP,172.20.0.10.5002,>
2026-05-08,20:23:13.284683,IP,172.20.0.20.46413,>
2026-05-08,20:23:13.285279,IP,172.20.0.10.5002,>
2026-05-08,20:23:13.285714,IP,172.20.0.20.46413,>
2026-05-08,20:23:13.286874,IP,172.20.0.10.5002,>
2026-05-08,20:23:13.286946,IP,172.20.0.10.5002,>
2026-05-08,20:23:13.287172,IP,172.20.0.10.5002,>
2026-05-08,20:23:13.287296,IP,172.20.0.10.5002,>
2026-05-08,20:23:13.287298,IP,172.20.0.20.46413,>
2026-05-08,20:23:13.287626,IP,172.20.0.20.46413,>
2026-05-08,20:23:13.288028,IP,172.20.0.20.46413,>
2026-05-08,20:23:13.288311,IP,172.20.0.20.46413,>
2026-05-08,20:23:13.292633,IP,172.20.0.10.5002,>
2026-05-08,20:23:13.292714,IP,172.20.0.10.5002,>
2026-05-08,20:23:13.293121,IP,172.20.0.20.46413,>
2026-05-08,20:23:13.293530,IP,172.20.0.20.46413,>
2026-05-08,20:23:13.294893,IP,172.20.0.10.5002,>
2026-05-08,20:23:13.295250,IP,172.20.0.20.46413,>
2026-05-08,20:23:13.295982,IP,172.20.0.10.5002,>
2026-05-08,20:23:13.296391,IP,172.20.0.20.46413,>
2026-05-08,20:23:13.297550,IP,172.20.0.10.5002,>
2026-05-08,20:23:13.297847,IP,172.20.0.10.5002,>
2026-05-08,20:23:13.297957,IP,172.20.0.20.46413,>
2026-05-08,20:23:13.298196,IP,172.20.0.10.5002,>
2026-05-08,20:23:13.298213,IP,172.20.0.20.46413,>
2026-05-08,20:23:13.298425,IP,172.20.0.20.46413,>
2026-05-08,20:23:13.298457,IP,172.20.0.10.5002,>
2026-05-08,20:23:13.298995,IP,172.20.0.20.46413,>
2026-05-08,20:23:13.303350,IP,172.20.0.10.5002,>
2026-05-08,20:23:13.303736,IP,172.20.0.20.46413,>
2026-05-08,20:23:13.303804,IP,172.20.0.10.5002,>
2026-05-08,20:23:13.304185,IP,172.20.0.20.46413,>
2026-05-08,20:23:13.305421,IP,172.20.0.10.5002,>
2026-05-08,20:23:13.305858,IP,172.20.0.20.46413,>
2026-05-08,20:23:13.306566,IP,172.20.0.10.5002,>
2026-05-08,20:23:13.306972,IP,172.20.0.20.46413,>
2026-05-08,20:23:13.308180,IP,172.20.0.10.5002,>
2026-05-08,20:23:13.308376,IP,172.20.0.10.5002,>
2026-05-08,20:23:13.308536,IP,172.20.0.20.46413,>
2026-05-08,20:23:13.308636,IP,172.20.0.10.5002,>
2026-05-08,20:23:13.308862,IP,172.20.0.20.46413,>
2026-05-08,20:23:13.309191,IP,172.20.0.20.46413,>
2026-05-08,20:23:13.309240,IP,172.20.0.10.5002,>
2026-05-08,20:23:13.309812,IP,172.20.0.20.46413,>
2026-05-08,20:23:13.314065,IP,172.20.0.10.5002,>
2026-05-08,20:23:13.314420,IP,172.20.0.10.5002,>
2026-05-08,20:23:13.314425,IP,172.20.0.20.46413,>
2026-05-08,20:23:13.314677,IP,172.20.0.20.46413,>
2026-05-08,20:23:13.316136,IP,172.20.0.10.5002,>
2026-05-08,20:23:13.316497,IP,172.20.0.20.46413,>
2026-05-08,20:23:13.317208,IP,172.20.0.10.5002,>
2026-05-08,20:23:13.317690,IP,172.20.0.20.46413,>
2026-05-08,20:23:13.318942,IP,172.20.0.10.5002,>
2026-05-08,20:23:13.319055,IP,172.20.0.10.5002,>
2026-05-08,20:23:13.319329,IP,172.20.0.20.46413,>
2026-05-08,20:23:13.319571,IP,172.20.0.10.5002,>
2026-05-08,20:23:13.319582,IP,172.20.0.20.46413,>
2026-05-08,20:23:13.319892,IP,172.20.0.20.46413,>
2026-05-08,20:23:13.320135,IP,172.20.0.10.5002,>
2026-05-08,20:23:13.320469,IP,172.20.0.20.46413,>
2026-05-08,20:23:13.324798,IP,172.20.0.10.5002,>
2026-05-08,20:23:13.324978,IP,172.20.0.10.5002,>
2026-05-08,20:23:13.325149,IP,172.20.0.20.46413,>
2026-05-08,20:23:13.325410,IP,172.20.0.20.46413,>
2026-05-08,20:23:13.326754,IP,172.20.0.10.5002,>
2026-05-08,20:23:13.327159,IP,172.20.0.20.46413,>
2026-05-08,20:23:13.328022,IP,172.20.0.10.5002,>
2026-05-08,20:23:13.328853,IP,172.20.0.20.46413,>
2026-05-08,20:23:13.329665,IP,172.20.0.10.5002,>
2026-05-08,20:23:13.329807,IP,172.20.0.10.5002,>
2026-05-08,20:23:13.330055,IP,172.20.0.10.5002,>
2026-05-08,20:23:13.330158,IP,172.20.0.20.46413,>
2026-05-08,20:23:13.330525,IP,172.20.0.20.46413,>
2026-05-08,20:23:13.330705,IP,172.20.0.10.5002,>
2026-05-08,20:23:13.330877,IP,172.20.0.20.46413,>
2026-05-08,20:23:13.331121,IP,172.20.0.20.46413,>
2026-05-08,20:23:13.338338,IP,172.20.0.10.5002,>
2026-05-08,20:23:13.338479,IP,172.20.0.10.5002,>
2026-05-08,20:23:13.338553,IP,172.20.0.10.5002,>
2026-05-08,20:23:13.338860,IP,172.20.0.20.46413,>
2026-05-08,20:23:13.339053,IP,172.20.0.10.5002,>
2026-05-08,20:23:13.339194,IP,172.20.0.20.46413,>
2026-05-08,20:23:13.339428,IP,172.20.0.20.46413,>
2026-05-08,20:23:13.339654,IP,172.20.0.20.46413,>
2026-05-08,20:23:13.340657,IP,172.20.0.10.5002,>
2026-05-08,20:23:13.340757,IP,172.20.0.10.5002,>
2026-05-08,20:23:13.341064,IP,172.20.0.20.46413,>
2026-05-08,20:23:13.341104,IP,172.20.0.10.5002,>
2026-05-08,20:23:13.341346,IP,172.20.0.20.46413,>
2026-05-08,20:23:13.341628,IP,172.20.0.20.46413,>
2026-05-08,20:23:13.341844,IP,172.20.0.10.5002,>
2026-05-08,20:23:13.342469,IP,172.20.0.20.46413,>
2026-05-08,20:23:13.349168,IP,172.20.0.10.5002,>
2026-05-08,20:23:13.349419,IP,172.20.0.10.5002,>
2026-05-08,20:23:13.349569,IP,172.20.0.20.46413,>
2026-05-08,20:23:13.349592,IP,172.20.0.10.5002,>
2026-05-08,20:23:13.349821,IP,172.20.0.10.5002,>
2026-05-08,20:23:13.349859,IP,172.20.0.20.46413,>
2026-05-08,20:23:13.350387,IP,172.20.0.20.46413,>
2026-05-08,20:23:13.350393,IP,172.20.0.20.46413,>
2026-05-08,20:23:13.351336,IP,172.20.0.10.5002,>
2026-05-08,20:23:13.351514,IP,172.20.0.10.5002,>
2026-05-08,20:23:13.351737,IP,172.20.0.20.46413,>
2026-05-08,20:23:13.351955,IP,172.20.0.10.5002,>
2026-05-08,20:23:13.352035,IP,172.20.0.20.46413,>
2026-05-08,20:23:13.352317,IP,172.20.0.20.46413,>
2026-05-08,20:23:13.352694,IP,172.20.0.10.5002,>
2026-05-08,20:23:13.352987,IP,172.20.0.20.46413,>
2026-05-08,20:23:13.359850,IP,172.20.0.10.5002,>
2026-05-08,20:23:13.360027,IP,172.20.0.10.5002,>
2026-05-08,20:23:13.360238,IP,172.20.0.20.46413,>
2026-05-08,20:23:13.360530,IP,172.20.0.20.46413,>
2026-05-08,20:23:13.360646,IP,172.20.0.10.5002,>
2026-05-08,20:23:13.360722,IP,172.20.0.10.5002,>
2026-05-08,20:23:13.361548,IP,172.20.0.20.46413,>
2026-05-08,20:23:13.361811,IP,172.20.0.20.46413,>
2026-05-08,20:23:13.362077,IP,172.20.0.10.5002,>
2026-05-08,20:23:13.362224,IP,172.20.0.10.5002,>
2026-05-08,20:23:13.362418,IP,172.20.0.20.46413,>
2026-05-08,20:23:13.362461,IP,172.20.0.10.5002,>
2026-05-08,20:23:13.362726,IP,172.20.0.20.46413,>
2026-05-08,20:23:13.362980,IP,172.20.0.20.46413,>
2026-05-08,20:23:13.363123,IP,172.20.0.10.5002,>
2026-05-08,20:23:13.363484,IP,172.20.0.20.46413,>
2026-05-08,20:23:13.370530,IP,172.20.0.10.5002,>
2026-05-08,20:23:13.370844,IP,172.20.0.10.5002,>
2026-05-08,20:23:13.371020,IP,172.20.0.20.46413,>
2026-05-08,20:23:13.371445,IP,172.20.0.20.46413,>
2026-05-08,20:23:13.371746,IP,172.20.0.10.5002,>
2026-05-08,20:23:13.371997,IP,172.20.0.10.5002,>
2026-05-08,20:23:13.372145,IP,172.20.0.20.46413,>
2026-05-08,20:23:13.372408,IP,172.20.0.20.46413,>
2026-05-08,20:23:13.372812,IP,172.20.0.10.5002,>
2026-05-08,20:23:13.373195,IP,172.20.0.10.5002,>
2026-05-08,20:23:13.373216,IP,172.20.0.20.46413,>
2026-05-08,20:23:13.373245,IP,172.20.0.10.5002,>
2026-05-08,20:23:13.373527,IP,172.20.0.20.46413,>
2026-05-08,20:23:13.373658,IP,172.20.0.10.5002,>
2026-05-08,20:23:13.373768,IP,172.20.0.20.46413,>
2026-05-08,20:23:13.374110,IP,172.20.0.20.46413,>
2026-05-08,20:23:13.381351,IP,172.20.0.10.5002,>
2026-05-08,20:23:13.381647,IP,172.20.0.10.5002,>
2026-05-08,20:23:13.382150,IP,172.20.0.20.46413,>
2026-05-08,20:23:13.382507,IP,172.20.0.10.5002,>
2026-05-08,20:23:13.382597,IP,172.20.0.20.46413,>
2026-05-08,20:23:13.382955,IP,172.20.0.10.5002,>
2026-05-08,20:23:13.383259,IP,172.20.0.20.46413,>
2026-05-08,20:23:13.383520,IP,172.20.0.20.46413,>
2026-05-08,20:23:13.383624,IP,172.20.0.10.5002,>
2026-05-08,20:23:13.383650,IP,172.20.0.10.5002,>
2026-05-08,20:23:13.384016,IP,172.20.0.10.5002,>
2026-05-08,20:23:13.384107,IP,172.20.0.20.46413,>
2026-05-08,20:23:13.384329,IP,172.20.0.10.5002,>
2026-05-08,20:23:13.384485,IP,172.20.0.20.46413,>
2026-05-08,20:23:13.384826,IP,172.20.0.20.46413,>
2026-05-08,20:23:13.385166,IP,172.20.0.20.46413,>
2026-05-08,20:23:13.392493,IP,172.20.0.10.5002,>
2026-05-08,20:23:13.392967,IP,172.20.0.20.46413,>
2026-05-08,20:23:13.393143,IP,172.20.0.10.5002,>
2026-05-08,20:23:13.393479,IP,172.20.0.10.5002,>
2026-05-08,20:23:13.393523,IP,172.20.0.20.46413,>
2026-05-08,20:23:13.393779,IP,172.20.0.20.46413,>
2026-05-08,20:23:13.393983,IP,172.20.0.10.5002,>
2026-05-08,20:23:13.394288,IP,172.20.0.20.46413,>
2026-05-08,20:23:13.394456,IP,172.20.0.10.5002,>
2026-05-08,20:23:13.394759,IP,172.20.0.10.5002,>
2026-05-08,20:23:13.394760,IP,172.20.0.20.46413,>
2026-05-08,20:23:13.395020,IP,172.20.0.20.46413,>
2026-05-08,20:23:13.395045,IP,172.20.0.10.5002,>
2026-05-08,20:23:13.395372,IP,172.20.0.10.5002,>
2026-05-08,20:23:13.395444,IP,172.20.0.20.46413,>
2026-05-08,20:23:13.395674,IP,172.20.0.20.46413,>
2026-05-08,20:23:13.403250,IP,172.20.0.10.5002,>
2026-05-08,20:23:13.403688,IP,172.20.0.20.46413,>
2026-05-08,20:23:13.403698,IP,172.20.0.10.5002,>
2026-05-08,20:23:13.404022,IP,172.20.0.10.5002,>
2026-05-08,20:23:13.404024,IP,172.20.0.20.46413,>
2026-05-08,20:23:13.404282,IP,172.20.0.20.46413,>
2026-05-08,20:23:13.404464,IP,172.20.0.10.5002,>
2026-05-08,20:23:13.404841,IP,172.20.0.20.46413,>
2026-05-08,20:23:13.405041,IP,172.20.0.10.5002,>
2026-05-08,20:23:13.405178,IP,172.20.0.10.5002,>
2026-05-08,20:23:13.405396,IP,172.20.0.20.46413,>
2026-05-08,20:23:13.405629,IP,172.20.0.20.46413,>
2026-05-08,20:23:13.405639,IP,172.20.0.10.5002,>
2026-05-08,20:23:13.405894,IP,172.20.0.10.5002,>
2026-05-08,20:23:13.406256,IP,172.20.0.20.46413,>
2026-05-08,20:23:13.406862,IP,172.20.0.20.46413,>
2026-05-08,20:23:13.414066,IP,172.20.0.10.5002,>
2026-05-08,20:23:13.414210,IP,172.20.0.10.5002,>
2026-05-08,20:23:13.414426,IP,172.20.0.10.5002,>
2026-05-08,20:23:13.414550,IP,172.20.0.20.46413,>
2026-05-08,20:23:13.414919,IP,172.20.0.20.46413,>
2026-05-08,20:23:13.415224,IP,172.20.0.10.5002,>
2026-05-08,20:23:13.415450,IP,172.20.0.20.46413,>
2026-05-08,20:23:13.415931,IP,172.20.0.20.46413,>
2026-05-08,20:23:13.426946,IP,172.20.0.10.5002,>
2026-05-08,20:23:13.427009,IP,172.20.0.10.5002,>
2026-05-08,20:23:13.427012,IP,172.20.0.10.5002,>
2026-05-08,20:23:13.427014,IP,172.20.0.10.5002,>
2026-05-08,20:23:13.427016,IP,172.20.0.10.5002,>
2026-05-08,20:23:13.427019,IP,172.20.0.10.5002,>
2026-05-08,20:23:13.427021,IP,172.20.0.10.5002,>
2026-05-08,20:23:13.427022,IP,172.20.0.10.5002,>
2026-05-08,20:23:13.428515,IP,172.20.0.20.46413,>
2026-05-08,20:23:13.428906,IP,172.20.0.20.46413,>
2026-05-08,20:23:13.429235,IP,172.20.0.20.46413,>
2026-05-08,20:23:13.429573,IP,172.20.0.20.46413,>
2026-05-08,20:23:13.429926,IP,172.20.0.20.46413,>
2026-05-08,20:23:13.430493,IP,172.20.0.20.46413,>
2026-05-08,20:23:13.430838,IP,172.20.0.20.46413,>
2026-05-08,20:23:13.431613,IP,172.20.0.20.46413,>
2026-05-08,20:23:13.438960,IP,172.20.0.10.5002,>
2026-05-08,20:23:13.439049,IP,172.20.0.10.5002,>
2026-05-08,20:23:13.439347,IP,172.20.0.20.46413,>
2026-05-08,20:23:13.439419,IP,172.20.0.10.5002,>
2026-05-08,20:23:13.439628,IP,172.20.0.20.46413,>
2026-05-08,20:23:13.439753,IP,172.20.0.10.5002,>
2026-05-08,20:23:13.439868,IP,172.20.0.20.46413,>
2026-05-08,20:23:13.440130,IP,172.20.0.10.5002,>
2026-05-08,20:23:13.440256,IP,172.20.0.20.46413,>
2026-05-08,20:23:13.440679,IP,172.20.0.20.46413,>
2026-05-08,20:23:13.440684,IP,172.20.0.10.5002,>
2026-05-08,20:23:13.440995,IP,172.20.0.10.5002,>
2026-05-08,20:23:13.441171,IP,172.20.0.20.46413,>
2026-05-08,20:23:13.441431,IP,172.20.0.20.46413,>
2026-05-08,20:23:13.441844,IP,172.20.0.10.5002,>
2026-05-08,20:23:13.442245,IP,172.20.0.20.46413,>
2026-05-08,20:23:13.449906,IP,172.20.0.10.5002,>
2026-05-08,20:23:13.450030,IP,172.20.0.10.5002,>
2026-05-08,20:23:13.450156,IP,172.20.0.10.5002,>
2026-05-08,20:23:13.450293,IP,172.20.0.20.46413,>
2026-05-08,20:23:13.450521,IP,172.20.0.10.5002,>
2026-05-08,20:23:13.450567,IP,172.20.0.20.46413,>
2026-05-08,20:23:13.450876,IP,172.20.0.20.46413,>
2026-05-08,20:23:13.451154,IP,172.20.0.20.46413,>
2026-05-08,20:23:13.451199,IP,172.20.0.10.5002,>
2026-05-08,20:23:13.451326,IP,172.20.0.10.5002,>
2026-05-08,20:23:13.451683,IP,172.20.0.20.46413,>
2026-05-08,20:23:13.451727,IP,172.20.0.10.5002,>
2026-05-08,20:23:13.452107,IP,172.20.0.20.46413,>
2026-05-08,20:23:13.452454,IP,172.20.0.10.5002,>
2026-05-08,20:23:13.452487,IP,172.20.0.20.46413,>
2026-05-08,20:23:13.452908,IP,172.20.0.20.46413,>
2026-05-08,20:23:13.460728,IP,172.20.0.10.5002,>
2026-05-08,20:23:13.460904,IP,172.20.0.10.5002,>
2026-05-08,20:23:13.461156,IP,172.20.0.20.46413,>
2026-05-08,20:23:13.461187,IP,172.20.0.10.5002,>
2026-05-08,20:23:13.461559,IP,172.20.0.20.46413,>
2026-05-08,20:23:13.461620,IP,172.20.0.10.5002,>
2026-05-08,20:23:13.462077,IP,172.20.0.10.5002,>
2026-05-08,20:23:13.462273,IP,172.20.0.20.46413,>
2026-05-08,20:23:13.462355,IP,172.20.0.10.5002,>
2026-05-08,20:23:13.462687,IP,172.20.0.20.46413,>
2026-05-08,20:23:13.462755,IP,172.20.0.10.5002,>
2026-05-08,20:23:13.463108,IP,172.20.0.20.46413,>
2026-05-08,20:23:13.463172,IP,172.20.0.10.5002,>
2026-05-08,20:23:13.463481,IP,172.20.0.20.46413,>
2026-05-08,20:23:13.463898,IP,172.20.0.20.46413,>
2026-05-08,20:23:13.464307,IP,172.20.0.20.46413,>
2026-05-08,20:23:13.471496,IP,172.20.0.10.5002,>
2026-05-08,20:23:13.471739,IP,172.20.0.10.5002,>
2026-05-08,20:23:13.471922,IP,172.20.0.20.46413,>
2026-05-08,20:23:13.472316,IP,172.20.0.20.46413,>
2026-05-08,20:23:13.472536,IP,172.20.0.10.5002,>
2026-05-08,20:23:13.472902,IP,172.20.0.10.5002,>
2026-05-08,20:23:13.473419,IP,172.20.0.20.46413,>
2026-05-08,20:23:13.473435,IP,172.20.0.10.5002,>
2026-05-08,20:23:13.473710,IP,172.20.0.10.5002,>
2026-05-08,20:23:13.474189,IP,172.20.0.20.46413,>
2026-05-08,20:23:13.474451,IP,172.20.0.10.5002,>
2026-05-08,20:23:13.474573,IP,172.20.0.20.46413,>
2026-05-08,20:23:13.474623,IP,172.20.0.10.5002,>
2026-05-08,20:23:13.475054,IP,172.20.0.20.46413,>
2026-05-08,20:23:13.475485,IP,172.20.0.20.46413,>
2026-05-08,20:23:13.475886,IP,172.20.0.20.46413,>
2026-05-08,20:23:13.482217,IP,172.20.0.10.5002,>
2026-05-08,20:23:13.482682,IP,172.20.0.10.5002,>
2026-05-08,20:23:13.482841,IP,172.20.0.20.46413,>
2026-05-08,20:23:13.483229,IP,172.20.0.20.46413,>
2026-05-08,20:23:13.483676,IP,172.20.0.10.5002,>
2026-05-08,20:23:13.484127,IP,172.20.0.20.46413,>
2026-05-08,20:23:13.484540,IP,172.20.0.10.5002,>
2026-05-08,20:23:13.485003,IP,172.20.0.20.46413,>
2026-05-08,20:23:13.485068,IP,172.20.0.10.5002,>
2026-05-08,20:23:13.485257,IP,172.20.0.10.5002,>
2026-05-08,20:23:13.485683,IP,172.20.0.10.5002,>
2026-05-08,20:23:13.485716,IP,172.20.0.20.46413,>
2026-05-08,20:23:13.486043,IP,172.20.0.10.5002,>
2026-05-08,20:23:13.486323,IP,172.20.0.20.46413,>
2026-05-08,20:23:13.486578,IP,172.20.0.20.46413,>
2026-05-08,20:23:13.486978,IP,172.20.0.20.46413,>
2026-05-08,20:23:13.493143,IP,172.20.0.10.5002,>
2026-05-08,20:23:13.493435,IP,172.20.0.10.5002,>
2026-05-08,20:23:13.493554,IP,172.20.0.20.46413,>
2026-05-08,20:23:13.493951,IP,172.20.0.20.46413,>
2026-05-08,20:23:13.494288,IP,172.20.0.10.5002,>
2026-05-08,20:23:13.494668,IP,172.20.0.20.46413,>
2026-05-08,20:23:13.495255,IP,172.20.0.10.5002,>
2026-05-08,20:23:13.495722,IP,172.20.0.20.46413,>
2026-05-08,20:23:13.496124,IP,172.20.0.10.5002,>
2026-05-08,20:23:13.496624,IP,172.20.0.10.5002,>
2026-05-08,20:23:13.496939,IP,172.20.0.10.5002,>
2026-05-08,20:23:13.497256,IP,172.20.0.10.5002,>
2026-05-08,20:23:13.498026,IP,172.20.0.20.46413,>
2026-05-08,20:23:13.498436,IP,172.20.0.20.46413,>
2026-05-08,20:23:13.498857,IP,172.20.0.20.46413,>
2026-05-08,20:23:13.499230,IP,172.20.0.20.46413,>
2026-05-08,20:23:13.504174,IP,172.20.0.10.5002,>
2026-05-08,20:23:13.504303,IP,172.20.0.10.5002,>
2026-05-08,20:23:13.504680,IP,172.20.0.20.46413,>
2026-05-08,20:23:13.504924,IP,172.20.0.10.5002,>
2026-05-08,20:23:13.505146,IP,172.20.0.20.46413,>
2026-05-08,20:23:13.505522,IP,172.20.0.20.46413,>
2026-05-08,20:23:13.507679,IP,172.20.0.10.5002,>
2026-05-08,20:23:13.508092,IP,172.20.0.20.46413,>
2026-05-08,20:23:13.508349,IP,172.20.0.10.5002,>
2026-05-08,20:23:13.508740,IP,172.20.0.20.46413,>
2026-05-08,20:23:13.508822,IP,172.20.0.10.5002,>
2026-05-08,20:23:13.509259,IP,172.20.0.20.46413,>
2026-05-08,20:23:13.509681,IP,172.20.0.10.5002,>
2026-05-08,20:23:13.509896,IP,172.20.0.10.5002,>
2026-05-08,20:23:13.510381,IP,172.20.0.20.46413,>
2026-05-08,20:23:13.511012,IP,172.20.0.20.46413,>
2026-05-08,20:23:13.515164,IP,172.20.0.10.5002,>
2026-05-08,20:23:13.515369,IP,172.20.0.10.5002,>
2026-05-08,20:23:13.515577,IP,172.20.0.20.46413,>
2026-05-08,20:23:13.515684,IP,172.20.0.10.5002,>
2026-05-08,20:23:13.515911,IP,172.20.0.20.46413,>
2026-05-08,20:23:13.516138,IP,172.20.0.20.46413,>
2026-05-08,20:23:13.518272,IP,172.20.0.10.5002,>
2026-05-08,20:23:13.518674,IP,172.20.0.20.46413,>
2026-05-08,20:23:13.519076,IP,172.20.0.10.5002,>
2026-05-08,20:23:13.519456,IP,172.20.0.10.5002,>
2026-05-08,20:23:13.519606,IP,172.20.0.20.46413,>
2026-05-08,20:23:13.519920,IP,172.20.0.20.46413,>
2026-05-08,20:23:13.520586,IP,172.20.0.10.5002,>
2026-05-08,20:23:13.521056,IP,172.20.0.20.46413,>
2026-05-08,20:23:13.521252,IP,172.20.0.10.5002,>
2026-05-08,20:23:13.521806,IP,172.20.0.20.46413,>
2026-05-08,20:23:13.526054,IP,172.20.0.10.5002,>
2026-05-08,20:23:13.526156,IP,172.20.0.10.5002,>
2026-05-08,20:23:13.526288,IP,172.20.0.10.5002,>
2026-05-08,20:23:13.526505,IP,172.20.0.20.46413,>
2026-05-08,20:23:13.526915,IP,172.20.0.20.46413,>
2026-05-08,20:23:13.527291,IP,172.20.0.20.46413,>
2026-05-08,20:23:13.528950,IP,172.20.0.10.5002,>
2026-05-08,20:23:13.529302,IP,172.20.0.20.46413,>
2026-05-08,20:23:13.530006,IP,172.20.0.10.5002,>
2026-05-08,20:23:13.530200,IP,172.20.0.10.5002,>
2026-05-08,20:23:13.530692,IP,172.20.0.20.46413,>
2026-05-08,20:23:13.531221,IP,172.20.0.20.46413,>
2026-05-08,20:23:13.531386,IP,172.20.0.10.5002,>
2026-05-08,20:23:13.531670,IP,172.20.0.20.46413,>
2026-05-08,20:23:13.532043,IP,172.20.0.10.5002,>
2026-05-08,20:23:13.532456,IP,172.20.0.20.46413,>
2026-05-08,20:23:13.536901,IP,172.20.0.10.5002,>
2026-05-08,20:23:13.537252,IP,172.20.0.10.5002,>
2026-05-08,20:23:13.537317,IP,172.20.0.20.46413,>
2026-05-08,20:23:13.537522,IP,172.20.0.10.5002,>
2026-05-08,20:23:13.537594,IP,172.20.0.20.46413,>
2026-05-08,20:23:13.537859,IP,172.20.0.20.46413,>
2026-05-08,20:23:13.539581,IP,172.20.0.10.5002,>
2026-05-08,20:23:13.539932,IP,172.20.0.20.46413,>
2026-05-08,20:23:13.540973,IP,172.20.0.10.5002,>
2026-05-08,20:23:13.541353,IP,172.20.0.20.46413,>
2026-05-08,20:23:13.541456,IP,172.20.0.10.5002,>
2026-05-08,20:23:13.541836,IP,172.20.0.20.46413,>
2026-05-08,20:23:13.542118,IP,172.20.0.10.5002,>
2026-05-08,20:23:13.542400,IP,172.20.0.20.46413,>
2026-05-08,20:23:13.542631,IP,172.20.0.10.5002,>
2026-05-08,20:23:13.543068,IP,172.20.0.20.46413,>
2026-05-08,20:23:13.547672,IP,172.20.0.10.5002,>
2026-05-08,20:23:13.547755,IP,172.20.0.10.5002,>
2026-05-08,20:23:13.548098,IP,172.20.0.20.46413,>
2026-05-08,20:23:13.548150,IP,172.20.0.10.5002,>
2026-05-08,20:23:13.548384,IP,172.20.0.20.46413,>
2026-05-08,20:23:13.548623,IP,172.20.0.20.46413,>
2026-05-08,20:23:13.550130,IP,172.20.0.10.5002,>
2026-05-08,20:23:13.550496,IP,172.20.0.20.46413,>
2026-05-08,20:23:13.551726,IP,172.20.0.10.5002,>
2026-05-08,20:23:13.552061,IP,172.20.0.10.5002,>
2026-05-08,20:23:13.552073,IP,172.20.0.20.46413,>
2026-05-08,20:23:13.552327,IP,172.20.0.20.46413,>
2026-05-08,20:23:13.552569,IP,172.20.0.10.5002,>
2026-05-08,20:23:13.553184,IP,172.20.0.20.46413,>
2026-05-08,20:23:13.553413,IP,172.20.0.10.5002,>
2026-05-08,20:23:13.553813,IP,172.20.0.20.46413,>
2026-05-08,20:23:13.558386,IP,172.20.0.10.5002,>
2026-05-08,20:23:13.558595,IP,172.20.0.10.5002,>
2026-05-08,20:23:13.558778,IP,172.20.0.10.5002,>
2026-05-08,20:23:13.558821,IP,172.20.0.20.46413,>
2026-05-08,20:23:13.559179,IP,172.20.0.20.46413,>
2026-05-08,20:23:13.559441,IP,172.20.0.20.46413,>
2026-05-08,20:23:13.560706,IP,172.20.0.10.5002,>
2026-05-08,20:23:13.561138,IP,172.20.0.20.46413,>
2026-05-08,20:23:13.562374,IP,172.20.0.10.5002,>
2026-05-08,20:23:13.562751,IP,172.20.0.10.5002,>
2026-05-08,20:23:13.562819,IP,172.20.0.20.46413,>
2026-05-08,20:23:13.563096,IP,172.20.0.20.46413,>
2026-05-08,20:23:13.563384,IP,172.20.0.10.5002,>
2026-05-08,20:23:13.564002,IP,172.20.0.10.5002,>
2026-05-08,20:23:13.564053,IP,172.20.0.20.46413,>
2026-05-08,20:23:13.564331,IP,172.20.0.20.46413,>
2026-05-08,20:23:13.569194,IP,172.20.0.10.5002,>
2026-05-08,20:23:13.569384,IP,172.20.0.10.5002,>
2026-05-08,20:23:13.569608,IP,172.20.0.20.46413,>
2026-05-08,20:23:13.569843,IP,172.20.0.10.5002,>
2026-05-08,20:23:13.570085,IP,172.20.0.20.46413,>
2026-05-08,20:23:13.570347,IP,172.20.0.20.46413,>
2026-05-08,20:23:13.571366,IP,172.20.0.10.5002,>
2026-05-08,20:23:13.571717,IP,172.20.0.20.46413,>
2026-05-08,20:23:13.573173,IP,172.20.0.10.5002,>
2026-05-08,20:23:13.573479,IP,172.20.0.20.46413,>
2026-05-08,20:23:13.573510,IP,172.20.0.10.5002,>
2026-05-08,20:23:13.573742,IP,172.20.0.20.46413,>
2026-05-08,20:23:13.574228,IP,172.20.0.10.5002,>
2026-05-08,20:23:13.574492,IP,172.20.0.10.5002,>
2026-05-08,20:23:13.574547,IP,172.20.0.20.46413,>
2026-05-08,20:23:13.574773,IP,172.20.0.20.46413,>
2026-05-08,20:23:13.580018,IP,172.20.0.10.5002,>
2026-05-08,20:23:13.580289,IP,172.20.0.10.5002,>
2026-05-08,20:23:13.580538,IP,172.20.0.20.46413,>
2026-05-08,20:23:13.580572,IP,172.20.0.10.5002,>
2026-05-08,20:23:13.580872,IP,172.20.0.20.46413,>
2026-05-08,20:23:13.581167,IP,172.20.0.20.46413,>
2026-05-08,20:23:13.581942,IP,172.20.0.10.5002,>
2026-05-08,20:23:13.582300,IP,172.20.0.20.46413,>
2026-05-08,20:23:13.583898,IP,172.20.0.10.5002,>
2026-05-08,20:23:13.584081,IP,172.20.0.10.5002,>
2026-05-08,20:23:13.584252,IP,172.20.0.20.46413,>
2026-05-08,20:23:13.584531,IP,172.20.0.20.46413,>
2026-05-08,20:23:13.585349,IP,172.20.0.10.5002,>
2026-05-08,20:23:13.585427,IP,172.20.0.10.5002,>
2026-05-08,20:23:13.585734,IP,172.20.0.20.46413,>
2026-05-08,20:23:13.586081,IP,172.20.0.20.46413,>
2026-05-08,20:23:13.590939,IP,172.20.0.10.5002,>
2026-05-08,20:23:13.591083,IP,172.20.0.10.5002,>
2026-05-08,20:23:13.591336,IP,172.20.0.10.5002,>
2026-05-08,20:23:13.591464,IP,172.20.0.20.46413,>
2026-05-08,20:23:13.592087,IP,172.20.0.20.46413,>
2026-05-08,20:23:13.592530,IP,172.20.0.10.5002,>
2026-05-08,20:23:13.593176,IP,172.20.0.20.46413,>
2026-05-08,20:23:13.593605,IP,172.20.0.20.46413,>
2026-05-08,20:23:13.594525,IP,172.20.0.10.5002,>
2026-05-08,20:23:13.594682,IP,172.20.0.10.5002,>
2026-05-08,20:23:13.595642,IP,172.20.0.20.46413,>
2026-05-08,20:23:13.596000,IP,172.20.0.10.5002,>
2026-05-08,20:23:13.596302,IP,172.20.0.10.5002,>
2026-05-08,20:23:13.596353,IP,172.20.0.20.46413,>
2026-05-08,20:23:13.596877,IP,172.20.0.20.46413,>
2026-05-08,20:23:13.597610,IP,172.20.0.20.46413,>
2026-05-08,20:23:13.601823,IP,172.20.0.10.5002,>
2026-05-08,20:23:13.602330,IP,172.20.0.20.46413,>
2026-05-08,20:23:13.602753,IP,172.20.0.10.5002,>
2026-05-08,20:23:13.603286,IP,172.20.0.20.46413,>
2026-05-08,20:23:13.603399,IP,172.20.0.10.5002,>
2026-05-08,20:23:13.603858,IP,172.20.0.10.5002,>
2026-05-08,20:23:13.603902,IP,172.20.0.20.46413,>
2026-05-08,20:23:13.604310,IP,172.20.0.20.46413,>
2026-05-08,20:23:13.606045,IP,172.20.0.10.5002,>
2026-05-08,20:23:13.606436,IP,172.20.0.20.46413,>
2026-05-08,20:23:13.606604,IP,172.20.0.10.5002,>
2026-05-08,20:23:13.607107,IP,172.20.0.20.46413,>
2026-05-08,20:23:13.607115,IP,172.20.0.10.5002,>
2026-05-08,20:23:13.607500,IP,172.20.0.20.46413,>
2026-05-08,20:23:13.607845,IP,172.20.0.10.5002,>
2026-05-08,20:23:13.608215,IP,172.20.0.20.46413,>
2026-05-08,20:23:13.612687,IP,172.20.0.10.5002,>
2026-05-08,20:23:13.613063,IP,172.20.0.20.46413,>
2026-05-08,20:23:13.613669,IP,172.20.0.10.5002,>
2026-05-08,20:23:13.614117,IP,172.20.0.20.46413,>
2026-05-08,20:23:13.614193,IP,172.20.0.10.5002,>
2026-05-08,20:23:13.614544,IP,172.20.0.10.5002,>
2026-05-08,20:23:13.614759,IP,172.20.0.20.46413,>
2026-05-08,20:23:13.615043,IP,172.20.0.20.46413,>
2026-05-08,20:23:13.616916,IP,172.20.0.10.5002,>
2026-05-08,20:23:13.617284,IP,172.20.0.20.46413,>
2026-05-08,20:23:13.617376,IP,172.20.0.10.5002,>
2026-05-08,20:23:13.617671,IP,172.20.0.20.46413,>
2026-05-08,20:23:13.617710,IP,172.20.0.10.5002,>
2026-05-08,20:23:13.618105,IP,172.20.0.20.46413,>
2026-05-08,20:23:13.618387,IP,172.20.0.10.5002,>
2026-05-08,20:23:13.618718,IP,172.20.0.20.46413,>
2026-05-08,20:23:13.623382,IP,172.20.0.10.5002,>
2026-05-08,20:23:13.623777,IP,172.20.0.20.46413,>
2026-05-08,20:23:13.624411,IP,172.20.0.10.5002,>
2026-05-08,20:23:13.624810,IP,172.20.0.20.46413,>
2026-05-08,20:23:13.624999,IP,172.20.0.10.5002,>
2026-05-08,20:23:13.625245,IP,172.20.0.10.5002,>
2026-05-08,20:23:13.625486,IP,172.20.0.20.46413,>
2026-05-08,20:23:13.625980,IP,172.20.0.20.46413,>
2026-05-08,20:23:13.627627,IP,172.20.0.10.5002,>
2026-05-08,20:23:13.628023,IP,172.20.0.20.46413,>
2026-05-08,20:23:13.628239,IP,172.20.0.10.5002,>
2026-05-08,20:23:13.628313,IP,172.20.0.10.5002,>
2026-05-08,20:23:13.628611,IP,172.20.0.20.46413,>
2026-05-08,20:23:13.628882,IP,172.20.0.20.46413,>
2026-05-08,20:23:13.629045,IP,172.20.0.10.5002,>
2026-05-08,20:23:13.629316,IP,172.20.0.20.46413,>
2026-05-08,20:23:13.634106,IP,172.20.0.10.5002,>
2026-05-08,20:23:13.634456,IP,172.20.0.20.46413,>
2026-05-08,20:23:13.635070,IP,172.20.0.10.5002,>
2026-05-08,20:23:13.635420,IP,172.20.0.20.46413,>
2026-05-08,20:23:13.635737,IP,172.20.0.10.5002,>
2026-05-08,20:23:13.636108,IP,172.20.0.20.46413,>
2026-05-08,20:23:13.636196,IP,172.20.0.10.5002,>
2026-05-08,20:23:13.636501,IP,172.20.0.20.46413,>
2026-05-08,20:23:13.642489,IP,172.20.0.10.5002,>
2026-05-08,20:23:13.642497,IP,172.20.0.10.5002,>
2026-05-08,20:23:13.642499,IP,172.20.0.10.5002,>
2026-05-08,20:23:13.642501,IP,172.20.0.10.5002,>
2026-05-08,20:23:13.643211,IP,172.20.0.20.46413,>
2026-05-08,20:23:13.643603,IP,172.20.0.20.46413,>
2026-05-08,20:23:13.644039,IP,172.20.0.20.46413,>
2026-05-08,20:23:13.644421,IP,172.20.0.20.46413,>
2026-05-08,20:23:13.644723,IP,172.20.0.10.5002,>
2026-05-08,20:23:13.645224,IP,172.20.0.20.46413,>
2026-05-08,20:23:13.645604,IP,172.20.0.10.5002,>
2026-05-08,20:23:13.646094,IP,172.20.0.20.46413,>
2026-05-08,20:23:13.646362,IP,172.20.0.10.5002,>
2026-05-08,20:23:13.646657,IP,172.20.0.10.5002,>
2026-05-08,20:23:13.646725,IP,172.20.0.20.46413,>
2026-05-08,20:23:13.647121,IP,172.20.0.20.46413,>
2026-05-08,20:23:13.653526,IP,172.20.0.10.5002,>
2026-05-08,20:23:13.653935,IP,172.20.0.10.5002,>
2026-05-08,20:23:13.654093,IP,172.20.0.20.46413,>
2026-05-08,20:23:13.654591,IP,172.20.0.20.46413,>
2026-05-08,20:23:13.654636,IP,172.20.0.10.5002,>
2026-05-08,20:23:13.654845,IP,172.20.0.10.5002,>
2026-05-08,20:23:13.655239,IP,172.20.0.20.46413,>
2026-05-08,20:23:13.655573,IP,172.20.0.20.46413,>
2026-05-08,20:23:13.655586,IP,172.20.0.10.5002,>
2026-05-08,20:23:13.656056,IP,172.20.0.20.46413,>
2026-05-08,20:23:13.656360,IP,172.20.0.10.5002,>
2026-05-08,20:23:13.656716,IP,172.20.0.20.46413,>
2026-05-08,20:23:13.656967,IP,172.20.0.10.5002,>
2026-05-08,20:23:13.657333,IP,172.20.0.10.5002,>
2026-05-08,20:23:13.657351,IP,172.20.0.20.46413,>
2026-05-08,20:23:13.657754,IP,172.20.0.20.46413,>
2026-05-08,20:23:13.664363,IP,172.20.0.10.5002,>
2026-05-08,20:23:13.664773,IP,172.20.0.10.5002,>
2026-05-08,20:23:13.664818,IP,172.20.0.20.46413,>
2026-05-08,20:23:13.665175,IP,172.20.0.20.46413,>
2026-05-08,20:23:13.665458,IP,172.20.0.10.5002,>
2026-05-08,20:23:13.665741,IP,172.20.0.10.5002,>
2026-05-08,20:23:13.665923,IP,172.20.0.20.46413,>
2026-05-08,20:23:13.666364,IP,172.20.0.20.46413,>
2026-05-08,20:23:13.666392,IP,172.20.0.10.5002,>
2026-05-08,20:23:13.666745,IP,172.20.0.20.46413,>
2026-05-08,20:23:13.667010,IP,172.20.0.10.5002,>
2026-05-08,20:23:13.667423,IP,172.20.0.20.46413,>
2026-05-08,20:23:13.667991,IP,172.20.0.10.5002,>
2026-05-08,20:23:13.668084,IP,172.20.0.10.5002,>
2026-05-08,20:23:13.668447,IP,172.20.0.20.46413,>
2026-05-08,20:23:13.668910,IP,172.20.0.20.46413,>
2026-05-08,20:23:13.675111,IP,172.20.0.10.5002,>
2026-05-08,20:23:13.675374,IP,172.20.0.10.5002,>
2026-05-08,20:23:13.675682,IP,172.20.0.20.46413,>
2026-05-08,20:23:13.676199,IP,172.20.0.10.5002,>
2026-05-08,20:23:13.676256,IP,172.20.0.20.46413,>
2026-05-08,20:23:13.676596,IP,172.20.0.10.5002,>
2026-05-08,20:23:13.676989,IP,172.20.0.20.46413,>
2026-05-08,20:23:13.677142,IP,172.20.0.10.5002,>
2026-05-08,20:23:13.677413,IP,172.20.0.20.46413,>
2026-05-08,20:23:13.677610,IP,172.20.0.10.5002,>
2026-05-08,20:23:13.678174,IP,172.20.0.20.46413,>
2026-05-08,20:23:13.678535,IP,172.20.0.20.46413,>
2026-05-08,20:23:13.678919,IP,172.20.0.10.5002,>
2026-05-08,20:23:13.679065,IP,172.20.0.10.5002,>
2026-05-08,20:23:13.679336,IP,172.20.0.20.46413,>
2026-05-08,20:23:13.679761,IP,172.20.0.20.46413,>
2026-05-08,20:23:13.686099,IP,172.20.0.10.5002,>
2026-05-08,20:23:13.686510,IP,172.20.0.20.46413,>
2026-05-08,20:23:13.686755,IP,172.20.0.10.5002,>
2026-05-08,20:23:13.687259,IP,172.20.0.10.5002,>
2026-05-08,20:23:13.687330,IP,172.20.0.20.46413,>
2026-05-08,20:23:13.687602,IP,172.20.0.20.46413,>
2026-05-08,20:23:13.687624,IP,172.20.0.10.5002,>
2026-05-08,20:23:13.687998,IP,172.20.0.20.46413,>
2026-05-08,20:23:13.688431,IP,172.20.0.10.5002,>
2026-05-08,20:23:13.688693,IP,172.20.0.10.5002,>
2026-05-08,20:23:13.688961,IP,172.20.0.20.46413,>
2026-05-08,20:23:13.689419,IP,172.20.0.20.46413,>
2026-05-08,20:23:13.689552,IP,172.20.0.10.5002,>
2026-05-08,20:23:13.689960,IP,172.20.0.10.5002,>
2026-05-08,20:23:13.690121,IP,172.20.0.20.46413,>
2026-05-08,20:23:13.690594,IP,172.20.0.20.46413,>
2026-05-08,20:23:13.696896,IP,172.20.0.10.5002,>
2026-05-08,20:23:13.697274,IP,172.20.0.20.46413,>
2026-05-08,20:23:13.697496,IP,172.20.0.10.5002,>
2026-05-08,20:23:13.697831,IP,172.20.0.10.5002,>
2026-05-08,20:23:13.697922,IP,172.20.0.20.46413,>
2026-05-08,20:23:13.698151,IP,172.20.0.10.5002,>
2026-05-08,20:23:13.698229,IP,172.20.0.20.46413,>
2026-05-08,20:23:13.698463,IP,172.20.0.20.46413,>
2026-05-08,20:23:13.699304,IP,172.20.0.10.5002,>
2026-05-08,20:23:13.699706,IP,172.20.0.20.46413,>
2026-05-08,20:23:13.699725,IP,172.20.0.10.5002,>
2026-05-08,20:23:13.700003,IP,172.20.0.20.46413,>
2026-05-08,20:23:13.700312,IP,172.20.0.10.5002,>
2026-05-08,20:23:13.700718,IP,172.20.0.20.46413,>
2026-05-08,20:23:13.700816,IP,172.20.0.10.5002,>
2026-05-08,20:23:13.701133,IP,172.20.0.20.46413,>
2026-05-08,20:23:13.707665,IP,172.20.0.10.5002,>
2026-05-08,20:23:13.708057,IP,172.20.0.20.46413,>
2026-05-08,20:23:13.708105,IP,172.20.0.10.5002,>
2026-05-08,20:23:13.708377,IP,172.20.0.10.5002,>
2026-05-08,20:23:13.708510,IP,172.20.0.20.46413,>
2026-05-08,20:23:13.708846,IP,172.20.0.10.5002,>
2026-05-08,20:23:13.708866,IP,172.20.0.20.46413,>
2026-05-08,20:23:13.709193,IP,172.20.0.20.46413,>
2026-05-08,20:23:13.710003,IP,172.20.0.10.5002,>
2026-05-08,20:23:13.710170,IP,172.20.0.10.5002,>
2026-05-08,20:23:13.710858,IP,172.20.0.20.46413,>
2026-05-08,20:23:13.710930,IP,172.20.0.10.5002,>
2026-05-08,20:23:13.711156,IP,172.20.0.20.46413,>
2026-05-08,20:23:13.711405,IP,172.20.0.10.5002,>
2026-05-08,20:23:13.711430,IP,172.20.0.20.46413,>
2026-05-08,20:23:13.711706,IP,172.20.0.20.46413,>
2026-05-08,20:23:13.718365,IP,172.20.0.10.5002,>
2026-05-08,20:23:13.718747,IP,172.20.0.10.5002,>
2026-05-08,20:23:13.718856,IP,172.20.0.20.46413,>
2026-05-08,20:23:13.719082,IP,172.20.0.10.5002,>
2026-05-08,20:23:13.719305,IP,172.20.0.20.46413,>
2026-05-08,20:23:13.719368,IP,172.20.0.10.5002,>
2026-05-08,20:23:13.719683,IP,172.20.0.20.46413,>
2026-05-08,20:23:13.719993,IP,172.20.0.20.46413,>
2026-05-08,20:23:13.721215,IP,172.20.0.10.5002,>
2026-05-08,20:23:13.721324,IP,172.20.0.10.5002,>
2026-05-08,20:23:13.721661,IP,172.20.0.10.5002,>
2026-05-08,20:23:13.721998,IP,172.20.0.10.5002,>
2026-05-08,20:23:13.722141,IP,172.20.0.20.46413,>
2026-05-08,20:23:13.722729,IP,172.20.0.20.46413,>
2026-05-08,20:23:13.723059,IP,172.20.0.20.46413,>
2026-05-08,20:23:13.723319,IP,172.20.0.20.46413,>
2026-05-08,20:23:13.729275,IP,172.20.0.10.5002,>
2026-05-08,20:23:13.729541,IP,172.20.0.10.5002,>
2026-05-08,20:23:13.729756,IP,172.20.0.20.46413,>
2026-05-08,20:23:13.729900,IP,172.20.0.10.5002,>
2026-05-08,20:23:13.730174,IP,172.20.0.20.46413,>
2026-05-08,20:23:13.730213,IP,172.20.0.10.5002,>
2026-05-08,20:23:13.731149,IP,172.20.0.20.46413,>
2026-05-08,20:23:13.731563,IP,172.20.0.20.46413,>
2026-05-08,20:23:13.732479,IP,172.20.0.10.5002,>
2026-05-08,20:23:13.732832,IP,172.20.0.20.46413,>
2026-05-08,20:23:13.732930,IP,172.20.0.10.5002,>
2026-05-08,20:23:13.733213,IP,172.20.0.10.5002,>
2026-05-08,20:23:13.733268,IP,172.20.0.20.46413,>
2026-05-08,20:23:13.733516,IP,172.20.0.10.5002,>
2026-05-08,20:23:13.733568,IP,172.20.0.20.46413,>
2026-05-08,20:23:13.733824,IP,172.20.0.20.46413,>
2026-05-08,20:23:13.740163,IP,172.20.0.10.5002,>
2026-05-08,20:23:13.740358,IP,172.20.0.10.5002,>
2026-05-08,20:23:13.740576,IP,172.20.0.20.46413,>
2026-05-08,20:23:13.741003,IP,172.20.0.20.46413,>
2026-05-08,20:23:13.741392,IP,172.20.0.10.5002,>
2026-05-08,20:23:13.741817,IP,172.20.0.10.5002,>
2026-05-08,20:23:13.741853,IP,172.20.0.20.46413,>
2026-05-08,20:23:13.742303,IP,172.20.0.20.46413,>
2026-05-08,20:23:13.743294,IP,172.20.0.10.5002,>
2026-05-08,20:23:13.743531,IP,172.20.0.10.5002,>
2026-05-08,20:23:13.743690,IP,172.20.0.20.46413,>
2026-05-08,20:23:13.744091,IP,172.20.0.20.46413,>
2026-05-08,20:23:13.744564,IP,172.20.0.10.5002,>
2026-05-08,20:23:13.744669,IP,172.20.0.10.5002,>
2026-05-08,20:23:13.745023,IP,172.20.0.20.46413,>
2026-05-08,20:23:13.745431,IP,172.20.0.20.46413,>
2026-05-08,20:23:13.750905,IP,172.20.0.10.5002,>
2026-05-08,20:23:13.751210,IP,172.20.0.10.5002,>
2026-05-08,20:23:13.751339,IP,172.20.0.20.46413,>
2026-05-08,20:23:13.751933,IP,172.20.0.20.46413,>
2026-05-08,20:23:13.752061,IP,172.20.0.10.5002,>
2026-05-08,20:23:13.752380,IP,172.20.0.20.46413,>
2026-05-08,20:23:13.752489,IP,172.20.0.10.5002,>
2026-05-08,20:23:13.752768,IP,172.20.0.20.46413,>
2026-05-08,20:23:13.754012,IP,172.20.0.10.5002,>
2026-05-08,20:23:13.754277,IP,172.20.0.10.5002,>
2026-05-08,20:23:13.754389,IP,172.20.0.20.46413,>
2026-05-08,20:23:13.754631,IP,172.20.0.20.46413,>
2026-05-08,20:23:13.755223,IP,172.20.0.10.5002,>
2026-05-08,20:23:13.755622,IP,172.20.0.10.5002,>
2026-05-08,20:23:13.755643,IP,172.20.0.20.46413,>
2026-05-08,20:23:13.756074,IP,172.20.0.20.46413,>
2026-05-08,20:23:13.761721,IP,172.20.0.10.5002,>
2026-05-08,20:23:13.762201,IP,172.20.0.20.46413,>
2026-05-08,20:23:13.762228,IP,172.20.0.10.5002,>
2026-05-08,20:23:13.762591,IP,172.20.0.20.46413,>
2026-05-08,20:23:13.762661,IP,172.20.0.10.5002,>
2026-05-08,20:23:13.763023,IP,172.20.0.10.5002,>
2026-05-08,20:23:13.763036,IP,172.20.0.20.46413,>
2026-05-08,20:23:13.763316,IP,172.20.0.20.46413,>
2026-05-08,20:23:13.764665,IP,172.20.0.10.5002,>
2026-05-08,20:23:13.764735,IP,172.20.0.10.5002,>
2026-05-08,20:23:13.765042,IP,172.20.0.20.46413,>
2026-05-08,20:23:13.765431,IP,172.20.0.20.46413,>
2026-05-08,20:23:13.765929,IP,172.20.0.10.5002,>
2026-05-08,20:23:13.766259,IP,172.20.0.10.5002,>
2026-05-08,20:23:13.766460,IP,172.20.0.20.46413,>
2026-05-08,20:23:13.766744,IP,172.20.0.20.46413,>
2026-05-08,20:23:13.772594,IP,172.20.0.10.5002,>
2026-05-08,20:23:13.772803,IP,172.20.0.10.5002,>
2026-05-08,20:23:13.773047,IP,172.20.0.20.46413,>
2026-05-08,20:23:13.773278,IP,172.20.0.10.5002,>
2026-05-08,20:23:13.773343,IP,172.20.0.20.46413,>
2026-05-08,20:23:13.773504,IP,172.20.0.10.5002,>
2026-05-08,20:23:13.773734,IP,172.20.0.20.46413,>
2026-05-08,20:23:13.774362,IP,172.20.0.20.46413,>
2026-05-08,20:23:13.775387,IP,172.20.0.10.5002,>
2026-05-08,20:23:13.775633,IP,172.20.0.10.5002,>
2026-05-08,20:23:13.775735,IP,172.20.0.20.46413,>
2026-05-08,20:23:13.776050,IP,172.20.0.20.46413,>
2026-05-08,20:23:13.776660,IP,172.20.0.10.5002,>
2026-05-08,20:23:13.777025,IP,172.20.0.10.5002,>
2026-05-08,20:23:13.777093,IP,172.20.0.20.46413,>
2026-05-08,20:23:13.777502,IP,172.20.0.20.46413,>
2026-05-08,20:23:13.783439,IP,172.20.0.10.5002,>
2026-05-08,20:23:13.783584,IP,172.20.0.10.5002,>
2026-05-08,20:23:13.783826,IP,172.20.0.20.46413,>
2026-05-08,20:23:13.784121,IP,172.20.0.20.46413,>
2026-05-08,20:23:13.784143,IP,172.20.0.10.5002,>
2026-05-08,20:23:13.784408,IP,172.20.0.20.46413,>
2026-05-08,20:23:13.784567,IP,172.20.0.10.5002,>
2026-05-08,20:23:13.785399,IP,172.20.0.20.46413,>
2026-05-08,20:23:13.785997,IP,172.20.0.10.5002,>
2026-05-08,20:23:13.786290,IP,172.20.0.10.5002,>
2026-05-08,20:23:13.786357,IP,172.20.0.20.46413,>
2026-05-08,20:23:13.786603,IP,172.20.0.20.46413,>
2026-05-08,20:23:13.787359,IP,172.20.0.10.5002,>
2026-05-08,20:23:13.787689,IP,172.20.0.20.46413,>
2026-05-08,20:23:13.787706,IP,172.20.0.10.5002,>
2026-05-08,20:23:13.788465,IP,172.20.0.20.46413,>
2026-05-08,20:23:13.794143,IP,172.20.0.10.5002,>
2026-05-08,20:23:13.794313,IP,172.20.0.10.5002,>
2026-05-08,20:23:13.794548,IP,172.20.0.10.5002,>
2026-05-08,20:23:13.794600,IP,172.20.0.20.46413,>
2026-05-08,20:23:13.794932,IP,172.20.0.20.46413,>
2026-05-08,20:23:13.795592,IP,172.20.0.10.5002,>
2026-05-08,20:23:13.795624,IP,172.20.0.20.46413,>
2026-05-08,20:23:13.796239,IP,172.20.0.20.46413,>
2026-05-08,20:23:13.796673,IP,172.20.0.10.5002,>
2026-05-08,20:23:13.796746,IP,172.20.0.10.5002,>
2026-05-08,20:23:13.797197,IP,172.20.0.20.46413,>
2026-05-08,20:23:13.797481,IP,172.20.0.20.46413,>
2026-05-08,20:23:13.797898,IP,172.20.0.10.5002,>
2026-05-08,20:23:13.798237,IP,172.20.0.20.46413,>
2026-05-08,20:23:13.798689,IP,172.20.0.10.5002,>
2026-05-08,20:23:13.799096,IP,172.20.0.20.46413,>
2026-05-08,20:23:13.804985,IP,172.20.0.10.5002,>
2026-05-08,20:23:13.805149,IP,172.20.0.10.5002,>
2026-05-08,20:23:13.805400,IP,172.20.0.20.46413,>
2026-05-08,20:23:13.805682,IP,172.20.0.20.46413,>
2026-05-08,20:23:13.805926,IP,172.20.0.10.5002,>
2026-05-08,20:23:13.806308,IP,172.20.0.20.46413,>
2026-05-08,20:23:13.806476,IP,172.20.0.10.5002,>
2026-05-08,20:23:13.806947,IP,172.20.0.20.46413,>
2026-05-08,20:23:13.807446,IP,172.20.0.10.5002,>
2026-05-08,20:23:13.807638,IP,172.20.0.10.5002,>
2026-05-08,20:23:13.807848,IP,172.20.0.20.46413,>
2026-05-08,20:23:13.808109,IP,172.20.0.20.46413,>
2026-05-08,20:23:13.808397,IP,172.20.0.10.5002,>
2026-05-08,20:23:13.808770,IP,172.20.0.20.46413,>
2026-05-08,20:23:13.809242,IP,172.20.0.10.5002,>
2026-05-08,20:23:13.809557,IP,172.20.0.20.46413,>
2026-05-08,20:23:13.815710,IP,172.20.0.10.5002,>
2026-05-08,20:23:13.815840,IP,172.20.0.10.5002,>
2026-05-08,20:23:13.816112,IP,172.20.0.20.46413,>
2026-05-08,20:23:13.816377,IP,172.20.0.20.46413,>
2026-05-08,20:23:13.816546,IP,172.20.0.10.5002,>
2026-05-08,20:23:13.817163,IP,172.20.0.10.5002,>
2026-05-08,20:23:13.817329,IP,172.20.0.20.46413,>
2026-05-08,20:23:13.817633,IP,172.20.0.20.46413,>
2026-05-08,20:23:13.818374,IP,172.20.0.10.5002,>
2026-05-08,20:23:13.818534,IP,172.20.0.10.5002,>
2026-05-08,20:23:13.818742,IP,172.20.0.20.46413,>
2026-05-08,20:23:13.818967,IP,172.20.0.10.5002,>
2026-05-08,20:23:13.819097,IP,172.20.0.20.46413,>
2026-05-08,20:23:13.819366,IP,172.20.0.20.46413,>
2026-05-08,20:23:13.819797,IP,172.20.0.10.5002,>
2026-05-08,20:23:13.820109,IP,172.20.0.20.46413,>
2026-05-08,20:23:13.826467,IP,172.20.0.10.5002,>
2026-05-08,20:23:13.826607,IP,172.20.0.10.5002,>
2026-05-08,20:23:13.826928,IP,172.20.0.20.46413,>
2026-05-08,20:23:13.827171,IP,172.20.0.20.46413,>
2026-05-08,20:23:13.827563,IP,172.20.0.10.5002,>
2026-05-08,20:23:13.827868,IP,172.20.0.20.46413,>
2026-05-08,20:23:13.828000,IP,172.20.0.10.5002,>
2026-05-08,20:23:13.828539,IP,172.20.0.20.46413,>
2026-05-08,20:23:13.829056,IP,172.20.0.10.5002,>
2026-05-08,20:23:13.829399,IP,172.20.0.10.5002,>
2026-05-08,20:23:13.829545,IP,172.20.0.10.5002,>
2026-05-08,20:23:13.829757,IP,172.20.0.20.46413,>
2026-05-08,20:23:13.830099,IP,172.20.0.20.46413,>
2026-05-08,20:23:13.830331,IP,172.20.0.20.46413,>
2026-05-08,20:23:13.830363,IP,172.20.0.10.5002,>
2026-05-08,20:23:13.830602,IP,172.20.0.20.46413,>
2026-05-08,20:23:13.837253,IP,172.20.0.10.5002,>
2026-05-08,20:23:13.837388,IP,172.20.0.10.5002,>
2026-05-08,20:23:13.837667,IP,172.20.0.20.46413,>
2026-05-08,20:23:13.838088,IP,172.20.0.10.5002,>
2026-05-08,20:23:13.838179,IP,172.20.0.20.46413,>
2026-05-08,20:23:13.838549,IP,172.20.0.20.46413,>
2026-05-08,20:23:13.838745,IP,172.20.0.10.5002,>
2026-05-08,20:23:13.839033,IP,172.20.0.20.46413,>
2026-05-08,20:23:13.840088,IP,172.20.0.10.5002,>
2026-05-08,20:23:13.840308,IP,172.20.0.10.5002,>
2026-05-08,20:23:13.840477,IP,172.20.0.10.5002,>
2026-05-08,20:23:13.840676,IP,172.20.0.20.46413,>
2026-05-08,20:23:13.840746,IP,172.20.0.10.5002,>
2026-05-08,20:23:13.841048,IP,172.20.0.20.46413,>
2026-05-08,20:23:13.841361,IP,172.20.0.20.46413,>
2026-05-08,20:23:13.841598,IP,172.20.0.20.46413,>
2026-05-08,20:23:13.848200,IP,172.20.0.10.5002,>
2026-05-08,20:23:13.848440,IP,172.20.0.10.5002,>
2026-05-08,20:23:13.848819,IP,172.20.0.20.46413,>
2026-05-08,20:23:13.848842,IP,172.20.0.10.5002,>
2026-05-08,20:23:13.849247,IP,172.20.0.10.5002,>
2026-05-08,20:23:13.849498,IP,172.20.0.20.46413,>
2026-05-08,20:23:13.850193,IP,172.20.0.20.46413,>
2026-05-08,20:23:13.850560,IP,172.20.0.20.46413,>
2026-05-08,20:23:13.851030,IP,172.20.0.10.5002,>
2026-05-08,20:23:13.851272,IP,172.20.0.10.5002,>
2026-05-08,20:23:13.851429,IP,172.20.0.20.46413,>
2026-05-08,20:23:13.851555,IP,172.20.0.10.5002,>
2026-05-08,20:23:13.851799,IP,172.20.0.20.46413,>
2026-05-08,20:23:13.852058,IP,172.20.0.20.46413,>
2026-05-08,20:23:13.852122,IP,172.20.0.10.5002,>
2026-05-08,20:23:13.852394,IP,172.20.0.20.46413,>
2026-05-08,20:23:13.859139,IP,172.20.0.10.5002,>
2026-05-08,20:23:13.859546,IP,172.20.0.20.46413,>
2026-05-08,20:23:13.859692,IP,172.20.0.10.5002,>
2026-05-08,20:23:13.860121,IP,172.20.0.20.46413,>
2026-05-08,20:23:13.860438,IP,172.20.0.10.5002,>
2026-05-08,20:23:13.860810,IP,172.20.0.10.5002,>
2026-05-08,20:23:13.860837,IP,172.20.0.20.46413,>
2026-05-08,20:23:13.861155,IP,172.20.0.20.46413,>
2026-05-08,20:23:13.861743,IP,172.20.0.10.5002,>
2026-05-08,20:23:13.861954,IP,172.20.0.10.5002,>
2026-05-08,20:23:13.862205,IP,172.20.0.10.5002,>
2026-05-08,20:23:13.862458,IP,172.20.0.20.46413,>
2026-05-08,20:23:13.862639,IP,172.20.0.10.5002,>
2026-05-08,20:23:13.862802,IP,172.20.0.20.46413,>
2026-05-08,20:23:13.863144,IP,172.20.0.20.46413,>
2026-05-08,20:23:13.863602,IP,172.20.0.20.46413,>
2026-05-08,20:23:13.869927,IP,172.20.0.10.5002,>
2026-05-08,20:23:13.870312,IP,172.20.0.10.5002,>
2026-05-08,20:23:13.870333,IP,172.20.0.20.46413,>
2026-05-08,20:23:13.870609,IP,172.20.0.20.46413,>
2026-05-08,20:23:13.871104,IP,172.20.0.10.5002,>
2026-05-08,20:23:13.871378,IP,172.20.0.10.5002,>
2026-05-08,20:23:13.871540,IP,172.20.0.20.46413,>
2026-05-08,20:23:13.871969,IP,172.20.0.20.46413,>
2026-05-08,20:23:13.872819,IP,172.20.0.10.5002,>
2026-05-08,20:23:13.873001,IP,172.20.0.10.5002,>
2026-05-08,20:23:13.873144,IP,172.20.0.20.46413,>
2026-05-08,20:23:13.873439,IP,172.20.0.20.46413,>
2026-05-08,20:23:13.873520,IP,172.20.0.10.5002,>
2026-05-08,20:23:13.873761,IP,172.20.0.10.5002,>
2026-05-08,20:23:13.874070,IP,172.20.0.20.46413,>
2026-05-08,20:23:13.874318,IP,172.20.0.20.46413,>
2026-05-08,20:23:13.880649,IP,172.20.0.10.5002,>
2026-05-08,20:23:13.880732,IP,172.20.0.10.5002,>
2026-05-08,20:23:13.881126,IP,172.20.0.20.46413,>
2026-05-08,20:23:13.881567,IP,172.20.0.20.46413,>
2026-05-08,20:23:13.881740,IP,172.20.0.10.5002,>
2026-05-08,20:23:13.882171,IP,172.20.0.10.5002,>
2026-05-08,20:23:13.882248,IP,172.20.0.20.46413,>
2026-05-08,20:23:13.882654,IP,172.20.0.20.46413,>
2026-05-08,20:23:13.883406,IP,172.20.0.10.5002,>
2026-05-08,20:23:13.883639,IP,172.20.0.10.5002,>
2026-05-08,20:23:13.883966,IP,172.20.0.20.46413,>
2026-05-08,20:23:13.884234,IP,172.20.0.10.5002,>
2026-05-08,20:23:13.884370,IP,172.20.0.20.46413,>
2026-05-08,20:23:13.884496,IP,172.20.0.10.5002,>
2026-05-08,20:23:13.884804,IP,172.20.0.20.46413,>
2026-05-08,20:23:13.885195,IP,172.20.0.20.46413,>
2026-05-08,20:23:13.891413,IP,172.20.0.10.5002,>
2026-05-08,20:23:13.891817,IP,172.20.0.20.46413,>
2026-05-08,20:23:13.891996,IP,172.20.0.10.5002,>
2026-05-08,20:23:13.892437,IP,172.20.0.20.46413,>
2026-05-08,20:23:13.892555,IP,172.20.0.10.5002,>
2026-05-08,20:23:13.892914,IP,172.20.0.10.5002,>
2026-05-08,20:23:13.893089,IP,172.20.0.20.46413,>
2026-05-08,20:23:13.893450,IP,172.20.0.20.46413,>
2026-05-08,20:23:13.894293,IP,172.20.0.10.5002,>
2026-05-08,20:23:13.894568,IP,172.20.0.10.5002,>
2026-05-08,20:23:13.894700,IP,172.20.0.20.46413,>
2026-05-08,20:23:13.895013,IP,172.20.0.10.5002,>
2026-05-08,20:23:13.895130,IP,172.20.0.20.46413,>
2026-05-08,20:23:13.895397,IP,172.20.0.10.5002,>
2026-05-08,20:23:13.895574,IP,172.20.0.20.46413,>
2026-05-08,20:23:13.896024,IP,172.20.0.20.46413,>
2026-05-08,20:23:13.902151,IP,172.20.0.10.5002,>
2026-05-08,20:23:13.902541,IP,172.20.0.20.46413,>
2026-05-08,20:23:13.902637,IP,172.20.0.10.5002,>
2026-05-08,20:23:13.903063,IP,172.20.0.20.46413,>
2026-05-08,20:23:13.903306,IP,172.20.0.10.5002,>
2026-05-08,20:23:13.903736,IP,172.20.0.10.5002,>
2026-05-08,20:23:13.903831,IP,172.20.0.20.46413,>
2026-05-08,20:23:13.904322,IP,172.20.0.20.46413,>
2026-05-08,20:23:13.905112,IP,172.20.0.10.5002,>
2026-05-08,20:23:13.905364,IP,172.20.0.10.5002,>
2026-05-08,20:23:13.905481,IP,172.20.0.20.46413,>
2026-05-08,20:23:13.905829,IP,172.20.0.20.46413,>
2026-05-08,20:23:13.906245,IP,172.20.0.10.5002,>
2026-05-08,20:23:13.906353,IP,172.20.0.10.5002,>
2026-05-08,20:23:13.906617,IP,172.20.0.20.46413,>
2026-05-08,20:23:13.907367,IP,172.20.0.20.46413,>
2026-05-08,20:23:13.912963,IP,172.20.0.10.5002,>
2026-05-08,20:23:13.913334,IP,172.20.0.10.5002,>
2026-05-08,20:23:13.913489,IP,172.20.0.20.46413,>
2026-05-08,20:23:13.913901,IP,172.20.0.20.46413,>
2026-05-08,20:23:13.914312,IP,172.20.0.10.5002,>
2026-05-08,20:23:13.914765,IP,172.20.0.10.5002,>
2026-05-08,20:23:13.915483,IP,172.20.0.20.46413,>
2026-05-08,20:23:13.915916,IP,172.20.0.10.5002,>
2026-05-08,20:23:13.916125,IP,172.20.0.10.5002,>
2026-05-08,20:23:13.916707,IP,172.20.0.20.46413,>
2026-05-08,20:23:13.916895,IP,172.20.0.10.5002,>
2026-05-08,20:23:13.917084,IP,172.20.0.20.46413,>
2026-05-08,20:23:13.917615,IP,172.20.0.10.5002,>
2026-05-08,20:23:13.918046,IP,172.20.0.20.46413,>
2026-05-08,20:23:13.918331,IP,172.20.0.20.46413,>
2026-05-08,20:23:13.918583,IP,172.20.0.20.46413,>
2026-05-08,20:23:13.923850,IP,172.20.0.10.5002,>
2026-05-08,20:23:13.924136,IP,172.20.0.10.5002,>
2026-05-08,20:23:13.924284,IP,172.20.0.20.46413,>
2026-05-08,20:23:13.924956,IP,172.20.0.20.46413,>
2026-05-08,20:23:13.925749,IP,172.20.0.10.5002,>
2026-05-08,20:23:13.926183,IP,172.20.0.20.46413,>
2026-05-08,20:23:13.926988,IP,172.20.0.10.5002,>
2026-05-08,20:23:13.927332,IP,172.20.0.10.5002,>
2026-05-08,20:23:13.927370,IP,172.20.0.20.46413,>
2026-05-08,20:23:13.927947,IP,172.20.0.20.46413,>
2026-05-08,20:23:13.928228,IP,172.20.0.10.5002,>
2026-05-08,20:23:13.928489,IP,172.20.0.10.5002,>
2026-05-08,20:23:13.928704,IP,172.20.0.20.46413,>
2026-05-08,20:23:13.928774,IP,172.20.0.10.5002,>
2026-05-08,20:23:13.929042,IP,172.20.0.20.46413,>
2026-05-08,20:23:13.929353,IP,172.20.0.20.46413,>
2026-05-08,20:23:13.934597,IP,172.20.0.10.5002,>
2026-05-08,20:23:13.935007,IP,172.20.0.20.46413,>
2026-05-08,20:23:13.935101,IP,172.20.0.10.5002,>
2026-05-08,20:23:13.935412,IP,172.20.0.20.46413,>
2026-05-08,20:23:13.936353,IP,172.20.0.10.5002,>
2026-05-08,20:23:13.936684,IP,172.20.0.20.46413,>
2026-05-08,20:23:13.937680,IP,172.20.0.10.5002,>
2026-05-08,20:23:13.938046,IP,172.20.0.20.46413,>
2026-05-08,20:23:13.938206,IP,172.20.0.10.5002,>
2026-05-08,20:23:13.938513,IP,172.20.0.20.46413,>
2026-05-08,20:23:13.939005,IP,172.20.0.10.5002,>
2026-05-08,20:23:13.939232,IP,172.20.0.10.5002,>
2026-05-08,20:23:13.939339,IP,172.20.0.20.46413,>
2026-05-08,20:23:13.939592,IP,172.20.0.20.46413,>
2026-05-08,20:23:13.939675,IP,172.20.0.10.5002,>
2026-05-08,20:23:13.939959,IP,172.20.0.20.46413,>
2026-05-08,20:23:13.945322,IP,172.20.0.10.5002,>
2026-05-08,20:23:13.945602,IP,172.20.0.10.5002,>
2026-05-08,20:23:13.945721,IP,172.20.0.20.46413,>
2026-05-08,20:23:13.946113,IP,172.20.0.20.46413,>
2026-05-08,20:23:13.946898,IP,172.20.0.10.5002,>
2026-05-08,20:23:13.947205,IP,172.20.0.20.46413,>
2026-05-08,20:23:13.948331,IP,172.20.0.10.5002,>
2026-05-08,20:23:13.948629,IP,172.20.0.20.46413,>
2026-05-08,20:23:13.948767,IP,172.20.0.10.5002,>
2026-05-08,20:23:13.949109,IP,172.20.0.20.46413,>
2026-05-08,20:23:13.949734,IP,172.20.0.10.5002,>
2026-05-08,20:23:13.949823,IP,172.20.0.10.5002,>
2026-05-08,20:23:13.950139,IP,172.20.0.10.5002,>
2026-05-08,20:23:13.950179,IP,172.20.0.20.46413,>
2026-05-08,20:23:13.950658,IP,172.20.0.20.46413,>
2026-05-08,20:23:13.950961,IP,172.20.0.20.46413,>
2026-05-08,20:23:13.956059,IP,172.20.0.10.5002,>
2026-05-08,20:23:13.956345,IP,172.20.0.10.5002,>
2026-05-08,20:23:13.956545,IP,172.20.0.20.46413,>
2026-05-08,20:23:13.956957,IP,172.20.0.20.46413,>
2026-05-08,20:23:13.957412,IP,172.20.0.10.5002,>
2026-05-08,20:23:13.957809,IP,172.20.0.20.46413,>
2026-05-08,20:23:13.958895,IP,172.20.0.10.5002,>
2026-05-08,20:23:13.959317,IP,172.20.0.20.46413,>
2026-05-08,20:23:13.959395,IP,172.20.0.10.5002,>
2026-05-08,20:23:13.959715,IP,172.20.0.20.46413,>
2026-05-08,20:23:13.960374,IP,172.20.0.10.5002,>
2026-05-08,20:23:13.960708,IP,172.20.0.20.46413,>
2026-05-08,20:23:13.961002,IP,172.20.0.10.5002,>
2026-05-08,20:23:13.961506,IP,172.20.0.10.5002,>
2026-05-08,20:23:13.961549,IP,172.20.0.20.46413,>
2026-05-08,20:23:13.962128,IP,172.20.0.20.46413,>
2026-05-08,20:23:13.966980,IP,172.20.0.10.5002,>
2026-05-08,20:23:13.967183,IP,172.20.0.10.5002,>
2026-05-08,20:23:13.967439,IP,172.20.0.20.46413,>
2026-05-08,20:23:13.967852,IP,172.20.0.20.46413,>
2026-05-08,20:23:13.968067,IP,172.20.0.10.5002,>
2026-05-08,20:23:13.968485,IP,172.20.0.20.46413,>
2026-05-08,20:23:13.969639,IP,172.20.0.10.5002,>
2026-05-08,20:23:13.970092,IP,172.20.0.10.5002,>
2026-05-08,20:23:13.970154,IP,172.20.0.20.46413,>
2026-05-08,20:23:13.970457,IP,172.20.0.20.46413,>
2026-05-08,20:23:13.970955,IP,172.20.0.10.5002,>
2026-05-08,20:23:13.971389,IP,172.20.0.20.46413,>
2026-05-08,20:23:13.971863,IP,172.20.0.10.5002,>
2026-05-08,20:23:13.972209,IP,172.20.0.20.46413,>
2026-05-08,20:23:13.972395,IP,172.20.0.10.5002,>
2026-05-08,20:23:13.972766,IP,172.20.0.20.46413,>
2026-05-08,20:23:13.977807,IP,172.20.0.10.5002,>
2026-05-08,20:23:13.978110,IP,172.20.0.10.5002,>
2026-05-08,20:23:13.978306,IP,172.20.0.20.46413,>
2026-05-08,20:23:13.978665,IP,172.20.0.20.46413,>
2026-05-08,20:23:13.978703,IP,172.20.0.10.5002,>
2026-05-08,20:23:13.979168,IP,172.20.0.20.46413,>
2026-05-08,20:23:13.980393,IP,172.20.0.10.5002,>
2026-05-08,20:23:13.980796,IP,172.20.0.10.5002,>
2026-05-08,20:23:13.980881,IP,172.20.0.20.46413,>
2026-05-08,20:23:13.981271,IP,172.20.0.20.46413,>
2026-05-08,20:23:13.981604,IP,172.20.0.10.5002,>
2026-05-08,20:23:13.982147,IP,172.20.0.20.46413,>
2026-05-08,20:23:13.982385,IP,172.20.0.10.5002,>
2026-05-08,20:23:13.982942,IP,172.20.0.20.46413,>
2026-05-08,20:23:13.982960,IP,172.20.0.10.5002,>
2026-05-08,20:23:13.983313,IP,172.20.0.20.46413,>
2026-05-08,20:23:13.988721,IP,172.20.0.10.5002,>
2026-05-08,20:23:13.988882,IP,172.20.0.10.5002,>
2026-05-08,20:23:13.989137,IP,172.20.0.20.46413,>
2026-05-08,20:23:13.989353,IP,172.20.0.10.5002,>
2026-05-08,20:23:13.989520,IP,172.20.0.20.46413,>
2026-05-08,20:23:13.990159,IP,172.20.0.20.46413,>
2026-05-08,20:23:13.991111,IP,172.20.0.10.5002,>
2026-05-08,20:23:13.991530,IP,172.20.0.10.5002,>
2026-05-08,20:23:13.991528,IP,172.20.0.20.46413,>
2026-05-08,20:23:13.991961,IP,172.20.0.20.46413,>
2026-05-08,20:23:13.992383,IP,172.20.0.10.5002,>
2026-05-08,20:23:13.992951,IP,172.20.0.20.46413,>
2026-05-08,20:23:13.993132,IP,172.20.0.10.5002,>
2026-05-08,20:23:13.993480,IP,172.20.0.10.5002,>
2026-05-08,20:23:13.993593,IP,172.20.0.20.46413,>
2026-05-08,20:23:13.994146,IP,172.20.0.20.46413,>
2026-05-08,20:23:13.999490,IP,172.20.0.10.5002,>
2026-05-08,20:23:13.999795,IP,172.20.0.10.5002,>
2026-05-08,20:23:13.999996,IP,172.20.0.20.46413,>
2026-05-08,20:23:14.000349,IP,172.20.0.20.46413,>
2026-05-08,20:23:14.000418,IP,172.20.0.10.5002,>
2026-05-08,20:23:14.000844,IP,172.20.0.20.46413,>
2026-05-08,20:23:14.001738,IP,172.20.0.10.5002,>
2026-05-08,20:23:14.002270,IP,172.20.0.10.5002,>
2026-05-08,20:23:14.002305,IP,172.20.0.20.46413,>
2026-05-08,20:23:14.002618,IP,172.20.0.20.46413,>
2026-05-08,20:23:14.003163,IP,172.20.0.10.5002,>
2026-05-08,20:23:14.003678,IP,172.20.0.20.46413,>
2026-05-08,20:23:14.003758,IP,172.20.0.10.5002,>
2026-05-08,20:23:14.004110,IP,172.20.0.20.46413,>
2026-05-08,20:23:14.004306,IP,172.20.0.10.5002,>
2026-05-08,20:23:14.004639,IP,172.20.0.20.46413,>
2026-05-08,20:23:14.010318,IP,172.20.0.10.5002,>
2026-05-08,20:23:14.010593,IP,172.20.0.10.5002,>
2026-05-08,20:23:14.010747,IP,172.20.0.20.46413,>
2026-05-08,20:23:14.011015,IP,172.20.0.10.5002,>
2026-05-08,20:23:14.011077,IP,172.20.0.20.46413,>
2026-05-08,20:23:14.011407,IP,172.20.0.20.46413,>
2026-05-08,20:23:14.012484,IP,172.20.0.10.5002,>
2026-05-08,20:23:14.012772,IP,172.20.0.20.46413,>
2026-05-08,20:23:14.012949,IP,172.20.0.10.5002,>
2026-05-08,20:23:14.013271,IP,172.20.0.20.46413,>
2026-05-08,20:23:14.013955,IP,172.20.0.10.5002,>
2026-05-08,20:23:14.014294,IP,172.20.0.20.46413,>
2026-05-08,20:23:14.014338,IP,172.20.0.10.5002,>
2026-05-08,20:23:14.014615,IP,172.20.0.20.46413,>
2026-05-08,20:23:14.014841,IP,172.20.0.10.5002,>
2026-05-08,20:23:14.015192,IP,172.20.0.20.46413,>
2026-05-08,20:23:14.021062,IP,172.20.0.10.5002,>
2026-05-08,20:23:14.021425,IP,172.20.0.20.46413,>
2026-05-08,20:23:14.021446,IP,172.20.0.10.5002,>
2026-05-08,20:23:14.021507,IP,172.20.0.10.5002,>
2026-05-08,20:23:14.021812,IP,172.20.0.20.46413,>
2026-05-08,20:23:14.022118,IP,172.20.0.20.46413,>
2026-05-08,20:23:14.022977,IP,172.20.0.10.5002,>
2026-05-08,20:23:14.023296,IP,172.20.0.20.46413,>
2026-05-08,20:23:14.023549,IP,172.20.0.10.5002,>
2026-05-08,20:23:14.023954,IP,172.20.0.20.46413,>
2026-05-08,20:23:14.024532,IP,172.20.0.10.5002,>
2026-05-08,20:23:14.024796,IP,172.20.0.10.5002,>
2026-05-08,20:23:14.025127,IP,172.20.0.20.46413,>
2026-05-08,20:23:14.025437,IP,172.20.0.10.5002,>
2026-05-08,20:23:14.025733,IP,172.20.0.20.46413,>
2026-05-08,20:23:14.026127,IP,172.20.0.20.46413,>
2026-05-08,20:23:14.031727,IP,172.20.0.10.5002,>
2026-05-08,20:23:14.032059,IP,172.20.0.10.5002,>
2026-05-08,20:23:14.032122,IP,172.20.0.20.46413,>
2026-05-08,20:23:14.032263,IP,172.20.0.10.5002,>
2026-05-08,20:23:14.032424,IP,172.20.0.20.46413,>
2026-05-08,20:23:14.033485,IP,172.20.0.10.5002,>
2026-05-08,20:23:14.034182,IP,172.20.0.10.5002,>
2026-05-08,20:23:14.034630,IP,172.20.0.20.46413,>
2026-05-08,20:23:14.034924,IP,172.20.0.20.46413,>
2026-05-08,20:23:14.035174,IP,172.20.0.20.46413,>
2026-05-08,20:23:14.035365,IP,172.20.0.10.5002,>
2026-05-08,20:23:14.035771,IP,172.20.0.20.46413,>
2026-05-08,20:23:14.035984,IP,172.20.0.10.5002,>
2026-05-08,20:23:14.036291,IP,172.20.0.20.46413,>
2026-05-08,20:23:14.036299,IP,172.20.0.10.5002,>
2026-05-08,20:23:14.036721,IP,172.20.0.20.46413,>
2026-05-08,20:23:14.042433,IP,172.20.0.10.5002,>
2026-05-08,20:23:14.042860,IP,172.20.0.20.46413,>
2026-05-08,20:23:14.042931,IP,172.20.0.10.5002,>
2026-05-08,20:23:14.043275,IP,172.20.0.20.46413,>
2026-05-08,20:23:14.044838,IP,172.20.0.10.5002,>
2026-05-08,20:23:14.045131,IP,172.20.0.10.5002,>
2026-05-08,20:23:14.045169,IP,172.20.0.20.46413,>
2026-05-08,20:23:14.045432,IP,172.20.0.20.46413,>
2026-05-08,20:23:14.045667,IP,172.20.0.10.5002,>
2026-05-08,20:23:14.046063,IP,172.20.0.20.46413,>
2026-05-08,20:23:14.046157,IP,172.20.0.10.5002,>
2026-05-08,20:23:14.046464,IP,172.20.0.20.46413,>
2026-05-08,20:23:14.046646,IP,172.20.0.10.5002,>
2026-05-08,20:23:14.046892,IP,172.20.0.10.5002,>
2026-05-08,20:23:14.046956,IP,172.20.0.20.46413,>
2026-05-08,20:23:14.047599,IP,172.20.0.20.46413,>
2026-05-08,20:23:14.053209,IP,172.20.0.10.5002,>
2026-05-08,20:23:14.053622,IP,172.20.0.20.46413,>
2026-05-08,20:23:14.053687,IP,172.20.0.10.5002,>
2026-05-08,20:23:14.054392,IP,172.20.0.20.46413,>
2026-05-08,20:23:14.055402,IP,172.20.0.10.5002,>
2026-05-08,20:23:14.055588,IP,172.20.0.10.5002,>
2026-05-08,20:23:14.055821,IP,172.20.0.20.46413,>
2026-05-08,20:23:14.056092,IP,172.20.0.20.46413,>
2026-05-08,20:23:14.056413,IP,172.20.0.10.5002,>
2026-05-08,20:23:14.056607,IP,172.20.0.10.5002,>
2026-05-08,20:23:14.056846,IP,172.20.0.20.46413,>
2026-05-08,20:23:14.057126,IP,172.20.0.20.46413,>
2026-05-08,20:23:14.057314,IP,172.20.0.10.5002,>
2026-05-08,20:23:14.057844,IP,172.20.0.10.5002,>
2026-05-08,20:23:14.058090,IP,172.20.0.20.46413,>
2026-05-08,20:23:14.058579,IP,172.20.0.20.46413,>
2026-05-08,20:23:14.064007,IP,172.20.0.10.5002,>
2026-05-08,20:23:14.064544,IP,172.20.0.20.46413,>
2026-05-08,20:23:14.064572,IP,172.20.0.10.5002,>
2026-05-08,20:23:14.064937,IP,172.20.0.20.46413,>
2026-05-08,20:23:14.066006,IP,172.20.0.10.5002,>
2026-05-08,20:23:14.066326,IP,172.20.0.10.5002,>
2026-05-08,20:23:14.066359,IP,172.20.0.20.46413,>
2026-05-08,20:23:14.066635,IP,172.20.0.20.46413,>
2026-05-08,20:23:14.067122,IP,172.20.0.10.5002,>
2026-05-08,20:23:14.067305,IP,172.20.0.10.5002,>
2026-05-08,20:23:14.067454,IP,172.20.0.20.46413,>
2026-05-08,20:23:14.067707,IP,172.20.0.20.46413,>
2026-05-08,20:23:14.068407,IP,172.20.0.10.5002,>
2026-05-08,20:23:14.068773,IP,172.20.0.20.46413,>
2026-05-08,20:23:14.068861,IP,172.20.0.10.5002,>
2026-05-08,20:23:14.069325,IP,172.20.0.20.46413,>
2026-05-08,20:23:14.074916,IP,172.20.0.10.5002,>
2026-05-08,20:23:14.075147,IP,172.20.0.10.5002,>
2026-05-08,20:23:14.075268,IP,172.20.0.20.46413,>
2026-05-08,20:23:14.075534,IP,172.20.0.20.46413,>
2026-05-08,20:23:14.076609,IP,172.20.0.10.5002,>
2026-05-08,20:23:14.076953,IP,172.20.0.20.46413,>
2026-05-08,20:23:14.076955,IP,172.20.0.10.5002,>
2026-05-08,20:23:14.077227,IP,172.20.0.20.46413,>
2026-05-08,20:23:14.077703,IP,172.20.0.10.5002,>
2026-05-08,20:23:14.077876,IP,172.20.0.10.5002,>
2026-05-08,20:23:14.078159,IP,172.20.0.20.46413,>
2026-05-08,20:23:14.078505,IP,172.20.0.20.46413,>
2026-05-08,20:23:14.079034,IP,172.20.0.10.5002,>
2026-05-08,20:23:14.079329,IP,172.20.0.20.46413,>
2026-05-08,20:23:14.079491,IP,172.20.0.10.5002,>
2026-05-08,20:23:14.079809,IP,172.20.0.20.46413,>
2026-05-08,20:23:14.085623,IP,172.20.0.10.5002,>
2026-05-08,20:23:14.085699,IP,172.20.0.10.5002,>
2026-05-08,20:23:14.086081,IP,172.20.0.20.46413,>
2026-05-08,20:23:14.086352,IP,172.20.0.20.46413,>
2026-05-08,20:23:14.087151,IP,172.20.0.10.5002,>
2026-05-08,20:23:14.087389,IP,172.20.0.10.5002,>
2026-05-08,20:23:14.087556,IP,172.20.0.20.46413,>
2026-05-08,20:23:14.087870,IP,172.20.0.20.46413,>
2026-05-08,20:23:14.088443,IP,172.20.0.10.5002,>
2026-05-08,20:23:14.088719,IP,172.20.0.10.5002,>
2026-05-08,20:23:14.088764,IP,172.20.0.20.46413,>
2026-05-08,20:23:14.089043,IP,172.20.0.20.46413,>
2026-05-08,20:23:14.089479,IP,172.20.0.10.5002,>
2026-05-08,20:23:14.089813,IP,172.20.0.20.46413,>
2026-05-08,20:23:14.089997,IP,172.20.0.10.5002,>
2026-05-08,20:23:14.090316,IP,172.20.0.20.46413,>
2026-05-08,20:23:14.096399,IP,172.20.0.10.5002,>
2026-05-08,20:23:14.096632,IP,172.20.0.10.5002,>
2026-05-08,20:23:14.096768,IP,172.20.0.20.46413,>
2026-05-08,20:23:14.097037,IP,172.20.0.20.46413,>
2026-05-08,20:23:14.097850,IP,172.20.0.10.5002,>
2026-05-08,20:23:14.098075,IP,172.20.0.10.5002,>
2026-05-08,20:23:14.098183,IP,172.20.0.20.46413,>
2026-05-08,20:23:14.098456,IP,172.20.0.20.46413,>
2026-05-08,20:23:14.099088,IP,172.20.0.10.5002,>
2026-05-08,20:23:14.099187,IP,172.20.0.10.5002,>
2026-05-08,20:23:14.099431,IP,172.20.0.20.46413,>
2026-05-08,20:23:14.099660,IP,172.20.0.20.46413,>
2026-05-08,20:23:14.100063,IP,172.20.0.10.5002,>
2026-05-08,20:23:14.100455,IP,172.20.0.20.46413,>
2026-05-08,20:23:14.100541,IP,172.20.0.10.5002,>
2026-05-08,20:23:14.100856,IP,172.20.0.20.46413,>
2026-05-08,20:23:14.107094,IP,172.20.0.10.5002,>
2026-05-08,20:23:14.107176,IP,172.20.0.10.5002,>
2026-05-08,20:23:14.107511,IP,172.20.0.20.46413,>
2026-05-08,20:23:14.107948,IP,172.20.0.20.46413,>
2026-05-08,20:23:14.108366,IP,172.20.0.10.5002,>
2026-05-08,20:23:14.108592,IP,172.20.0.10.5002,>
2026-05-08,20:23:14.108830,IP,172.20.0.20.46413,>
2026-05-08,20:23:14.109164,IP,172.20.0.20.46413,>
2026-05-08,20:23:14.109711,IP,172.20.0.10.5002,>
2026-05-08,20:23:14.109800,IP,172.20.0.10.5002,>
2026-05-08,20:23:14.110150,IP,172.20.0.20.46413,>
2026-05-08,20:23:14.110456,IP,172.20.0.20.46413,>
2026-05-08,20:23:14.110707,IP,172.20.0.10.5002,>
2026-05-08,20:23:14.111001,IP,172.20.0.10.5002,>
2026-05-08,20:23:14.111114,IP,172.20.0.20.46413,>
2026-05-08,20:23:14.111369,IP,172.20.0.20.46413,>
2026-05-08,20:23:14.118011,IP,172.20.0.10.5002,>
2026-05-08,20:23:14.118121,IP,172.20.0.10.5002,>
2026-05-08,20:23:14.118527,IP,172.20.0.20.46413,>
2026-05-08,20:23:14.118819,IP,172.20.0.20.46413,>
2026-05-08,20:23:14.119022,IP,172.20.0.10.5002,>
2026-05-08,20:23:14.119318,IP,172.20.0.10.5002,>
2026-05-08,20:23:14.119414,IP,172.20.0.20.46413,>
2026-05-08,20:23:14.119884,IP,172.20.0.20.46413,>
2026-05-08,20:23:14.120421,IP,172.20.0.10.5002,>
2026-05-08,20:23:14.120808,IP,172.20.0.20.46413,>
2026-05-08,20:23:14.120816,IP,172.20.0.10.5002,>
2026-05-08,20:23:14.121189,IP,172.20.0.20.46413,>
2026-05-08,20:23:14.121350,IP,172.20.0.10.5002,>
2026-05-08,20:23:14.121704,IP,172.20.0.10.5002,>
2026-05-08,20:23:14.121847,IP,172.20.0.20.46413,>
2026-05-08,20:23:14.122511,IP,172.20.0.20.46413,>
2026-05-08,20:23:14.128907,IP,172.20.0.10.5002,>
2026-05-08,20:23:14.129001,IP,172.20.0.10.5002,>
2026-05-08,20:23:14.129372,IP,172.20.0.20.46413,>
2026-05-08,20:23:14.129580,IP,172.20.0.10.5002,>
2026-05-08,20:23:14.129841,IP,172.20.0.20.46413,>
2026-05-08,20:23:14.130064,IP,172.20.0.10.5002,>
2026-05-08,20:23:14.131001,IP,172.20.0.20.46413,>
2026-05-08,20:23:14.131009,IP,172.20.0.20.46413,>
2026-05-08,20:23:14.131060,IP,172.20.0.10.5002,>
2026-05-08,20:23:14.131422,IP,172.20.0.10.5002,>
2026-05-08,20:23:14.131759,IP,172.20.0.20.46413,>
2026-05-08,20:23:14.132039,IP,172.20.0.10.5002,>
2026-05-08,20:23:14.132285,IP,172.20.0.20.46413,>
2026-05-08,20:23:14.132560,IP,172.20.0.20.46413,>
2026-05-08,20:23:14.132700,IP,172.20.0.10.5002,>
2026-05-08,20:23:14.133245,IP,172.20.0.20.46413,>
2026-05-08,20:23:14.139740,IP,172.20.0.10.5002,>
2026-05-08,20:23:14.140050,IP,172.20.0.10.5002,>
2026-05-08,20:23:14.140119,IP,172.20.0.20.46413,>
2026-05-08,20:23:14.140467,IP,172.20.0.20.46413,>
2026-05-08,20:23:14.141272,IP,172.20.0.10.5002,>
2026-05-08,20:23:14.141347,IP,172.20.0.10.5002,>
2026-05-08,20:23:14.141621,IP,172.20.0.20.46413,>
2026-05-08,20:23:14.142052,IP,172.20.0.20.46413,>
2026-05-08,20:23:14.142070,IP,172.20.0.10.5002,>
2026-05-08,20:23:14.142329,IP,172.20.0.20.46413,>
2026-05-08,20:23:14.142477,IP,172.20.0.10.5002,>
2026-05-08,20:23:14.142730,IP,172.20.0.10.5002,>
2026-05-08,20:23:14.142886,IP,172.20.0.20.46413,>
2026-05-08,20:23:14.143169,IP,172.20.0.20.46413,>
2026-05-08,20:23:14.143466,IP,172.20.0.10.5002,>
2026-05-08,20:23:14.143764,IP,172.20.0.20.46413,>
2026-05-08,20:23:14.150493,IP,172.20.0.10.5002,>
2026-05-08,20:23:14.150667,IP,172.20.0.10.5002,>
2026-05-08,20:23:14.150894,IP,172.20.0.20.46413,>
2026-05-08,20:23:14.151239,IP,172.20.0.20.46413,>
2026-05-08,20:23:14.151886,IP,172.20.0.10.5002,>
2026-05-08,20:23:14.152202,IP,172.20.0.20.46413,>
2026-05-08,20:23:14.152265,IP,172.20.0.10.5002,>
2026-05-08,20:23:14.152536,IP,172.20.0.20.46413,>
2026-05-08,20:23:14.152565,IP,172.20.0.10.5002,>
2026-05-08,20:23:14.152848,IP,172.20.0.20.46413,>
2026-05-08,20:23:14.153041,IP,172.20.0.10.5002,>
2026-05-08,20:23:14.153324,IP,172.20.0.10.5002,>
2026-05-08,20:23:14.153587,IP,172.20.0.20.46413,>
2026-05-08,20:23:14.154202,IP,172.20.0.10.5002,>
2026-05-08,20:23:14.154314,IP,172.20.0.20.46413,>
2026-05-08,20:23:14.154605,IP,172.20.0.20.46413,>
2026-05-08,20:23:14.161195,IP,172.20.0.10.5002,>
2026-05-08,20:23:14.161423,IP,172.20.0.10.5002,>
2026-05-08,20:23:14.161612,IP,172.20.0.20.46413,>
2026-05-08,20:23:14.162051,IP,172.20.0.20.46413,>
2026-05-08,20:23:14.162466,IP,172.20.0.10.5002,>
2026-05-08,20:23:14.162805,IP,172.20.0.10.5002,>
2026-05-08,20:23:14.163030,IP,172.20.0.20.46413,>
2026-05-08,20:23:14.163168,IP,172.20.0.10.5002,>
2026-05-08,20:23:14.163385,IP,172.20.0.20.46413,>
2026-05-08,20:23:14.163825,IP,172.20.0.10.5002,>
2026-05-08,20:23:14.163935,IP,172.20.0.20.46413,>
2026-05-08,20:23:14.164520,IP,172.20.0.10.5002,>
2026-05-08,20:23:14.164605,IP,172.20.0.20.46413,>
2026-05-08,20:23:14.164744,IP,172.20.0.10.5002,>
2026-05-08,20:23:14.164965,IP,172.20.0.20.46413,>
2026-05-08,20:23:14.165582,IP,172.20.0.20.46413,>
2026-05-08,20:23:14.171959,IP,172.20.0.10.5002,>
2026-05-08,20:23:14.172274,IP,172.20.0.10.5002,>
2026-05-08,20:23:14.172383,IP,172.20.0.20.46413,>
2026-05-08,20:23:14.172724,IP,172.20.0.20.46413,>
2026-05-08,20:23:14.173305,IP,172.20.0.10.5002,>
2026-05-08,20:23:14.173597,IP,172.20.0.10.5002,>
2026-05-08,20:23:14.173757,IP,172.20.0.20.46413,>
2026-05-08,20:23:14.174320,IP,172.20.0.10.5002,>
2026-05-08,20:23:14.174337,IP,172.20.0.20.46413,>
2026-05-08,20:23:14.174856,IP,172.20.0.10.5002,>
2026-05-08,20:23:14.174979,IP,172.20.0.20.46413,>
2026-05-08,20:23:14.175179,IP,172.20.0.10.5002,>
2026-05-08,20:23:14.175555,IP,172.20.0.20.46413,>
2026-05-08,20:23:14.175755,IP,172.20.0.10.5002,>
2026-05-08,20:23:14.175906,IP,172.20.0.20.46413,>
2026-05-08,20:23:14.176166,IP,172.20.0.20.46413,>
2026-05-08,20:23:14.182750,IP,172.20.0.10.5002,>
2026-05-08,20:23:14.183003,IP,172.20.0.10.5002,>
2026-05-08,20:23:14.183199,IP,172.20.0.20.46413,>
2026-05-08,20:23:14.183497,IP,172.20.0.20.46413,>
2026-05-08,20:23:14.184063,IP,172.20.0.10.5002,>
2026-05-08,20:23:14.184621,IP,172.20.0.20.46413,>
2026-05-08,20:23:14.184650,IP,172.20.0.10.5002,>
2026-05-08,20:23:14.185186,IP,172.20.0.20.46413,>
2026-05-08,20:23:14.185226,IP,172.20.0.10.5002,>
2026-05-08,20:23:14.185750,IP,172.20.0.10.5002,>
2026-05-08,20:23:14.186086,IP,172.20.0.10.5002,>
2026-05-08,20:23:14.186095,IP,172.20.0.20.46413,>
2026-05-08,20:23:14.186344,IP,172.20.0.10.5002,>
2026-05-08,20:23:14.186440,IP,172.20.0.20.46413,>
2026-05-08,20:23:14.187636,IP,172.20.0.20.46413,>
2026-05-08,20:23:14.187999,IP,172.20.0.20.46413,>
2026-05-08,20:23:14.193572,IP,172.20.0.10.5002,>
2026-05-08,20:23:14.193741,IP,172.20.0.10.5002,>
2026-05-08,20:23:14.194092,IP,172.20.0.20.46413,>
2026-05-08,20:23:14.194495,IP,172.20.0.20.46413,>
2026-05-08,20:23:14.194825,IP,172.20.0.10.5002,>
2026-05-08,20:23:14.195180,IP,172.20.0.20.46413,>
2026-05-08,20:23:14.195424,IP,172.20.0.10.5002,>
2026-05-08,20:23:14.195765,IP,172.20.0.20.46413,>
2026-05-08,20:23:14.196409,IP,172.20.0.10.5002,>
2026-05-08,20:23:14.196620,IP,172.20.0.10.5002,>
2026-05-08,20:23:14.196712,IP,172.20.0.20.46413,>
2026-05-08,20:23:14.196993,IP,172.20.0.20.46413,>
2026-05-08,20:23:14.197883,IP,172.20.0.10.5002,>
2026-05-08,20:23:14.198197,IP,172.20.0.20.46413,>
2026-05-08,20:23:14.198211,IP,172.20.0.10.5002,>
2026-05-08,20:23:14.198467,IP,172.20.0.20.46413,>
2026-05-08,20:23:14.204406,IP,172.20.0.10.5002,>
2026-05-08,20:23:14.204710,IP,172.20.0.10.5002,>
2026-05-08,20:23:14.204839,IP,172.20.0.20.46413,>
2026-05-08,20:23:14.205120,IP,172.20.0.20.46413,>
2026-05-08,20:23:14.205376,IP,172.20.0.10.5002,>
2026-05-08,20:23:14.205733,IP,172.20.0.20.46413,>
2026-05-08,20:23:14.205966,IP,172.20.0.10.5002,>
2026-05-08,20:23:14.206296,IP,172.20.0.20.46413,>
2026-05-08,20:23:14.206955,IP,172.20.0.10.5002,>
2026-05-08,20:23:14.207219,IP,172.20.0.10.5002,>
2026-05-08,20:23:14.207279,IP,172.20.0.20.46413,>
2026-05-08,20:23:14.207569,IP,172.20.0.20.46413,>
2026-05-08,20:23:14.208435,IP,172.20.0.10.5002,>
2026-05-08,20:23:14.208663,IP,172.20.0.10.5002,>
2026-05-08,20:23:14.208842,IP,172.20.0.20.46413,>
2026-05-08,20:23:14.209286,IP,172.20.0.20.46413,>
2026-05-08,20:23:14.215172,IP,172.20.0.10.5002,>
2026-05-08,20:23:14.215251,IP,172.20.0.10.5002,>
2026-05-08,20:23:14.215543,IP,172.20.0.20.46413,>
2026-05-08,20:23:14.215821,IP,172.20.0.20.46413,>
2026-05-08,20:23:14.216067,IP,172.20.0.10.5002,>
2026-05-08,20:23:14.216398,IP,172.20.0.20.46413,>
2026-05-08,20:23:14.216480,IP,172.20.0.10.5002,>
2026-05-08,20:23:14.216884,IP,172.20.0.20.46413,>
2026-05-08,20:23:14.217609,IP,172.20.0.10.5002,>
2026-05-08,20:23:14.217726,IP,172.20.0.10.5002,>
2026-05-08,20:23:14.218111,IP,172.20.0.20.46413,>
2026-05-08,20:23:14.218367,IP,172.20.0.20.46413,>
2026-05-08,20:23:14.218987,IP,172.20.0.10.5002,>
2026-05-08,20:23:14.219344,IP,172.20.0.20.46413,>
2026-05-08,20:23:14.219456,IP,172.20.0.10.5002,>
2026-05-08,20:23:14.219755,IP,172.20.0.20.46413,>
2026-05-08,20:23:14.225921,IP,172.20.0.10.5002,>
2026-05-08,20:23:14.226014,IP,172.20.0.10.5002,>
2026-05-08,20:23:14.226323,IP,172.20.0.20.46413,>
2026-05-08,20:23:14.226577,IP,172.20.0.10.5002,>
2026-05-08,20:23:14.226624,IP,172.20.0.20.46413,>
2026-05-08,20:23:14.226912,IP,172.20.0.20.46413,>
2026-05-08,20:23:14.227120,IP,172.20.0.10.5002,>
2026-05-08,20:23:14.227461,IP,172.20.0.20.46413,>
2026-05-08,20:23:14.228411,IP,172.20.0.10.5002,>
2026-05-08,20:23:14.228490,IP,172.20.0.10.5002,>
2026-05-08,20:23:14.228750,IP,172.20.0.20.46413,>
2026-05-08,20:23:14.229058,IP,172.20.0.20.46413,>
2026-05-08,20:23:14.229530,IP,172.20.0.10.5002,>
2026-05-08,20:23:14.229935,IP,172.20.0.10.5002,>
2026-05-08,20:23:14.230023,IP,172.20.0.20.46413,>
2026-05-08,20:23:14.230294,IP,172.20.0.20.46413,>
2026-05-08,20:23:14.236713,IP,172.20.0.10.5002,>
2026-05-08,20:23:14.236734,IP,172.20.0.10.5002,>
2026-05-08,20:23:14.237098,IP,172.20.0.20.46413,>
2026-05-08,20:23:14.237132,IP,172.20.0.10.5002,>
2026-05-08,20:23:14.237395,IP,172.20.0.20.46413,>
2026-05-08,20:23:14.237641,IP,172.20.0.10.5002,>
2026-05-08,20:23:14.237719,IP,172.20.0.20.46413,>
2026-05-08,20:23:14.238073,IP,172.20.0.20.46413,>
2026-05-08,20:23:14.239049,IP,172.20.0.10.5002,>
2026-05-08,20:23:14.239209,IP,172.20.0.10.5002,>
2026-05-08,20:23:14.239533,IP,172.20.0.20.46413,>
2026-05-08,20:23:14.240101,IP,172.20.0.20.46413,>
2026-05-08,20:23:14.240198,IP,172.20.0.10.5002,>
2026-05-08,20:23:14.240518,IP,172.20.0.20.46413,>
2026-05-08,20:23:14.240685,IP,172.20.0.10.5002,>
2026-05-08,20:23:14.240965,IP,172.20.0.20.46413,>
2026-05-08,20:23:14.247432,IP,172.20.0.10.5002,>
2026-05-08,20:23:14.247600,IP,172.20.0.10.5002,>
2026-05-08,20:23:14.247817,IP,172.20.0.20.46413,>
2026-05-08,20:23:14.247986,IP,172.20.0.10.5002,>
2026-05-08,20:23:14.248158,IP,172.20.0.20.46413,>
2026-05-08,20:23:14.248277,IP,172.20.0.10.5002,>
2026-05-08,20:23:14.248416,IP,172.20.0.20.46413,>
2026-05-08,20:23:14.248642,IP,172.20.0.20.46413,>
2026-05-08,20:23:14.249805,IP,172.20.0.10.5002,>
2026-05-08,20:23:14.250119,IP,172.20.0.20.46413,>
2026-05-08,20:23:14.250245,IP,172.20.0.10.5002,>
2026-05-08,20:23:14.250568,IP,172.20.0.20.46413,>
2026-05-08,20:23:14.250659,IP,172.20.0.10.5002,>
2026-05-08,20:23:14.250972,IP,172.20.0.20.46413,>
2026-05-08,20:23:14.251155,IP,172.20.0.10.5002,>
2026-05-08,20:23:14.251457,IP,172.20.0.20.46413,>
2026-05-08,20:23:14.258147,IP,172.20.0.10.5002,>
2026-05-08,20:23:14.258330,IP,172.20.0.10.5002,>
2026-05-08,20:23:14.258539,IP,172.20.0.20.46413,>
2026-05-08,20:23:14.258623,IP,172.20.0.10.5002,>
2026-05-08,20:23:14.258841,IP,172.20.0.10.5002,>
2026-05-08,20:23:14.258981,IP,172.20.0.20.46413,>
2026-05-08,20:23:14.259235,IP,172.20.0.20.46413,>
2026-05-08,20:23:14.259475,IP,172.20.0.20.46413,>
2026-05-08,20:23:14.260396,IP,172.20.0.10.5002,>
2026-05-08,20:23:14.260773,IP,172.20.0.20.46413,>
2026-05-08,20:23:14.260837,IP,172.20.0.10.5002,>
2026-05-08,20:23:14.261122,IP,172.20.0.20.46413,>
2026-05-08,20:23:14.261202,IP,172.20.0.10.5002,>
2026-05-08,20:23:14.261569,IP,172.20.0.20.46413,>
2026-05-08,20:23:14.261653,IP,172.20.0.10.5002,>
2026-05-08,20:23:14.262057,IP,172.20.0.20.46413,>
2026-05-08,20:23:14.268931,IP,172.20.0.10.5002,>
2026-05-08,20:23:14.269157,IP,172.20.0.10.5002,>
2026-05-08,20:23:14.269350,IP,172.20.0.20.46413,>
2026-05-08,20:23:14.269455,IP,172.20.0.10.5002,>
2026-05-08,20:23:14.269644,IP,172.20.0.20.46413,>
2026-05-08,20:23:14.269653,IP,172.20.0.10.5002,>
2026-05-08,20:23:14.270002,IP,172.20.0.20.46413,>
2026-05-08,20:23:14.270243,IP,172.20.0.20.46413,>
2026-05-08,20:23:14.271079,IP,172.20.0.10.5002,>
2026-05-08,20:23:14.271284,IP,172.20.0.10.5002,>
2026-05-08,20:23:14.271407,IP,172.20.0.20.46413,>
2026-05-08,20:23:14.271663,IP,172.20.0.20.46413,>
2026-05-08,20:23:14.271752,IP,172.20.0.10.5002,>
2026-05-08,20:23:14.272073,IP,172.20.0.20.46413,>
2026-05-08,20:23:14.272207,IP,172.20.0.10.5002,>
2026-05-08,20:23:14.272532,IP,172.20.0.20.46413,>
2026-05-08,20:23:14.279606,IP,172.20.0.10.5002,>
2026-05-08,20:23:14.279853,IP,172.20.0.10.5002,>
2026-05-08,20:23:14.280042,IP,172.20.0.20.46413,>
2026-05-08,20:23:14.280164,IP,172.20.0.10.5002,>
2026-05-08,20:23:14.280325,IP,172.20.0.20.46413,>
2026-05-08,20:23:14.280446,IP,172.20.0.10.5002,>
2026-05-08,20:23:14.280662,IP,172.20.0.20.46413,>
2026-05-08,20:23:14.281022,IP,172.20.0.20.46413,>
2026-05-08,20:23:14.281723,IP,172.20.0.10.5002,>
2026-05-08,20:23:14.281815,IP,172.20.0.10.5002,>
2026-05-08,20:23:14.282222,IP,172.20.0.20.46413,>
2026-05-08,20:23:14.282504,IP,172.20.0.20.46413,>
2026-05-08,20:23:14.282656,IP,172.20.0.10.5002,>
2026-05-08,20:23:14.282768,IP,172.20.0.10.5002,>
2026-05-08,20:23:14.283048,IP,172.20.0.20.46413,>
2026-05-08,20:23:14.283458,IP,172.20.0.20.46413,>
2026-05-08,20:23:14.290403,IP,172.20.0.10.5002,>
2026-05-08,20:23:14.290741,IP,172.20.0.20.46413,>
2026-05-08,20:23:14.291150,IP,172.20.0.10.5002,>
2026-05-08,20:23:14.291281,IP,172.20.0.10.5002,>
2026-05-08,20:23:14.291467,IP,172.20.0.20.46413,>
2026-05-08,20:23:14.291569,IP,172.20.0.10.5002,>
2026-05-08,20:23:14.291738,IP,172.20.0.20.46413,>
2026-05-08,20:23:14.292021,IP,172.20.0.20.46413,>
2026-05-08,20:23:14.292541,IP,172.20.0.10.5002,>
2026-05-08,20:23:14.292635,IP,172.20.0.10.5002,>
2026-05-08,20:23:14.292888,IP,172.20.0.20.46413,>
2026-05-08,20:23:14.293165,IP,172.20.0.20.46413,>
2026-05-08,20:23:14.293215,IP,172.20.0.10.5002,>
2026-05-08,20:23:14.293573,IP,172.20.0.20.46413,>
2026-05-08,20:23:14.293725,IP,172.20.0.10.5002,>
2026-05-08,20:23:14.294124,IP,172.20.0.20.46413,>
2026-05-08,20:23:14.301079,IP,172.20.0.10.5002,>
2026-05-08,20:23:14.301501,IP,172.20.0.20.46413,>
2026-05-08,20:23:14.301681,IP,172.20.0.10.5002,>
2026-05-08,20:23:14.301909,IP,172.20.0.10.5002,>
2026-05-08,20:23:14.302124,IP,172.20.0.20.46413,>
2026-05-08,20:23:14.302378,IP,172.20.0.10.5002,>
2026-05-08,20:23:14.302391,IP,172.20.0.20.46413,>
2026-05-08,20:23:14.303309,IP,172.20.0.10.5002,>
2026-05-08,20:23:14.303487,IP,172.20.0.10.5002,>
2026-05-08,20:23:14.303489,IP,172.20.0.20.46413,>
2026-05-08,20:23:14.303772,IP,172.20.0.20.46413,>
2026-05-08,20:23:14.304341,IP,172.20.0.20.46413,>
2026-05-08,20:23:14.304358,IP,172.20.0.10.5002,>
2026-05-08,20:23:14.304592,IP,172.20.0.10.5002,>
2026-05-08,20:23:14.304608,IP,172.20.0.20.46413,>
2026-05-08,20:23:14.304905,IP,172.20.0.20.46413,>
2026-05-08,20:23:14.311916,IP,172.20.0.10.5002,>
2026-05-08,20:23:14.312309,IP,172.20.0.10.5002,>
2026-05-08,20:23:14.312358,IP,172.20.0.20.46413,>
2026-05-08,20:23:14.312536,IP,172.20.0.10.5002,>
2026-05-08,20:23:14.312707,IP,172.20.0.20.46413,>
2026-05-08,20:23:14.313274,IP,172.20.0.20.46413,>
2026-05-08,20:23:14.313707,IP,172.20.0.10.5002,>
2026-05-08,20:23:14.314088,IP,172.20.0.10.5002,>
2026-05-08,20:23:14.314185,IP,172.20.0.20.46413,>
2026-05-08,20:23:14.314470,IP,172.20.0.20.46413,>
2026-05-08,20:23:14.314512,IP,172.20.0.10.5002,>
2026-05-08,20:23:14.314840,IP,172.20.0.10.5002,>
2026-05-08,20:23:14.314843,IP,172.20.0.20.46413,>
2026-05-08,20:23:14.315058,IP,172.20.0.10.5002,>
2026-05-08,20:23:14.315098,IP,172.20.0.20.46413,>
2026-05-08,20:23:14.315346,IP,172.20.0.20.46413,>
2026-05-08,20:23:14.322696,IP,172.20.0.10.5002,>
2026-05-08,20:23:14.322946,IP,172.20.0.10.5002,>
2026-05-08,20:23:14.323116,IP,172.20.0.20.46413,>
2026-05-08,20:23:14.323410,IP,172.20.0.20.46413,>
2026-05-08,20:23:14.323429,IP,172.20.0.10.5002,>
2026-05-08,20:23:14.323722,IP,172.20.0.20.46413,>
2026-05-08,20:23:14.324393,IP,172.20.0.10.5002,>
2026-05-08,20:23:14.324746,IP,172.20.0.10.5002,>
2026-05-08,20:23:14.324875,IP,172.20.0.20.46413,>
2026-05-08,20:23:14.325021,IP,172.20.0.10.5002,>
2026-05-08,20:23:14.325237,IP,172.20.0.20.46413,>
2026-05-08,20:23:14.325361,IP,172.20.0.10.5002,>
2026-05-08,20:23:14.325488,IP,172.20.0.10.5002,>
2026-05-08,20:23:14.325543,IP,172.20.0.20.46413,>
2026-05-08,20:23:14.325909,IP,172.20.0.20.46413,>
2026-05-08,20:23:14.326238,IP,172.20.0.20.46413,>
2026-05-08,20:23:14.335233,IP,172.20.0.10.5002,>
2026-05-08,20:23:14.335245,IP,172.20.0.10.5002,>
2026-05-08,20:23:14.335247,IP,172.20.0.10.5002,>
2026-05-08,20:23:14.335249,IP,172.20.0.10.5002,>
2026-05-08,20:23:14.335518,IP,172.20.0.10.5002,>
2026-05-08,20:23:14.335741,IP,172.20.0.10.5002,>
2026-05-08,20:23:14.335920,IP,172.20.0.20.46413,>
2026-05-08,20:23:14.336172,IP,172.20.0.10.5002,>
2026-05-08,20:23:14.336297,IP,172.20.0.20.46413,>
2026-05-08,20:23:14.336463,IP,172.20.0.10.5002,>
2026-05-08,20:23:14.336619,IP,172.20.0.20.46413,>
2026-05-08,20:23:14.336927,IP,172.20.0.20.46413,>
2026-05-08,20:23:14.337224,IP,172.20.0.20.46413,>
2026-05-08,20:23:14.337490,IP,172.20.0.20.46413,>
2026-05-08,20:23:14.337745,IP,172.20.0.20.46413,>
2026-05-08,20:23:14.338114,IP,172.20.0.20.46413,>
2026-05-08,20:23:14.346448,IP,172.20.0.10.5002,>
2026-05-08,20:23:14.346661,IP,172.20.0.10.5002,>
2026-05-08,20:23:14.346746,IP,172.20.0.10.5002,>
2026-05-08,20:23:14.346890,IP,172.20.0.20.46413,>
2026-05-08,20:23:14.347175,IP,172.20.0.20.46413,>
2026-05-08,20:23:14.347457,IP,172.20.0.20.46413,>
2026-05-08,20:23:14.348101,IP,172.20.0.10.5002,>
2026-05-08,20:23:14.348602,IP,172.20.0.20.46413,>
2026-05-08,20:23:14.350286,IP,172.20.0.10.5002,>
2026-05-08,20:23:14.350397,IP,172.20.0.10.5002,>
2026-05-08,20:23:14.350455,IP,172.20.0.10.5002,>
2026-05-08,20:23:14.350513,IP,172.20.0.10.5002,>
2026-05-08,20:23:14.350875,IP,172.20.0.20.46413,>
2026-05-08,20:23:14.351575,IP,172.20.0.20.46413,>
2026-05-08,20:23:14.352025,IP,172.20.0.20.46413,>
2026-05-08,20:23:14.352605,IP,172.20.0.20.46413,>
2026-05-08,20:23:14.357333,IP,172.20.0.10.5002,>
2026-05-08,20:23:14.357445,IP,172.20.0.10.5002,>
2026-05-08,20:23:14.357681,IP,172.20.0.10.5002,>
2026-05-08,20:23:14.357899,IP,172.20.0.20.46413,>
2026-05-08,20:23:14.358415,IP,172.20.0.20.46413,>
2026-05-08,20:23:14.358993,IP,172.20.0.10.5002,>
2026-05-08,20:23:14.359447,IP,172.20.0.20.46413,>
2026-05-08,20:23:14.359837,IP,172.20.0.20.46413,>
2026-05-08,20:23:14.361190,IP,172.20.0.10.5002,>
2026-05-08,20:23:14.361653,IP,172.20.0.20.46413,>
2026-05-08,20:23:14.361816,IP,172.20.0.10.5002,>
2026-05-08,20:23:14.362325,IP,172.20.0.20.46413,>
2026-05-08,20:23:14.362594,IP,172.20.0.10.5002,>
2026-05-08,20:23:14.362888,IP,172.20.0.10.5002,>
2026-05-08,20:23:14.363033,IP,172.20.0.20.46413,>
2026-05-08,20:23:14.363364,IP,172.20.0.20.46413,>
2026-05-08,20:23:14.368279,IP,172.20.0.10.5002,>
2026-05-08,20:23:14.368703,IP,172.20.0.20.46413,>
2026-05-08,20:23:14.368747,IP,172.20.0.10.5002,>
2026-05-08,20:23:14.369278,IP,172.20.0.20.46413,>
2026-05-08,20:23:14.369722,IP,172.20.0.10.5002,>
2026-05-08,20:23:14.370000,IP,172.20.0.10.5002,>
2026-05-08,20:23:14.370216,IP,172.20.0.20.46413,>
2026-05-08,20:23:14.370604,IP,172.20.0.20.46413,>
2026-05-08,20:23:14.371987,IP,172.20.0.10.5002,>
2026-05-08,20:23:14.372434,IP,172.20.0.20.46413,>
2026-05-08,20:23:14.372608,IP,172.20.0.10.5002,>
2026-05-08,20:23:14.373196,IP,172.20.0.10.5002,>
2026-05-08,20:23:14.373231,IP,172.20.0.20.46413,>
2026-05-08,20:23:14.373526,IP,172.20.0.10.5002,>
2026-05-08,20:23:14.373649,IP,172.20.0.20.46413,>
2026-05-08,20:23:14.374160,IP,172.20.0.20.46413,>
2026-05-08,20:23:14.379193,IP,172.20.0.10.5002,>
2026-05-08,20:23:14.379545,IP,172.20.0.20.46413,>
2026-05-08,20:23:14.379799,IP,172.20.0.10.5002,>
2026-05-08,20:23:14.380263,IP,172.20.0.20.46413,>
2026-05-08,20:23:14.380441,IP,172.20.0.10.5002,>
2026-05-08,20:23:14.380865,IP,172.20.0.20.46413,>
2026-05-08,20:23:14.380917,IP,172.20.0.10.5002,>
2026-05-08,20:23:14.381277,IP,172.20.0.20.46413,>
2026-05-08,20:23:14.383585,IP,172.20.0.10.5002,>
2026-05-08,20:23:14.383726,IP,172.20.0.10.5002,>
2026-05-08,20:23:14.383888,IP,172.20.0.10.5002,>
2026-05-08,20:23:14.384066,IP,172.20.0.20.46413,>
2026-05-08,20:23:14.384354,IP,172.20.0.20.46413,>
2026-05-08,20:23:14.384530,IP,172.20.0.10.5002,>
2026-05-08,20:23:14.384670,IP,172.20.0.20.46413,>
2026-05-08,20:23:14.384968,IP,172.20.0.20.46413,>
2026-05-08,20:23:14.389954,IP,172.20.0.10.5002,>
2026-05-08,20:23:14.390511,IP,172.20.0.20.46413,>
2026-05-08,20:23:14.390659,IP,172.20.0.10.5002,>
2026-05-08,20:23:14.391165,IP,172.20.0.10.5002,>
2026-05-08,20:23:14.391233,IP,172.20.0.20.46413,>
2026-05-08,20:23:14.391512,IP,172.20.0.10.5002,>
2026-05-08,20:23:14.391637,IP,172.20.0.20.46413,>
2026-05-08,20:23:14.392051,IP,172.20.0.20.46413,>
2026-05-08,20:23:14.394469,IP,172.20.0.10.5002,>
2026-05-08,20:23:14.394598,IP,172.20.0.10.5002,>
2026-05-08,20:23:14.394879,IP,172.20.0.10.5002,>
2026-05-08,20:23:14.395009,IP,172.20.0.20.46413,>
2026-05-08,20:23:14.395271,IP,172.20.0.10.5002,>
2026-05-08,20:23:14.395412,IP,172.20.0.20.46413,>
2026-05-08,20:23:14.395981,IP,172.20.0.20.46413,>
2026-05-08,20:23:14.396325,IP,172.20.0.20.46413,>
2026-05-08,20:23:14.400842,IP,172.20.0.10.5002,>
2026-05-08,20:23:14.401263,IP,172.20.0.20.46413,>
2026-05-08,20:23:14.401455,IP,172.20.0.10.5002,>
2026-05-08,20:23:14.401993,IP,172.20.0.10.5002,>
2026-05-08,20:23:14.402104,IP,172.20.0.20.46413,>
2026-05-08,20:23:14.402268,IP,172.20.0.10.5002,>
2026-05-08,20:23:14.402481,IP,172.20.0.20.46413,>
2026-05-08,20:23:14.402906,IP,172.20.0.20.46413,>
2026-05-08,20:23:14.405390,IP,172.20.0.10.5002,>
2026-05-08,20:23:14.405641,IP,172.20.0.10.5002,>
2026-05-08,20:23:14.405750,IP,172.20.0.20.46413,>
2026-05-08,20:23:14.406155,IP,172.20.0.10.5002,>
2026-05-08,20:23:14.406295,IP,172.20.0.20.46413,>
2026-05-08,20:23:14.406505,IP,172.20.0.10.5002,>
2026-05-08,20:23:14.406671,IP,172.20.0.20.46413,>
2026-05-08,20:23:14.407050,IP,172.20.0.20.46413,>
2026-05-08,20:23:14.411694,IP,172.20.0.10.5002,>
2026-05-08,20:23:14.412194,IP,172.20.0.20.46413,>
2026-05-08,20:23:14.412291,IP,172.20.0.10.5002,>
2026-05-08,20:23:14.412702,IP,172.20.0.10.5002,>
2026-05-08,20:23:14.412886,IP,172.20.0.20.46413,>
2026-05-08,20:23:14.413114,IP,172.20.0.10.5002,>
2026-05-08,20:23:14.413287,IP,172.20.0.20.46413,>
2026-05-08,20:23:14.413644,IP,172.20.0.20.46413,>
2026-05-08,20:23:14.416182,IP,172.20.0.10.5002,>
2026-05-08,20:23:14.416490,IP,172.20.0.10.5002,>
2026-05-08,20:23:14.416575,IP,172.20.0.20.46413,>
2026-05-08,20:23:14.416877,IP,172.20.0.10.5002,>
2026-05-08,20:23:14.416997,IP,172.20.0.20.46413,>
2026-05-08,20:23:14.417230,IP,172.20.0.10.5002,>
2026-05-08,20:23:14.417391,IP,172.20.0.20.46413,>
2026-05-08,20:23:14.417845,IP,172.20.0.20.46413,>
2026-05-08,20:23:14.422610,IP,172.20.0.10.5002,>
2026-05-08,20:23:14.423073,IP,172.20.0.20.46413,>
2026-05-08,20:23:14.423158,IP,172.20.0.10.5002,>
2026-05-08,20:23:14.423499,IP,172.20.0.10.5002,>
2026-05-08,20:23:14.423595,IP,172.20.0.20.46413,>
2026-05-08,20:23:14.423891,IP,172.20.0.20.46413,>
2026-05-08,20:23:14.424197,IP,172.20.0.10.5002,>
2026-05-08,20:23:14.424544,IP,172.20.0.20.46413,>
2026-05-08,20:23:14.426976,IP,172.20.0.10.5002,>
2026-05-08,20:23:14.427217,IP,172.20.0.10.5002,>
2026-05-08,20:23:14.427327,IP,172.20.0.20.46413,>
2026-05-08,20:23:14.427578,IP,172.20.0.10.5002,>
2026-05-08,20:23:14.427612,IP,172.20.0.20.46413,>
2026-05-08,20:23:14.428048,IP,172.20.0.10.5002,>
2026-05-08,20:23:14.428141,IP,172.20.0.20.46413,>
2026-05-08,20:23:14.428815,IP,172.20.0.20.46413,>
2026-05-08,20:23:14.433592,IP,172.20.0.10.5002,>
2026-05-08,20:23:14.433765,IP,172.20.0.10.5002,>
2026-05-08,20:23:14.434041,IP,172.20.0.20.46413,>
2026-05-08,20:23:14.434133,IP,172.20.0.10.5002,>
2026-05-08,20:23:14.434320,IP,172.20.0.20.46413,>
2026-05-08,20:23:14.434558,IP,172.20.0.20.46413,>
2026-05-08,20:23:14.435041,IP,172.20.0.10.5002,>
2026-05-08,20:23:14.435399,IP,172.20.0.20.46413,>
2026-05-08,20:23:14.437659,IP,172.20.0.10.5002,>
2026-05-08,20:23:14.438171,IP,172.20.0.20.46413,>
2026-05-08,20:23:14.438589,IP,172.20.0.10.5002,>
2026-05-08,20:23:14.438931,IP,172.20.0.20.46413,>
2026-05-08,20:23:14.438955,IP,172.20.0.10.5002,>
2026-05-08,20:23:14.439075,IP,172.20.0.10.5002,>
2026-05-08,20:23:14.439247,IP,172.20.0.20.46413,>
2026-05-08,20:23:14.439523,IP,172.20.0.20.46413,>
2026-05-08,20:23:14.444431,IP,172.20.0.10.5002,>
2026-05-08,20:23:14.444512,IP,172.20.0.10.5002,>
2026-05-08,20:23:14.444737,IP,172.20.0.10.5002,>
2026-05-08,20:23:14.444852,IP,172.20.0.20.46413,>
2026-05-08,20:23:14.445178,IP,172.20.0.20.46413,>
2026-05-08,20:23:14.445482,IP,172.20.0.20.46413,>
2026-05-08,20:23:14.445565,IP,172.20.0.10.5002,>
2026-05-08,20:23:14.446001,IP,172.20.0.20.46413,>
2026-05-08,20:23:14.448476,IP,172.20.0.10.5002,>
2026-05-08,20:23:14.448834,IP,172.20.0.20.46413,>
2026-05-08,20:23:14.449235,IP,172.20.0.10.5002,>
2026-05-08,20:23:14.449442,IP,172.20.0.10.5002,>
2026-05-08,20:23:14.449709,IP,172.20.0.20.46413,>
2026-05-08,20:23:14.449730,IP,172.20.0.10.5002,>
2026-05-08,20:23:14.450511,IP,172.20.0.20.46413,>
2026-05-08,20:23:14.450939,IP,172.20.0.20.46413,>
2026-05-08,20:23:14.455207,IP,172.20.0.10.5002,>
2026-05-08,20:23:14.455454,IP,172.20.0.10.5002,>
2026-05-08,20:23:14.455650,IP,172.20.0.20.46413,>
2026-05-08,20:23:14.455762,IP,172.20.0.10.5002,>
2026-05-08,20:23:14.456210,IP,172.20.0.20.46413,>
2026-05-08,20:23:14.456290,IP,172.20.0.10.5002,>
2026-05-08,20:23:14.456631,IP,172.20.0.20.46413,>
2026-05-08,20:23:14.457076,IP,172.20.0.20.46413,>
2026-05-08,20:23:14.459152,IP,172.20.0.10.5002,>
2026-05-08,20:23:14.459564,IP,172.20.0.20.46413,>
2026-05-08,20:23:14.460034,IP,172.20.0.10.5002,>
2026-05-08,20:23:14.460410,IP,172.20.0.20.46413,>
2026-05-08,20:23:14.460734,IP,172.20.0.10.5002,>
2026-05-08,20:23:14.461121,IP,172.20.0.10.5002,>
2026-05-08,20:23:14.461217,IP,172.20.0.20.46413,>
2026-05-08,20:23:14.461592,IP,172.20.0.20.46413,>
2026-05-08,20:23:14.466120,IP,172.20.0.10.5002,>
2026-05-08,20:23:14.466429,IP,172.20.0.10.5002,>
2026-05-08,20:23:14.466573,IP,172.20.0.20.46413,>
2026-05-08,20:23:14.466864,IP,172.20.0.20.46413,>
2026-05-08,20:23:14.466937,IP,172.20.0.10.5002,>
2026-05-08,20:23:14.467281,IP,172.20.0.10.5002,>
2026-05-08,20:23:14.467654,IP,172.20.0.20.46413,>
2026-05-08,20:23:14.467947,IP,172.20.0.20.46413,>
2026-05-08,20:23:14.469921,IP,172.20.0.10.5002,>
2026-05-08,20:23:14.470388,IP,172.20.0.20.46413,>
2026-05-08,20:23:14.470608,IP,172.20.0.10.5002,>
2026-05-08,20:23:14.471021,IP,172.20.0.20.46413,>
2026-05-08,20:23:14.471396,IP,172.20.0.10.5002,>
2026-05-08,20:23:14.471745,IP,172.20.0.20.46413,>
2026-05-08,20:23:14.471891,IP,172.20.0.10.5002,>
2026-05-08,20:23:14.472188,IP,172.20.0.20.46413,>
2026-05-08,20:23:14.477197,IP,172.20.0.10.5002,>
2026-05-08,20:23:14.477362,IP,172.20.0.10.5002,>
2026-05-08,20:23:14.477623,IP,172.20.0.20.46413,>
2026-05-08,20:23:14.477895,IP,172.20.0.10.5002,>
2026-05-08,20:23:14.478052,IP,172.20.0.20.46413,>
2026-05-08,20:23:14.478105,IP,172.20.0.10.5002,>
2026-05-08,20:23:14.478341,IP,172.20.0.20.46413,>
2026-05-08,20:23:14.478955,IP,172.20.0.20.46413,>
2026-05-08,20:23:14.481361,IP,172.20.0.10.5002,>
2026-05-08,20:23:14.481468,IP,172.20.0.10.5002,>
2026-05-08,20:23:14.481739,IP,172.20.0.20.46413,>
2026-05-08,20:23:14.482133,IP,172.20.0.20.46413,>
2026-05-08,20:23:14.482316,IP,172.20.0.10.5002,>
2026-05-08,20:23:14.482455,IP,172.20.0.10.5002,>
2026-05-08,20:23:14.482619,IP,172.20.0.20.46413,>
2026-05-08,20:23:14.482922,IP,172.20.0.20.46413,>
2026-05-08,20:23:14.488089,IP,172.20.0.10.5002,>
2026-05-08,20:23:14.488318,IP,172.20.0.10.5002,>
2026-05-08,20:23:14.488477,IP,172.20.0.20.46413,>
2026-05-08,20:23:14.488545,IP,172.20.0.10.5002,>
2026-05-08,20:23:14.488818,IP,172.20.0.20.46413,>
2026-05-08,20:23:14.489151,IP,172.20.0.20.46413,>
2026-05-08,20:23:14.489220,IP,172.20.0.10.5002,>
2026-05-08,20:23:14.489500,IP,172.20.0.20.46413,>
2026-05-08,20:23:14.492148,IP,172.20.0.10.5002,>
2026-05-08,20:23:14.492482,IP,172.20.0.20.46413,>
2026-05-08,20:23:14.492565,IP,172.20.0.10.5002,>
2026-05-08,20:23:14.492815,IP,172.20.0.10.5002,>
2026-05-08,20:23:14.493178,IP,172.20.0.10.5002,>
2026-05-08,20:23:14.493270,IP,172.20.0.20.46413,>
2026-05-08,20:23:14.493528,IP,172.20.0.20.46413,>
2026-05-08,20:23:14.493767,IP,172.20.0.20.46413,>
2026-05-08,20:23:14.498912,IP,172.20.0.10.5002,>
2026-05-08,20:23:14.498996,IP,172.20.0.10.5002,>
2026-05-08,20:23:14.499291,IP,172.20.0.20.46413,>
2026-05-08,20:23:14.499384,IP,172.20.0.10.5002,>
2026-05-08,20:23:14.499623,IP,172.20.0.20.46413,>
2026-05-08,20:23:14.499663,IP,172.20.0.10.5002,>
2026-05-08,20:23:14.500070,IP,172.20.0.20.46413,>
2026-05-08,20:23:14.500339,IP,172.20.0.20.46413,>
2026-05-08,20:23:14.502828,IP,172.20.0.10.5002,>
2026-05-08,20:23:14.503455,IP,172.20.0.10.5002,>
2026-05-08,20:23:14.503569,IP,172.20.0.20.46413,>
2026-05-08,20:23:14.503702,IP,172.20.0.10.5002,>
2026-05-08,20:23:14.503999,IP,172.20.0.10.5002,>
2026-05-08,20:23:14.504057,IP,172.20.0.20.46413,>
2026-05-08,20:23:14.504702,IP,172.20.0.20.46413,>
2026-05-08,20:23:14.505326,IP,172.20.0.20.46413,>
2026-05-08,20:23:14.509669,IP,172.20.0.10.5002,>
2026-05-08,20:23:14.509897,IP,172.20.0.10.5002,>
2026-05-08,20:23:14.510190,IP,172.20.0.20.46413,>
2026-05-08,20:23:14.510337,IP,172.20.0.10.5002,>
2026-05-08,20:23:14.510476,IP,172.20.0.10.5002,>
2026-05-08,20:23:14.510593,IP,172.20.0.20.46413,>
2026-05-08,20:23:14.510871,IP,172.20.0.20.46413,>
2026-05-08,20:23:14.511180,IP,172.20.0.20.46413,>
2026-05-08,20:23:14.521512,IP,172.20.0.10.5002,>
2026-05-08,20:23:14.521555,IP,172.20.0.10.5002,>
2026-05-08,20:23:14.521557,IP,172.20.0.10.5002,>
2026-05-08,20:23:14.521559,IP,172.20.0.10.5002,>
2026-05-08,20:23:14.521561,IP,172.20.0.10.5002,>
2026-05-08,20:23:14.521563,IP,172.20.0.10.5002,>
2026-05-08,20:23:14.521565,IP,172.20.0.10.5002,>
2026-05-08,20:23:14.521566,IP,172.20.0.10.5002,>
2026-05-08,20:23:14.522170,IP,172.20.0.20.46413,>
2026-05-08,20:23:14.522821,IP,172.20.0.20.46413,>
2026-05-08,20:23:14.523113,IP,172.20.0.20.46413,>
2026-05-08,20:23:14.523351,IP,172.20.0.20.46413,>
2026-05-08,20:23:14.523632,IP,172.20.0.20.46413,>
2026-05-08,20:23:14.523893,IP,172.20.0.20.46413,>
2026-05-08,20:23:14.524124,IP,172.20.0.20.46413,>
2026-05-08,20:23:14.524345,IP,172.20.0.20.46413,>
2026-05-08,20:23:14.532555,IP,172.20.0.10.5002,>
2026-05-08,20:23:14.532961,IP,172.20.0.20.46413,>
2026-05-08,20:23:14.533268,IP,172.20.0.10.5002,>
2026-05-08,20:23:14.533429,IP,172.20.0.10.5002,>
2026-05-08,20:23:14.533725,IP,172.20.0.10.5002,>
2026-05-08,20:23:14.533998,IP,172.20.0.10.5002,>
2026-05-08,20:23:14.534031,IP,172.20.0.20.46413,>
2026-05-08,20:23:14.534135,IP,172.20.0.10.5002,>
2026-05-08,20:23:14.534573,IP,172.20.0.10.5002,>
2026-05-08,20:23:14.534610,IP,172.20.0.20.46413,>
2026-05-08,20:23:14.534664,IP,172.20.0.10.5002,>
2026-05-08,20:23:14.535081,IP,172.20.0.20.46413,>
2026-05-08,20:23:14.535757,IP,172.20.0.20.46413,>
2026-05-08,20:23:14.536557,IP,172.20.0.20.46413,>
2026-05-08,20:23:14.536967,IP,172.20.0.20.46413,>
2026-05-08,20:23:14.537547,IP,172.20.0.20.46413,>
2026-05-08,20:23:14.543330,IP,172.20.0.10.5002,>
2026-05-08,20:23:14.543825,IP,172.20.0.20.46413,>
2026-05-08,20:23:14.544239,IP,172.20.0.10.5002,>
2026-05-08,20:23:14.544819,IP,172.20.0.10.5002,>
2026-05-08,20:23:14.545282,IP,172.20.0.20.46413,>
2026-05-08,20:23:14.545363,IP,172.20.0.10.5002,>
2026-05-08,20:23:14.545701,IP,172.20.0.20.46413,>
2026-05-08,20:23:14.546258,IP,172.20.0.20.46413,>
2026-05-08,20:23:14.546273,IP,172.20.0.10.5002,>
2026-05-08,20:23:14.546757,IP,172.20.0.10.5002,>
2026-05-08,20:23:14.546925,IP,172.20.0.20.46413,>
2026-05-08,20:23:14.547413,IP,172.20.0.10.5002,>
2026-05-08,20:23:14.547875,IP,172.20.0.20.46413,>
2026-05-08,20:23:14.547969,IP,172.20.0.10.5002,>
2026-05-08,20:23:14.548259,IP,172.20.0.20.46413,>
2026-05-08,20:23:14.548647,IP,172.20.0.20.46413,>
2026-05-08,20:23:14.554899,IP,172.20.0.10.5002,>
2026-05-08,20:23:14.555288,IP,172.20.0.20.46413,>
2026-05-08,20:23:14.555575,IP,172.20.0.10.5002,>
2026-05-08,20:23:14.556044,IP,172.20.0.10.5002,>
2026-05-08,20:23:14.556286,IP,172.20.0.20.46413,>
2026-05-08,20:23:14.556511,IP,172.20.0.10.5002,>
2026-05-08,20:23:14.556684,IP,172.20.0.20.46413,>
2026-05-08,20:23:14.557102,IP,172.20.0.20.46413,>
2026-05-08,20:23:14.557242,IP,172.20.0.10.5002,>
2026-05-08,20:23:14.557805,IP,172.20.0.20.46413,>
2026-05-08,20:23:14.558266,IP,172.20.0.10.5002,>
2026-05-08,20:23:14.558518,IP,172.20.0.10.5002,>
2026-05-08,20:23:14.558957,IP,172.20.0.20.46413,>
2026-05-08,20:23:14.558959,IP,172.20.0.10.5002,>
2026-05-08,20:23:14.560282,IP,172.20.0.20.46413,>
2026-05-08,20:23:14.560822,IP,172.20.0.20.46413,>
2026-05-08,20:23:14.565740,IP,172.20.0.10.5002,>
2026-05-08,20:23:14.566196,IP,172.20.0.20.46413,>
2026-05-08,20:23:14.566619,IP,172.20.0.10.5002,>
2026-05-08,20:23:14.566972,IP,172.20.0.10.5002,>
2026-05-08,20:23:14.567271,IP,172.20.0.20.46413,>
2026-05-08,20:23:14.567482,IP,172.20.0.10.5002,>
2026-05-08,20:23:14.567579,IP,172.20.0.20.46413,>
2026-05-08,20:23:14.567992,IP,172.20.0.20.46413,>
2026-05-08,20:23:14.568154,IP,172.20.0.10.5002,>
2026-05-08,20:23:14.568761,IP,172.20.0.20.46413,>
2026-05-08,20:23:14.569180,IP,172.20.0.10.5002,>
2026-05-08,20:23:14.569498,IP,172.20.0.20.46413,>
2026-05-08,20:23:14.570501,IP,172.20.0.10.5002,>
2026-05-08,20:23:14.570881,IP,172.20.0.20.46413,>
2026-05-08,20:23:14.571037,IP,172.20.0.10.5002,>
