2026-05-08,20:41:28.987316,IP,172.20.0.20.60378,>
2026-05-08,20:41:30.010134,IP,172.20.0.20.60378,>
2026-05-08,20:41:30.110036,IP,172.20.0.10.5001,>
2026-05-08,20:41:30.110303,IP,172.20.0.20.60378,>
2026-05-08,20:41:30.114167,IP,172.20.0.10.5001,>
2026-05-08,20:41:30.114203,IP,172.20.0.20.60378,>
2026-05-08,20:41:30.114212,IP,172.20.0.20.60378,>
2026-05-08,20:41:30.114219,IP,172.20.0.20.60378,>
2026-05-08,20:41:30.114343,IP,172.20.0.20.60378,>
2026-05-08,20:41:30.114418,IP,172.20.0.20.60378,>
2026-05-08,20:41:30.114425,IP,172.20.0.20.60378,>
2026-05-08,20:41:30.114431,IP,172.20.0.20.60378,>
2026-05-08,20:41:30.214320,IP,172.20.0.10.5001,>
2026-05-08,20:41:30.214336,IP,172.20.0.10.5001,>
2026-05-08,20:41:30.214338,IP,172.20.0.10.5001,>
2026-05-08,20:41:30.214479,IP,172.20.0.20.60378,>
2026-05-08,20:41:30.214528,IP,172.20.0.10.5001,>
2026-05-08,20:41:30.214531,IP,172.20.0.10.5001,>
2026-05-08,20:41:30.214533,IP,172.20.0.10.5001,>
2026-05-08,20:41:30.214485,IP,172.20.0.20.60378,>
2026-05-08,20:41:30.214651,IP,172.20.0.20.60378,>
2026-05-08,20:41:30.214658,IP,172.20.0.20.60378,>
2026-05-08,20:41:30.214746,IP,172.20.0.20.60378,>
2026-05-08,20:41:30.214817,IP,172.20.0.20.60378,>
2026-05-08,20:41:30.214866,IP,172.20.0.20.60378,>
2026-05-08,20:41:30.214903,IP,172.20.0.20.60378,>
2026-05-08,20:41:30.214922,IP,172.20.0.20.60378,>
2026-05-08,20:41:30.214953,IP,172.20.0.20.60378,>
2026-05-08,20:41:30.314618,IP,172.20.0.10.5001,>
2026-05-08,20:41:30.314634,IP,172.20.0.10.5001,>
2026-05-08,20:41:30.314815,IP,172.20.0.20.60378,>
2026-05-08,20:41:30.314872,IP,172.20.0.10.5001,>
2026-05-08,20:41:30.314876,IP,172.20.0.10.5001,>
2026-05-08,20:41:30.314878,IP,172.20.0.10.5001,>
2026-05-08,20:41:30.314880,IP,172.20.0.10.5001,>
2026-05-08,20:41:30.314821,IP,172.20.0.20.60378,>
2026-05-08,20:41:30.315140,IP,172.20.0.20.60378,>
2026-05-08,20:41:30.315146,IP,172.20.0.20.60378,>
2026-05-08,20:41:30.315210,IP,172.20.0.10.5001,>
2026-05-08,20:41:30.315224,IP,172.20.0.10.5001,>
2026-05-08,20:41:30.315226,IP,172.20.0.10.5001,>
2026-05-08,20:41:30.315242,IP,172.20.0.20.60378,>
2026-05-08,20:41:30.315310,IP,172.20.0.20.60378,>
2026-05-08,20:41:30.315416,IP,172.20.0.20.60378,>
2026-05-08,20:41:30.315443,IP,172.20.0.20.60378,>
2026-05-08,20:41:30.315493,IP,172.20.0.20.60378,>
2026-05-08,20:41:30.315536,IP,172.20.0.20.60378,>
2026-05-08,20:41:30.315590,IP,172.20.0.20.60378,>
2026-05-08,20:41:30.315612,IP,172.20.0.20.60378,>
2026-05-08,20:41:30.315684,IP,172.20.0.20.60378,>
2026-05-08,20:41:30.315736,IP,172.20.0.20.60378,>
2026-05-08,20:41:30.315778,IP,172.20.0.20.60378,>
2026-05-08,20:41:30.315803,IP,172.20.0.20.60378,>
2026-05-08,20:41:30.414893,IP,172.20.0.10.5001,>
2026-05-08,20:41:30.415051,IP,172.20.0.20.60378,>
2026-05-08,20:41:30.415058,IP,172.20.0.20.60378,>
2026-05-08,20:41:30.415211,IP,172.20.0.20.60378,>
2026-05-08,20:41:30.415217,IP,172.20.0.20.60378,>
2026-05-08,20:41:30.415263,IP,172.20.0.20.60378,>
2026-05-08,20:41:30.415269,IP,172.20.0.20.60378,>
2026-05-08,20:41:30.415315,IP,172.20.0.10.5001,>
2026-05-08,20:41:30.415383,IP,172.20.0.20.60378,>
2026-05-08,20:41:30.415389,IP,172.20.0.20.60378,>
2026-05-08,20:41:30.415429,IP,172.20.0.20.60378,>
2026-05-08,20:41:30.415435,IP,172.20.0.20.60378,>
2026-05-08,20:41:30.415488,IP,172.20.0.20.60378,>
2026-05-08,20:41:30.415531,IP,172.20.0.20.60378,>
2026-05-08,20:41:30.415542,IP,172.20.0.10.5001,>
2026-05-08,20:41:30.415570,IP,172.20.0.20.60378,>
2026-05-08,20:41:30.415595,IP,172.20.0.10.5001,>
2026-05-08,20:41:30.415615,IP,172.20.0.10.5001,>
2026-05-08,20:41:30.415654,IP,172.20.0.10.5001,>
2026-05-08,20:41:30.415663,IP,172.20.0.20.60378,>
2026-05-08,20:41:30.415698,IP,172.20.0.20.60378,>
2026-05-08,20:41:30.415709,IP,172.20.0.10.5001,>
2026-05-08,20:41:30.415738,IP,172.20.0.20.60378,>
2026-05-08,20:41:30.415768,IP,172.20.0.10.5001,>
2026-05-08,20:41:30.415797,IP,172.20.0.10.5001,>
2026-05-08,20:41:30.415834,IP,172.20.0.20.60378,>
2026-05-08,20:41:30.415852,IP,172.20.0.10.5001,>
2026-05-08,20:41:30.415894,IP,172.20.0.20.60378,>
2026-05-08,20:41:30.415925,IP,172.20.0.20.60378,>
2026-05-08,20:41:30.415953,IP,172.20.0.20.60378,>
2026-05-08,20:41:30.415987,IP,172.20.0.20.60378,>
2026-05-08,20:41:30.416026,IP,172.20.0.20.60378,>
2026-05-08,20:41:30.416090,IP,172.20.0.20.60378,>
2026-05-08,20:41:30.416123,IP,172.20.0.20.60378,>
2026-05-08,20:41:30.416156,IP,172.20.0.20.60378,>
2026-05-08,20:41:30.416188,IP,172.20.0.20.60378,>
2026-05-08,20:41:30.416216,IP,172.20.0.20.60378,>
2026-05-08,20:41:30.416245,IP,172.20.0.20.60378,>
2026-05-08,20:41:30.416261,IP,172.20.0.20.60378,>
2026-05-08,20:41:30.416329,IP,172.20.0.20.60378,>
2026-05-08,20:41:30.416360,IP,172.20.0.20.60378,>
2026-05-08,20:41:30.416380,IP,172.20.0.20.60378,>
2026-05-08,20:41:30.416418,IP,172.20.0.20.60378,>
2026-05-08,20:41:30.416445,IP,172.20.0.20.60378,>
2026-05-08,20:41:30.416473,IP,172.20.0.20.60378,>
2026-05-08,20:41:30.416493,IP,172.20.0.20.60378,>
2026-05-08,20:41:30.515215,IP,172.20.0.10.5001,>
2026-05-08,20:41:30.515233,IP,172.20.0.10.5001,>
2026-05-08,20:41:30.515235,IP,172.20.0.10.5001,>
2026-05-08,20:41:30.515400,IP,172.20.0.20.60378,>
2026-05-08,20:41:30.515473,IP,172.20.0.10.5001,>
2026-05-08,20:41:30.515406,IP,172.20.0.20.60378,>
2026-05-08,20:41:30.515544,IP,172.20.0.20.60378,>
2026-05-08,20:41:30.515556,IP,172.20.0.10.5001,>
2026-05-08,20:41:30.515550,IP,172.20.0.20.60378,>
2026-05-08,20:41:30.515580,IP,172.20.0.10.5001,>
2026-05-08,20:41:30.515583,IP,172.20.0.10.5001,>
2026-05-08,20:41:30.515585,IP,172.20.0.10.5001,>
2026-05-08,20:41:30.515587,IP,172.20.0.10.5001,>
2026-05-08,20:41:30.515601,IP,172.20.0.10.5001,>
2026-05-08,20:41:30.515603,IP,172.20.0.10.5001,>
2026-05-08,20:41:30.515605,IP,172.20.0.10.5001,>
2026-05-08,20:41:30.515762,IP,172.20.0.10.5001,>
2026-05-08,20:41:30.515765,IP,172.20.0.10.5001,>
2026-05-08,20:41:30.515768,IP,172.20.0.10.5001,>
2026-05-08,20:41:30.515925,IP,172.20.0.10.5001,>
2026-05-08,20:41:30.515979,IP,172.20.0.10.5001,>
2026-05-08,20:41:30.515982,IP,172.20.0.10.5001,>
2026-05-08,20:41:30.516024,IP,172.20.0.10.5001,>
2026-05-08,20:41:30.516088,IP,172.20.0.10.5001,>
2026-05-08,20:41:30.516123,IP,172.20.0.10.5001,>
2026-05-08,20:41:30.516153,IP,172.20.0.10.5001,>
2026-05-08,20:41:30.516182,IP,172.20.0.10.5001,>
2026-05-08,20:41:30.516240,IP,172.20.0.10.5001,>
2026-05-08,20:41:30.516310,IP,172.20.0.10.5001,>
2026-05-08,20:41:30.516407,IP,172.20.0.10.5001,>
2026-05-08,20:41:30.516547,IP,172.20.0.10.5001,>
2026-05-08,20:41:30.520852,IP,172.20.0.20.60378,>
2026-05-08,20:41:30.520860,IP,172.20.0.20.60378,>
2026-05-08,20:41:30.521006,IP,172.20.0.20.60378,>
2026-05-08,20:41:30.521012,IP,172.20.0.20.60378,>
2026-05-08,20:41:30.521090,IP,172.20.0.20.60378,>
2026-05-08,20:41:30.521097,IP,172.20.0.20.60378,>
2026-05-08,20:41:30.521163,IP,172.20.0.20.60378,>
2026-05-08,20:41:30.521169,IP,172.20.0.20.60378,>
2026-05-08,20:41:30.521219,IP,172.20.0.20.60378,>
2026-05-08,20:41:30.521225,IP,172.20.0.20.60378,>
2026-05-08,20:41:30.521291,IP,172.20.0.20.60378,>
2026-05-08,20:41:30.521298,IP,172.20.0.20.60378,>
2026-05-08,20:41:30.521348,IP,172.20.0.20.60378,>
2026-05-08,20:41:30.521355,IP,172.20.0.20.60378,>
2026-05-08,20:41:30.521432,IP,172.20.0.20.60378,>
2026-05-08,20:41:30.521439,IP,172.20.0.20.60378,>
2026-05-08,20:41:30.521495,IP,172.20.0.20.60378,>
2026-05-08,20:41:30.521501,IP,172.20.0.20.60378,>
2026-05-08,20:41:30.521547,IP,172.20.0.20.60378,>
2026-05-08,20:41:30.521553,IP,172.20.0.20.60378,>
2026-05-08,20:41:30.521594,IP,172.20.0.20.60378,>
2026-05-08,20:41:30.521600,IP,172.20.0.20.60378,>
2026-05-08,20:41:30.521682,IP,172.20.0.20.60378,>
2026-05-08,20:41:30.521688,IP,172.20.0.20.60378,>
2026-05-08,20:41:30.521751,IP,172.20.0.20.60378,>
2026-05-08,20:41:30.521757,IP,172.20.0.20.60378,>
2026-05-08,20:41:30.521822,IP,172.20.0.20.60378,>
2026-05-08,20:41:30.521828,IP,172.20.0.20.60378,>
2026-05-08,20:41:30.521894,IP,172.20.0.20.60378,>
2026-05-08,20:41:30.521900,IP,172.20.0.20.60378,>
2026-05-08,20:41:30.521961,IP,172.20.0.20.60378,>
2026-05-08,20:41:30.521968,IP,172.20.0.20.60378,>
2026-05-08,20:41:30.521974,IP,172.20.0.20.60378,>
2026-05-08,20:41:30.522049,IP,172.20.0.20.60378,>
2026-05-08,20:41:30.522055,IP,172.20.0.20.60378,>
2026-05-08,20:41:30.522145,IP,172.20.0.20.60378,>
2026-05-08,20:41:30.522151,IP,172.20.0.20.60378,>
2026-05-08,20:41:30.522200,IP,172.20.0.20.60378,>
2026-05-08,20:41:30.522206,IP,172.20.0.20.60378,>
2026-05-08,20:41:30.522256,IP,172.20.0.20.60378,>
2026-05-08,20:41:30.522292,IP,172.20.0.20.60378,>
2026-05-08,20:41:30.522310,IP,172.20.0.20.60378,>
2026-05-08,20:41:30.522320,IP,172.20.0.20.60378,>
2026-05-08,20:41:30.522335,IP,172.20.0.20.60378,>
2026-05-08,20:41:30.522350,IP,172.20.0.20.60378,>
2026-05-08,20:41:30.522367,IP,172.20.0.20.60378,>
2026-05-08,20:41:30.522377,IP,172.20.0.20.60378,>
2026-05-08,20:41:30.522391,IP,172.20.0.20.60378,>
2026-05-08,20:41:30.522407,IP,172.20.0.20.60378,>
2026-05-08,20:41:30.522424,IP,172.20.0.20.60378,>
2026-05-08,20:41:30.522434,IP,172.20.0.20.60378,>
2026-05-08,20:41:30.522449,IP,172.20.0.20.60378,>
2026-05-08,20:41:30.522464,IP,172.20.0.20.60378,>
2026-05-08,20:41:30.522479,IP,172.20.0.20.60378,>
2026-05-08,20:41:30.522489,IP,172.20.0.20.60378,>
2026-05-08,20:41:30.522505,IP,172.20.0.20.60378,>
2026-05-08,20:41:30.522521,IP,172.20.0.20.60378,>
2026-05-08,20:41:30.522531,IP,172.20.0.20.60378,>
2026-05-08,20:41:30.522548,IP,172.20.0.20.60378,>
2026-05-08,20:41:30.522563,IP,172.20.0.20.60378,>
2026-05-08,20:41:30.522579,IP,172.20.0.20.60378,>
2026-05-08,20:41:30.522588,IP,172.20.0.20.60378,>
2026-05-08,20:41:30.522603,IP,172.20.0.20.60378,>
2026-05-08,20:41:30.522619,IP,172.20.0.20.60378,>
2026-05-08,20:41:30.522628,IP,172.20.0.20.60378,>
2026-05-08,20:41:30.522643,IP,172.20.0.20.60378,>
2026-05-08,20:41:30.522658,IP,172.20.0.20.60378,>
2026-05-08,20:41:30.522674,IP,172.20.0.20.60378,>
2026-05-08,20:41:30.522685,IP,172.20.0.20.60378,>
2026-05-08,20:41:30.615526,IP,172.20.0.10.5001,>
2026-05-08,20:41:30.615709,IP,172.20.0.20.60378,>
2026-05-08,20:41:30.615780,IP,172.20.0.10.5001,>
2026-05-08,20:41:30.615716,IP,172.20.0.20.60378,>
2026-05-08,20:41:30.615872,IP,172.20.0.20.60378,>
2026-05-08,20:41:30.615878,IP,172.20.0.20.60378,>
2026-05-08,20:41:30.616479,IP,172.20.0.10.5001,>
2026-05-08,20:41:30.616560,IP,172.20.0.20.60378,>
2026-05-08,20:41:30.616566,IP,172.20.0.20.60378,>
2026-05-08,20:41:30.616644,IP,172.20.0.20.60378,>
2026-05-08,20:41:30.616709,IP,172.20.0.20.60378,>
2026-05-08,20:41:30.620954,IP,172.20.0.10.5001,>
2026-05-08,20:41:30.620975,IP,172.20.0.10.5001,>
2026-05-08,20:41:30.621136,IP,172.20.0.20.60378,>
2026-05-08,20:41:30.621186,IP,172.20.0.10.5001,>
2026-05-08,20:41:30.621189,IP,172.20.0.10.5001,>
2026-05-08,20:41:30.621192,IP,172.20.0.10.5001,>
2026-05-08,20:41:30.621143,IP,172.20.0.20.60378,>
2026-05-08,20:41:30.621149,IP,172.20.0.20.60378,>
2026-05-08,20:41:30.621262,IP,172.20.0.20.60378,>
2026-05-08,20:41:30.621288,IP,172.20.0.10.5001,>
2026-05-08,20:41:30.621291,IP,172.20.0.10.5001,>
2026-05-08,20:41:30.621338,IP,172.20.0.10.5001,>
2026-05-08,20:41:30.621382,IP,172.20.0.20.60378,>
2026-05-08,20:41:30.621434,IP,172.20.0.20.60378,>
2026-05-08,20:41:30.621465,IP,172.20.0.20.60378,>
2026-05-08,20:41:30.621485,IP,172.20.0.20.60378,>
2026-05-08,20:41:30.621517,IP,172.20.0.20.60378,>
2026-05-08,20:41:30.621547,IP,172.20.0.20.60378,>
2026-05-08,20:41:30.621576,IP,172.20.0.20.60378,>
2026-05-08,20:41:30.621596,IP,172.20.0.20.60378,>
2026-05-08,20:41:30.621621,IP,172.20.0.20.60378,>
2026-05-08,20:41:30.621665,IP,172.20.0.20.60378,>
2026-05-08,20:41:30.621692,IP,172.20.0.20.60378,>
2026-05-08,20:41:30.621713,IP,172.20.0.20.60378,>
2026-05-08,20:41:30.621743,IP,172.20.0.20.60378,>
2026-05-08,20:41:30.621773,IP,172.20.0.20.60378,>
2026-05-08,20:41:30.621803,IP,172.20.0.20.60378,>
2026-05-08,20:41:30.621822,IP,172.20.0.20.60378,>
2026-05-08,20:41:30.621885,IP,172.20.0.20.60378,>
2026-05-08,20:41:30.621945,IP,172.20.0.20.60378,>
2026-05-08,20:41:30.621952,IP,172.20.0.20.60378,>
2026-05-08,20:41:30.622683,IP,172.20.0.20.60378,>
2026-05-08,20:41:30.622713,IP,172.20.0.10.5001,>
2026-05-08,20:41:30.622721,IP,172.20.0.10.5001,>
2026-05-08,20:41:30.622723,IP,172.20.0.10.5001,>
2026-05-08,20:41:30.622738,IP,172.20.0.10.5001,>
2026-05-08,20:41:30.622740,IP,172.20.0.10.5001,>
2026-05-08,20:41:30.622743,IP,172.20.0.10.5001,>
2026-05-08,20:41:30.622747,IP,172.20.0.10.5001,>
2026-05-08,20:41:30.622749,IP,172.20.0.10.5001,>
2026-05-08,20:41:30.622751,IP,172.20.0.10.5001,>
2026-05-08,20:41:30.622753,IP,172.20.0.10.5001,>
2026-05-08,20:41:30.622755,IP,172.20.0.10.5001,>
2026-05-08,20:41:30.622757,IP,172.20.0.10.5001,>
2026-05-08,20:41:30.622699,IP,172.20.0.20.60378,>
2026-05-08,20:41:30.622783,IP,172.20.0.10.5001,>
2026-05-08,20:41:30.622792,IP,172.20.0.10.5001,>
2026-05-08,20:41:30.622794,IP,172.20.0.10.5001,>
2026-05-08,20:41:30.622796,IP,172.20.0.10.5001,>
2026-05-08,20:41:30.623098,IP,172.20.0.20.60378,>
2026-05-08,20:41:30.623127,IP,172.20.0.10.5001,>
2026-05-08,20:41:30.623142,IP,172.20.0.20.60378,>
2026-05-08,20:41:30.623107,IP,172.20.0.20.60378,>
2026-05-08,20:41:30.623219,IP,172.20.0.20.60378,>
2026-05-08,20:41:30.623302,IP,172.20.0.20.60378,>
2026-05-08,20:41:30.623347,IP,172.20.0.20.60378,>
2026-05-08,20:41:30.623466,IP,172.20.0.20.60378,>
2026-05-08,20:41:30.623539,IP,172.20.0.20.60378,>
2026-05-08,20:41:30.623613,IP,172.20.0.20.60378,>
2026-05-08,20:41:30.623659,IP,172.20.0.20.60378,>
2026-05-08,20:41:30.623733,IP,172.20.0.20.60378,>
2026-05-08,20:41:30.623824,IP,172.20.0.20.60378,>
2026-05-08,20:41:30.623896,IP,172.20.0.20.60378,>
2026-05-08,20:41:30.623942,IP,172.20.0.20.60378,>
2026-05-08,20:41:30.624019,IP,172.20.0.20.60378,>
2026-05-08,20:41:30.624108,IP,172.20.0.20.60378,>
2026-05-08,20:41:30.624190,IP,172.20.0.20.60378,>
2026-05-08,20:41:30.624242,IP,172.20.0.20.60378,>
2026-05-08,20:41:30.624304,IP,172.20.0.20.60378,>
2026-05-08,20:41:30.624377,IP,172.20.0.20.60378,>
2026-05-08,20:41:30.624451,IP,172.20.0.20.60378,>
2026-05-08,20:41:30.624508,IP,172.20.0.20.60378,>
2026-05-08,20:41:30.624604,IP,172.20.0.20.60378,>
2026-05-08,20:41:30.624673,IP,172.20.0.20.60378,>
2026-05-08,20:41:30.624720,IP,172.20.0.20.60378,>
2026-05-08,20:41:30.624795,IP,172.20.0.20.60378,>
2026-05-08,20:41:30.624865,IP,172.20.0.20.60378,>
2026-05-08,20:41:30.624935,IP,172.20.0.20.60378,>
2026-05-08,20:41:30.624960,IP,172.20.0.20.60378,>
2026-05-08,20:41:30.625002,IP,172.20.0.20.60378,>
2026-05-08,20:41:30.625048,IP,172.20.0.20.60378,>
2026-05-08,20:41:30.625105,IP,172.20.0.20.60378,>
2026-05-08,20:41:30.625163,IP,172.20.0.20.60378,>
2026-05-08,20:41:30.625207,IP,172.20.0.20.60378,>
2026-05-08,20:41:30.625246,IP,172.20.0.20.60378,>
2026-05-08,20:41:30.625267,IP,172.20.0.20.60378,>
2026-05-08,20:41:30.625364,IP,172.20.0.20.60378,>
2026-05-08,20:41:30.625406,IP,172.20.0.20.60378,>
2026-05-08,20:41:30.625471,IP,172.20.0.20.60378,>
2026-05-08,20:41:30.625503,IP,172.20.0.20.60378,>
2026-05-08,20:41:30.625542,IP,172.20.0.20.60378,>
2026-05-08,20:41:30.625577,IP,172.20.0.20.60378,>
2026-05-08,20:41:30.625606,IP,172.20.0.20.60378,>
2026-05-08,20:41:30.625630,IP,172.20.0.20.60378,>
2026-05-08,20:41:30.625663,IP,172.20.0.20.60378,>
2026-05-08,20:41:30.625698,IP,172.20.0.20.60378,>
2026-05-08,20:41:30.625724,IP,172.20.0.20.60378,>
2026-05-08,20:41:30.625758,IP,172.20.0.20.60378,>
2026-05-08,20:41:30.625792,IP,172.20.0.20.60378,>
2026-05-08,20:41:30.625827,IP,172.20.0.20.60378,>
2026-05-08,20:41:30.625850,IP,172.20.0.20.60378,>
2026-05-08,20:41:30.625987,IP,172.20.0.20.60378,>
2026-05-08,20:41:30.625998,IP,172.20.0.20.60378,>
2026-05-08,20:41:30.626140,IP,172.20.0.20.60378,>
2026-05-08,20:41:30.626146,IP,172.20.0.20.60378,>
2026-05-08,20:41:30.626214,IP,172.20.0.20.60378,>
2026-05-08,20:41:30.626220,IP,172.20.0.20.60378,>
2026-05-08,20:41:30.626271,IP,172.20.0.20.60378,>
2026-05-08,20:41:30.626276,IP,172.20.0.20.60378,>
2026-05-08,20:41:30.626351,IP,172.20.0.20.60378,>
2026-05-08,20:41:30.626357,IP,172.20.0.20.60378,>
2026-05-08,20:41:30.626406,IP,172.20.0.20.60378,>
2026-05-08,20:41:30.626412,IP,172.20.0.20.60378,>
2026-05-08,20:41:30.626479,IP,172.20.0.20.60378,>
2026-05-08,20:41:30.626486,IP,172.20.0.20.60378,>
2026-05-08,20:41:30.626536,IP,172.20.0.20.60378,>
2026-05-08,20:41:30.626542,IP,172.20.0.20.60378,>
2026-05-08,20:41:30.626612,IP,172.20.0.20.60378,>
2026-05-08,20:41:30.626618,IP,172.20.0.20.60378,>
2026-05-08,20:41:30.626624,IP,172.20.0.20.60378,>
2026-05-08,20:41:30.626681,IP,172.20.0.20.60378,>
2026-05-08,20:41:30.626687,IP,172.20.0.20.60378,>
2026-05-08,20:41:30.626735,IP,172.20.0.20.60378,>
2026-05-08,20:41:30.626741,IP,172.20.0.20.60378,>
2026-05-08,20:41:30.626797,IP,172.20.0.20.60378,>
2026-05-08,20:41:30.626803,IP,172.20.0.20.60378,>
2026-05-08,20:41:30.626862,IP,172.20.0.20.60378,>
2026-05-08,20:41:30.626868,IP,172.20.0.20.60378,>
2026-05-08,20:41:30.626937,IP,172.20.0.20.60378,>
2026-05-08,20:41:30.626943,IP,172.20.0.20.60378,>
2026-05-08,20:41:30.627002,IP,172.20.0.20.60378,>
2026-05-08,20:41:30.627008,IP,172.20.0.20.60378,>
2026-05-08,20:41:30.627084,IP,172.20.0.20.60378,>
2026-05-08,20:41:30.627093,IP,172.20.0.20.60378,>
2026-05-08,20:41:30.627160,IP,172.20.0.20.60378,>
2026-05-08,20:41:30.627166,IP,172.20.0.20.60378,>
2026-05-08,20:41:30.627316,IP,172.20.0.20.60378,>
2026-05-08,20:41:30.715825,IP,172.20.0.10.5001,>
2026-05-08,20:41:30.715837,IP,172.20.0.10.5001,>
2026-05-08,20:41:30.715975,IP,172.20.0.20.60378,>
2026-05-08,20:41:30.716022,IP,172.20.0.10.5001,>
2026-05-08,20:41:30.716025,IP,172.20.0.10.5001,>
2026-05-08,20:41:30.715982,IP,172.20.0.20.60378,>
2026-05-08,20:41:30.716137,IP,172.20.0.20.60378,>
2026-05-08,20:41:30.716143,IP,172.20.0.20.60378,>
2026-05-08,20:41:30.716652,IP,172.20.0.10.5001,>
2026-05-08,20:41:30.716781,IP,172.20.0.20.60378,>
2026-05-08,20:41:30.716821,IP,172.20.0.10.5001,>
2026-05-08,20:41:30.716824,IP,172.20.0.10.5001,>
2026-05-08,20:41:30.716891,IP,172.20.0.20.60378,>
2026-05-08,20:41:30.716897,IP,172.20.0.20.60378,>
2026-05-08,20:41:30.716955,IP,172.20.0.20.60378,>
2026-05-08,20:41:30.718102,IP,172.20.0.20.60378,>
2026-05-08,20:41:30.721204,IP,172.20.0.10.5001,>
2026-05-08,20:41:30.721308,IP,172.20.0.20.60378,>
2026-05-08,20:41:30.721324,IP,172.20.0.10.5001,>
2026-05-08,20:41:30.721327,IP,172.20.0.10.5001,>
2026-05-08,20:41:30.721403,IP,172.20.0.20.60378,>
2026-05-08,20:41:30.721453,IP,172.20.0.10.5001,>
2026-05-08,20:41:30.721456,IP,172.20.0.10.5001,>
2026-05-08,20:41:30.721421,IP,172.20.0.20.60378,>
2026-05-08,20:41:30.721490,IP,172.20.0.10.5001,>
2026-05-08,20:41:30.721567,IP,172.20.0.20.60378,>
2026-05-08,20:41:30.721595,IP,172.20.0.10.5001,>
2026-05-08,20:41:30.721598,IP,172.20.0.10.5001,>
2026-05-08,20:41:30.721600,IP,172.20.0.10.5001,>
2026-05-08,20:41:30.721574,IP,172.20.0.20.60378,>
2026-05-08,20:41:30.721637,IP,172.20.0.10.5001,>
2026-05-08,20:41:30.721648,IP,172.20.0.10.5001,>
2026-05-08,20:41:30.721664,IP,172.20.0.20.60378,>
2026-05-08,20:41:30.721727,IP,172.20.0.20.60378,>
2026-05-08,20:41:30.721759,IP,172.20.0.10.5001,>
2026-05-08,20:41:30.721764,IP,172.20.0.10.5001,>
2026-05-08,20:41:30.721767,IP,172.20.0.10.5001,>
2026-05-08,20:41:30.721802,IP,172.20.0.20.60378,>
2026-05-08,20:41:30.721841,IP,172.20.0.10.5001,>
2026-05-08,20:41:30.721846,IP,172.20.0.10.5001,>
2026-05-08,20:41:30.721857,IP,172.20.0.20.60378,>
2026-05-08,20:41:30.721967,IP,172.20.0.20.60378,>
2026-05-08,20:41:30.721978,IP,172.20.0.20.60378,>
2026-05-08,20:41:30.722036,IP,172.20.0.10.5001,>
2026-05-08,20:41:30.722167,IP,172.20.0.20.60378,>
2026-05-08,20:41:30.722250,IP,172.20.0.20.60378,>
2026-05-08,20:41:30.722318,IP,172.20.0.20.60378,>
2026-05-08,20:41:30.722356,IP,172.20.0.20.60378,>
2026-05-08,20:41:30.722420,IP,172.20.0.20.60378,>
2026-05-08,20:41:30.722483,IP,172.20.0.20.60378,>
2026-05-08,20:41:30.722561,IP,172.20.0.20.60378,>
2026-05-08,20:41:30.722600,IP,172.20.0.20.60378,>
2026-05-08,20:41:30.722681,IP,172.20.0.20.60378,>
2026-05-08,20:41:30.722748,IP,172.20.0.20.60378,>
2026-05-08,20:41:30.722796,IP,172.20.0.10.5001,>
2026-05-08,20:41:30.722891,IP,172.20.0.20.60378,>
2026-05-08,20:41:30.722951,IP,172.20.0.10.5001,>
2026-05-08,20:41:30.722968,IP,172.20.0.20.60378,>
2026-05-08,20:41:30.723028,IP,172.20.0.20.60378,>
2026-05-08,20:41:30.723136,IP,172.20.0.20.60378,>
2026-05-08,20:41:30.723717,IP,172.20.0.10.5001,>
2026-05-08,20:41:30.723728,IP,172.20.0.10.5001,>
2026-05-08,20:41:30.723730,IP,172.20.0.10.5001,>
2026-05-08,20:41:30.723733,IP,172.20.0.10.5001,>
2026-05-08,20:41:30.723736,IP,172.20.0.10.5001,>
2026-05-08,20:41:30.723763,IP,172.20.0.10.5001,>
2026-05-08,20:41:30.723766,IP,172.20.0.10.5001,>
2026-05-08,20:41:30.723965,IP,172.20.0.20.60378,>
2026-05-08,20:41:30.723987,IP,172.20.0.10.5001,>
2026-05-08,20:41:30.723986,IP,172.20.0.20.60378,>
2026-05-08,20:41:30.723991,IP,172.20.0.10.5001,>
2026-05-08,20:41:30.724011,IP,172.20.0.10.5001,>
2026-05-08,20:41:30.724014,IP,172.20.0.10.5001,>
2026-05-08,20:41:30.724102,IP,172.20.0.10.5001,>
2026-05-08,20:41:30.724120,IP,172.20.0.20.60378,>
2026-05-08,20:41:30.724191,IP,172.20.0.20.60378,>
2026-05-08,20:41:30.724215,IP,172.20.0.10.5001,>
2026-05-08,20:41:30.724274,IP,172.20.0.20.60378,>
2026-05-08,20:41:30.724345,IP,172.20.0.20.60378,>
2026-05-08,20:41:30.724364,IP,172.20.0.10.5001,>
2026-05-08,20:41:30.724444,IP,172.20.0.20.60378,>
2026-05-08,20:41:30.724487,IP,172.20.0.10.5001,>
2026-05-08,20:41:30.724493,IP,172.20.0.10.5001,>
2026-05-08,20:41:30.724588,IP,172.20.0.10.5001,>
2026-05-08,20:41:30.724660,IP,172.20.0.20.60378,>
2026-05-08,20:41:30.724702,IP,172.20.0.10.5001,>
2026-05-08,20:41:30.724708,IP,172.20.0.10.5001,>
2026-05-08,20:41:30.724852,IP,172.20.0.10.5001,>
2026-05-08,20:41:30.724860,IP,172.20.0.10.5001,>
2026-05-08,20:41:30.724894,IP,172.20.0.20.60378,>
2026-05-08,20:41:30.724982,IP,172.20.0.10.5001,>
2026-05-08,20:41:30.724987,IP,172.20.0.10.5001,>
2026-05-08,20:41:30.724990,IP,172.20.0.10.5001,>
2026-05-08,20:41:30.724904,IP,172.20.0.20.60378,>
2026-05-08,20:41:30.725046,IP,172.20.0.10.5001,>
2026-05-08,20:41:30.725172,IP,172.20.0.10.5001,>
2026-05-08,20:41:30.725178,IP,172.20.0.10.5001,>
2026-05-08,20:41:30.725205,IP,172.20.0.10.5001,>
2026-05-08,20:41:30.725280,IP,172.20.0.10.5001,>
2026-05-08,20:41:30.725286,IP,172.20.0.10.5001,>
2026-05-08,20:41:30.725289,IP,172.20.0.10.5001,>
2026-05-08,20:41:30.725402,IP,172.20.0.20.60378,>
2026-05-08,20:41:30.725463,IP,172.20.0.10.5001,>
2026-05-08,20:41:30.725530,IP,172.20.0.10.5001,>
2026-05-08,20:41:30.725535,IP,172.20.0.10.5001,>
2026-05-08,20:41:30.725598,IP,172.20.0.10.5001,>
2026-05-08,20:41:30.725619,IP,172.20.0.10.5001,>
2026-05-08,20:41:30.725621,IP,172.20.0.10.5001,>
2026-05-08,20:41:30.725666,IP,172.20.0.10.5001,>
2026-05-08,20:41:30.725690,IP,172.20.0.10.5001,>
2026-05-08,20:41:30.725764,IP,172.20.0.20.60378,>
2026-05-08,20:41:30.725788,IP,172.20.0.10.5001,>
2026-05-08,20:41:30.725790,IP,172.20.0.10.5001,>
2026-05-08,20:41:30.725931,IP,172.20.0.10.5001,>
2026-05-08,20:41:30.725938,IP,172.20.0.10.5001,>
2026-05-08,20:41:30.725942,IP,172.20.0.10.5001,>
2026-05-08,20:41:30.725975,IP,172.20.0.20.60378,>
2026-05-08,20:41:30.726099,IP,172.20.0.10.5001,>
2026-05-08,20:41:30.726104,IP,172.20.0.10.5001,>
2026-05-08,20:41:30.725985,IP,172.20.0.20.60378,>
2026-05-08,20:41:30.726226,IP,172.20.0.10.5001,>
2026-05-08,20:41:30.726255,IP,172.20.0.10.5001,>
2026-05-08,20:41:30.726259,IP,172.20.0.10.5001,>
2026-05-08,20:41:30.726343,IP,172.20.0.10.5001,>
2026-05-08,20:41:30.726402,IP,172.20.0.10.5001,>
2026-05-08,20:41:30.726406,IP,172.20.0.10.5001,>
2026-05-08,20:41:30.726467,IP,172.20.0.10.5001,>
2026-05-08,20:41:30.726521,IP,172.20.0.10.5001,>
2026-05-08,20:41:30.726524,IP,172.20.0.10.5001,>
2026-05-08,20:41:30.726538,IP,172.20.0.20.60378,>
2026-05-08,20:41:30.726587,IP,172.20.0.10.5001,>
2026-05-08,20:41:30.726589,IP,172.20.0.10.5001,>
2026-05-08,20:41:30.726672,IP,172.20.0.10.5001,>
2026-05-08,20:41:30.726678,IP,172.20.0.10.5001,>
2026-05-08,20:41:30.726736,IP,172.20.0.10.5001,>
2026-05-08,20:41:30.726740,IP,172.20.0.10.5001,>
2026-05-08,20:41:30.726791,IP,172.20.0.10.5001,>
2026-05-08,20:41:30.726795,IP,172.20.0.10.5001,>
2026-05-08,20:41:30.726841,IP,172.20.0.10.5001,>
2026-05-08,20:41:30.726854,IP,172.20.0.20.60378,>
2026-05-08,20:41:30.726897,IP,172.20.0.10.5001,>
2026-05-08,20:41:30.726958,IP,172.20.0.10.5001,>
2026-05-08,20:41:30.726963,IP,172.20.0.10.5001,>
2026-05-08,20:41:30.727022,IP,172.20.0.10.5001,>
2026-05-08,20:41:30.727042,IP,172.20.0.10.5001,>
2026-05-08,20:41:30.727133,IP,172.20.0.10.5001,>
2026-05-08,20:41:30.727138,IP,172.20.0.10.5001,>
2026-05-08,20:41:30.727178,IP,172.20.0.20.60378,>
2026-05-08,20:41:30.727271,IP,172.20.0.20.60378,>
2026-05-08,20:41:30.727349,IP,172.20.0.20.60378,>
2026-05-08,20:41:30.727415,IP,172.20.0.20.60378,>
2026-05-08,20:41:30.727477,IP,172.20.0.20.60378,>
2026-05-08,20:41:30.727516,IP,172.20.0.20.60378,>
2026-05-08,20:41:30.727579,IP,172.20.0.20.60378,>
2026-05-08,20:41:30.727641,IP,172.20.0.20.60378,>
2026-05-08,20:41:30.727679,IP,172.20.0.20.60378,>
2026-05-08,20:41:30.727741,IP,172.20.0.20.60378,>
2026-05-08,20:41:30.727802,IP,172.20.0.20.60378,>
2026-05-08,20:41:30.727855,IP,172.20.0.20.60378,>
2026-05-08,20:41:30.727920,IP,172.20.0.20.60378,>
2026-05-08,20:41:30.727991,IP,172.20.0.20.60378,>
2026-05-08,20:41:30.728055,IP,172.20.0.20.60378,>
2026-05-08,20:41:30.728145,IP,172.20.0.20.60378,>
2026-05-08,20:41:30.728184,IP,172.20.0.20.60378,>
2026-05-08,20:41:30.728249,IP,172.20.0.20.60378,>
2026-05-08,20:41:30.728311,IP,172.20.0.20.60378,>
2026-05-08,20:41:30.728365,IP,172.20.0.20.60378,>
2026-05-08,20:41:30.728407,IP,172.20.0.20.60378,>
2026-05-08,20:41:30.728471,IP,172.20.0.20.60378,>
2026-05-08,20:41:30.728535,IP,172.20.0.20.60378,>
2026-05-08,20:41:30.728628,IP,172.20.0.20.60378,>
2026-05-08,20:41:30.728670,IP,172.20.0.20.60378,>
2026-05-08,20:41:30.728735,IP,172.20.0.20.60378,>
2026-05-08,20:41:30.728800,IP,172.20.0.20.60378,>
2026-05-08,20:41:30.728839,IP,172.20.0.20.60378,>
2026-05-08,20:41:30.728900,IP,172.20.0.20.60378,>
2026-05-08,20:41:30.728961,IP,172.20.0.20.60378,>
2026-05-08,20:41:30.728997,IP,172.20.0.20.60378,>
2026-05-08,20:41:30.729101,IP,172.20.0.20.60378,>
2026-05-08,20:41:30.729186,IP,172.20.0.20.60378,>
2026-05-08,20:41:30.729250,IP,172.20.0.20.60378,>
2026-05-08,20:41:30.729288,IP,172.20.0.20.60378,>
2026-05-08,20:41:30.729352,IP,172.20.0.20.60378,>
2026-05-08,20:41:30.729413,IP,172.20.0.20.60378,>
2026-05-08,20:41:30.729490,IP,172.20.0.20.60378,>
2026-05-08,20:41:30.729529,IP,172.20.0.20.60378,>
2026-05-08,20:41:30.729594,IP,172.20.0.20.60378,>
2026-05-08,20:41:30.729659,IP,172.20.0.20.60378,>
2026-05-08,20:41:30.729814,IP,172.20.0.20.60378,>
2026-05-08,20:41:30.729860,IP,172.20.0.20.60378,>
2026-05-08,20:41:30.730037,IP,172.20.0.20.60378,>
2026-05-08,20:41:30.730048,IP,172.20.0.20.60378,>
2026-05-08,20:41:30.730294,IP,172.20.0.20.60378,>
2026-05-08,20:41:30.730330,IP,172.20.0.20.60378,>
2026-05-08,20:41:30.730430,IP,172.20.0.20.60378,>
2026-05-08,20:41:30.730525,IP,172.20.0.20.60378,>
2026-05-08,20:41:30.730560,IP,172.20.0.20.60378,>
2026-05-08,20:41:30.730652,IP,172.20.0.20.60378,>
2026-05-08,20:41:30.730738,IP,172.20.0.20.60378,>
2026-05-08,20:41:30.730796,IP,172.20.0.20.60378,>
2026-05-08,20:41:30.730828,IP,172.20.0.20.60378,>
2026-05-08,20:41:30.730886,IP,172.20.0.20.60378,>
2026-05-08,20:41:30.730940,IP,172.20.0.20.60378,>
2026-05-08,20:41:30.730994,IP,172.20.0.20.60378,>
2026-05-08,20:41:30.731025,IP,172.20.0.20.60378,>
2026-05-08,20:41:30.731110,IP,172.20.0.20.60378,>
2026-05-08,20:41:30.731171,IP,172.20.0.20.60378,>
2026-05-08,20:41:30.731208,IP,172.20.0.20.60378,>
2026-05-08,20:41:30.731279,IP,172.20.0.20.60378,>
2026-05-08,20:41:30.731344,IP,172.20.0.20.60378,>
2026-05-08,20:41:30.731434,IP,172.20.0.20.60378,>
2026-05-08,20:41:30.731465,IP,172.20.0.20.60378,>
2026-05-08,20:41:30.731552,IP,172.20.0.20.60378,>
2026-05-08,20:41:30.731639,IP,172.20.0.20.60378,>
2026-05-08,20:41:30.731767,IP,172.20.0.20.60378,>
2026-05-08,20:41:30.731806,IP,172.20.0.20.60378,>
2026-05-08,20:41:30.731896,IP,172.20.0.20.60378,>
2026-05-08,20:41:30.731979,IP,172.20.0.20.60378,>
2026-05-08,20:41:30.732011,IP,172.20.0.20.60378,>
2026-05-08,20:41:30.732126,IP,172.20.0.20.60378,>
2026-05-08,20:41:30.732216,IP,172.20.0.20.60378,>
2026-05-08,20:41:30.816132,IP,172.20.0.10.5001,>
2026-05-08,20:41:30.816148,IP,172.20.0.10.5001,>
2026-05-08,20:41:30.816313,IP,172.20.0.20.60378,>
2026-05-08,20:41:30.816366,IP,172.20.0.10.5001,>
2026-05-08,20:41:30.816320,IP,172.20.0.20.60378,>
2026-05-08,20:41:30.816465,IP,172.20.0.10.5001,>
2026-05-08,20:41:30.816473,IP,172.20.0.20.60378,>
2026-05-08,20:41:30.816479,IP,172.20.0.20.60378,>
2026-05-08,20:41:30.816554,IP,172.20.0.20.60378,>
2026-05-08,20:41:30.816560,IP,172.20.0.20.60378,>
2026-05-08,20:41:30.816839,IP,172.20.0.10.5001,>
2026-05-08,20:41:30.816913,IP,172.20.0.20.60378,>
2026-05-08,20:41:30.816930,IP,172.20.0.20.60378,>
2026-05-08,20:41:30.816970,IP,172.20.0.10.5001,>
2026-05-08,20:41:30.816974,IP,172.20.0.10.5001,>
2026-05-08,20:41:30.817025,IP,172.20.0.20.60378,>
2026-05-08,20:41:30.817031,IP,172.20.0.20.60378,>
2026-05-08,20:41:30.818245,IP,172.20.0.10.5001,>
2026-05-08,20:41:30.818330,IP,172.20.0.20.60378,>
2026-05-08,20:41:30.821412,IP,172.20.0.10.5001,>
2026-05-08,20:41:30.821508,IP,172.20.0.20.60378,>
2026-05-08,20:41:30.821546,IP,172.20.0.10.5001,>
2026-05-08,20:41:30.821549,IP,172.20.0.10.5001,>
2026-05-08,20:41:30.821632,IP,172.20.0.20.60378,>
2026-05-08,20:41:30.821638,IP,172.20.0.20.60378,>
2026-05-08,20:41:30.821682,IP,172.20.0.10.5001,>
2026-05-08,20:41:30.821685,IP,172.20.0.10.5001,>
2026-05-08,20:41:30.821736,IP,172.20.0.20.60378,>
2026-05-08,20:41:30.821742,IP,172.20.0.20.60378,>
2026-05-08,20:41:30.821961,IP,172.20.0.10.5001,>
2026-05-08,20:41:30.821968,IP,172.20.0.10.5001,>
2026-05-08,20:41:30.821969,IP,172.20.0.10.5001,>
2026-05-08,20:41:30.822105,IP,172.20.0.20.60378,>
2026-05-08,20:41:30.822111,IP,172.20.0.20.60378,>
2026-05-08,20:41:30.822188,IP,172.20.0.10.5001,>
2026-05-08,20:41:30.822191,IP,172.20.0.10.5001,>
2026-05-08,20:41:30.822227,IP,172.20.0.10.5001,>
2026-05-08,20:41:30.822257,IP,172.20.0.20.60378,>
2026-05-08,20:41:30.822263,IP,172.20.0.20.60378,>
2026-05-08,20:41:30.822269,IP,172.20.0.20.60378,>
2026-05-08,20:41:30.822355,IP,172.20.0.20.60378,>
2026-05-08,20:41:30.822361,IP,172.20.0.20.60378,>
2026-05-08,20:41:30.822383,IP,172.20.0.10.5001,>
2026-05-08,20:41:30.822404,IP,172.20.0.10.5001,>
2026-05-08,20:41:30.822424,IP,172.20.0.20.60378,>
2026-05-08,20:41:30.822486,IP,172.20.0.20.60378,>
2026-05-08,20:41:30.822492,IP,172.20.0.20.60378,>
2026-05-08,20:41:30.822513,IP,172.20.0.10.5001,>
2026-05-08,20:41:30.822532,IP,172.20.0.10.5001,>
2026-05-08,20:41:30.822553,IP,172.20.0.20.60378,>
2026-05-08,20:41:30.822616,IP,172.20.0.20.60378,>
2026-05-08,20:41:30.822622,IP,172.20.0.20.60378,>
2026-05-08,20:41:30.822649,IP,172.20.0.10.5001,>
2026-05-08,20:41:30.822652,IP,172.20.0.10.5001,>
2026-05-08,20:41:30.822700,IP,172.20.0.20.60378,>
2026-05-08,20:41:30.822706,IP,172.20.0.20.60378,>
2026-05-08,20:41:30.822756,IP,172.20.0.10.5001,>
2026-05-08,20:41:30.823450,IP,172.20.0.10.5001,>
2026-05-08,20:41:30.823457,IP,172.20.0.10.5001,>
2026-05-08,20:41:30.823459,IP,172.20.0.10.5001,>
2026-05-08,20:41:30.823461,IP,172.20.0.10.5001,>
2026-05-08,20:41:30.823575,IP,172.20.0.20.60378,>
2026-05-08,20:41:30.823581,IP,172.20.0.20.60378,>
2026-05-08,20:41:30.823670,IP,172.20.0.20.60378,>
2026-05-08,20:41:30.823676,IP,172.20.0.20.60378,>
2026-05-08,20:41:30.823715,IP,172.20.0.20.60378,>
2026-05-08,20:41:30.823720,IP,172.20.0.20.60378,>
2026-05-08,20:41:30.824038,IP,172.20.0.10.5001,>
2026-05-08,20:41:30.824141,IP,172.20.0.20.60378,>
2026-05-08,20:41:30.824173,IP,172.20.0.10.5001,>
2026-05-08,20:41:30.824231,IP,172.20.0.20.60378,>
2026-05-08,20:41:30.824402,IP,172.20.0.10.5001,>
2026-05-08,20:41:30.824456,IP,172.20.0.20.60378,>
2026-05-08,20:41:30.824502,IP,172.20.0.10.5001,>
2026-05-08,20:41:30.824463,IP,172.20.0.20.60378,>
2026-05-08,20:41:30.824583,IP,172.20.0.20.60378,>
2026-05-08,20:41:30.824589,IP,172.20.0.20.60378,>
2026-05-08,20:41:30.824595,IP,172.20.0.20.60378,>
2026-05-08,20:41:30.824669,IP,172.20.0.20.60378,>
2026-05-08,20:41:30.824724,IP,172.20.0.10.5001,>
2026-05-08,20:41:30.824817,IP,172.20.0.20.60378,>
2026-05-08,20:41:30.824999,IP,172.20.0.10.5001,>
2026-05-08,20:41:30.825107,IP,172.20.0.20.60378,>
2026-05-08,20:41:30.825120,IP,172.20.0.10.5001,>
2026-05-08,20:41:30.825157,IP,172.20.0.20.60378,>
2026-05-08,20:41:30.825508,IP,172.20.0.10.5001,>
2026-05-08,20:41:30.825575,IP,172.20.0.20.60378,>
2026-05-08,20:41:30.825830,IP,172.20.0.10.5001,>
2026-05-08,20:41:30.825893,IP,172.20.0.20.60378,>
2026-05-08,20:41:30.826134,IP,172.20.0.10.5001,>
2026-05-08,20:41:30.826153,IP,172.20.0.10.5001,>
2026-05-08,20:41:30.826232,IP,172.20.0.20.60378,>
2026-05-08,20:41:30.826238,IP,172.20.0.20.60378,>
2026-05-08,20:41:30.826629,IP,172.20.0.10.5001,>
2026-05-08,20:41:30.826695,IP,172.20.0.20.60378,>
2026-05-08,20:41:30.827226,IP,172.20.0.10.5001,>
2026-05-08,20:41:30.827295,IP,172.20.0.20.60378,>
2026-05-08,20:41:30.827342,IP,172.20.0.10.5001,>
2026-05-08,20:41:30.827301,IP,172.20.0.20.60378,>
2026-05-08,20:41:30.827421,IP,172.20.0.20.60378,>
2026-05-08,20:41:30.827446,IP,172.20.0.10.5001,>
2026-05-08,20:41:30.827480,IP,172.20.0.20.60378,>
2026-05-08,20:41:30.827510,IP,172.20.0.10.5001,>
2026-05-08,20:41:30.827548,IP,172.20.0.20.60378,>
2026-05-08,20:41:30.827564,IP,172.20.0.20.60378,>
2026-05-08,20:41:30.827591,IP,172.20.0.10.5001,>
2026-05-08,20:41:30.827635,IP,172.20.0.20.60378,>
2026-05-08,20:41:30.827643,IP,172.20.0.10.5001,>
2026-05-08,20:41:30.827683,IP,172.20.0.20.60378,>
2026-05-08,20:41:30.827700,IP,172.20.0.10.5001,>
2026-05-08,20:41:30.827745,IP,172.20.0.20.60378,>
2026-05-08,20:41:30.827763,IP,172.20.0.10.5001,>
2026-05-08,20:41:30.827782,IP,172.20.0.10.5001,>
2026-05-08,20:41:30.827805,IP,172.20.0.20.60378,>
2026-05-08,20:41:30.827868,IP,172.20.0.20.60378,>
2026-05-08,20:41:30.827871,IP,172.20.0.20.60378,>
2026-05-08,20:41:30.827896,IP,172.20.0.10.5001,>
2026-05-08,20:41:30.827922,IP,172.20.0.20.60378,>
2026-05-08,20:41:30.828053,IP,172.20.0.10.5001,>
2026-05-08,20:41:30.828148,IP,172.20.0.20.60378,>
2026-05-08,20:41:30.828152,IP,172.20.0.20.60378,>
2026-05-08,20:41:30.828179,IP,172.20.0.10.5001,>
2026-05-08,20:41:30.828200,IP,172.20.0.20.60378,>
2026-05-08,20:41:30.828224,IP,172.20.0.20.60378,>
2026-05-08,20:41:30.828294,IP,172.20.0.10.5001,>
2026-05-08,20:41:30.828336,IP,172.20.0.20.60378,>
2026-05-08,20:41:30.828339,IP,172.20.0.20.60378,>
2026-05-08,20:41:30.828366,IP,172.20.0.20.60378,>
2026-05-08,20:41:30.828452,IP,172.20.0.10.5001,>
2026-05-08,20:41:30.828495,IP,172.20.0.20.60378,>
2026-05-08,20:41:30.828498,IP,172.20.0.20.60378,>
2026-05-08,20:41:30.828527,IP,172.20.0.10.5001,>
2026-05-08,20:41:30.828543,IP,172.20.0.20.60378,>
2026-05-08,20:41:30.828558,IP,172.20.0.20.60378,>
2026-05-08,20:41:30.828577,IP,172.20.0.10.5001,>
2026-05-08,20:41:30.828595,IP,172.20.0.20.60378,>
2026-05-08,20:41:30.828717,IP,172.20.0.10.5001,>
2026-05-08,20:41:30.828759,IP,172.20.0.20.60378,>
2026-05-08,20:41:30.828762,IP,172.20.0.20.60378,>
2026-05-08,20:41:30.828883,IP,172.20.0.10.5001,>
2026-05-08,20:41:30.828927,IP,172.20.0.20.60378,>
2026-05-08,20:41:30.828958,IP,172.20.0.10.5001,>
2026-05-08,20:41:30.828930,IP,172.20.0.20.60378,>
2026-05-08,20:41:30.828996,IP,172.20.0.20.60378,>
2026-05-08,20:41:30.828999,IP,172.20.0.20.60378,>
2026-05-08,20:41:30.829014,IP,172.20.0.10.5001,>
2026-05-08,20:41:30.829035,IP,172.20.0.20.60378,>
2026-05-08,20:41:30.829052,IP,172.20.0.10.5001,>
2026-05-08,20:41:30.829098,IP,172.20.0.20.60378,>
2026-05-08,20:41:30.829166,IP,172.20.0.10.5001,>
2026-05-08,20:41:30.829211,IP,172.20.0.20.60378,>
2026-05-08,20:41:30.829214,IP,172.20.0.20.60378,>
2026-05-08,20:41:30.829275,IP,172.20.0.10.5001,>
2026-05-08,20:41:30.829316,IP,172.20.0.20.60378,>
2026-05-08,20:41:30.829319,IP,172.20.0.20.60378,>
2026-05-08,20:41:30.829349,IP,172.20.0.10.5001,>
2026-05-08,20:41:30.829371,IP,172.20.0.20.60378,>
2026-05-08,20:41:30.829458,IP,172.20.0.10.5001,>
2026-05-08,20:41:30.829500,IP,172.20.0.20.60378,>
2026-05-08,20:41:30.829503,IP,172.20.0.20.60378,>
2026-05-08,20:41:30.829534,IP,172.20.0.10.5001,>
2026-05-08,20:41:30.829556,IP,172.20.0.20.60378,>
2026-05-08,20:41:30.829640,IP,172.20.0.10.5001,>
2026-05-08,20:41:30.829682,IP,172.20.0.20.60378,>
2026-05-08,20:41:30.829685,IP,172.20.0.20.60378,>
2026-05-08,20:41:30.829755,IP,172.20.0.10.5001,>
2026-05-08,20:41:30.829793,IP,172.20.0.20.60378,>
2026-05-08,20:41:30.829844,IP,172.20.0.10.5001,>
2026-05-08,20:41:30.829896,IP,172.20.0.20.60378,>
2026-05-08,20:41:30.830563,IP,172.20.0.10.5001,>
2026-05-08,20:41:30.830568,IP,172.20.0.10.5001,>
2026-05-08,20:41:30.830570,IP,172.20.0.10.5001,>
2026-05-08,20:41:30.830572,IP,172.20.0.10.5001,>
2026-05-08,20:41:30.830573,IP,172.20.0.10.5001,>
2026-05-08,20:41:30.830870,IP,172.20.0.10.5001,>
2026-05-08,20:41:30.830874,IP,172.20.0.10.5001,>
2026-05-08,20:41:30.830963,IP,172.20.0.20.60378,>
2026-05-08,20:41:30.830989,IP,172.20.0.10.5001,>
2026-05-08,20:41:30.830966,IP,172.20.0.20.60378,>
2026-05-08,20:41:30.831039,IP,172.20.0.20.60378,>
2026-05-08,20:41:30.831042,IP,172.20.0.20.60378,>
2026-05-08,20:41:30.831091,IP,172.20.0.20.60378,>
2026-05-08,20:41:30.831094,IP,172.20.0.20.60378,>
2026-05-08,20:41:30.831147,IP,172.20.0.10.5001,>
2026-05-08,20:41:30.831183,IP,172.20.0.20.60378,>
2026-05-08,20:41:30.831191,IP,172.20.0.20.60378,>
2026-05-08,20:41:30.831284,IP,172.20.0.10.5001,>
2026-05-08,20:41:30.831290,IP,172.20.0.20.60378,>
2026-05-08,20:41:30.831296,IP,172.20.0.20.60378,>
2026-05-08,20:41:30.831343,IP,172.20.0.20.60378,>
2026-05-08,20:41:30.831349,IP,172.20.0.20.60378,>
2026-05-08,20:41:30.831401,IP,172.20.0.20.60378,>
2026-05-08,20:41:30.831408,IP,172.20.0.20.60378,>
2026-05-08,20:41:30.831414,IP,172.20.0.20.60378,>
2026-05-08,20:41:30.831461,IP,172.20.0.10.5001,>
2026-05-08,20:41:30.831464,IP,172.20.0.10.5001,>
2026-05-08,20:41:30.831507,IP,172.20.0.20.60378,>
2026-05-08,20:41:30.831513,IP,172.20.0.20.60378,>
2026-05-08,20:41:30.831580,IP,172.20.0.20.60378,>
2026-05-08,20:41:30.831586,IP,172.20.0.20.60378,>
2026-05-08,20:41:30.831603,IP,172.20.0.10.5001,>
2026-05-08,20:41:30.831635,IP,172.20.0.20.60378,>
2026-05-08,20:41:30.831641,IP,172.20.0.20.60378,>
2026-05-08,20:41:30.831688,IP,172.20.0.20.60378,>
2026-05-08,20:41:30.831694,IP,172.20.0.20.60378,>
2026-05-08,20:41:30.831722,IP,172.20.0.20.60378,>
2026-05-08,20:41:30.831828,IP,172.20.0.10.5001,>
2026-05-08,20:41:30.831895,IP,172.20.0.20.60378,>
2026-05-08,20:41:30.831901,IP,172.20.0.20.60378,>
2026-05-08,20:41:30.831950,IP,172.20.0.10.5001,>
2026-05-08,20:41:30.831965,IP,172.20.0.20.60378,>
2026-05-08,20:41:30.831970,IP,172.20.0.20.60378,>
2026-05-08,20:41:30.832020,IP,172.20.0.20.60378,>
2026-05-08,20:41:30.832058,IP,172.20.0.10.5001,>
2026-05-08,20:41:30.832118,IP,172.20.0.20.60378,>
2026-05-08,20:41:30.832192,IP,172.20.0.10.5001,>
2026-05-08,20:41:30.832248,IP,172.20.0.20.60378,>
2026-05-08,20:41:30.832302,IP,172.20.0.10.5001,>
2026-05-08,20:41:30.832352,IP,172.20.0.20.60378,>
2026-05-08,20:41:30.832417,IP,172.20.0.10.5001,>
2026-05-08,20:41:30.832468,IP,172.20.0.20.60378,>
2026-05-08,20:41:30.916433,IP,172.20.0.10.5001,>
2026-05-08,20:41:30.916540,IP,172.20.0.20.60378,>
2026-05-08,20:41:30.916599,IP,172.20.0.10.5001,>
2026-05-08,20:41:30.916652,IP,172.20.0.20.60378,>
2026-05-08,20:41:30.916793,IP,172.20.0.10.5001,>
2026-05-08,20:41:30.916868,IP,172.20.0.20.60378,>
2026-05-08,20:41:30.916874,IP,172.20.0.20.60378,>
2026-05-08,20:41:30.916949,IP,172.20.0.20.60378,>
2026-05-08,20:41:30.917138,IP,172.20.0.10.5001,>
2026-05-08,20:41:30.917199,IP,172.20.0.20.60378,>
2026-05-08,20:41:30.917205,IP,172.20.0.20.60378,>
2026-05-08,20:41:30.918422,IP,172.20.0.10.5001,>
2026-05-08,20:41:30.918489,IP,172.20.0.20.60378,>
2026-05-08,20:41:30.921621,IP,172.20.0.10.5001,>
2026-05-08,20:41:30.921713,IP,172.20.0.20.60378,>
2026-05-08,20:41:30.921818,IP,172.20.0.10.5001,>
2026-05-08,20:41:30.921894,IP,172.20.0.20.60378,>
2026-05-08,20:41:30.921900,IP,172.20.0.20.60378,>
2026-05-08,20:41:30.922360,IP,172.20.0.20.60378,>
2026-05-08,20:41:30.922822,IP,172.20.0.10.5001,>
2026-05-08,20:41:30.922913,IP,172.20.0.20.60378,>
2026-05-08,20:41:30.922919,IP,172.20.0.20.60378,>
2026-05-08,20:41:30.923019,IP,172.20.0.20.60378,>
2026-05-08,20:41:30.923025,IP,172.20.0.20.60378,>
2026-05-08,20:41:30.930777,IP,172.20.0.10.5001,>
2026-05-08,20:41:30.930801,IP,172.20.0.10.5001,>
2026-05-08,20:41:30.930803,IP,172.20.0.10.5001,>
2026-05-08,20:41:30.930805,IP,172.20.0.10.5001,>
2026-05-08,20:41:30.930807,IP,172.20.0.10.5001,>
2026-05-08,20:41:30.930809,IP,172.20.0.10.5001,>
2026-05-08,20:41:30.930811,IP,172.20.0.10.5001,>
2026-05-08,20:41:30.930813,IP,172.20.0.10.5001,>
2026-05-08,20:41:30.930815,IP,172.20.0.10.5001,>
2026-05-08,20:41:30.930817,IP,172.20.0.10.5001,>
2026-05-08,20:41:30.930819,IP,172.20.0.10.5001,>
2026-05-08,20:41:30.930821,IP,172.20.0.10.5001,>
2026-05-08,20:41:30.930823,IP,172.20.0.10.5001,>
2026-05-08,20:41:30.930825,IP,172.20.0.10.5001,>
2026-05-08,20:41:30.930828,IP,172.20.0.10.5001,>
2026-05-08,20:41:30.930830,IP,172.20.0.10.5001,>
2026-05-08,20:41:30.930832,IP,172.20.0.10.5001,>
2026-05-08,20:41:30.930822,IP,172.20.0.20.60378,>
2026-05-08,20:41:30.930840,IP,172.20.0.10.5001,>
2026-05-08,20:41:30.930850,IP,172.20.0.10.5001,>
2026-05-08,20:41:30.930852,IP,172.20.0.10.5001,>
2026-05-08,20:41:30.930854,IP,172.20.0.10.5001,>
2026-05-08,20:41:30.930830,IP,172.20.0.20.60378,>
2026-05-08,20:41:30.930934,IP,172.20.0.20.60378,>
2026-05-08,20:41:30.930940,IP,172.20.0.20.60378,>
2026-05-08,20:41:30.930984,IP,172.20.0.20.60378,>
2026-05-08,20:41:30.930990,IP,172.20.0.20.60378,>
2026-05-08,20:41:30.931269,IP,172.20.0.20.60378,>
2026-05-08,20:41:30.931276,IP,172.20.0.20.60378,>
2026-05-08,20:41:30.931307,IP,172.20.0.10.5001,>
2026-05-08,20:41:30.931310,IP,172.20.0.10.5001,>
2026-05-08,20:41:30.931318,IP,172.20.0.10.5001,>
2026-05-08,20:41:30.931324,IP,172.20.0.20.60378,>
2026-05-08,20:41:30.931358,IP,172.20.0.20.60378,>
2026-05-08,20:41:30.931396,IP,172.20.0.20.60378,>
2026-05-08,20:41:30.931414,IP,172.20.0.20.60378,>
2026-05-08,20:41:30.931443,IP,172.20.0.20.60378,>
2026-05-08,20:41:30.931470,IP,172.20.0.20.60378,>
2026-05-08,20:41:30.931496,IP,172.20.0.20.60378,>
2026-05-08,20:41:30.931513,IP,172.20.0.20.60378,>
2026-05-08,20:41:30.931538,IP,172.20.0.20.60378,>
2026-05-08,20:41:30.931564,IP,172.20.0.20.60378,>
2026-05-08,20:41:30.931590,IP,172.20.0.20.60378,>
2026-05-08,20:41:30.931607,IP,172.20.0.20.60378,>
2026-05-08,20:41:30.931632,IP,172.20.0.20.60378,>
2026-05-08,20:41:30.931658,IP,172.20.0.20.60378,>
2026-05-08,20:41:30.931675,IP,172.20.0.20.60378,>
2026-05-08,20:41:30.931699,IP,172.20.0.20.60378,>
2026-05-08,20:41:30.931727,IP,172.20.0.20.60378,>
2026-05-08,20:41:30.931753,IP,172.20.0.20.60378,>
2026-05-08,20:41:30.931771,IP,172.20.0.20.60378,>
2026-05-08,20:41:30.931797,IP,172.20.0.20.60378,>
2026-05-08,20:41:30.931836,IP,172.20.0.20.60378,>
2026-05-08,20:41:30.931855,IP,172.20.0.20.60378,>
2026-05-08,20:41:30.931882,IP,172.20.0.20.60378,>
2026-05-08,20:41:30.931907,IP,172.20.0.20.60378,>
2026-05-08,20:41:30.931934,IP,172.20.0.20.60378,>
2026-05-08,20:41:30.931951,IP,172.20.0.20.60378,>
2026-05-08,20:41:30.931977,IP,172.20.0.20.60378,>
2026-05-08,20:41:30.932004,IP,172.20.0.20.60378,>
2026-05-08,20:41:30.932029,IP,172.20.0.20.60378,>
2026-05-08,20:41:30.932052,IP,172.20.0.20.60378,>
2026-05-08,20:41:30.932122,IP,172.20.0.20.60378,>
2026-05-08,20:41:30.932170,IP,172.20.0.20.60378,>
2026-05-08,20:41:30.932200,IP,172.20.0.20.60378,>
2026-05-08,20:41:30.932219,IP,172.20.0.20.60378,>
2026-05-08,20:41:30.932245,IP,172.20.0.20.60378,>
2026-05-08,20:41:30.932269,IP,172.20.0.20.60378,>
2026-05-08,20:41:30.932287,IP,172.20.0.20.60378,>
2026-05-08,20:41:30.932335,IP,172.20.0.20.60378,>
2026-05-08,20:41:30.932363,IP,172.20.0.20.60378,>
2026-05-08,20:41:30.932390,IP,172.20.0.20.60378,>
2026-05-08,20:41:30.932407,IP,172.20.0.20.60378,>
2026-05-08,20:41:30.932432,IP,172.20.0.20.60378,>
2026-05-08,20:41:30.932457,IP,172.20.0.20.60378,>
2026-05-08,20:41:30.932474,IP,172.20.0.20.60378,>
2026-05-08,20:41:30.932502,IP,172.20.0.20.60378,>
2026-05-08,20:41:30.932527,IP,172.20.0.20.60378,>
2026-05-08,20:41:30.932535,IP,172.20.0.10.5001,>
2026-05-08,20:41:30.932577,IP,172.20.0.20.60378,>
2026-05-08,20:41:30.932634,IP,172.20.0.20.60378,>
2026-05-08,20:41:30.932665,IP,172.20.0.20.60378,>
2026-05-08,20:41:30.932693,IP,172.20.0.20.60378,>
2026-05-08,20:41:30.932719,IP,172.20.0.20.60378,>
2026-05-08,20:41:30.932745,IP,172.20.0.20.60378,>
2026-05-08,20:41:30.932776,IP,172.20.0.20.60378,>
2026-05-08,20:41:30.932803,IP,172.20.0.20.60378,>
2026-05-08,20:41:30.932829,IP,172.20.0.20.60378,>
2026-05-08,20:41:30.932847,IP,172.20.0.20.60378,>
2026-05-08,20:41:30.932878,IP,172.20.0.20.60378,>
2026-05-08,20:41:30.932906,IP,172.20.0.20.60378,>
2026-05-08,20:41:30.932942,IP,172.20.0.20.60378,>
2026-05-08,20:41:30.932971,IP,172.20.0.20.60378,>
2026-05-08,20:41:30.932996,IP,172.20.0.20.60378,>
2026-05-08,20:41:30.933036,IP,172.20.0.20.60378,>
2026-05-08,20:41:30.933092,IP,172.20.0.20.60378,>
2026-05-08,20:41:30.933147,IP,172.20.0.20.60378,>
2026-05-08,20:41:30.933198,IP,172.20.0.20.60378,>
2026-05-08,20:41:30.933267,IP,172.20.0.20.60378,>
2026-05-08,20:41:30.933303,IP,172.20.0.20.60378,>
2026-05-08,20:41:30.933329,IP,172.20.0.20.60378,>
2026-05-08,20:41:30.933357,IP,172.20.0.20.60378,>
2026-05-08,20:41:30.933381,IP,172.20.0.20.60378,>
2026-05-08,20:41:30.933409,IP,172.20.0.20.60378,>
2026-05-08,20:41:30.933435,IP,172.20.0.20.60378,>
2026-05-08,20:41:30.933469,IP,172.20.0.20.60378,>
2026-05-08,20:41:30.933505,IP,172.20.0.20.60378,>
2026-05-08,20:41:30.933533,IP,172.20.0.20.60378,>
2026-05-08,20:41:30.933558,IP,172.20.0.20.60378,>
2026-05-08,20:41:30.933590,IP,172.20.0.20.60378,>
2026-05-08,20:41:30.933615,IP,172.20.0.20.60378,>
2026-05-08,20:41:30.933642,IP,172.20.0.20.60378,>
2026-05-08,20:41:30.933669,IP,172.20.0.20.60378,>
2026-05-08,20:41:30.933696,IP,172.20.0.20.60378,>
2026-05-08,20:41:30.933722,IP,172.20.0.20.60378,>
2026-05-08,20:41:30.933748,IP,172.20.0.20.60378,>
2026-05-08,20:41:30.933776,IP,172.20.0.20.60378,>
2026-05-08,20:41:31.016706,IP,172.20.0.10.5001,>
2026-05-08,20:41:31.016734,IP,172.20.0.10.5001,>
2026-05-08,20:41:31.016840,IP,172.20.0.20.60378,>
2026-05-08,20:41:31.016846,IP,172.20.0.20.60378,>
2026-05-08,20:41:31.016982,IP,172.20.0.10.5001,>
2026-05-08,20:41:31.017047,IP,172.20.0.20.60378,>
2026-05-08,20:41:31.017096,IP,172.20.0.10.5001,>
2026-05-08,20:41:31.017152,IP,172.20.0.20.60378,>
2026-05-08,20:41:31.017158,IP,172.20.0.20.60378,>
2026-05-08,20:41:31.017273,IP,172.20.0.10.5001,>
2026-05-08,20:41:31.017322,IP,172.20.0.20.60378,>
2026-05-08,20:41:31.018584,IP,172.20.0.10.5001,>
2026-05-08,20:41:31.018662,IP,172.20.0.20.60378,>
2026-05-08,20:41:31.018668,IP,172.20.0.20.60378,>
2026-05-08,20:41:31.022014,IP,172.20.0.10.5001,>
2026-05-08,20:41:31.022048,IP,172.20.0.10.5001,>
2026-05-08,20:41:31.022177,IP,172.20.0.20.60378,>
2026-05-08,20:41:31.022184,IP,172.20.0.20.60378,>
2026-05-08,20:41:31.022290,IP,172.20.0.20.60378,>
2026-05-08,20:41:31.022296,IP,172.20.0.20.60378,>
2026-05-08,20:41:31.022424,IP,172.20.0.10.5001,>
2026-05-08,20:41:31.022484,IP,172.20.0.20.60378,>
2026-05-08,20:41:31.023110,IP,172.20.0.10.5001,>
2026-05-08,20:41:31.023183,IP,172.20.0.20.60378,>
2026-05-08,20:41:31.023189,IP,172.20.0.20.60378,>
2026-05-08,20:41:31.030812,IP,172.20.0.10.5001,>
2026-05-08,20:41:31.030901,IP,172.20.0.20.60378,>
2026-05-08,20:41:31.030907,IP,172.20.0.20.60378,>
2026-05-08,20:41:31.031626,IP,172.20.0.10.5001,>
2026-05-08,20:41:31.031637,IP,172.20.0.10.5001,>
2026-05-08,20:41:31.031777,IP,172.20.0.20.60378,>
2026-05-08,20:41:31.031822,IP,172.20.0.10.5001,>
2026-05-08,20:41:31.031832,IP,172.20.0.10.5001,>
2026-05-08,20:41:31.031784,IP,172.20.0.20.60378,>
2026-05-08,20:41:31.031959,IP,172.20.0.10.5001,>
2026-05-08,20:41:31.031968,IP,172.20.0.10.5001,>
2026-05-08,20:41:31.032000,IP,172.20.0.20.60378,>
2026-05-08,20:41:31.032010,IP,172.20.0.20.60378,>
2026-05-08,20:41:31.032110,IP,172.20.0.10.5001,>
2026-05-08,20:41:31.032116,IP,172.20.0.10.5001,>
2026-05-08,20:41:31.032144,IP,172.20.0.20.60378,>
2026-05-08,20:41:31.032155,IP,172.20.0.20.60378,>
2026-05-08,20:41:31.032212,IP,172.20.0.20.60378,>
2026-05-08,20:41:31.032221,IP,172.20.0.20.60378,>
2026-05-08,20:41:31.032308,IP,172.20.0.20.60378,>
2026-05-08,20:41:31.032321,IP,172.20.0.10.5001,>
2026-05-08,20:41:31.032318,IP,172.20.0.20.60378,>
2026-05-08,20:41:31.032327,IP,172.20.0.10.5001,>
2026-05-08,20:41:31.032330,IP,172.20.0.10.5001,>
2026-05-08,20:41:31.032359,IP,172.20.0.10.5001,>
2026-05-08,20:41:31.032418,IP,172.20.0.20.60378,>
2026-05-08,20:41:31.032427,IP,172.20.0.20.60378,>
2026-05-08,20:41:31.032464,IP,172.20.0.20.60378,>
2026-05-08,20:41:31.032474,IP,172.20.0.20.60378,>
2026-05-08,20:41:31.032485,IP,172.20.0.10.5001,>
2026-05-08,20:41:31.032561,IP,172.20.0.20.60378,>
2026-05-08,20:41:31.032573,IP,172.20.0.20.60378,>
2026-05-08,20:41:31.032648,IP,172.20.0.10.5001,>
2026-05-08,20:41:31.032670,IP,172.20.0.20.60378,>
2026-05-08,20:41:31.032681,IP,172.20.0.20.60378,>
2026-05-08,20:41:31.032736,IP,172.20.0.20.60378,>
2026-05-08,20:41:31.032745,IP,172.20.0.20.60378,>
2026-05-08,20:41:31.032785,IP,172.20.0.20.60378,>
2026-05-08,20:41:31.032791,IP,172.20.0.20.60378,>
2026-05-08,20:41:31.032829,IP,172.20.0.10.5001,>
2026-05-08,20:41:31.032844,IP,172.20.0.20.60378,>
2026-05-08,20:41:31.032850,IP,172.20.0.20.60378,>
2026-05-08,20:41:31.032910,IP,172.20.0.20.60378,>
2026-05-08,20:41:31.032916,IP,172.20.0.20.60378,>
2026-05-08,20:41:31.032934,IP,172.20.0.10.5001,>
2026-05-08,20:41:31.032936,IP,172.20.0.10.5001,>
2026-05-08,20:41:31.032971,IP,172.20.0.20.60378,>
2026-05-08,20:41:31.032978,IP,172.20.0.20.60378,>
2026-05-08,20:41:31.033083,IP,172.20.0.20.60378,>
2026-05-08,20:41:31.033101,IP,172.20.0.20.60378,>
2026-05-08,20:41:31.033123,IP,172.20.0.10.5001,>
2026-05-08,20:41:31.033173,IP,172.20.0.10.5001,>
2026-05-08,20:41:31.033199,IP,172.20.0.20.60378,>
2026-05-08,20:41:31.033205,IP,172.20.0.20.60378,>
2026-05-08,20:41:31.033266,IP,172.20.0.20.60378,>
2026-05-08,20:41:31.033272,IP,172.20.0.20.60378,>
2026-05-08,20:41:31.033285,IP,172.20.0.10.5001,>
2026-05-08,20:41:31.033287,IP,172.20.0.10.5001,>
2026-05-08,20:41:31.033367,IP,172.20.0.10.5001,>
2026-05-08,20:41:31.033418,IP,172.20.0.20.60378,>
2026-05-08,20:41:31.033427,IP,172.20.0.20.60378,>
2026-05-08,20:41:31.033530,IP,172.20.0.20.60378,>
2026-05-08,20:41:31.033537,IP,172.20.0.20.60378,>
2026-05-08,20:41:31.033549,IP,172.20.0.10.5001,>
2026-05-08,20:41:31.033552,IP,172.20.0.10.5001,>
2026-05-08,20:41:31.033594,IP,172.20.0.20.60378,>
2026-05-08,20:41:31.033600,IP,172.20.0.20.60378,>
2026-05-08,20:41:31.033640,IP,172.20.0.20.60378,>
2026-05-08,20:41:31.033646,IP,172.20.0.20.60378,>
2026-05-08,20:41:31.033677,IP,172.20.0.10.5001,>
2026-05-08,20:41:31.033690,IP,172.20.0.20.60378,>
2026-05-08,20:41:31.033696,IP,172.20.0.20.60378,>
2026-05-08,20:41:31.033741,IP,172.20.0.20.60378,>
2026-05-08,20:41:31.033758,IP,172.20.0.20.60378,>
2026-05-08,20:41:31.033770,IP,172.20.0.10.5001,>
2026-05-08,20:41:31.033797,IP,172.20.0.20.60378,>
2026-05-08,20:41:31.033803,IP,172.20.0.20.60378,>
2026-05-08,20:41:31.033839,IP,172.20.0.20.60378,>
2026-05-08,20:41:31.033845,IP,172.20.0.20.60378,>
2026-05-08,20:41:31.033903,IP,172.20.0.20.60378,>
2026-05-08,20:41:31.033910,IP,172.20.0.20.60378,>
2026-05-08,20:41:31.033963,IP,172.20.0.20.60378,>
2026-05-08,20:41:31.033969,IP,172.20.0.20.60378,>
2026-05-08,20:41:31.033996,IP,172.20.0.20.60378,>
2026-05-08,20:41:31.034002,IP,172.20.0.20.60378,>
2026-05-08,20:41:31.034031,IP,172.20.0.20.60378,>
2026-05-08,20:41:31.034037,IP,172.20.0.20.60378,>
2026-05-08,20:41:31.034062,IP,172.20.0.20.60378,>
2026-05-08,20:41:31.034100,IP,172.20.0.20.60378,>
2026-05-08,20:41:31.034135,IP,172.20.0.20.60378,>
2026-05-08,20:41:31.034141,IP,172.20.0.20.60378,>
2026-05-08,20:41:31.034194,IP,172.20.0.20.60378,>
2026-05-08,20:41:31.034200,IP,172.20.0.20.60378,>
2026-05-08,20:41:31.034294,IP,172.20.0.20.60378,>
2026-05-08,20:41:31.034304,IP,172.20.0.20.60378,>
2026-05-08,20:41:31.034361,IP,172.20.0.20.60378,>
2026-05-08,20:41:31.034371,IP,172.20.0.20.60378,>
2026-05-08,20:41:31.034408,IP,172.20.0.20.60378,>
2026-05-08,20:41:31.034414,IP,172.20.0.20.60378,>
2026-05-08,20:41:31.034444,IP,172.20.0.20.60378,>
2026-05-08,20:41:31.034450,IP,172.20.0.20.60378,>
2026-05-08,20:41:31.034476,IP,172.20.0.20.60378,>
2026-05-08,20:41:31.034482,IP,172.20.0.20.60378,>
2026-05-08,20:41:31.034502,IP,172.20.0.20.60378,>
2026-05-08,20:41:31.116961,IP,172.20.0.10.5001,>
2026-05-08,20:41:31.117061,IP,172.20.0.20.60378,>
2026-05-08,20:41:31.117099,IP,172.20.0.20.60378,>
2026-05-08,20:41:31.117180,IP,172.20.0.10.5001,>
2026-05-08,20:41:31.117199,IP,172.20.0.20.60378,>
2026-05-08,20:41:31.117205,IP,172.20.0.20.60378,>
2026-05-08,20:41:31.117251,IP,172.20.0.20.60378,>
2026-05-08,20:41:31.117257,IP,172.20.0.20.60378,>
2026-05-08,20:41:31.117332,IP,172.20.0.10.5001,>
2026-05-08,20:41:31.117367,IP,172.20.0.10.5001,>
2026-05-08,20:41:31.117450,IP,172.20.0.20.60378,>
2026-05-08,20:41:31.117456,IP,172.20.0.20.60378,>
2026-05-08,20:41:31.117472,IP,172.20.0.20.60378,>
2026-05-08,20:41:31.118791,IP,172.20.0.10.5001,>
2026-05-08,20:41:31.118886,IP,172.20.0.20.60378,>
2026-05-08,20:41:31.118902,IP,172.20.0.10.5001,>
2026-05-08,20:41:31.118953,IP,172.20.0.20.60378,>
2026-05-08,20:41:31.122282,IP,172.20.0.10.5001,>
2026-05-08,20:41:31.122385,IP,172.20.0.20.60378,>
2026-05-08,20:41:31.122401,IP,172.20.0.10.5001,>
2026-05-08,20:41:31.122464,IP,172.20.0.20.60378,>
2026-05-08,20:41:31.122485,IP,172.20.0.10.5001,>
2026-05-08,20:41:31.122530,IP,172.20.0.20.60378,>
2026-05-08,20:41:31.122547,IP,172.20.0.20.60378,>
2026-05-08,20:41:31.122563,IP,172.20.0.10.5001,>
2026-05-08,20:41:31.122597,IP,172.20.0.20.60378,>
2026-05-08,20:41:31.123370,IP,172.20.0.10.5001,>
2026-05-08,20:41:31.123442,IP,172.20.0.20.60378,>
2026-05-08,20:41:31.123448,IP,172.20.0.20.60378,>
2026-05-08,20:41:31.131009,IP,172.20.0.10.5001,>
2026-05-08,20:41:31.131162,IP,172.20.0.20.60378,>
2026-05-08,20:41:31.131184,IP,172.20.0.10.5001,>
2026-05-08,20:41:31.131246,IP,172.20.0.20.60378,>
2026-05-08,20:41:31.131886,IP,172.20.0.10.5001,>
2026-05-08,20:41:31.131967,IP,172.20.0.20.60378,>
2026-05-08,20:41:31.131984,IP,172.20.0.10.5001,>
2026-05-08,20:41:31.132037,IP,172.20.0.20.60378,>
2026-05-08,20:41:31.132395,IP,172.20.0.10.5001,>
2026-05-08,20:41:31.132504,IP,172.20.0.20.60378,>
2026-05-08,20:41:31.132511,IP,172.20.0.20.60378,>
2026-05-08,20:41:31.132578,IP,172.20.0.20.60378,>
2026-05-08,20:41:31.132584,IP,172.20.0.20.60378,>
2026-05-08,20:41:31.132614,IP,172.20.0.20.60378,>
2026-05-08,20:41:31.132620,IP,172.20.0.20.60378,>
2026-05-08,20:41:31.132643,IP,172.20.0.20.60378,>
2026-05-08,20:41:31.134474,IP,172.20.0.10.5001,>
2026-05-08,20:41:31.134498,IP,172.20.0.10.5001,>
2026-05-08,20:41:31.134723,IP,172.20.0.20.60378,>
2026-05-08,20:41:31.134759,IP,172.20.0.10.5001,>
2026-05-08,20:41:31.134732,IP,172.20.0.20.60378,>
2026-05-08,20:41:31.134790,IP,172.20.0.20.60378,>
2026-05-08,20:41:31.134836,IP,172.20.0.20.60378,>
2026-05-08,20:41:31.134870,IP,172.20.0.20.60378,>
2026-05-08,20:41:31.134891,IP,172.20.0.20.60378,>
2026-05-08,20:41:31.134908,IP,172.20.0.20.60378,>
2026-05-08,20:41:31.134925,IP,172.20.0.20.60378,>
2026-05-08,20:41:31.134941,IP,172.20.0.20.60378,>
2026-05-08,20:41:31.134957,IP,172.20.0.20.60378,>
2026-05-08,20:41:31.134977,IP,172.20.0.20.60378,>
2026-05-08,20:41:31.134993,IP,172.20.0.20.60378,>
2026-05-08,20:41:31.135011,IP,172.20.0.20.60378,>
2026-05-08,20:41:31.135028,IP,172.20.0.20.60378,>
2026-05-08,20:41:31.135119,IP,172.20.0.20.60378,>
2026-05-08,20:41:31.135151,IP,172.20.0.20.60378,>
2026-05-08,20:41:31.135180,IP,172.20.0.20.60378,>
2026-05-08,20:41:31.135214,IP,172.20.0.20.60378,>
2026-05-08,20:41:31.135245,IP,172.20.0.20.60378,>
2026-05-08,20:41:31.135281,IP,172.20.0.20.60378,>
2026-05-08,20:41:31.135313,IP,172.20.0.20.60378,>
2026-05-08,20:41:31.135345,IP,172.20.0.20.60378,>
2026-05-08,20:41:31.135379,IP,172.20.0.20.60378,>
2026-05-08,20:41:31.135411,IP,172.20.0.20.60378,>
2026-05-08,20:41:31.135444,IP,172.20.0.20.60378,>
2026-05-08,20:41:31.135478,IP,172.20.0.20.60378,>
2026-05-08,20:41:31.135510,IP,172.20.0.20.60378,>
2026-05-08,20:41:31.135544,IP,172.20.0.20.60378,>
2026-05-08,20:41:31.135579,IP,172.20.0.20.60378,>
2026-05-08,20:41:31.135654,IP,172.20.0.20.60378,>
2026-05-08,20:41:31.135685,IP,172.20.0.20.60378,>
2026-05-08,20:41:31.135718,IP,172.20.0.20.60378,>
2026-05-08,20:41:31.135772,IP,172.20.0.20.60378,>
2026-05-08,20:41:31.135805,IP,172.20.0.20.60378,>
2026-05-08,20:41:31.135841,IP,172.20.0.20.60378,>
2026-05-08,20:41:31.135872,IP,172.20.0.20.60378,>
2026-05-08,20:41:31.135903,IP,172.20.0.20.60378,>
2026-05-08,20:41:31.135934,IP,172.20.0.20.60378,>
2026-05-08,20:41:31.135963,IP,172.20.0.20.60378,>
2026-05-08,20:41:31.135995,IP,172.20.0.20.60378,>
2026-05-08,20:41:31.136025,IP,172.20.0.20.60378,>
2026-05-08,20:41:31.136059,IP,172.20.0.20.60378,>
2026-05-08,20:41:31.136135,IP,172.20.0.20.60378,>
2026-05-08,20:41:31.136170,IP,172.20.0.20.60378,>
2026-05-08,20:41:31.136203,IP,172.20.0.20.60378,>
2026-05-08,20:41:31.136231,IP,172.20.0.20.60378,>
2026-05-08,20:41:31.136264,IP,172.20.0.20.60378,>
2026-05-08,20:41:31.136297,IP,172.20.0.20.60378,>
2026-05-08,20:41:31.136330,IP,172.20.0.20.60378,>
2026-05-08,20:41:31.136369,IP,172.20.0.20.60378,>
2026-05-08,20:41:31.136401,IP,172.20.0.20.60378,>
2026-05-08,20:41:31.136430,IP,172.20.0.20.60378,>
2026-05-08,20:41:31.136460,IP,172.20.0.20.60378,>
2026-05-08,20:41:31.136494,IP,172.20.0.20.60378,>
2026-05-08,20:41:31.136526,IP,172.20.0.20.60378,>
2026-05-08,20:41:31.136560,IP,172.20.0.20.60378,>
2026-05-08,20:41:31.136592,IP,172.20.0.20.60378,>
2026-05-08,20:41:31.136627,IP,172.20.0.20.60378,>
2026-05-08,20:41:31.136661,IP,172.20.0.20.60378,>
2026-05-08,20:41:31.136692,IP,172.20.0.20.60378,>
2026-05-08,20:41:31.136721,IP,172.20.0.20.60378,>
2026-05-08,20:41:31.136757,IP,172.20.0.20.60378,>
2026-05-08,20:41:31.136790,IP,172.20.0.20.60378,>
2026-05-08,20:41:31.136822,IP,172.20.0.20.60378,>
2026-05-08,20:41:31.136854,IP,172.20.0.20.60378,>
2026-05-08,20:41:31.136888,IP,172.20.0.20.60378,>
2026-05-08,20:41:31.136920,IP,172.20.0.20.60378,>
2026-05-08,20:41:31.136973,IP,172.20.0.20.60378,>
2026-05-08,20:41:31.137007,IP,172.20.0.20.60378,>
2026-05-08,20:41:31.137039,IP,172.20.0.20.60378,>
2026-05-08,20:41:31.137094,IP,172.20.0.20.60378,>
2026-05-08,20:41:31.217187,IP,172.20.0.10.5001,>
2026-05-08,20:41:31.217324,IP,172.20.0.20.60378,>
2026-05-08,20:41:31.217378,IP,172.20.0.10.5001,>
2026-05-08,20:41:31.217415,IP,172.20.0.20.60378,>
2026-05-08,20:41:31.217574,IP,172.20.0.10.5001,>
2026-05-08,20:41:31.217667,IP,172.20.0.20.60378,>
2026-05-08,20:41:31.217673,IP,172.20.0.20.60378,>
2026-05-08,20:41:31.217704,IP,172.20.0.20.60378,>
2026-05-08,20:41:31.217710,IP,172.20.0.20.60378,>
2026-05-08,20:41:31.218984,IP,172.20.0.10.5001,>
2026-05-08,20:41:31.219000,IP,172.20.0.10.5001,>
2026-05-08,20:41:31.219118,IP,172.20.0.20.60378,>
2026-05-08,20:41:31.219125,IP,172.20.0.20.60378,>
2026-05-08,20:41:31.219191,IP,172.20.0.20.60378,>
2026-05-08,20:41:31.219197,IP,172.20.0.20.60378,>
2026-05-08,20:41:31.219225,IP,172.20.0.20.60378,>
2026-05-08,20:41:31.219231,IP,172.20.0.20.60378,>
2026-05-08,20:41:31.223539,IP,172.20.0.10.5001,>
2026-05-08,20:41:31.223549,IP,172.20.0.10.5001,>
2026-05-08,20:41:31.223679,IP,172.20.0.20.60378,>
2026-05-08,20:41:31.223689,IP,172.20.0.20.60378,>
2026-05-08,20:41:31.223766,IP,172.20.0.20.60378,>
2026-05-08,20:41:31.223772,IP,172.20.0.20.60378,>
2026-05-08,20:41:31.223803,IP,172.20.0.20.60378,>
2026-05-08,20:41:31.223809,IP,172.20.0.20.60378,>
2026-05-08,20:41:31.223836,IP,172.20.0.20.60378,>
2026-05-08,20:41:31.231224,IP,172.20.0.10.5001,>
2026-05-08,20:41:31.231308,IP,172.20.0.20.60378,>
2026-05-08,20:41:31.231444,IP,172.20.0.10.5001,>
2026-05-08,20:41:31.231510,IP,172.20.0.20.60378,>
2026-05-08,20:41:31.232004,IP,172.20.0.10.5001,>
2026-05-08,20:41:31.232127,IP,172.20.0.20.60378,>
2026-05-08,20:41:31.232547,IP,172.20.0.10.5001,>
2026-05-08,20:41:31.232627,IP,172.20.0.20.60378,>
2026-05-08,20:41:31.232647,IP,172.20.0.10.5001,>
2026-05-08,20:41:31.232633,IP,172.20.0.20.60378,>
2026-05-08,20:41:31.232717,IP,172.20.0.20.60378,>
2026-05-08,20:41:31.232726,IP,172.20.0.10.5001,>
2026-05-08,20:41:31.232765,IP,172.20.0.20.60378,>
2026-05-08,20:41:31.232771,IP,172.20.0.20.60378,>
2026-05-08,20:41:31.232800,IP,172.20.0.20.60378,>
2026-05-08,20:41:31.232806,IP,172.20.0.20.60378,>
2026-05-08,20:41:31.232832,IP,172.20.0.20.60378,>
2026-05-08,20:41:31.232838,IP,172.20.0.20.60378,>
2026-05-08,20:41:31.234823,IP,172.20.0.10.5001,>
2026-05-08,20:41:31.234905,IP,172.20.0.20.60378,>
2026-05-08,20:41:31.234925,IP,172.20.0.10.5001,>
2026-05-08,20:41:31.234995,IP,172.20.0.20.60378,>
2026-05-08,20:41:31.235000,IP,172.20.0.20.60378,>
2026-05-08,20:41:31.235016,IP,172.20.0.10.5001,>
2026-05-08,20:41:31.235019,IP,172.20.0.10.5001,>
2026-05-08,20:41:31.235120,IP,172.20.0.20.60378,>
2026-05-08,20:41:31.235126,IP,172.20.0.20.60378,>
2026-05-08,20:41:31.235147,IP,172.20.0.10.5001,>
2026-05-08,20:41:31.235203,IP,172.20.0.20.60378,>
2026-05-08,20:41:31.235212,IP,172.20.0.20.60378,>
2026-05-08,20:41:31.235261,IP,172.20.0.20.60378,>
2026-05-08,20:41:31.235267,IP,172.20.0.20.60378,>
2026-05-08,20:41:31.235296,IP,172.20.0.10.5001,>
2026-05-08,20:41:31.235327,IP,172.20.0.20.60378,>
2026-05-08,20:41:31.235333,IP,172.20.0.20.60378,>
2026-05-08,20:41:31.235380,IP,172.20.0.20.60378,>
2026-05-08,20:41:31.235386,IP,172.20.0.20.60378,>
2026-05-08,20:41:31.235417,IP,172.20.0.20.60378,>
2026-05-08,20:41:31.235424,IP,172.20.0.20.60378,>
2026-05-08,20:41:31.235440,IP,172.20.0.10.5001,>
2026-05-08,20:41:31.235443,IP,172.20.0.10.5001,>
2026-05-08,20:41:31.235472,IP,172.20.0.10.5001,>
2026-05-08,20:41:31.235499,IP,172.20.0.20.60378,>
2026-05-08,20:41:31.235505,IP,172.20.0.20.60378,>
2026-05-08,20:41:31.235571,IP,172.20.0.20.60378,>
2026-05-08,20:41:31.235577,IP,172.20.0.20.60378,>
2026-05-08,20:41:31.235590,IP,172.20.0.10.5001,>
2026-05-08,20:41:31.235622,IP,172.20.0.20.60378,>
2026-05-08,20:41:31.235628,IP,172.20.0.20.60378,>
2026-05-08,20:41:31.235662,IP,172.20.0.20.60378,>
2026-05-08,20:41:31.235668,IP,172.20.0.20.60378,>
2026-05-08,20:41:31.235688,IP,172.20.0.10.5001,>
2026-05-08,20:41:31.235718,IP,172.20.0.20.60378,>
2026-05-08,20:41:31.235724,IP,172.20.0.20.60378,>
2026-05-08,20:41:31.235772,IP,172.20.0.20.60378,>
2026-05-08,20:41:31.235778,IP,172.20.0.20.60378,>
2026-05-08,20:41:31.235813,IP,172.20.0.10.5001,>
2026-05-08,20:41:31.235817,IP,172.20.0.10.5001,>
2026-05-08,20:41:31.235857,IP,172.20.0.20.60378,>
2026-05-08,20:41:31.235862,IP,172.20.0.20.60378,>
2026-05-08,20:41:31.235910,IP,172.20.0.20.60378,>
2026-05-08,20:41:31.235916,IP,172.20.0.20.60378,>
2026-05-08,20:41:31.235928,IP,172.20.0.10.5001,>
2026-05-08,20:41:31.235971,IP,172.20.0.10.5001,>
2026-05-08,20:41:31.235993,IP,172.20.0.20.60378,>
2026-05-08,20:41:31.235999,IP,172.20.0.20.60378,>
2026-05-08,20:41:31.236061,IP,172.20.0.20.60378,>
2026-05-08,20:41:31.236090,IP,172.20.0.20.60378,>
2026-05-08,20:41:31.236104,IP,172.20.0.10.5001,>
2026-05-08,20:41:31.236139,IP,172.20.0.20.60378,>
2026-05-08,20:41:31.236145,IP,172.20.0.20.60378,>
2026-05-08,20:41:31.236188,IP,172.20.0.20.60378,>
2026-05-08,20:41:31.236194,IP,172.20.0.20.60378,>
2026-05-08,20:41:31.236206,IP,172.20.0.10.5001,>
2026-05-08,20:41:31.236239,IP,172.20.0.20.60378,>
2026-05-08,20:41:31.236274,IP,172.20.0.20.60378,>
2026-05-08,20:41:31.236280,IP,172.20.0.20.60378,>
2026-05-08,20:41:31.236291,IP,172.20.0.10.5001,>
2026-05-08,20:41:31.236321,IP,172.20.0.20.60378,>
2026-05-08,20:41:31.236327,IP,172.20.0.20.60378,>
2026-05-08,20:41:31.236358,IP,172.20.0.20.60378,>
2026-05-08,20:41:31.236364,IP,172.20.0.20.60378,>
2026-05-08,20:41:31.236389,IP,172.20.0.10.5001,>
2026-05-08,20:41:31.236402,IP,172.20.0.20.60378,>
2026-05-08,20:41:31.236442,IP,172.20.0.20.60378,>
2026-05-08,20:41:31.236448,IP,172.20.0.20.60378,>
2026-05-08,20:41:31.236476,IP,172.20.0.20.60378,>
2026-05-08,20:41:31.236482,IP,172.20.0.20.60378,>
2026-05-08,20:41:31.236512,IP,172.20.0.10.5001,>
2026-05-08,20:41:31.236553,IP,172.20.0.20.60378,>
2026-05-08,20:41:31.236559,IP,172.20.0.20.60378,>
2026-05-08,20:41:31.236581,IP,172.20.0.10.5001,>
2026-05-08,20:41:31.236610,IP,172.20.0.20.60378,>
2026-05-08,20:41:31.236624,IP,172.20.0.20.60378,>
2026-05-08,20:41:31.236662,IP,172.20.0.20.60378,>
2026-05-08,20:41:31.236668,IP,172.20.0.20.60378,>
2026-05-08,20:41:31.236679,IP,172.20.0.10.5001,>
2026-05-08,20:41:31.236681,IP,172.20.0.10.5001,>
2026-05-08,20:41:31.236741,IP,172.20.0.20.60378,>
2026-05-08,20:41:31.236747,IP,172.20.0.20.60378,>
2026-05-08,20:41:31.236759,IP,172.20.0.10.5001,>
2026-05-08,20:41:31.236791,IP,172.20.0.20.60378,>
2026-05-08,20:41:31.236823,IP,172.20.0.20.60378,>
2026-05-08,20:41:31.236829,IP,172.20.0.20.60378,>
2026-05-08,20:41:31.236840,IP,172.20.0.10.5001,>
2026-05-08,20:41:31.236843,IP,172.20.0.10.5001,>
2026-05-08,20:41:31.236873,IP,172.20.0.20.60378,>
2026-05-08,20:41:31.236906,IP,172.20.0.20.60378,>
2026-05-08,20:41:31.236912,IP,172.20.0.20.60378,>
2026-05-08,20:41:31.236943,IP,172.20.0.20.60378,>
2026-05-08,20:41:31.237010,IP,172.20.0.10.5001,>
2026-05-08,20:41:31.237105,IP,172.20.0.20.60378,>
2026-05-08,20:41:31.237111,IP,172.20.0.20.60378,>
2026-05-08,20:41:31.237129,IP,172.20.0.10.5001,>
2026-05-08,20:41:31.237169,IP,172.20.0.20.60378,>
2026-05-08,20:41:31.237175,IP,172.20.0.20.60378,>
2026-05-08,20:41:31.237213,IP,172.20.0.20.60378,>
2026-05-08,20:41:31.237219,IP,172.20.0.20.60378,>
2026-05-08,20:41:31.237231,IP,172.20.0.10.5001,>
2026-05-08,20:41:31.237265,IP,172.20.0.20.60378,>
2026-05-08,20:41:31.237270,IP,172.20.0.20.60378,>
2026-05-08,20:41:31.317447,IP,172.20.0.10.5001,>
2026-05-08,20:41:31.317608,IP,172.20.0.20.60378,>
2026-05-08,20:41:31.319428,IP,172.20.0.10.5001,>
2026-05-08,20:41:31.319524,IP,172.20.0.20.60378,>
2026-05-08,20:41:31.319531,IP,172.20.0.20.60378,>
2026-05-08,20:41:31.319602,IP,172.20.0.20.60378,>
2026-05-08,20:41:31.319608,IP,172.20.0.20.60378,>
2026-05-08,20:41:31.319634,IP,172.20.0.20.60378,>
2026-05-08,20:41:31.319667,IP,172.20.0.20.60378,>
2026-05-08,20:41:31.319673,IP,172.20.0.20.60378,>
2026-05-08,20:41:31.319679,IP,172.20.0.20.60378,>
2026-05-08,20:41:31.319712,IP,172.20.0.20.60378,>
2026-05-08,20:41:31.319718,IP,172.20.0.20.60378,>
2026-05-08,20:41:31.319812,IP,172.20.0.20.60378,>
2026-05-08,20:41:31.319820,IP,172.20.0.20.60378,>
2026-05-08,20:41:31.323803,IP,172.20.0.10.5001,>
2026-05-08,20:41:31.323897,IP,172.20.0.20.60378,>
2026-05-08,20:41:31.323914,IP,172.20.0.10.5001,>
2026-05-08,20:41:31.323980,IP,172.20.0.20.60378,>
2026-05-08,20:41:31.323986,IP,172.20.0.20.60378,>
2026-05-08,20:41:31.324015,IP,172.20.0.20.60378,>
2026-05-08,20:41:31.331392,IP,172.20.0.10.5001,>
2026-05-08,20:41:31.331547,IP,172.20.0.20.60378,>
2026-05-08,20:41:31.331588,IP,172.20.0.10.5001,>
2026-05-08,20:41:31.331561,IP,172.20.0.20.60378,>
2026-05-08,20:41:31.331693,IP,172.20.0.20.60378,>
2026-05-08,20:41:31.331699,IP,172.20.0.20.60378,>
2026-05-08,20:41:31.331727,IP,172.20.0.20.60378,>
2026-05-08,20:41:31.332193,IP,172.20.0.10.5001,>
2026-05-08,20:41:31.332285,IP,172.20.0.20.60378,>
2026-05-08,20:41:31.332693,IP,172.20.0.10.5001,>
2026-05-08,20:41:31.332785,IP,172.20.0.20.60378,>
2026-05-08,20:41:31.332899,IP,172.20.0.10.5001,>
2026-05-08,20:41:31.333005,IP,172.20.0.20.60378,>
2026-05-08,20:41:31.333011,IP,172.20.0.20.60378,>
2026-05-08,20:41:31.333032,IP,172.20.0.10.5001,>
2026-05-08,20:41:31.333098,IP,172.20.0.20.60378,>
2026-05-08,20:41:31.333104,IP,172.20.0.20.60378,>
2026-05-08,20:41:31.333145,IP,172.20.0.20.60378,>
2026-05-08,20:41:31.333151,IP,172.20.0.20.60378,>
2026-05-08,20:41:31.333180,IP,172.20.0.20.60378,>
2026-05-08,20:41:31.333186,IP,172.20.0.20.60378,>
2026-05-08,20:41:31.333215,IP,172.20.0.20.60378,>
2026-05-08,20:41:31.334980,IP,172.20.0.10.5001,>
2026-05-08,20:41:31.335124,IP,172.20.0.20.60378,>
2026-05-08,20:41:31.335229,IP,172.20.0.10.5001,>
2026-05-08,20:41:31.335332,IP,172.20.0.20.60378,>
2026-05-08,20:41:31.335338,IP,172.20.0.20.60378,>
2026-05-08,20:41:31.335359,IP,172.20.0.10.5001,>
2026-05-08,20:41:31.335363,IP,172.20.0.10.5001,>
2026-05-08,20:41:31.335421,IP,172.20.0.20.60378,>
2026-05-08,20:41:31.335430,IP,172.20.0.20.60378,>
2026-05-08,20:41:31.335498,IP,172.20.0.20.60378,>
2026-05-08,20:41:31.335504,IP,172.20.0.20.60378,>
2026-05-08,20:41:31.335533,IP,172.20.0.20.60378,>
2026-05-08,20:41:31.335539,IP,172.20.0.20.60378,>
2026-05-08,20:41:31.417712,IP,172.20.0.10.5001,>
2026-05-08,20:41:31.417924,IP,172.20.0.20.60378,>
2026-05-08,20:41:31.417931,IP,172.20.0.20.60378,>
2026-05-08,20:41:31.418016,IP,172.20.0.20.60378,>
2026-05-08,20:41:31.418022,IP,172.20.0.20.60378,>
2026-05-08,20:41:31.418053,IP,172.20.0.20.60378,>
2026-05-08,20:41:31.418059,IP,172.20.0.20.60378,>
2026-05-08,20:41:31.418120,IP,172.20.0.20.60378,>
2026-05-08,20:41:31.418126,IP,172.20.0.20.60378,>
2026-05-08,20:41:31.418154,IP,172.20.0.20.60378,>
2026-05-08,20:41:31.418160,IP,172.20.0.20.60378,>
2026-05-08,20:41:31.418188,IP,172.20.0.20.60378,>
2026-05-08,20:41:31.418193,IP,172.20.0.20.60378,>
2026-05-08,20:41:31.418247,IP,172.20.0.20.60378,>
2026-05-08,20:41:31.418256,IP,172.20.0.20.60378,>
2026-05-08,20:41:31.418303,IP,172.20.0.20.60378,>
2026-05-08,20:41:31.418314,IP,172.20.0.20.60378,>
2026-05-08,20:41:31.418359,IP,172.20.0.20.60378,>
2026-05-08,20:41:31.418399,IP,172.20.0.20.60378,>
2026-05-08,20:41:31.418420,IP,172.20.0.20.60378,>
2026-05-08,20:41:31.418437,IP,172.20.0.20.60378,>
2026-05-08,20:41:31.418456,IP,172.20.0.20.60378,>
2026-05-08,20:41:31.418473,IP,172.20.0.20.60378,>
2026-05-08,20:41:31.418493,IP,172.20.0.20.60378,>
2026-05-08,20:41:31.418509,IP,172.20.0.20.60378,>
2026-05-08,20:41:31.418525,IP,172.20.0.20.60378,>
2026-05-08,20:41:31.418543,IP,172.20.0.20.60378,>
2026-05-08,20:41:31.418597,IP,172.20.0.20.60378,>
2026-05-08,20:41:31.418618,IP,172.20.0.20.60378,>
2026-05-08,20:41:31.418635,IP,172.20.0.20.60378,>
2026-05-08,20:41:31.418653,IP,172.20.0.20.60378,>
2026-05-08,20:41:31.418670,IP,172.20.0.20.60378,>
2026-05-08,20:41:31.418687,IP,172.20.0.20.60378,>
2026-05-08,20:41:31.418706,IP,172.20.0.20.60378,>
2026-05-08,20:41:31.418725,IP,172.20.0.20.60378,>
2026-05-08,20:41:31.418742,IP,172.20.0.20.60378,>
2026-05-08,20:41:31.418759,IP,172.20.0.20.60378,>
2026-05-08,20:41:31.418778,IP,172.20.0.20.60378,>
2026-05-08,20:41:31.418804,IP,172.20.0.20.60378,>
2026-05-08,20:41:31.418833,IP,172.20.0.20.60378,>
2026-05-08,20:41:31.418858,IP,172.20.0.20.60378,>
2026-05-08,20:41:31.418891,IP,172.20.0.20.60378,>
2026-05-08,20:41:31.418917,IP,172.20.0.20.60378,>
2026-05-08,20:41:31.418952,IP,172.20.0.20.60378,>
2026-05-08,20:41:31.418980,IP,172.20.0.20.60378,>
2026-05-08,20:41:31.418999,IP,172.20.0.20.60378,>
2026-05-08,20:41:31.419016,IP,172.20.0.20.60378,>
2026-05-08,20:41:31.419033,IP,172.20.0.20.60378,>
2026-05-08,20:41:31.419049,IP,172.20.0.20.60378,>
2026-05-08,20:41:31.419099,IP,172.20.0.20.60378,>
2026-05-08,20:41:31.419124,IP,172.20.0.20.60378,>
2026-05-08,20:41:31.419141,IP,172.20.0.20.60378,>
2026-05-08,20:41:31.419159,IP,172.20.0.20.60378,>
2026-05-08,20:41:31.419180,IP,172.20.0.20.60378,>
2026-05-08,20:41:31.419199,IP,172.20.0.20.60378,>
2026-05-08,20:41:31.419214,IP,172.20.0.20.60378,>
2026-05-08,20:41:31.419232,IP,172.20.0.20.60378,>
2026-05-08,20:41:31.419250,IP,172.20.0.20.60378,>
2026-05-08,20:41:31.419268,IP,172.20.0.20.60378,>
2026-05-08,20:41:31.419286,IP,172.20.0.20.60378,>
2026-05-08,20:41:31.419304,IP,172.20.0.20.60378,>
2026-05-08,20:41:31.419355,IP,172.20.0.20.60378,>
2026-05-08,20:41:31.419373,IP,172.20.0.20.60378,>
2026-05-08,20:41:31.419391,IP,172.20.0.20.60378,>
2026-05-08,20:41:31.419409,IP,172.20.0.20.60378,>
2026-05-08,20:41:31.419426,IP,172.20.0.20.60378,>
2026-05-08,20:41:31.419444,IP,172.20.0.20.60378,>
2026-05-08,20:41:31.419461,IP,172.20.0.20.60378,>
2026-05-08,20:41:31.419485,IP,172.20.0.20.60378,>
2026-05-08,20:41:31.419501,IP,172.20.0.20.60378,>
2026-05-08,20:41:31.419559,IP,172.20.0.20.60378,>
2026-05-08,20:41:31.419636,IP,172.20.0.10.5001,>
2026-05-08,20:41:31.421920,IP,172.20.0.10.5001,>
2026-05-08,20:41:31.421932,IP,172.20.0.10.5001,>
2026-05-08,20:41:31.421936,IP,172.20.0.10.5001,>
2026-05-08,20:41:31.422143,IP,172.20.0.20.60378,>
2026-05-08,20:41:31.422153,IP,172.20.0.20.60378,>
2026-05-08,20:41:31.422163,IP,172.20.0.20.60378,>
2026-05-08,20:41:31.422287,IP,172.20.0.20.60378,>
2026-05-08,20:41:31.422297,IP,172.20.0.20.60378,>
2026-05-08,20:41:31.422329,IP,172.20.0.20.60378,>
2026-05-08,20:41:31.422372,IP,172.20.0.20.60378,>
2026-05-08,20:41:31.422392,IP,172.20.0.20.60378,>
2026-05-08,20:41:31.422408,IP,172.20.0.20.60378,>
2026-05-08,20:41:31.422427,IP,172.20.0.20.60378,>
2026-05-08,20:41:31.422444,IP,172.20.0.20.60378,>
2026-05-08,20:41:31.422460,IP,172.20.0.20.60378,>
2026-05-08,20:41:31.423341,IP,172.20.0.20.60378,>
2026-05-08,20:41:31.423934,IP,172.20.0.10.5001,>
2026-05-08,20:41:31.424007,IP,172.20.0.20.60378,>
2026-05-08,20:41:31.424054,IP,172.20.0.10.5001,>
2026-05-08,20:41:31.424124,IP,172.20.0.20.60378,>
2026-05-08,20:41:31.424130,IP,172.20.0.20.60378,>
2026-05-08,20:41:31.424196,IP,172.20.0.10.5001,>
2026-05-08,20:41:31.424244,IP,172.20.0.20.60378,>
2026-05-08,20:41:31.425355,IP,172.20.0.20.60378,>
2026-05-08,20:41:31.431605,IP,172.20.0.10.5001,>
2026-05-08,20:41:31.431682,IP,172.20.0.20.60378,>
2026-05-08,20:41:31.431810,IP,172.20.0.10.5001,>
2026-05-08,20:41:31.431894,IP,172.20.0.20.60378,>
2026-05-08,20:41:31.431901,IP,172.20.0.20.60378,>
2026-05-08,20:41:31.431934,IP,172.20.0.20.60378,>
2026-05-08,20:41:31.431973,IP,172.20.0.20.60378,>
2026-05-08,20:41:31.432351,IP,172.20.0.10.5001,>
2026-05-08,20:41:31.432428,IP,172.20.0.20.60378,>
2026-05-08,20:41:31.432823,IP,172.20.0.10.5001,>
2026-05-08,20:41:31.432930,IP,172.20.0.20.60378,>
2026-05-08,20:41:31.433120,IP,172.20.0.10.5001,>
2026-05-08,20:41:31.433193,IP,172.20.0.20.60378,>
2026-05-08,20:41:31.433199,IP,172.20.0.20.60378,>
2026-05-08,20:41:31.433248,IP,172.20.0.10.5001,>
2026-05-08,20:41:31.433293,IP,172.20.0.20.60378,>
2026-05-08,20:41:31.433299,IP,172.20.0.20.60378,>
2026-05-08,20:41:31.433327,IP,172.20.0.20.60378,>
2026-05-08,20:41:31.433333,IP,172.20.0.20.60378,>
2026-05-08,20:41:31.433353,IP,172.20.0.10.5001,>
2026-05-08,20:41:31.433358,IP,172.20.0.20.60378,>
2026-05-08,20:41:31.433386,IP,172.20.0.20.60378,>
2026-05-08,20:41:31.433405,IP,172.20.0.20.60378,>
2026-05-08,20:41:31.433456,IP,172.20.0.20.60378,>
2026-05-08,20:41:31.434503,IP,172.20.0.20.60378,>
2026-05-08,20:41:31.435169,IP,172.20.0.10.5001,>
2026-05-08,20:41:31.435281,IP,172.20.0.20.60378,>
2026-05-08,20:41:31.435401,IP,172.20.0.10.5001,>
2026-05-08,20:41:31.435467,IP,172.20.0.20.60378,>
2026-05-08,20:41:31.435497,IP,172.20.0.10.5001,>
2026-05-08,20:41:31.435534,IP,172.20.0.20.60378,>
2026-05-08,20:41:31.435562,IP,172.20.0.10.5001,>
2026-05-08,20:41:31.435618,IP,172.20.0.20.60378,>
2026-05-08,20:41:31.435625,IP,172.20.0.20.60378,>
2026-05-08,20:41:31.435639,IP,172.20.0.10.5001,>
2026-05-08,20:41:31.435647,IP,172.20.0.20.60378,>
2026-05-08,20:41:31.435691,IP,172.20.0.20.60378,>
2026-05-08,20:41:31.435721,IP,172.20.0.20.60378,>
2026-05-08,20:41:31.435741,IP,172.20.0.20.60378,>
2026-05-08,20:41:31.435760,IP,172.20.0.20.60378,>
2026-05-08,20:41:31.517990,IP,172.20.0.10.5001,>
2026-05-08,20:41:31.518112,IP,172.20.0.20.60378,>
2026-05-08,20:41:31.518354,IP,172.20.0.10.5001,>
2026-05-08,20:41:31.518420,IP,172.20.0.20.60378,>
2026-05-08,20:41:31.518539,IP,172.20.0.10.5001,>
2026-05-08,20:41:31.518637,IP,172.20.0.20.60378,>
2026-05-08,20:41:31.518675,IP,172.20.0.10.5001,>
2026-05-08,20:41:31.518655,IP,172.20.0.20.60378,>
2026-05-08,20:41:31.518661,IP,172.20.0.20.60378,>
2026-05-08,20:41:31.518726,IP,172.20.0.20.60378,>
2026-05-08,20:41:31.518732,IP,172.20.0.20.60378,>
2026-05-08,20:41:31.518762,IP,172.20.0.20.60378,>
2026-05-08,20:41:31.518767,IP,172.20.0.20.60378,>
2026-05-08,20:41:31.518796,IP,172.20.0.20.60378,>
2026-05-08,20:41:31.518802,IP,172.20.0.20.60378,>
2026-05-08,20:41:31.518828,IP,172.20.0.20.60378,>
2026-05-08,20:41:31.518834,IP,172.20.0.20.60378,>
2026-05-08,20:41:31.518860,IP,172.20.0.20.60378,>
2026-05-08,20:41:31.518866,IP,172.20.0.20.60378,>
2026-05-08,20:41:31.518985,IP,172.20.0.20.60378,>
2026-05-08,20:41:31.518991,IP,172.20.0.20.60378,>
2026-05-08,20:41:31.519024,IP,172.20.0.20.60378,>
2026-05-08,20:41:31.519030,IP,172.20.0.20.60378,>
2026-05-08,20:41:31.519093,IP,172.20.0.20.60378,>
2026-05-08,20:41:31.519100,IP,172.20.0.20.60378,>
2026-05-08,20:41:31.519116,IP,172.20.0.10.5001,>
2026-05-08,20:41:31.519152,IP,172.20.0.20.60378,>
2026-05-08,20:41:31.519158,IP,172.20.0.20.60378,>
2026-05-08,20:41:31.519217,IP,172.20.0.20.60378,>
2026-05-08,20:41:31.519223,IP,172.20.0.20.60378,>
2026-05-08,20:41:31.519256,IP,172.20.0.10.5001,>
2026-05-08,20:41:31.519270,IP,172.20.0.20.60378,>
2026-05-08,20:41:31.519276,IP,172.20.0.20.60378,>
2026-05-08,20:41:31.519319,IP,172.20.0.20.60378,>
2026-05-08,20:41:31.519325,IP,172.20.0.20.60378,>
2026-05-08,20:41:31.519392,IP,172.20.0.10.5001,>
2026-05-08,20:41:31.519409,IP,172.20.0.20.60378,>
2026-05-08,20:41:31.519415,IP,172.20.0.20.60378,>
2026-05-08,20:41:31.519460,IP,172.20.0.20.60378,>
2026-05-08,20:41:31.519466,IP,172.20.0.20.60378,>
2026-05-08,20:41:31.519504,IP,172.20.0.20.60378,>
2026-05-08,20:41:31.519511,IP,172.20.0.20.60378,>
2026-05-08,20:41:31.519522,IP,172.20.0.10.5001,>
2026-05-08,20:41:31.519552,IP,172.20.0.20.60378,>
2026-05-08,20:41:31.519558,IP,172.20.0.20.60378,>
2026-05-08,20:41:31.519601,IP,172.20.0.20.60378,>
2026-05-08,20:41:31.519607,IP,172.20.0.20.60378,>
2026-05-08,20:41:31.519613,IP,172.20.0.20.60378,>
2026-05-08,20:41:31.519650,IP,172.20.0.10.5001,>
2026-05-08,20:41:31.519662,IP,172.20.0.20.60378,>
2026-05-08,20:41:31.519668,IP,172.20.0.20.60378,>
2026-05-08,20:41:31.519709,IP,172.20.0.20.60378,>
2026-05-08,20:41:31.519715,IP,172.20.0.20.60378,>
2026-05-08,20:41:31.519742,IP,172.20.0.20.60378,>
2026-05-08,20:41:31.519748,IP,172.20.0.20.60378,>
2026-05-08,20:41:31.519783,IP,172.20.0.20.60378,>
2026-05-08,20:41:31.519789,IP,172.20.0.20.60378,>
2026-05-08,20:41:31.519795,IP,172.20.0.20.60378,>
2026-05-08,20:41:31.519825,IP,172.20.0.20.60378,>
2026-05-08,20:41:31.519831,IP,172.20.0.20.60378,>
2026-05-08,20:41:31.519859,IP,172.20.0.20.60378,>
2026-05-08,20:41:31.519864,IP,172.20.0.20.60378,>
2026-05-08,20:41:31.519892,IP,172.20.0.20.60378,>
2026-05-08,20:41:31.519897,IP,172.20.0.20.60378,>
2026-05-08,20:41:31.519923,IP,172.20.0.20.60378,>
2026-05-08,20:41:31.519929,IP,172.20.0.20.60378,>
2026-05-08,20:41:31.519953,IP,172.20.0.20.60378,>
2026-05-08,20:41:31.519981,IP,172.20.0.20.60378,>
2026-05-08,20:41:31.519986,IP,172.20.0.20.60378,>
2026-05-08,20:41:31.519992,IP,172.20.0.20.60378,>
2026-05-08,20:41:31.520025,IP,172.20.0.20.60378,>
2026-05-08,20:41:31.520031,IP,172.20.0.20.60378,>
2026-05-08,20:41:31.520059,IP,172.20.0.20.60378,>
2026-05-08,20:41:31.520086,IP,172.20.0.20.60378,>
2026-05-08,20:41:31.520114,IP,172.20.0.20.60378,>
2026-05-08,20:41:31.523792,IP,172.20.0.10.5001,>
2026-05-08,20:41:31.523799,IP,172.20.0.10.5001,>
2026-05-08,20:41:31.523895,IP,172.20.0.20.60378,>
2026-05-08,20:41:31.523901,IP,172.20.0.20.60378,>
2026-05-08,20:41:31.523907,IP,172.20.0.20.60378,>
2026-05-08,20:41:31.523971,IP,172.20.0.20.60378,>
2026-05-08,20:41:31.523977,IP,172.20.0.20.60378,>
2026-05-08,20:41:31.524090,IP,172.20.0.10.5001,>
2026-05-08,20:41:31.524155,IP,172.20.0.20.60378,>
2026-05-08,20:41:31.524161,IP,172.20.0.20.60378,>
2026-05-08,20:41:31.524194,IP,172.20.0.20.60378,>
2026-05-08,20:41:31.524200,IP,172.20.0.20.60378,>
2026-05-08,20:41:31.524232,IP,172.20.0.20.60378,>
2026-05-08,20:41:31.524238,IP,172.20.0.20.60378,>
2026-05-08,20:41:31.524316,IP,172.20.0.10.5001,>
2026-05-08,20:41:31.524366,IP,172.20.0.20.60378,>
2026-05-08,20:41:31.524371,IP,172.20.0.20.60378,>
2026-05-08,20:41:31.531787,IP,172.20.0.10.5001,>
2026-05-08,20:41:31.531875,IP,172.20.0.20.60378,>
2026-05-08,20:41:31.531926,IP,172.20.0.10.5001,>
2026-05-08,20:41:31.531995,IP,172.20.0.20.60378,>
2026-05-08,20:41:31.532018,IP,172.20.0.10.5001,>
2026-05-08,20:41:31.532128,IP,172.20.0.20.60378,>
2026-05-08,20:41:31.532146,IP,172.20.0.10.5001,>
2026-05-08,20:41:31.532194,IP,172.20.0.20.60378,>
2026-05-08,20:41:31.532251,IP,172.20.0.20.60378,>
2026-05-08,20:41:31.532488,IP,172.20.0.10.5001,>
2026-05-08,20:41:31.532548,IP,172.20.0.20.60378,>
2026-05-08,20:41:31.533008,IP,172.20.0.10.5001,>
2026-05-08,20:41:31.533243,IP,172.20.0.10.5001,>
2026-05-08,20:41:31.533293,IP,172.20.0.20.60378,>
2026-05-08,20:41:31.533384,IP,172.20.0.10.5001,>
2026-05-08,20:41:31.533439,IP,172.20.0.20.60378,>
2026-05-08,20:41:31.533445,IP,172.20.0.20.60378,>
2026-05-08,20:41:31.533593,IP,172.20.0.10.5001,>
2026-05-08,20:41:31.533648,IP,172.20.0.20.60378,>
2026-05-08,20:41:31.533654,IP,172.20.0.20.60378,>
2026-05-08,20:41:31.533692,IP,172.20.0.20.60378,>
2026-05-08,20:41:31.533698,IP,172.20.0.20.60378,>
2026-05-08,20:41:31.533723,IP,172.20.0.20.60378,>
2026-05-08,20:41:31.534580,IP,172.20.0.10.5001,>
2026-05-08,20:41:31.535389,IP,172.20.0.10.5001,>
2026-05-08,20:41:31.535453,IP,172.20.0.20.60378,>
2026-05-08,20:41:31.535502,IP,172.20.0.20.60378,>
2026-05-08,20:41:31.577991,IP,172.20.0.10.5001,>
2026-05-08,20:41:31.578172,IP,172.20.0.20.60378,>
2026-05-08,20:41:31.578179,IP,172.20.0.20.60378,>
2026-05-08,20:41:31.578259,IP,172.20.0.20.60378,>
2026-05-08,20:41:31.578265,IP,172.20.0.20.60378,>
2026-05-08,20:41:31.578297,IP,172.20.0.20.60378,>
2026-05-08,20:41:31.578303,IP,172.20.0.20.60378,>
2026-05-08,20:41:31.578359,IP,172.20.0.20.60378,>
2026-05-08,20:41:31.578370,IP,172.20.0.20.60378,>
2026-05-08,20:41:31.578421,IP,172.20.0.20.60378,>
2026-05-08,20:41:31.618227,IP,172.20.0.10.5001,>
2026-05-08,20:41:31.618326,IP,172.20.0.20.60378,>
2026-05-08,20:41:31.618479,IP,172.20.0.10.5001,>
2026-05-08,20:41:31.618533,IP,172.20.0.20.60378,>
2026-05-08,20:41:31.618709,IP,172.20.0.10.5001,>
2026-05-08,20:41:31.618755,IP,172.20.0.20.60378,>
2026-05-08,20:41:31.619821,IP,172.20.0.10.5001,>
2026-05-08,20:41:31.619900,IP,172.20.0.20.60378,>
2026-05-08,20:41:31.619906,IP,172.20.0.20.60378,>
2026-05-08,20:41:31.620056,IP,172.20.0.20.60378,>
2026-05-08,20:41:31.620062,IP,172.20.0.20.60378,>
2026-05-08,20:41:31.620098,IP,172.20.0.20.60378,>
2026-05-08,20:41:31.620140,IP,172.20.0.20.60378,>
2026-05-08,20:41:31.620146,IP,172.20.0.20.60378,>
2026-05-08,20:41:31.620178,IP,172.20.0.20.60378,>
2026-05-08,20:41:31.620184,IP,172.20.0.20.60378,>
2026-05-08,20:41:31.620261,IP,172.20.0.10.5001,>
2026-05-08,20:41:31.620388,IP,172.20.0.20.60378,>
2026-05-08,20:41:31.620394,IP,172.20.0.20.60378,>
2026-05-08,20:41:31.620434,IP,172.20.0.20.60378,>
2026-05-08,20:41:31.620440,IP,172.20.0.20.60378,>
2026-05-08,20:41:31.620513,IP,172.20.0.20.60378,>
2026-05-08,20:41:31.620574,IP,172.20.0.20.60378,>
2026-05-08,20:41:31.620596,IP,172.20.0.20.60378,>
2026-05-08,20:41:31.620616,IP,172.20.0.20.60378,>
2026-05-08,20:41:31.620633,IP,172.20.0.20.60378,>
2026-05-08,20:41:31.620651,IP,172.20.0.20.60378,>
2026-05-08,20:41:31.620703,IP,172.20.0.20.60378,>
2026-05-08,20:41:31.620722,IP,172.20.0.20.60378,>
2026-05-08,20:41:31.620741,IP,172.20.0.20.60378,>
2026-05-08,20:41:31.620758,IP,172.20.0.20.60378,>
2026-05-08,20:41:31.620776,IP,172.20.0.20.60378,>
2026-05-08,20:41:31.620834,IP,172.20.0.20.60378,>
2026-05-08,20:41:31.620855,IP,172.20.0.20.60378,>
2026-05-08,20:41:31.620872,IP,172.20.0.20.60378,>
2026-05-08,20:41:31.620889,IP,172.20.0.20.60378,>
2026-05-08,20:41:31.620907,IP,172.20.0.20.60378,>
2026-05-08,20:41:31.620925,IP,172.20.0.20.60378,>
2026-05-08,20:41:31.620943,IP,172.20.0.20.60378,>
2026-05-08,20:41:31.620960,IP,172.20.0.20.60378,>
2026-05-08,20:41:31.620980,IP,172.20.0.20.60378,>
2026-05-08,20:41:31.620997,IP,172.20.0.20.60378,>
2026-05-08,20:41:31.621016,IP,172.20.0.20.60378,>
2026-05-08,20:41:31.621034,IP,172.20.0.20.60378,>
2026-05-08,20:41:31.621052,IP,172.20.0.20.60378,>
2026-05-08,20:41:31.621093,IP,172.20.0.20.60378,>
2026-05-08,20:41:31.621113,IP,172.20.0.20.60378,>
2026-05-08,20:41:31.621132,IP,172.20.0.20.60378,>
2026-05-08,20:41:31.621150,IP,172.20.0.20.60378,>
2026-05-08,20:41:31.621167,IP,172.20.0.20.60378,>
2026-05-08,20:41:31.621211,IP,172.20.0.20.60378,>
2026-05-08,20:41:31.621232,IP,172.20.0.20.60378,>
2026-05-08,20:41:31.621250,IP,172.20.0.20.60378,>
2026-05-08,20:41:31.621268,IP,172.20.0.20.60378,>
2026-05-08,20:41:31.621285,IP,172.20.0.20.60378,>
2026-05-08,20:41:31.621303,IP,172.20.0.20.60378,>
2026-05-08,20:41:31.621321,IP,172.20.0.20.60378,>
2026-05-08,20:41:31.621339,IP,172.20.0.20.60378,>
2026-05-08,20:41:31.621355,IP,172.20.0.20.60378,>
2026-05-08,20:41:31.621372,IP,172.20.0.20.60378,>
2026-05-08,20:41:31.621389,IP,172.20.0.20.60378,>
2026-05-08,20:41:31.621407,IP,172.20.0.20.60378,>
2026-05-08,20:41:31.621424,IP,172.20.0.20.60378,>
2026-05-08,20:41:31.621443,IP,172.20.0.20.60378,>
2026-05-08,20:41:31.621462,IP,172.20.0.20.60378,>
2026-05-08,20:41:31.621479,IP,172.20.0.20.60378,>
2026-05-08,20:41:31.621503,IP,172.20.0.20.60378,>
2026-05-08,20:41:31.623939,IP,172.20.0.10.5001,>
2026-05-08,20:41:31.624037,IP,172.20.0.20.60378,>
2026-05-08,20:41:31.624056,IP,172.20.0.10.5001,>
2026-05-08,20:41:31.624126,IP,172.20.0.20.60378,>
2026-05-08,20:41:31.624132,IP,172.20.0.20.60378,>
2026-05-08,20:41:31.624244,IP,172.20.0.10.5001,>
2026-05-08,20:41:31.624312,IP,172.20.0.20.60378,>
2026-05-08,20:41:31.624318,IP,172.20.0.20.60378,>
2026-05-08,20:41:31.624349,IP,172.20.0.20.60378,>
2026-05-08,20:41:31.624355,IP,172.20.0.20.60378,>
2026-05-08,20:41:31.624399,IP,172.20.0.10.5001,>
2026-05-08,20:41:31.624432,IP,172.20.0.20.60378,>
2026-05-08,20:41:31.624484,IP,172.20.0.20.60378,>
2026-05-08,20:41:31.624506,IP,172.20.0.20.60378,>
2026-05-08,20:41:31.624523,IP,172.20.0.20.60378,>
2026-05-08,20:41:31.624541,IP,172.20.0.20.60378,>
2026-05-08,20:41:31.625581,IP,172.20.0.20.60378,>
2026-05-08,20:41:31.632191,IP,172.20.0.10.5001,>
2026-05-08,20:41:31.632281,IP,172.20.0.20.60378,>
2026-05-08,20:41:31.632288,IP,172.20.0.20.60378,>
2026-05-08,20:41:31.632344,IP,172.20.0.20.60378,>
2026-05-08,20:41:31.632377,IP,172.20.0.10.5001,>
2026-05-08,20:41:31.632441,IP,172.20.0.20.60378,>
2026-05-08,20:41:31.632447,IP,172.20.0.20.60378,>
2026-05-08,20:41:31.632572,IP,172.20.0.10.5001,>
2026-05-08,20:41:31.632629,IP,172.20.0.20.60378,>
2026-05-08,20:41:31.633319,IP,172.20.0.10.5001,>
2026-05-08,20:41:31.633387,IP,172.20.0.20.60378,>
2026-05-08,20:41:31.633495,IP,172.20.0.10.5001,>
2026-05-08,20:41:31.633558,IP,172.20.0.20.60378,>
2026-05-08,20:41:31.633564,IP,172.20.0.20.60378,>
2026-05-08,20:41:31.633748,IP,172.20.0.10.5001,>
2026-05-08,20:41:31.633833,IP,172.20.0.20.60378,>
2026-05-08,20:41:31.633853,IP,172.20.0.10.5001,>
2026-05-08,20:41:31.633839,IP,172.20.0.20.60378,>
2026-05-08,20:41:31.633929,IP,172.20.0.20.60378,>
2026-05-08,20:41:31.633936,IP,172.20.0.20.60378,>
2026-05-08,20:41:31.633985,IP,172.20.0.20.60378,>
2026-05-08,20:41:31.634017,IP,172.20.0.20.60378,>
2026-05-08,20:41:31.635139,IP,172.20.0.20.60378,>
2026-05-08,20:41:31.635501,IP,172.20.0.10.5001,>
2026-05-08,20:41:31.635570,IP,172.20.0.20.60378,>
2026-05-08,20:41:31.678026,IP,172.20.0.10.5001,>
2026-05-08,20:41:31.678145,IP,172.20.0.20.60378,>
2026-05-08,20:41:31.678316,IP,172.20.0.10.5001,>
2026-05-08,20:41:31.678378,IP,172.20.0.20.60378,>
2026-05-08,20:41:31.678525,IP,172.20.0.10.5001,>
2026-05-08,20:41:31.678603,IP,172.20.0.20.60378,>
2026-05-08,20:41:31.678610,IP,172.20.0.20.60378,>
2026-05-08,20:41:31.678654,IP,172.20.0.20.60378,>
2026-05-08,20:41:31.678660,IP,172.20.0.20.60378,>
2026-05-08,20:41:31.678690,IP,172.20.0.20.60378,>
2026-05-08,20:41:31.678696,IP,172.20.0.20.60378,>
2026-05-08,20:41:31.718435,IP,172.20.0.10.5001,>
2026-05-08,20:41:31.718522,IP,172.20.0.20.60378,>
2026-05-08,20:41:31.718808,IP,172.20.0.10.5001,>
2026-05-08,20:41:31.718871,IP,172.20.0.20.60378,>
2026-05-08,20:41:31.718877,IP,172.20.0.20.60378,>
2026-05-08,20:41:31.720060,IP,172.20.0.10.5001,>
2026-05-08,20:41:31.720193,IP,172.20.0.20.60378,>
2026-05-08,20:41:31.720219,IP,172.20.0.10.5001,>
2026-05-08,20:41:31.720199,IP,172.20.0.20.60378,>
2026-05-08,20:41:31.720298,IP,172.20.0.20.60378,>
2026-05-08,20:41:31.720304,IP,172.20.0.20.60378,>
2026-05-08,20:41:31.720446,IP,172.20.0.10.5001,>
2026-05-08,20:41:31.720536,IP,172.20.0.20.60378,>
2026-05-08,20:41:31.720543,IP,172.20.0.20.60378,>
2026-05-08,20:41:31.720580,IP,172.20.0.20.60378,>
2026-05-08,20:41:31.720586,IP,172.20.0.20.60378,>
2026-05-08,20:41:31.720611,IP,172.20.0.20.60378,>
2026-05-08,20:41:31.720617,IP,172.20.0.20.60378,>
2026-05-08,20:41:31.720669,IP,172.20.0.10.5001,>
2026-05-08,20:41:31.720728,IP,172.20.0.20.60378,>
2026-05-08,20:41:31.720758,IP,172.20.0.10.5001,>
2026-05-08,20:41:31.720812,IP,172.20.0.10.5001,>
2026-05-08,20:41:31.720853,IP,172.20.0.20.60378,>
2026-05-08,20:41:31.720863,IP,172.20.0.20.60378,>
2026-05-08,20:41:31.720872,IP,172.20.0.20.60378,>
2026-05-08,20:41:31.720990,IP,172.20.0.20.60378,>
2026-05-08,20:41:31.721000,IP,172.20.0.20.60378,>
2026-05-08,20:41:31.721020,IP,172.20.0.10.5001,>
2026-05-08,20:41:31.721025,IP,172.20.0.10.5001,>
2026-05-08,20:41:31.721135,IP,172.20.0.20.60378,>
2026-05-08,20:41:31.721145,IP,172.20.0.20.60378,>
2026-05-08,20:41:31.721236,IP,172.20.0.20.60378,>
2026-05-08,20:41:31.721247,IP,172.20.0.20.60378,>
2026-05-08,20:41:31.721266,IP,172.20.0.10.5001,>
2026-05-08,20:41:31.721270,IP,172.20.0.10.5001,>
2026-05-08,20:41:31.721273,IP,172.20.0.10.5001,>
2026-05-08,20:41:31.721276,IP,172.20.0.10.5001,>
2026-05-08,20:41:31.721381,IP,172.20.0.20.60378,>
2026-05-08,20:41:31.721391,IP,172.20.0.20.60378,>
2026-05-08,20:41:31.721489,IP,172.20.0.20.60378,>
2026-05-08,20:41:31.721504,IP,172.20.0.10.5001,>
2026-05-08,20:41:31.721508,IP,172.20.0.10.5001,>
2026-05-08,20:41:31.721511,IP,172.20.0.10.5001,>
2026-05-08,20:41:31.721570,IP,172.20.0.10.5001,>
2026-05-08,20:41:31.721623,IP,172.20.0.20.60378,>
2026-05-08,20:41:31.721633,IP,172.20.0.20.60378,>
2026-05-08,20:41:31.721643,IP,172.20.0.20.60378,>
2026-05-08,20:41:31.721762,IP,172.20.0.20.60378,>
2026-05-08,20:41:31.721773,IP,172.20.0.20.60378,>
2026-05-08,20:41:31.721845,IP,172.20.0.20.60378,>
2026-05-08,20:41:31.721855,IP,172.20.0.20.60378,>
2026-05-08,20:41:31.721999,IP,172.20.0.20.60378,>
2026-05-08,20:41:31.722010,IP,172.20.0.20.60378,>
2026-05-08,20:41:31.722091,IP,172.20.0.20.60378,>
2026-05-08,20:41:31.722104,IP,172.20.0.20.60378,>
2026-05-08,20:41:31.722149,IP,172.20.0.20.60378,>
2026-05-08,20:41:31.722205,IP,172.20.0.20.60378,>
2026-05-08,20:41:31.722215,IP,172.20.0.20.60378,>
2026-05-08,20:41:31.722224,IP,172.20.0.20.60378,>
2026-05-08,20:41:31.722283,IP,172.20.0.20.60378,>
2026-05-08,20:41:31.722292,IP,172.20.0.20.60378,>
2026-05-08,20:41:31.722350,IP,172.20.0.20.60378,>
2026-05-08,20:41:31.722359,IP,172.20.0.20.60378,>
2026-05-08,20:41:31.722411,IP,172.20.0.20.60378,>
2026-05-08,20:41:31.722421,IP,172.20.0.20.60378,>
2026-05-08,20:41:31.722469,IP,172.20.0.20.60378,>
2026-05-08,20:41:31.722479,IP,172.20.0.20.60378,>
2026-05-08,20:41:31.722518,IP,172.20.0.20.60378,>
2026-05-08,20:41:31.722568,IP,172.20.0.20.60378,>
2026-05-08,20:41:31.722578,IP,172.20.0.20.60378,>
2026-05-08,20:41:31.722588,IP,172.20.0.20.60378,>
2026-05-08,20:41:31.722660,IP,172.20.0.20.60378,>
2026-05-08,20:41:31.722670,IP,172.20.0.20.60378,>
2026-05-08,20:41:31.722720,IP,172.20.0.20.60378,>
2026-05-08,20:41:31.722731,IP,172.20.0.20.60378,>
2026-05-08,20:41:31.722792,IP,172.20.0.20.60378,>
2026-05-08,20:41:31.722802,IP,172.20.0.20.60378,>
2026-05-08,20:41:31.722850,IP,172.20.0.20.60378,>
2026-05-08,20:41:31.722861,IP,172.20.0.20.60378,>
2026-05-08,20:41:31.722903,IP,172.20.0.20.60378,>
2026-05-08,20:41:31.722961,IP,172.20.0.20.60378,>
2026-05-08,20:41:31.722971,IP,172.20.0.20.60378,>
2026-05-08,20:41:31.727941,IP,172.20.0.10.5001,>
2026-05-08,20:41:31.727949,IP,172.20.0.10.5001,>
2026-05-08,20:41:31.727951,IP,172.20.0.10.5001,>
2026-05-08,20:41:31.727953,IP,172.20.0.10.5001,>
2026-05-08,20:41:31.727955,IP,172.20.0.10.5001,>
2026-05-08,20:41:31.728106,IP,172.20.0.20.60378,>
2026-05-08,20:41:31.728113,IP,172.20.0.20.60378,>
2026-05-08,20:41:31.728182,IP,172.20.0.20.60378,>
2026-05-08,20:41:31.728188,IP,172.20.0.20.60378,>
2026-05-08,20:41:31.728219,IP,172.20.0.20.60378,>
2026-05-08,20:41:31.728225,IP,172.20.0.20.60378,>
2026-05-08,20:41:31.728247,IP,172.20.0.20.60378,>
2026-05-08,20:41:31.732378,IP,172.20.0.10.5001,>
2026-05-08,20:41:31.732399,IP,172.20.0.10.5001,>
2026-05-08,20:41:31.732505,IP,172.20.0.20.60378,>
2026-05-08,20:41:31.732543,IP,172.20.0.10.5001,>
2026-05-08,20:41:31.732512,IP,172.20.0.20.60378,>
2026-05-08,20:41:31.732602,IP,172.20.0.20.60378,>
2026-05-08,20:41:31.732660,IP,172.20.0.20.60378,>
2026-05-08,20:41:31.732666,IP,172.20.0.20.60378,>
2026-05-08,20:41:31.732672,IP,172.20.0.20.60378,>
2026-05-08,20:41:31.732693,IP,172.20.0.10.5001,>
2026-05-08,20:41:31.732725,IP,172.20.0.20.60378,>
2026-05-08,20:41:31.732731,IP,172.20.0.20.60378,>
2026-05-08,20:41:31.732764,IP,172.20.0.20.60378,>
2026-05-08,20:41:31.732770,IP,172.20.0.20.60378,>
2026-05-08,20:41:31.732801,IP,172.20.0.20.60378,>
2026-05-08,20:41:31.732807,IP,172.20.0.20.60378,>
2026-05-08,20:41:31.732831,IP,172.20.0.20.60378,>
2026-05-08,20:41:31.733446,IP,172.20.0.10.5001,>
2026-05-08,20:41:31.733507,IP,172.20.0.20.60378,>
2026-05-08,20:41:31.733613,IP,172.20.0.10.5001,>
2026-05-08,20:41:31.733617,IP,172.20.0.10.5001,>
2026-05-08,20:41:31.733674,IP,172.20.0.20.60378,>
2026-05-08,20:41:31.733705,IP,172.20.0.20.60378,>
2026-05-08,20:41:31.733711,IP,172.20.0.20.60378,>
2026-05-08,20:41:31.733888,IP,172.20.0.10.5001,>
2026-05-08,20:41:31.733933,IP,172.20.0.20.60378,>
2026-05-08,20:41:31.734001,IP,172.20.0.10.5001,>
2026-05-08,20:41:31.734055,IP,172.20.0.20.60378,>
2026-05-08,20:41:31.734061,IP,172.20.0.20.60378,>
2026-05-08,20:41:31.734126,IP,172.20.0.20.60378,>
2026-05-08,20:41:31.735211,IP,172.20.0.10.5001,>
2026-05-08,20:41:31.735287,IP,172.20.0.20.60378,>
2026-05-08,20:41:31.735293,IP,172.20.0.20.60378,>
2026-05-08,20:41:31.735704,IP,172.20.0.10.5001,>
2026-05-08,20:41:31.735769,IP,172.20.0.20.60378,>
2026-05-08,20:41:31.778459,IP,172.20.0.10.5001,>
2026-05-08,20:41:31.778569,IP,172.20.0.20.60378,>
2026-05-08,20:41:31.778644,IP,172.20.0.10.5001,>
2026-05-08,20:41:31.778731,IP,172.20.0.20.60378,>
2026-05-08,20:41:31.778752,IP,172.20.0.10.5001,>
2026-05-08,20:41:31.778836,IP,172.20.0.20.60378,>
2026-05-08,20:41:31.778850,IP,172.20.0.10.5001,>
2026-05-08,20:41:31.778906,IP,172.20.0.20.60378,>
2026-05-08,20:41:31.778915,IP,172.20.0.20.60378,>
2026-05-08,20:41:31.778925,IP,172.20.0.20.60378,>
2026-05-08,20:41:31.778993,IP,172.20.0.20.60378,>
2026-05-08,20:41:31.779002,IP,172.20.0.20.60378,>
2026-05-08,20:41:31.818619,IP,172.20.0.10.5001,>
2026-05-08,20:41:31.818769,IP,172.20.0.20.60378,>
2026-05-08,20:41:31.819012,IP,172.20.0.10.5001,>
2026-05-08,20:41:31.819153,IP,172.20.0.20.60378,>
2026-05-08,20:41:31.819163,IP,172.20.0.20.60378,>
2026-05-08,20:41:31.820253,IP,172.20.0.10.5001,>
2026-05-08,20:41:31.820358,IP,172.20.0.20.60378,>
2026-05-08,20:41:31.820464,IP,172.20.0.10.5001,>
2026-05-08,20:41:31.820552,IP,172.20.0.20.60378,>
2026-05-08,20:41:31.820562,IP,172.20.0.20.60378,>
2026-05-08,20:41:31.820609,IP,172.20.0.20.60378,>
2026-05-08,20:41:31.820642,IP,172.20.0.20.60378,>
2026-05-08,20:41:31.823242,IP,172.20.0.10.5001,>
2026-05-08,20:41:31.823434,IP,172.20.0.20.60378,>
2026-05-08,20:41:31.823441,IP,172.20.0.20.60378,>
2026-05-08,20:41:31.823523,IP,172.20.0.20.60378,>
2026-05-08,20:41:31.823613,IP,172.20.0.20.60378,>
2026-05-08,20:41:31.823636,IP,172.20.0.20.60378,>
2026-05-08,20:41:31.823656,IP,172.20.0.20.60378,>
2026-05-08,20:41:31.823676,IP,172.20.0.20.60378,>
2026-05-08,20:41:31.823694,IP,172.20.0.20.60378,>
2026-05-08,20:41:31.823715,IP,172.20.0.20.60378,>
2026-05-08,20:41:31.823734,IP,172.20.0.20.60378,>
2026-05-08,20:41:31.823797,IP,172.20.0.20.60378,>
2026-05-08,20:41:31.823834,IP,172.20.0.20.60378,>
2026-05-08,20:41:31.823854,IP,172.20.0.20.60378,>
2026-05-08,20:41:31.823873,IP,172.20.0.20.60378,>
2026-05-08,20:41:31.823891,IP,172.20.0.20.60378,>
2026-05-08,20:41:31.823911,IP,172.20.0.20.60378,>
2026-05-08,20:41:31.823930,IP,172.20.0.20.60378,>
2026-05-08,20:41:31.823949,IP,172.20.0.20.60378,>
2026-05-08,20:41:31.823970,IP,172.20.0.20.60378,>
2026-05-08,20:41:31.823990,IP,172.20.0.20.60378,>
2026-05-08,20:41:31.824009,IP,172.20.0.20.60378,>
2026-05-08,20:41:31.824029,IP,172.20.0.20.60378,>
2026-05-08,20:41:31.824047,IP,172.20.0.20.60378,>
2026-05-08,20:41:31.824088,IP,172.20.0.20.60378,>
2026-05-08,20:41:31.824112,IP,172.20.0.20.60378,>
2026-05-08,20:41:31.824131,IP,172.20.0.20.60378,>
2026-05-08,20:41:31.824150,IP,172.20.0.20.60378,>
2026-05-08,20:41:31.824168,IP,172.20.0.20.60378,>
2026-05-08,20:41:31.824217,IP,172.20.0.20.60378,>
2026-05-08,20:41:31.824242,IP,172.20.0.20.60378,>
2026-05-08,20:41:31.824262,IP,172.20.0.20.60378,>
2026-05-08,20:41:31.824281,IP,172.20.0.20.60378,>
2026-05-08,20:41:31.824301,IP,172.20.0.20.60378,>
2026-05-08,20:41:31.824320,IP,172.20.0.20.60378,>
2026-05-08,20:41:31.824339,IP,172.20.0.20.60378,>
2026-05-08,20:41:31.824359,IP,172.20.0.20.60378,>
2026-05-08,20:41:31.824378,IP,172.20.0.20.60378,>
2026-05-08,20:41:31.824396,IP,172.20.0.20.60378,>
2026-05-08,20:41:31.824416,IP,172.20.0.20.60378,>
2026-05-08,20:41:31.824436,IP,172.20.0.20.60378,>
2026-05-08,20:41:31.824454,IP,172.20.0.20.60378,>
2026-05-08,20:41:31.824503,IP,172.20.0.20.60378,>
2026-05-08,20:41:31.824524,IP,172.20.0.20.60378,>
2026-05-08,20:41:31.824544,IP,172.20.0.20.60378,>
2026-05-08,20:41:31.824563,IP,172.20.0.20.60378,>
2026-05-08,20:41:31.824590,IP,172.20.0.20.60378,>
2026-05-08,20:41:31.824611,IP,172.20.0.20.60378,>
2026-05-08,20:41:31.824629,IP,172.20.0.20.60378,>
2026-05-08,20:41:31.824647,IP,172.20.0.20.60378,>
2026-05-08,20:41:31.824668,IP,172.20.0.20.60378,>
2026-05-08,20:41:31.824687,IP,172.20.0.20.60378,>
2026-05-08,20:41:31.824704,IP,172.20.0.20.60378,>
2026-05-08,20:41:31.824763,IP,172.20.0.20.60378,>
2026-05-08,20:41:31.824784,IP,172.20.0.20.60378,>
2026-05-08,20:41:31.824806,IP,172.20.0.20.60378,>
2026-05-08,20:41:31.824824,IP,172.20.0.20.60378,>
2026-05-08,20:41:31.824845,IP,172.20.0.20.60378,>
2026-05-08,20:41:31.824865,IP,172.20.0.20.60378,>
2026-05-08,20:41:31.824884,IP,172.20.0.20.60378,>
2026-05-08,20:41:31.836502,IP,172.20.0.10.5001,>
2026-05-08,20:41:31.836537,IP,172.20.0.10.5001,>
2026-05-08,20:41:31.836541,IP,172.20.0.10.5001,>
2026-05-08,20:41:31.836555,IP,172.20.0.10.5001,>
2026-05-08,20:41:31.836558,IP,172.20.0.10.5001,>
2026-05-08,20:41:31.836561,IP,172.20.0.10.5001,>
2026-05-08,20:41:31.836573,IP,172.20.0.10.5001,>
2026-05-08,20:41:31.836577,IP,172.20.0.10.5001,>
2026-05-08,20:41:31.836581,IP,172.20.0.10.5001,>
2026-05-08,20:41:31.836584,IP,172.20.0.10.5001,>
2026-05-08,20:41:31.836587,IP,172.20.0.10.5001,>
2026-05-08,20:41:31.836591,IP,172.20.0.10.5001,>
2026-05-08,20:41:31.836945,IP,172.20.0.20.60378,>
2026-05-08,20:41:31.836956,IP,172.20.0.20.60378,>
2026-05-08,20:41:31.836993,IP,172.20.0.20.60378,>
2026-05-08,20:41:31.836964,IP,172.20.0.20.60378,>
2026-05-08,20:41:31.837038,IP,172.20.0.20.60378,>
2026-05-08,20:41:31.837061,IP,172.20.0.20.60378,>
2026-05-08,20:41:31.837112,IP,172.20.0.20.60378,>
2026-05-08,20:41:31.837161,IP,172.20.0.20.60378,>
2026-05-08,20:41:31.837183,IP,172.20.0.20.60378,>
2026-05-08,20:41:31.837201,IP,172.20.0.20.60378,>
2026-05-08,20:41:31.837220,IP,172.20.0.20.60378,>
2026-05-08,20:41:31.837239,IP,172.20.0.20.60378,>
2026-05-08,20:41:31.837257,IP,172.20.0.20.60378,>
2026-05-08,20:41:31.837276,IP,172.20.0.20.60378,>
2026-05-08,20:41:31.837352,IP,172.20.0.20.60378,>
2026-05-08,20:41:31.837358,IP,172.20.0.20.60378,>
2026-05-08,20:41:31.837497,IP,172.20.0.20.60378,>
2026-05-08,20:41:31.837527,IP,172.20.0.20.60378,>
2026-05-08,20:41:31.837548,IP,172.20.0.20.60378,>
2026-05-08,20:41:31.837570,IP,172.20.0.20.60378,>
2026-05-08,20:41:31.837589,IP,172.20.0.20.60378,>
2026-05-08,20:41:31.837608,IP,172.20.0.20.60378,>
2026-05-08,20:41:31.837627,IP,172.20.0.20.60378,>
2026-05-08,20:41:31.837645,IP,172.20.0.20.60378,>
2026-05-08,20:41:31.837662,IP,172.20.0.20.60378,>
2026-05-08,20:41:31.837690,IP,172.20.0.20.60378,>
2026-05-08,20:41:31.837710,IP,172.20.0.20.60378,>
2026-05-08,20:41:31.837728,IP,172.20.0.20.60378,>
2026-05-08,20:41:31.837749,IP,172.20.0.20.60378,>
2026-05-08,20:41:31.837768,IP,172.20.0.20.60378,>
2026-05-08,20:41:31.837790,IP,172.20.0.20.60378,>
2026-05-08,20:41:31.837812,IP,172.20.0.20.60378,>
2026-05-08,20:41:31.837831,IP,172.20.0.20.60378,>
2026-05-08,20:41:31.838600,IP,172.20.0.20.60378,>
2026-05-08,20:41:31.878640,IP,172.20.0.10.5001,>
2026-05-08,20:41:31.878729,IP,172.20.0.20.60378,>
2026-05-08,20:41:31.878873,IP,172.20.0.10.5001,>
2026-05-08,20:41:31.878933,IP,172.20.0.20.60378,>
2026-05-08,20:41:31.878977,IP,172.20.0.10.5001,>
2026-05-08,20:41:31.879043,IP,172.20.0.20.60378,>
2026-05-08,20:41:31.879055,IP,172.20.0.10.5001,>
2026-05-08,20:41:31.879125,IP,172.20.0.20.60378,>
2026-05-08,20:41:31.879131,IP,172.20.0.20.60378,>
2026-05-08,20:41:31.879163,IP,172.20.0.10.5001,>
2026-05-08,20:41:31.879281,IP,172.20.0.20.60378,>
2026-05-08,20:41:31.879290,IP,172.20.0.20.60378,>
2026-05-08,20:41:31.880373,IP,172.20.0.20.60378,>
2026-05-08,20:41:31.918851,IP,172.20.0.10.5001,>
2026-05-08,20:41:31.918937,IP,172.20.0.20.60378,>
2026-05-08,20:41:31.919205,IP,172.20.0.10.5001,>
2026-05-08,20:41:31.919275,IP,172.20.0.20.60378,>
2026-05-08,20:41:31.920448,IP,172.20.0.10.5001,>
2026-05-08,20:41:31.920525,IP,172.20.0.20.60378,>
2026-05-08,20:41:31.920531,IP,172.20.0.20.60378,>
2026-05-08,20:41:31.920709,IP,172.20.0.10.5001,>
2026-05-08,20:41:31.920800,IP,172.20.0.20.60378,>
2026-05-08,20:41:31.920806,IP,172.20.0.20.60378,>
2026-05-08,20:41:31.920837,IP,172.20.0.20.60378,>
2026-05-08,20:41:31.923538,IP,172.20.0.10.5001,>
2026-05-08,20:41:31.923629,IP,172.20.0.20.60378,>
2026-05-08,20:41:31.923636,IP,172.20.0.20.60378,>
2026-05-08,20:41:31.923700,IP,172.20.0.10.5001,>
2026-05-08,20:41:31.923767,IP,172.20.0.20.60378,>
2026-05-08,20:41:31.923773,IP,172.20.0.20.60378,>
2026-05-08,20:41:31.923787,IP,172.20.0.10.5001,>
2026-05-08,20:41:31.923828,IP,172.20.0.20.60378,>
2026-05-08,20:41:31.923835,IP,172.20.0.20.60378,>
2026-05-08,20:41:31.923873,IP,172.20.0.20.60378,>
2026-05-08,20:41:31.923879,IP,172.20.0.20.60378,>
2026-05-08,20:41:31.923891,IP,172.20.0.10.5001,>
2026-05-08,20:41:31.923921,IP,172.20.0.20.60378,>
2026-05-08,20:41:31.923927,IP,172.20.0.20.60378,>
2026-05-08,20:41:31.923969,IP,172.20.0.20.60378,>
2026-05-08,20:41:31.923976,IP,172.20.0.10.5001,>
2026-05-08,20:41:31.924008,IP,172.20.0.20.60378,>
2026-05-08,20:41:31.924014,IP,172.20.0.20.60378,>
2026-05-08,20:41:31.924050,IP,172.20.0.20.60378,>
2026-05-08,20:41:31.924056,IP,172.20.0.20.60378,>
2026-05-08,20:41:31.924116,IP,172.20.0.10.5001,>
2026-05-08,20:41:31.924134,IP,172.20.0.20.60378,>
2026-05-08,20:41:31.924140,IP,172.20.0.20.60378,>
2026-05-08,20:41:31.924189,IP,172.20.0.20.60378,>
2026-05-08,20:41:31.924195,IP,172.20.0.20.60378,>
2026-05-08,20:41:31.924225,IP,172.20.0.10.5001,>
2026-05-08,20:41:31.924256,IP,172.20.0.20.60378,>
2026-05-08,20:41:31.924262,IP,172.20.0.20.60378,>
2026-05-08,20:41:31.924310,IP,172.20.0.20.60378,>
2026-05-08,20:41:31.924316,IP,172.20.0.20.60378,>
2026-05-08,20:41:31.924328,IP,172.20.0.10.5001,>
2026-05-08,20:41:31.924363,IP,172.20.0.20.60378,>
2026-05-08,20:41:31.924369,IP,172.20.0.20.60378,>
2026-05-08,20:41:31.924375,IP,172.20.0.20.60378,>
2026-05-08,20:41:31.924445,IP,172.20.0.20.60378,>
2026-05-08,20:41:31.924451,IP,172.20.0.20.60378,>
2026-05-08,20:41:31.924464,IP,172.20.0.10.5001,>
2026-05-08,20:41:31.924466,IP,172.20.0.10.5001,>
2026-05-08,20:41:31.924504,IP,172.20.0.20.60378,>
2026-05-08,20:41:31.924519,IP,172.20.0.20.60378,>
2026-05-08,20:41:31.924568,IP,172.20.0.20.60378,>
2026-05-08,20:41:31.924574,IP,172.20.0.20.60378,>
2026-05-08,20:41:31.924586,IP,172.20.0.10.5001,>
2026-05-08,20:41:31.924589,IP,172.20.0.10.5001,>
2026-05-08,20:41:31.924626,IP,172.20.0.20.60378,>
2026-05-08,20:41:31.924632,IP,172.20.0.20.60378,>
2026-05-08,20:41:31.924679,IP,172.20.0.20.60378,>
2026-05-08,20:41:31.924686,IP,172.20.0.10.5001,>
2026-05-08,20:41:31.924717,IP,172.20.0.10.5001,>
2026-05-08,20:41:31.924737,IP,172.20.0.20.60378,>
2026-05-08,20:41:31.924743,IP,172.20.0.20.60378,>
2026-05-08,20:41:31.924748,IP,172.20.0.20.60378,>
2026-05-08,20:41:31.924811,IP,172.20.0.20.60378,>
2026-05-08,20:41:31.924817,IP,172.20.0.20.60378,>
2026-05-08,20:41:31.924832,IP,172.20.0.10.5001,>
2026-05-08,20:41:31.924834,IP,172.20.0.10.5001,>
2026-05-08,20:41:31.924884,IP,172.20.0.20.60378,>
2026-05-08,20:41:31.924890,IP,172.20.0.20.60378,>
2026-05-08,20:41:31.924926,IP,172.20.0.10.5001,>
2026-05-08,20:41:31.924940,IP,172.20.0.20.60378,>
2026-05-08,20:41:31.924946,IP,172.20.0.20.60378,>
2026-05-08,20:41:31.924997,IP,172.20.0.20.60378,>
2026-05-08,20:41:31.925003,IP,172.20.0.20.60378,>
2026-05-08,20:41:31.925016,IP,172.20.0.10.5001,>
2026-05-08,20:41:31.925037,IP,172.20.0.20.60378,>
2026-05-08,20:41:31.925095,IP,172.20.0.20.60378,>
2026-05-08,20:41:31.925105,IP,172.20.0.20.60378,>
2026-05-08,20:41:31.925114,IP,172.20.0.20.60378,>
2026-05-08,20:41:31.925157,IP,172.20.0.20.60378,>
2026-05-08,20:41:31.925163,IP,172.20.0.20.60378,>
2026-05-08,20:41:31.925190,IP,172.20.0.20.60378,>
2026-05-08,20:41:31.925196,IP,172.20.0.20.60378,>
2026-05-08,20:41:31.925223,IP,172.20.0.20.60378,>
2026-05-08,20:41:31.925229,IP,172.20.0.20.60378,>
2026-05-08,20:41:31.925258,IP,172.20.0.20.60378,>
2026-05-08,20:41:31.925263,IP,172.20.0.20.60378,>
2026-05-08,20:41:31.925286,IP,172.20.0.20.60378,>
2026-05-08,20:41:31.925314,IP,172.20.0.20.60378,>
2026-05-08,20:41:31.925320,IP,172.20.0.20.60378,>
2026-05-08,20:41:31.925326,IP,172.20.0.20.60378,>
2026-05-08,20:41:31.925351,IP,172.20.0.20.60378,>
2026-05-08,20:41:31.937046,IP,172.20.0.10.5001,>
2026-05-08,20:41:31.937056,IP,172.20.0.10.5001,>
2026-05-08,20:41:31.937058,IP,172.20.0.10.5001,>
2026-05-08,20:41:31.937202,IP,172.20.0.20.60378,>
2026-05-08,20:41:31.937208,IP,172.20.0.20.60378,>
2026-05-08,20:41:31.937214,IP,172.20.0.20.60378,>
2026-05-08,20:41:31.937291,IP,172.20.0.20.60378,>
2026-05-08,20:41:31.937517,IP,172.20.0.10.5001,>
2026-05-08,20:41:31.937604,IP,172.20.0.20.60378,>
2026-05-08,20:41:31.937610,IP,172.20.0.20.60378,>
2026-05-08,20:41:31.937650,IP,172.20.0.20.60378,>
2026-05-08,20:41:31.937656,IP,172.20.0.20.60378,>
2026-05-08,20:41:31.937707,IP,172.20.0.10.5001,>
2026-05-08,20:41:31.937764,IP,172.20.0.20.60378,>
2026-05-08,20:41:31.937798,IP,172.20.0.10.5001,>
2026-05-08,20:41:31.937780,IP,172.20.0.20.60378,>
2026-05-08,20:41:31.937786,IP,172.20.0.20.60378,>
2026-05-08,20:41:31.937885,IP,172.20.0.20.60378,>
2026-05-08,20:41:31.937908,IP,172.20.0.10.5001,>
2026-05-08,20:41:31.937893,IP,172.20.0.20.60378,>
2026-05-08,20:41:31.937959,IP,172.20.0.20.60378,>
2026-05-08,20:41:31.937987,IP,172.20.0.10.5001,>
2026-05-08,20:41:31.937965,IP,172.20.0.20.60378,>
2026-05-08,20:41:31.938028,IP,172.20.0.20.60378,>
2026-05-08,20:41:31.938034,IP,172.20.0.20.60378,>
2026-05-08,20:41:31.938115,IP,172.20.0.20.60378,>
2026-05-08,20:41:31.938121,IP,172.20.0.20.60378,>
2026-05-08,20:41:31.938158,IP,172.20.0.20.60378,>
2026-05-08,20:41:31.938164,IP,172.20.0.20.60378,>
2026-05-08,20:41:31.938197,IP,172.20.0.20.60378,>
2026-05-08,20:41:31.938215,IP,172.20.0.20.60378,>
2026-05-08,20:41:31.938223,IP,172.20.0.20.60378,>
2026-05-08,20:41:31.938262,IP,172.20.0.20.60378,>
2026-05-08,20:41:31.938268,IP,172.20.0.20.60378,>
2026-05-08,20:41:31.938296,IP,172.20.0.20.60378,>
2026-05-08,20:41:31.938302,IP,172.20.0.20.60378,>
2026-05-08,20:41:31.938332,IP,172.20.0.20.60378,>
2026-05-08,20:41:31.938338,IP,172.20.0.20.60378,>
2026-05-08,20:41:31.938368,IP,172.20.0.20.60378,>
2026-05-08,20:41:31.938374,IP,172.20.0.20.60378,>
2026-05-08,20:41:31.938416,IP,172.20.0.20.60378,>
2026-05-08,20:41:31.938424,IP,172.20.0.20.60378,>
2026-05-08,20:41:31.938430,IP,172.20.0.20.60378,>
2026-05-08,20:41:31.978835,IP,172.20.0.10.5001,>
2026-05-08,20:41:31.978921,IP,172.20.0.20.60378,>
2026-05-08,20:41:31.978992,IP,172.20.0.10.5001,>
2026-05-08,20:41:31.979049,IP,172.20.0.20.60378,>
2026-05-08,20:41:31.979537,IP,172.20.0.10.5001,>
2026-05-08,20:41:31.979618,IP,172.20.0.20.60378,>
2026-05-08,20:41:31.979624,IP,172.20.0.20.60378,>
2026-05-08,20:41:31.979686,IP,172.20.0.20.60378,>
2026-05-08,20:41:31.979692,IP,172.20.0.20.60378,>
2026-05-08,20:41:31.979726,IP,172.20.0.20.60378,>
2026-05-08,20:41:31.980414,IP,172.20.0.10.5001,>
2026-05-08,20:41:32.019052,IP,172.20.0.10.5001,>
2026-05-08,20:41:32.019160,IP,172.20.0.20.60378,>
2026-05-08,20:41:32.020632,IP,172.20.0.10.5001,>
2026-05-08,20:41:32.020641,IP,172.20.0.10.5001,>
2026-05-08,20:41:32.020738,IP,172.20.0.20.60378,>
2026-05-08,20:41:32.020744,IP,172.20.0.20.60378,>
2026-05-08,20:41:32.020817,IP,172.20.0.20.60378,>
2026-05-08,20:41:32.020823,IP,172.20.0.20.60378,>
2026-05-08,20:41:32.020923,IP,172.20.0.10.5001,>
2026-05-08,20:41:32.020987,IP,172.20.0.20.60378,>
2026-05-08,20:41:32.020993,IP,172.20.0.20.60378,>
2026-05-08,20:41:32.021030,IP,172.20.0.20.60378,>
2026-05-08,20:41:32.023729,IP,172.20.0.10.5001,>
2026-05-08,20:41:32.023812,IP,172.20.0.20.60378,>
2026-05-08,20:41:32.024918,IP,172.20.0.10.5001,>
2026-05-08,20:41:32.025017,IP,172.20.0.20.60378,>
2026-05-08,20:41:32.025616,IP,172.20.0.10.5001,>
2026-05-08,20:41:32.025805,IP,172.20.0.20.60378,>
2026-05-08,20:41:32.025812,IP,172.20.0.20.60378,>
2026-05-08,20:41:32.025902,IP,172.20.0.20.60378,>
2026-05-08,20:41:32.033919,IP,172.20.0.20.60378,>
2026-05-08,20:41:32.033927,IP,172.20.0.20.60378,>
2026-05-08,20:41:32.034049,IP,172.20.0.20.60378,>
2026-05-08,20:41:32.034055,IP,172.20.0.20.60378,>
2026-05-08,20:41:32.034061,IP,172.20.0.20.60378,>
2026-05-08,20:41:32.034135,IP,172.20.0.20.60378,>
2026-05-08,20:41:32.034141,IP,172.20.0.20.60378,>
2026-05-08,20:41:32.034181,IP,172.20.0.20.60378,>
2026-05-08,20:41:32.034187,IP,172.20.0.20.60378,>
2026-05-08,20:41:32.034241,IP,172.20.0.20.60378,>
2026-05-08,20:41:32.034247,IP,172.20.0.20.60378,>
2026-05-08,20:41:32.034286,IP,172.20.0.20.60378,>
2026-05-08,20:41:32.034292,IP,172.20.0.20.60378,>
2026-05-08,20:41:32.034324,IP,172.20.0.20.60378,>
2026-05-08,20:41:32.034371,IP,172.20.0.20.60378,>
2026-05-08,20:41:32.034377,IP,172.20.0.20.60378,>
2026-05-08,20:41:32.034383,IP,172.20.0.20.60378,>
2026-05-08,20:41:32.034417,IP,172.20.0.20.60378,>
2026-05-08,20:41:32.034423,IP,172.20.0.20.60378,>
2026-05-08,20:41:32.034472,IP,172.20.0.20.60378,>
2026-05-08,20:41:32.034479,IP,172.20.0.20.60378,>
2026-05-08,20:41:32.034519,IP,172.20.0.20.60378,>
2026-05-08,20:41:32.034525,IP,172.20.0.20.60378,>
2026-05-08,20:41:32.034578,IP,172.20.0.20.60378,>
2026-05-08,20:41:32.034584,IP,172.20.0.20.60378,>
2026-05-08,20:41:32.034616,IP,172.20.0.20.60378,>
2026-05-08,20:41:32.034697,IP,172.20.0.20.60378,>
2026-05-08,20:41:32.034703,IP,172.20.0.20.60378,>
2026-05-08,20:41:32.034709,IP,172.20.0.20.60378,>
2026-05-08,20:41:32.034756,IP,172.20.0.20.60378,>
2026-05-08,20:41:32.034762,IP,172.20.0.20.60378,>
2026-05-08,20:41:32.034814,IP,172.20.0.20.60378,>
2026-05-08,20:41:32.034820,IP,172.20.0.20.60378,>
2026-05-08,20:41:32.034855,IP,172.20.0.20.60378,>
2026-05-08,20:41:32.034861,IP,172.20.0.20.60378,>
2026-05-08,20:41:32.034898,IP,172.20.0.20.60378,>
2026-05-08,20:41:32.034904,IP,172.20.0.20.60378,>
2026-05-08,20:41:32.034934,IP,172.20.0.20.60378,>
2026-05-08,20:41:32.034975,IP,172.20.0.20.60378,>
2026-05-08,20:41:32.034983,IP,172.20.0.20.60378,>
2026-05-08,20:41:32.034989,IP,172.20.0.20.60378,>
2026-05-08,20:41:32.035036,IP,172.20.0.20.60378,>
2026-05-08,20:41:32.035042,IP,172.20.0.20.60378,>
2026-05-08,20:41:32.035097,IP,172.20.0.20.60378,>
2026-05-08,20:41:32.035103,IP,172.20.0.20.60378,>
2026-05-08,20:41:32.035163,IP,172.20.0.20.60378,>
2026-05-08,20:41:32.035170,IP,172.20.0.20.60378,>
2026-05-08,20:41:32.035231,IP,172.20.0.20.60378,>
2026-05-08,20:41:32.035237,IP,172.20.0.20.60378,>
2026-05-08,20:41:32.035269,IP,172.20.0.20.60378,>
2026-05-08,20:41:32.035315,IP,172.20.0.20.60378,>
2026-05-08,20:41:32.035321,IP,172.20.0.20.60378,>
2026-05-08,20:41:32.035327,IP,172.20.0.20.60378,>
2026-05-08,20:41:32.035396,IP,172.20.0.20.60378,>
2026-05-08,20:41:32.035411,IP,172.20.0.20.60378,>
2026-05-08,20:41:32.035491,IP,172.20.0.20.60378,>
2026-05-08,20:41:32.035513,IP,172.20.0.20.60378,>
2026-05-08,20:41:32.035558,IP,172.20.0.20.60378,>
2026-05-08,20:41:32.036697,IP,172.20.0.20.60378,>
2026-05-08,20:41:32.037260,IP,172.20.0.10.5001,>
2026-05-08,20:41:32.037269,IP,172.20.0.10.5001,>
2026-05-08,20:41:32.037372,IP,172.20.0.20.60378,>
2026-05-08,20:41:32.037640,IP,172.20.0.10.5001,>
2026-05-08,20:41:32.037647,IP,172.20.0.10.5001,>
2026-05-08,20:41:32.037756,IP,172.20.0.20.60378,>
2026-05-08,20:41:32.037788,IP,172.20.0.10.5001,>
2026-05-08,20:41:32.037790,IP,172.20.0.10.5001,>
2026-05-08,20:41:32.037799,IP,172.20.0.20.60378,>
2026-05-08,20:41:32.037762,IP,172.20.0.20.60378,>
2026-05-08,20:41:32.037825,IP,172.20.0.10.5001,>
2026-05-08,20:41:32.037827,IP,172.20.0.10.5001,>
2026-05-08,20:41:32.037830,IP,172.20.0.10.5001,>
2026-05-08,20:41:32.037902,IP,172.20.0.20.60378,>
2026-05-08,20:41:32.037915,IP,172.20.0.10.5001,>
2026-05-08,20:41:32.037973,IP,172.20.0.10.5001,>
2026-05-08,20:41:32.037977,IP,172.20.0.20.60378,>
2026-05-08,20:41:32.037991,IP,172.20.0.10.5001,>
2026-05-08,20:41:32.038004,IP,172.20.0.10.5001,>
2026-05-08,20:41:32.038061,IP,172.20.0.10.5001,>
2026-05-08,20:41:32.038081,IP,172.20.0.10.5001,>
2026-05-08,20:41:32.038130,IP,172.20.0.20.60378,>
2026-05-08,20:41:32.038151,IP,172.20.0.10.5001,>
2026-05-08,20:41:32.038182,IP,172.20.0.20.60378,>
2026-05-08,20:41:32.038223,IP,172.20.0.20.60378,>
2026-05-08,20:41:32.038275,IP,172.20.0.20.60378,>
2026-05-08,20:41:32.038295,IP,172.20.0.20.60378,>
2026-05-08,20:41:32.038322,IP,172.20.0.20.60378,>
2026-05-08,20:41:32.038345,IP,172.20.0.20.60378,>
2026-05-08,20:41:32.038381,IP,172.20.0.20.60378,>
2026-05-08,20:41:32.038404,IP,172.20.0.20.60378,>
2026-05-08,20:41:32.038421,IP,172.20.0.20.60378,>
2026-05-08,20:41:32.038438,IP,172.20.0.20.60378,>
2026-05-08,20:41:32.038648,IP,172.20.0.10.5001,>
2026-05-08,20:41:32.038732,IP,172.20.0.20.60378,>
2026-05-08,20:41:32.038738,IP,172.20.0.20.60378,>
2026-05-08,20:41:32.038779,IP,172.20.0.20.60378,>
2026-05-08,20:41:32.038785,IP,172.20.0.20.60378,>
2026-05-08,20:41:32.038815,IP,172.20.0.20.60378,>
2026-05-08,20:41:32.038821,IP,172.20.0.20.60378,>
2026-05-08,20:41:32.038858,IP,172.20.0.20.60378,>
2026-05-08,20:41:32.038864,IP,172.20.0.20.60378,>
2026-05-08,20:41:32.038894,IP,172.20.0.20.60378,>
2026-05-08,20:41:32.038900,IP,172.20.0.20.60378,>
2026-05-08,20:41:32.039095,IP,172.20.0.20.60378,>
2026-05-08,20:41:32.039102,IP,172.20.0.20.60378,>
2026-05-08,20:41:32.039108,IP,172.20.0.20.60378,>
2026-05-08,20:41:32.039160,IP,172.20.0.20.60378,>
2026-05-08,20:41:32.039167,IP,172.20.0.20.60378,>
2026-05-08,20:41:32.039197,IP,172.20.0.20.60378,>
2026-05-08,20:41:32.040291,IP,172.20.0.20.60378,>
2026-05-08,20:41:32.079013,IP,172.20.0.10.5001,>
2026-05-08,20:41:32.079162,IP,172.20.0.20.60378,>
2026-05-08,20:41:32.079707,IP,172.20.0.10.5001,>
2026-05-08,20:41:32.079716,IP,172.20.0.10.5001,>
2026-05-08,20:41:32.079718,IP,172.20.0.10.5001,>
2026-05-08,20:41:32.079720,IP,172.20.0.10.5001,>
2026-05-08,20:41:32.079839,IP,172.20.0.20.60378,>
2026-05-08,20:41:32.079867,IP,172.20.0.10.5001,>
2026-05-08,20:41:32.079845,IP,172.20.0.20.60378,>
2026-05-08,20:41:32.079932,IP,172.20.0.20.60378,>
2026-05-08,20:41:32.079938,IP,172.20.0.20.60378,>
2026-05-08,20:41:32.079974,IP,172.20.0.20.60378,>
2026-05-08,20:41:32.079980,IP,172.20.0.20.60378,>
2026-05-08,20:41:32.119231,IP,172.20.0.10.5001,>
2026-05-08,20:41:32.119331,IP,172.20.0.20.60378,>
2026-05-08,20:41:32.120805,IP,172.20.0.10.5001,>
2026-05-08,20:41:32.120817,IP,172.20.0.10.5001,>
2026-05-08,20:41:32.121003,IP,172.20.0.20.60378,>
2026-05-08,20:41:32.121030,IP,172.20.0.10.5001,>
2026-05-08,20:41:32.121034,IP,172.20.0.10.5001,>
2026-05-08,20:41:32.121037,IP,172.20.0.10.5001,>
2026-05-08,20:41:32.121039,IP,172.20.0.10.5001,>
2026-05-08,20:41:32.121009,IP,172.20.0.20.60378,>
2026-05-08,20:41:32.121191,IP,172.20.0.20.60378,>
2026-05-08,20:41:32.121198,IP,172.20.0.20.60378,>
2026-05-08,20:41:32.121234,IP,172.20.0.20.60378,>
2026-05-08,20:41:32.123928,IP,172.20.0.10.5001,>
2026-05-08,20:41:32.124031,IP,172.20.0.20.60378,>
2026-05-08,20:41:32.124038,IP,172.20.0.20.60378,>
2026-05-08,20:41:32.125135,IP,172.20.0.10.5001,>
2026-05-08,20:41:32.125219,IP,172.20.0.20.60378,>
2026-05-08,20:41:32.125894,IP,172.20.0.10.5001,>
2026-05-08,20:41:32.125902,IP,172.20.0.10.5001,>
2026-05-08,20:41:32.125986,IP,172.20.0.20.60378,>
2026-05-08,20:41:32.125992,IP,172.20.0.20.60378,>
2026-05-08,20:41:32.125999,IP,172.20.0.20.60378,>
2026-05-08,20:41:32.134049,IP,172.20.0.10.5001,>
2026-05-08,20:41:32.134168,IP,172.20.0.20.60378,>
2026-05-08,20:41:32.134195,IP,172.20.0.10.5001,>
2026-05-08,20:41:32.134198,IP,172.20.0.10.5001,>
2026-05-08,20:41:32.134200,IP,172.20.0.10.5001,>
2026-05-08,20:41:32.134174,IP,172.20.0.20.60378,>
2026-05-08,20:41:32.134340,IP,172.20.0.10.5001,>
2026-05-08,20:41:32.134341,IP,172.20.0.20.60378,>
2026-05-08,20:41:32.134351,IP,172.20.0.10.5001,>
2026-05-08,20:41:32.134354,IP,172.20.0.10.5001,>
2026-05-08,20:41:32.134347,IP,172.20.0.20.60378,>
2026-05-08,20:41:32.134356,IP,172.20.0.10.5001,>
2026-05-08,20:41:32.134358,IP,172.20.0.10.5001,>
2026-05-08,20:41:32.134361,IP,172.20.0.10.5001,>
2026-05-08,20:41:32.134400,IP,172.20.0.20.60378,>
2026-05-08,20:41:32.134406,IP,172.20.0.20.60378,>
2026-05-08,20:41:32.134431,IP,172.20.0.20.60378,>
2026-05-08,20:41:32.134524,IP,172.20.0.20.60378,>
2026-05-08,20:41:32.134530,IP,172.20.0.20.60378,>
2026-05-08,20:41:32.134548,IP,172.20.0.10.5001,>
2026-05-08,20:41:32.134550,IP,172.20.0.10.5001,>
2026-05-08,20:41:32.134553,IP,172.20.0.10.5001,>
2026-05-08,20:41:32.134555,IP,172.20.0.10.5001,>
2026-05-08,20:41:32.134557,IP,172.20.0.10.5001,>
2026-05-08,20:41:32.134559,IP,172.20.0.10.5001,>
2026-05-08,20:41:32.134561,IP,172.20.0.10.5001,>
2026-05-08,20:41:32.134563,IP,172.20.0.10.5001,>
2026-05-08,20:41:32.134655,IP,172.20.0.20.60378,>
2026-05-08,20:41:32.134661,IP,172.20.0.20.60378,>
2026-05-08,20:41:32.134667,IP,172.20.0.20.60378,>
2026-05-08,20:41:32.134750,IP,172.20.0.20.60378,>
2026-05-08,20:41:32.134756,IP,172.20.0.20.60378,>
2026-05-08,20:41:32.134770,IP,172.20.0.10.5001,>
2026-05-08,20:41:32.134773,IP,172.20.0.10.5001,>
2026-05-08,20:41:32.134775,IP,172.20.0.10.5001,>
2026-05-08,20:41:32.134777,IP,172.20.0.10.5001,>
2026-05-08,20:41:32.134780,IP,172.20.0.10.5001,>
2026-05-08,20:41:32.134782,IP,172.20.0.10.5001,>
2026-05-08,20:41:32.134784,IP,172.20.0.10.5001,>
2026-05-08,20:41:32.134864,IP,172.20.0.20.60378,>
2026-05-08,20:41:32.134870,IP,172.20.0.20.60378,>
2026-05-08,20:41:32.134932,IP,172.20.0.20.60378,>
2026-05-08,20:41:32.134938,IP,172.20.0.20.60378,>
2026-05-08,20:41:32.134950,IP,172.20.0.10.5001,>
2026-05-08,20:41:32.134953,IP,172.20.0.10.5001,>
2026-05-08,20:41:32.134955,IP,172.20.0.10.5001,>
2026-05-08,20:41:32.134957,IP,172.20.0.10.5001,>
2026-05-08,20:41:32.134959,IP,172.20.0.10.5001,>
2026-05-08,20:41:32.134961,IP,172.20.0.10.5001,>
2026-05-08,20:41:32.135032,IP,172.20.0.20.60378,>
2026-05-08,20:41:32.135038,IP,172.20.0.20.60378,>
2026-05-08,20:41:32.135124,IP,172.20.0.20.60378,>
2026-05-08,20:41:32.135131,IP,172.20.0.20.60378,>
2026-05-08,20:41:32.135145,IP,172.20.0.10.5001,>
2026-05-08,20:41:32.135147,IP,172.20.0.10.5001,>
2026-05-08,20:41:32.135149,IP,172.20.0.10.5001,>
2026-05-08,20:41:32.135151,IP,172.20.0.10.5001,>
2026-05-08,20:41:32.135153,IP,172.20.0.10.5001,>
2026-05-08,20:41:32.135155,IP,172.20.0.10.5001,>
2026-05-08,20:41:32.135235,IP,172.20.0.20.60378,>
2026-05-08,20:41:32.135241,IP,172.20.0.20.60378,>
2026-05-08,20:41:32.135247,IP,172.20.0.20.60378,>
2026-05-08,20:41:32.135333,IP,172.20.0.20.60378,>
2026-05-08,20:41:32.135340,IP,172.20.0.20.60378,>
2026-05-08,20:41:32.135353,IP,172.20.0.10.5001,>
2026-05-08,20:41:32.135355,IP,172.20.0.10.5001,>
2026-05-08,20:41:32.135357,IP,172.20.0.10.5001,>
2026-05-08,20:41:32.135359,IP,172.20.0.10.5001,>
2026-05-08,20:41:32.135361,IP,172.20.0.10.5001,>
2026-05-08,20:41:32.135363,IP,172.20.0.10.5001,>
2026-05-08,20:41:32.135404,IP,172.20.0.10.5001,>
2026-05-08,20:41:32.135407,IP,172.20.0.10.5001,>
2026-05-08,20:41:32.135479,IP,172.20.0.20.60378,>
2026-05-08,20:41:32.135489,IP,172.20.0.20.60378,>
2026-05-08,20:41:32.135567,IP,172.20.0.20.60378,>
2026-05-08,20:41:32.135601,IP,172.20.0.20.60378,>
2026-05-08,20:41:32.135629,IP,172.20.0.10.5001,>
2026-05-08,20:41:32.135631,IP,172.20.0.10.5001,>
2026-05-08,20:41:32.135633,IP,172.20.0.10.5001,>
2026-05-08,20:41:32.135636,IP,172.20.0.10.5001,>
2026-05-08,20:41:32.135638,IP,172.20.0.10.5001,>
2026-05-08,20:41:32.135696,IP,172.20.0.20.60378,>
2026-05-08,20:41:32.135702,IP,172.20.0.20.60378,>
2026-05-08,20:41:32.135770,IP,172.20.0.20.60378,>
2026-05-08,20:41:32.135776,IP,172.20.0.20.60378,>
2026-05-08,20:41:32.135782,IP,172.20.0.20.60378,>
2026-05-08,20:41:32.135814,IP,172.20.0.20.60378,>
2026-05-08,20:41:32.135833,IP,172.20.0.20.60378,>
2026-05-08,20:41:32.135874,IP,172.20.0.20.60378,>
2026-05-08,20:41:32.135881,IP,172.20.0.20.60378,>
2026-05-08,20:41:32.135911,IP,172.20.0.20.60378,>
2026-05-08,20:41:32.135917,IP,172.20.0.20.60378,>
2026-05-08,20:41:32.135944,IP,172.20.0.20.60378,>
2026-05-08,20:41:32.135950,IP,172.20.0.20.60378,>
2026-05-08,20:41:32.135992,IP,172.20.0.20.60378,>
2026-05-08,20:41:32.135998,IP,172.20.0.20.60378,>
2026-05-08,20:41:32.136044,IP,172.20.0.20.60378,>
2026-05-08,20:41:32.136050,IP,172.20.0.20.60378,>
2026-05-08,20:41:32.136056,IP,172.20.0.20.60378,>
2026-05-08,20:41:32.136123,IP,172.20.0.20.60378,>
2026-05-08,20:41:32.136130,IP,172.20.0.20.60378,>
2026-05-08,20:41:32.136172,IP,172.20.0.20.60378,>
2026-05-08,20:41:32.136179,IP,172.20.0.20.60378,>
2026-05-08,20:41:32.136220,IP,172.20.0.20.60378,>
2026-05-08,20:41:32.136226,IP,172.20.0.20.60378,>
2026-05-08,20:41:32.136270,IP,172.20.0.20.60378,>
2026-05-08,20:41:32.136276,IP,172.20.0.20.60378,>
2026-05-08,20:41:32.136313,IP,172.20.0.20.60378,>
2026-05-08,20:41:32.136320,IP,172.20.0.20.60378,>
2026-05-08,20:41:32.136788,IP,172.20.0.10.5001,>
2026-05-08,20:41:32.137449,IP,172.20.0.10.5001,>
2026-05-08,20:41:32.137530,IP,172.20.0.20.60378,>
2026-05-08,20:41:32.137839,IP,172.20.0.10.5001,>
2026-05-08,20:41:32.137846,IP,172.20.0.10.5001,>
2026-05-08,20:41:32.137937,IP,172.20.0.20.60378,>
2026-05-08,20:41:32.137943,IP,172.20.0.20.60378,>
2026-05-08,20:41:32.138058,IP,172.20.0.10.5001,>
2026-05-08,20:41:32.138096,IP,172.20.0.20.60378,>
2026-05-08,20:41:32.138154,IP,172.20.0.20.60378,>
2026-05-08,20:41:32.138160,IP,172.20.0.20.60378,>
2026-05-08,20:41:32.138186,IP,172.20.0.10.5001,>
2026-05-08,20:41:32.138200,IP,172.20.0.10.5001,>
2026-05-08,20:41:32.138246,IP,172.20.0.20.60378,>
2026-05-08,20:41:32.138252,IP,172.20.0.20.60378,>
2026-05-08,20:41:32.138334,IP,172.20.0.10.5001,>
2026-05-08,20:41:32.138343,IP,172.20.0.10.5001,>
2026-05-08,20:41:32.138346,IP,172.20.0.10.5001,>
2026-05-08,20:41:32.138492,IP,172.20.0.20.60378,>
2026-05-08,20:41:32.138498,IP,172.20.0.20.60378,>
2026-05-08,20:41:32.138515,IP,172.20.0.10.5001,>
2026-05-08,20:41:32.138517,IP,172.20.0.10.5001,>
2026-05-08,20:41:32.138520,IP,172.20.0.10.5001,>
2026-05-08,20:41:32.138522,IP,172.20.0.10.5001,>
2026-05-08,20:41:32.138578,IP,172.20.0.20.60378,>
2026-05-08,20:41:32.138585,IP,172.20.0.20.60378,>
2026-05-08,20:41:32.138591,IP,172.20.0.20.60378,>
2026-05-08,20:41:32.138665,IP,172.20.0.20.60378,>
2026-05-08,20:41:32.138671,IP,172.20.0.20.60378,>
2026-05-08,20:41:32.138705,IP,172.20.0.20.60378,>
2026-05-08,20:41:32.138711,IP,172.20.0.20.60378,>
2026-05-08,20:41:32.138767,IP,172.20.0.10.5001,>
2026-05-08,20:41:32.138773,IP,172.20.0.10.5001,>
2026-05-08,20:41:32.138847,IP,172.20.0.20.60378,>
2026-05-08,20:41:32.138853,IP,172.20.0.20.60378,>
2026-05-08,20:41:32.138869,IP,172.20.0.10.5001,>
2026-05-08,20:41:32.138872,IP,172.20.0.10.5001,>
2026-05-08,20:41:32.138875,IP,172.20.0.10.5001,>
2026-05-08,20:41:32.138877,IP,172.20.0.10.5001,>
2026-05-08,20:41:32.138974,IP,172.20.0.20.60378,>
2026-05-08,20:41:32.138980,IP,172.20.0.20.60378,>
2026-05-08,20:41:32.138997,IP,172.20.0.10.5001,>
2026-05-08,20:41:32.138999,IP,172.20.0.10.5001,>
2026-05-08,20:41:32.139001,IP,172.20.0.10.5001,>
2026-05-08,20:41:32.139062,IP,172.20.0.20.60378,>
2026-05-08,20:41:32.139087,IP,172.20.0.20.60378,>
2026-05-08,20:41:32.139164,IP,172.20.0.20.60378,>
2026-05-08,20:41:32.139171,IP,172.20.0.20.60378,>
2026-05-08,20:41:32.139177,IP,172.20.0.20.60378,>
2026-05-08,20:41:32.139202,IP,172.20.0.10.5001,>
2026-05-08,20:41:32.139205,IP,172.20.0.10.5001,>
2026-05-08,20:41:32.139207,IP,172.20.0.10.5001,>
2026-05-08,20:41:32.139209,IP,172.20.0.10.5001,>
2026-05-08,20:41:32.139258,IP,172.20.0.20.60378,>
2026-05-08,20:41:32.139264,IP,172.20.0.20.60378,>
2026-05-08,20:41:32.139340,IP,172.20.0.20.60378,>
2026-05-08,20:41:32.139346,IP,172.20.0.20.60378,>
2026-05-08,20:41:32.139377,IP,172.20.0.20.60378,>
2026-05-08,20:41:32.139383,IP,172.20.0.20.60378,>
2026-05-08,20:41:32.140347,IP,172.20.0.10.5001,>
2026-05-08,20:41:32.140413,IP,172.20.0.20.60378,>
2026-05-08,20:41:32.179203,IP,172.20.0.10.5001,>
2026-05-08,20:41:32.179338,IP,172.20.0.20.60378,>
2026-05-08,20:41:32.179877,IP,172.20.0.10.5001,>
2026-05-08,20:41:32.179971,IP,172.20.0.20.60378,>
2026-05-08,20:41:32.179994,IP,172.20.0.10.5001,>
2026-05-08,20:41:32.179997,IP,172.20.0.10.5001,>
2026-05-08,20:41:32.179978,IP,172.20.0.20.60378,>
2026-05-08,20:41:32.180106,IP,172.20.0.20.60378,>
2026-05-08,20:41:32.180113,IP,172.20.0.20.60378,>
2026-05-08,20:41:32.180144,IP,172.20.0.10.5001,>
2026-05-08,20:41:32.180180,IP,172.20.0.20.60378,>
2026-05-08,20:41:32.180214,IP,172.20.0.20.60378,>
2026-05-08,20:41:32.180220,IP,172.20.0.20.60378,>
2026-05-08,20:41:32.219375,IP,172.20.0.10.5001,>
2026-05-08,20:41:32.219520,IP,172.20.0.20.60378,>
2026-05-08,20:41:32.221123,IP,172.20.0.10.5001,>
2026-05-08,20:41:32.221197,IP,172.20.0.20.60378,>
2026-05-08,20:41:32.221229,IP,172.20.0.10.5001,>
2026-05-08,20:41:32.221203,IP,172.20.0.20.60378,>
2026-05-08,20:41:32.221309,IP,172.20.0.10.5001,>
2026-05-08,20:41:32.221309,IP,172.20.0.20.60378,>
2026-05-08,20:41:32.221315,IP,172.20.0.20.60378,>
2026-05-08,20:41:32.221400,IP,172.20.0.20.60378,>
2026-05-08,20:41:32.221407,IP,172.20.0.20.60378,>
2026-05-08,20:41:32.224132,IP,172.20.0.10.5001,>
2026-05-08,20:41:32.224236,IP,172.20.0.20.60378,>
2026-05-08,20:41:32.224255,IP,172.20.0.10.5001,>
2026-05-08,20:41:32.224303,IP,172.20.0.20.60378,>
2026-05-08,20:41:32.225284,IP,172.20.0.10.5001,>
2026-05-08,20:41:32.225370,IP,172.20.0.20.60378,>
2026-05-08,20:41:32.226047,IP,172.20.0.10.5001,>
2026-05-08,20:41:32.226055,IP,172.20.0.10.5001,>
2026-05-08,20:41:32.226057,IP,172.20.0.10.5001,>
2026-05-08,20:41:32.226198,IP,172.20.0.20.60378,>
2026-05-08,20:41:32.226206,IP,172.20.0.20.60378,>
2026-05-08,20:41:32.234237,IP,172.20.0.10.5001,>
2026-05-08,20:41:32.234334,IP,172.20.0.20.60378,>
2026-05-08,20:41:32.234366,IP,172.20.0.10.5001,>
2026-05-08,20:41:32.234417,IP,172.20.0.20.60378,>
2026-05-08,20:41:32.236262,IP,172.20.0.10.5001,>
2026-05-08,20:41:32.236436,IP,172.20.0.20.60378,>
2026-05-08,20:41:32.236482,IP,172.20.0.10.5001,>
2026-05-08,20:41:32.236454,IP,172.20.0.20.60378,>
2026-05-08,20:41:32.236576,IP,172.20.0.20.60378,>
2026-05-08,20:41:32.236582,IP,172.20.0.20.60378,>
2026-05-08,20:41:32.236632,IP,172.20.0.20.60378,>
2026-05-08,20:41:32.236638,IP,172.20.0.20.60378,>
2026-05-08,20:41:32.236644,IP,172.20.0.20.60378,>
2026-05-08,20:41:32.236676,IP,172.20.0.20.60378,>
2026-05-08,20:41:32.236682,IP,172.20.0.20.60378,>
2026-05-08,20:41:32.236711,IP,172.20.0.20.60378,>
2026-05-08,20:41:32.236717,IP,172.20.0.20.60378,>
2026-05-08,20:41:32.236762,IP,172.20.0.20.60378,>
2026-05-08,20:41:32.236768,IP,172.20.0.20.60378,>
2026-05-08,20:41:32.236820,IP,172.20.0.20.60378,>
2026-05-08,20:41:32.236827,IP,172.20.0.20.60378,>
2026-05-08,20:41:32.236863,IP,172.20.0.20.60378,>
2026-05-08,20:41:32.236869,IP,172.20.0.20.60378,>
2026-05-08,20:41:32.236875,IP,172.20.0.20.60378,>
2026-05-08,20:41:32.236909,IP,172.20.0.20.60378,>
2026-05-08,20:41:32.236915,IP,172.20.0.20.60378,>
2026-05-08,20:41:32.236945,IP,172.20.0.20.60378,>
2026-05-08,20:41:32.236951,IP,172.20.0.20.60378,>
2026-05-08,20:41:32.236995,IP,172.20.0.20.60378,>
2026-05-08,20:41:32.237001,IP,172.20.0.20.60378,>
2026-05-08,20:41:32.237046,IP,172.20.0.20.60378,>
2026-05-08,20:41:32.237052,IP,172.20.0.20.60378,>
2026-05-08,20:41:32.237122,IP,172.20.0.20.60378,>
2026-05-08,20:41:32.237129,IP,172.20.0.20.60378,>
2026-05-08,20:41:32.237175,IP,172.20.0.20.60378,>
2026-05-08,20:41:32.237183,IP,172.20.0.20.60378,>
2026-05-08,20:41:32.237189,IP,172.20.0.20.60378,>
2026-05-08,20:41:32.237229,IP,172.20.0.20.60378,>
2026-05-08,20:41:32.237238,IP,172.20.0.20.60378,>
2026-05-08,20:41:32.237308,IP,172.20.0.20.60378,>
2026-05-08,20:41:32.237318,IP,172.20.0.20.60378,>
2026-05-08,20:41:32.237357,IP,172.20.0.20.60378,>
2026-05-08,20:41:32.237364,IP,172.20.0.20.60378,>
2026-05-08,20:41:32.237411,IP,172.20.0.20.60378,>
2026-05-08,20:41:32.237417,IP,172.20.0.20.60378,>
2026-05-08,20:41:32.237462,IP,172.20.0.20.60378,>
2026-05-08,20:41:32.237477,IP,172.20.0.20.60378,>
2026-05-08,20:41:32.237485,IP,172.20.0.20.60378,>
2026-05-08,20:41:32.237523,IP,172.20.0.20.60378,>
2026-05-08,20:41:32.237529,IP,172.20.0.20.60378,>
2026-05-08,20:41:32.237568,IP,172.20.0.10.5001,>
2026-05-08,20:41:32.237619,IP,172.20.0.20.60378,>
2026-05-08,20:41:32.237626,IP,172.20.0.20.60378,>
2026-05-08,20:41:32.237669,IP,172.20.0.20.60378,>
2026-05-08,20:41:32.237675,IP,172.20.0.20.60378,>
2026-05-08,20:41:32.237718,IP,172.20.0.20.60378,>
2026-05-08,20:41:32.237724,IP,172.20.0.20.60378,>
2026-05-08,20:41:32.237755,IP,172.20.0.20.60378,>
2026-05-08,20:41:32.237761,IP,172.20.0.20.60378,>
2026-05-08,20:41:32.237796,IP,172.20.0.20.60378,>
2026-05-08,20:41:32.237802,IP,172.20.0.20.60378,>
2026-05-08,20:41:32.237824,IP,172.20.0.20.60378,>
2026-05-08,20:41:32.237861,IP,172.20.0.20.60378,>
2026-05-08,20:41:32.237886,IP,172.20.0.20.60378,>
2026-05-08,20:41:32.237940,IP,172.20.0.20.60378,>
2026-05-08,20:41:32.238129,IP,172.20.0.10.5001,>
2026-05-08,20:41:32.238213,IP,172.20.0.20.60378,>
2026-05-08,20:41:32.238220,IP,172.20.0.20.60378,>
2026-05-08,20:41:32.238370,IP,172.20.0.10.5001,>
2026-05-08,20:41:32.238450,IP,172.20.0.20.60378,>
2026-05-08,20:41:32.238456,IP,172.20.0.20.60378,>
2026-05-08,20:41:32.238500,IP,172.20.0.20.60378,>
2026-05-08,20:41:32.238507,IP,172.20.0.20.60378,>
2026-05-08,20:41:32.238538,IP,172.20.0.20.60378,>
2026-05-08,20:41:32.238544,IP,172.20.0.20.60378,>
2026-05-08,20:41:32.239604,IP,172.20.0.10.5001,>
2026-05-08,20:41:32.239747,IP,172.20.0.20.60378,>
2026-05-08,20:41:32.239753,IP,172.20.0.20.60378,>
2026-05-08,20:41:32.239821,IP,172.20.0.20.60378,>
2026-05-08,20:41:32.239872,IP,172.20.0.20.60378,>
2026-05-08,20:41:32.239893,IP,172.20.0.20.60378,>
2026-05-08,20:41:32.239911,IP,172.20.0.20.60378,>
2026-05-08,20:41:32.239942,IP,172.20.0.20.60378,>
2026-05-08,20:41:32.239978,IP,172.20.0.20.60378,>
2026-05-08,20:41:32.239997,IP,172.20.0.20.60378,>
2026-05-08,20:41:32.240027,IP,172.20.0.20.60378,>
2026-05-08,20:41:32.240045,IP,172.20.0.20.60378,>
2026-05-08,20:41:32.240095,IP,172.20.0.20.60378,>
2026-05-08,20:41:32.240118,IP,172.20.0.20.60378,>
2026-05-08,20:41:32.240136,IP,172.20.0.20.60378,>
2026-05-08,20:41:32.240152,IP,172.20.0.20.60378,>
2026-05-08,20:41:32.240171,IP,172.20.0.20.60378,>
2026-05-08,20:41:32.240188,IP,172.20.0.20.60378,>
2026-05-08,20:41:32.240217,IP,172.20.0.20.60378,>
2026-05-08,20:41:32.240237,IP,172.20.0.20.60378,>
2026-05-08,20:41:32.240255,IP,172.20.0.20.60378,>
2026-05-08,20:41:32.240271,IP,172.20.0.20.60378,>
2026-05-08,20:41:32.240289,IP,172.20.0.20.60378,>
2026-05-08,20:41:32.240318,IP,172.20.0.20.60378,>
2026-05-08,20:41:32.240338,IP,172.20.0.20.60378,>
2026-05-08,20:41:32.240456,IP,172.20.0.10.5001,>
2026-05-08,20:41:32.240539,IP,172.20.0.20.60378,>
2026-05-08,20:41:32.249368,IP,172.20.0.20.60378,>
2026-05-08,20:41:32.279377,IP,172.20.0.10.5001,>
2026-05-08,20:41:32.279543,IP,172.20.0.20.60378,>
2026-05-08,20:41:32.280046,IP,172.20.0.10.5001,>
2026-05-08,20:41:32.280142,IP,172.20.0.20.60378,>
2026-05-08,20:41:32.321333,IP,172.20.0.10.5001,>
2026-05-08,20:41:32.321471,IP,172.20.0.20.60378,>
2026-05-08,20:41:32.321478,IP,172.20.0.20.60378,>
2026-05-08,20:41:32.321608,IP,172.20.0.20.60378,>
2026-05-08,20:41:32.321615,IP,172.20.0.20.60378,>
2026-05-08,20:41:32.321648,IP,172.20.0.10.5001,>
2026-05-08,20:41:32.321678,IP,172.20.0.20.60378,>
2026-05-08,20:41:32.321684,IP,172.20.0.20.60378,>
2026-05-08,20:41:32.321726,IP,172.20.0.20.60378,>
2026-05-08,20:41:32.321732,IP,172.20.0.20.60378,>
2026-05-08,20:41:32.321762,IP,172.20.0.20.60378,>
2026-05-08,20:41:32.321767,IP,172.20.0.20.60378,>
2026-05-08,20:41:32.321796,IP,172.20.0.20.60378,>
2026-05-08,20:41:32.324282,IP,172.20.0.10.5001,>
2026-05-08,20:41:32.324371,IP,172.20.0.20.60378,>
2026-05-08,20:41:32.324389,IP,172.20.0.10.5001,>
2026-05-08,20:41:32.324451,IP,172.20.0.20.60378,>
2026-05-08,20:41:32.325422,IP,172.20.0.10.5001,>
2026-05-08,20:41:32.325496,IP,172.20.0.20.60378,>
2026-05-08,20:41:32.326241,IP,172.20.0.10.5001,>
2026-05-08,20:41:32.326309,IP,172.20.0.20.60378,>
2026-05-08,20:41:32.334386,IP,172.20.0.10.5001,>
2026-05-08,20:41:32.334483,IP,172.20.0.20.60378,>
2026-05-08,20:41:32.334493,IP,172.20.0.20.60378,>
2026-05-08,20:41:32.336506,IP,172.20.0.10.5001,>
2026-05-08,20:41:32.336588,IP,172.20.0.20.60378,>
2026-05-08,20:41:32.336679,IP,172.20.0.20.60378,>
2026-05-08,20:41:32.336687,IP,172.20.0.20.60378,>
2026-05-08,20:41:32.337994,IP,172.20.0.10.5001,>
2026-05-08,20:41:32.338168,IP,172.20.0.20.60378,>
2026-05-08,20:41:32.338175,IP,172.20.0.20.60378,>
2026-05-08,20:41:32.338248,IP,172.20.0.20.60378,>
2026-05-08,20:41:32.338254,IP,172.20.0.20.60378,>
2026-05-08,20:41:32.338284,IP,172.20.0.20.60378,>
2026-05-08,20:41:32.338290,IP,172.20.0.20.60378,>
2026-05-08,20:41:32.338334,IP,172.20.0.20.60378,>
2026-05-08,20:41:32.338340,IP,172.20.0.20.60378,>
2026-05-08,20:41:32.338356,IP,172.20.0.10.5001,>
2026-05-08,20:41:32.338387,IP,172.20.0.20.60378,>
2026-05-08,20:41:32.338393,IP,172.20.0.20.60378,>
2026-05-08,20:41:32.338436,IP,172.20.0.20.60378,>
2026-05-08,20:41:32.338442,IP,172.20.0.20.60378,>
2026-05-08,20:41:32.338448,IP,172.20.0.20.60378,>
2026-05-08,20:41:32.338514,IP,172.20.0.20.60378,>
2026-05-08,20:41:32.338520,IP,172.20.0.20.60378,>
2026-05-08,20:41:32.338555,IP,172.20.0.20.60378,>
2026-05-08,20:41:32.338561,IP,172.20.0.20.60378,>
2026-05-08,20:41:32.338590,IP,172.20.0.20.60378,>
2026-05-08,20:41:32.338596,IP,172.20.0.20.60378,>
2026-05-08,20:41:32.338626,IP,172.20.0.20.60378,>
2026-05-08,20:41:32.338632,IP,172.20.0.20.60378,>
2026-05-08,20:41:32.338655,IP,172.20.0.20.60378,>
2026-05-08,20:41:32.338701,IP,172.20.0.10.5001,>
2026-05-08,20:41:32.338728,IP,172.20.0.20.60378,>
2026-05-08,20:41:32.338738,IP,172.20.0.20.60378,>
2026-05-08,20:41:32.338748,IP,172.20.0.20.60378,>
2026-05-08,20:41:32.338819,IP,172.20.0.20.60378,>
2026-05-08,20:41:32.338825,IP,172.20.0.20.60378,>
2026-05-08,20:41:32.338886,IP,172.20.0.20.60378,>
2026-05-08,20:41:32.338892,IP,172.20.0.20.60378,>
2026-05-08,20:41:32.338923,IP,172.20.0.20.60378,>
2026-05-08,20:41:32.338929,IP,172.20.0.20.60378,>
2026-05-08,20:41:32.338958,IP,172.20.0.20.60378,>
2026-05-08,20:41:32.338964,IP,172.20.0.20.60378,>
2026-05-08,20:41:32.338987,IP,172.20.0.20.60378,>
2026-05-08,20:41:32.339015,IP,172.20.0.20.60378,>
2026-05-08,20:41:32.339021,IP,172.20.0.20.60378,>
2026-05-08,20:41:32.339027,IP,172.20.0.20.60378,>
2026-05-08,20:41:32.339058,IP,172.20.0.20.60378,>
2026-05-08,20:41:32.339090,IP,172.20.0.20.60378,>
2026-05-08,20:41:32.339133,IP,172.20.0.20.60378,>
2026-05-08,20:41:32.339139,IP,172.20.0.20.60378,>
2026-05-08,20:41:32.339166,IP,172.20.0.20.60378,>
2026-05-08,20:41:32.339172,IP,172.20.0.20.60378,>
2026-05-08,20:41:32.339201,IP,172.20.0.20.60378,>
2026-05-08,20:41:32.339207,IP,172.20.0.20.60378,>
2026-05-08,20:41:32.339232,IP,172.20.0.20.60378,>
2026-05-08,20:41:32.339261,IP,172.20.0.20.60378,>
2026-05-08,20:41:32.339267,IP,172.20.0.20.60378,>
2026-05-08,20:41:32.339273,IP,172.20.0.20.60378,>
2026-05-08,20:41:32.339305,IP,172.20.0.20.60378,>
2026-05-08,20:41:32.339311,IP,172.20.0.20.60378,>
2026-05-08,20:41:32.339340,IP,172.20.0.20.60378,>
2026-05-08,20:41:32.339346,IP,172.20.0.20.60378,>
2026-05-08,20:41:32.339376,IP,172.20.0.20.60378,>
2026-05-08,20:41:32.339382,IP,172.20.0.20.60378,>
2026-05-08,20:41:32.339410,IP,172.20.0.20.60378,>
2026-05-08,20:41:32.339416,IP,172.20.0.20.60378,>
2026-05-08,20:41:32.339439,IP,172.20.0.20.60378,>
2026-05-08,20:41:32.339466,IP,172.20.0.20.60378,>
2026-05-08,20:41:32.339472,IP,172.20.0.20.60378,>
2026-05-08,20:41:32.339478,IP,172.20.0.20.60378,>
2026-05-08,20:41:32.339509,IP,172.20.0.20.60378,>
2026-05-08,20:41:32.339516,IP,172.20.0.20.60378,>
2026-05-08,20:41:32.339541,IP,172.20.0.20.60378,>
2026-05-08,20:41:32.339791,IP,172.20.0.10.5001,>
2026-05-08,20:41:32.339865,IP,172.20.0.20.60378,>
2026-05-08,20:41:32.339894,IP,172.20.0.10.5001,>
2026-05-08,20:41:32.339935,IP,172.20.0.20.60378,>
2026-05-08,20:41:32.339941,IP,172.20.0.20.60378,>
2026-05-08,20:41:32.340172,IP,172.20.0.10.5001,>
2026-05-08,20:41:32.340252,IP,172.20.0.20.60378,>
2026-05-08,20:41:32.340284,IP,172.20.0.10.5001,>
2026-05-08,20:41:32.340258,IP,172.20.0.20.60378,>
2026-05-08,20:41:32.340349,IP,172.20.0.20.60378,>
2026-05-08,20:41:32.340404,IP,172.20.0.10.5001,>
2026-05-08,20:41:32.340431,IP,172.20.0.20.60378,>
2026-05-08,20:41:32.340443,IP,172.20.0.20.60378,>
2026-05-08,20:41:32.340454,IP,172.20.0.20.60378,>
2026-05-08,20:41:32.340570,IP,172.20.0.20.60378,>
2026-05-08,20:41:32.340576,IP,172.20.0.20.60378,>
2026-05-08,20:41:32.340615,IP,172.20.0.20.60378,>
2026-05-08,20:41:32.340621,IP,172.20.0.20.60378,>
2026-05-08,20:41:32.340651,IP,172.20.0.10.5001,>
2026-05-08,20:41:32.340681,IP,172.20.0.20.60378,>
2026-05-08,20:41:32.340687,IP,172.20.0.20.60378,>
2026-05-08,20:41:32.340720,IP,172.20.0.20.60378,>
2026-05-08,20:41:32.340726,IP,172.20.0.20.60378,>
2026-05-08,20:41:32.340758,IP,172.20.0.20.60378,>
2026-05-08,20:41:32.340765,IP,172.20.0.20.60378,>
2026-05-08,20:41:32.340771,IP,172.20.0.20.60378,>
2026-05-08,20:41:32.340859,IP,172.20.0.20.60378,>
2026-05-08,20:41:32.340869,IP,172.20.0.20.60378,>
2026-05-08,20:41:32.340910,IP,172.20.0.20.60378,>
2026-05-08,20:41:32.340916,IP,172.20.0.20.60378,>
2026-05-08,20:41:32.340942,IP,172.20.0.20.60378,>
2026-05-08,20:41:32.380185,IP,172.20.0.10.5001,>
2026-05-08,20:41:32.380322,IP,172.20.0.20.60378,>
2026-05-08,20:41:32.380328,IP,172.20.0.20.60378,>
2026-05-08,20:41:32.380405,IP,172.20.0.20.60378,>
2026-05-08,20:41:32.421572,IP,172.20.0.10.5001,>
2026-05-08,20:41:32.421595,IP,172.20.0.10.5001,>
2026-05-08,20:41:32.421743,IP,172.20.0.20.60378,>
2026-05-08,20:41:32.421775,IP,172.20.0.10.5001,>
2026-05-08,20:41:32.421750,IP,172.20.0.20.60378,>
2026-05-08,20:41:32.421899,IP,172.20.0.20.60378,>
2026-05-08,20:41:32.421905,IP,172.20.0.20.60378,>
2026-05-08,20:41:32.421919,IP,172.20.0.10.5001,>
2026-05-08,20:41:32.421929,IP,172.20.0.10.5001,>
2026-05-08,20:41:32.422026,IP,172.20.0.20.60378,>
2026-05-08,20:41:32.422032,IP,172.20.0.20.60378,>
2026-05-08,20:41:32.422113,IP,172.20.0.20.60378,>
2026-05-08,20:41:32.422119,IP,172.20.0.20.60378,>
2026-05-08,20:41:32.422149,IP,172.20.0.20.60378,>
2026-05-08,20:41:32.422155,IP,172.20.0.20.60378,>
2026-05-08,20:41:32.422178,IP,172.20.0.20.60378,>
2026-05-08,20:41:32.424582,IP,172.20.0.10.5001,>
2026-05-08,20:41:32.424672,IP,172.20.0.20.60378,>
2026-05-08,20:41:32.424678,IP,172.20.0.20.60378,>
2026-05-08,20:41:32.425551,IP,172.20.0.10.5001,>
2026-05-08,20:41:32.425655,IP,172.20.0.20.60378,>
2026-05-08,20:41:32.425723,IP,172.20.0.20.60378,>
2026-05-08,20:41:32.434562,IP,172.20.0.10.5001,>
2026-05-08,20:41:32.437909,IP,172.20.0.10.5001,>
2026-05-08,20:41:32.437918,IP,172.20.0.10.5001,>
2026-05-08,20:41:32.437920,IP,172.20.0.10.5001,>
2026-05-08,20:41:32.438055,IP,172.20.0.20.60378,>
2026-05-08,20:41:32.438084,IP,172.20.0.20.60378,>
2026-05-08,20:41:32.438216,IP,172.20.0.10.5001,>
2026-05-08,20:41:32.438241,IP,172.20.0.20.60378,>
2026-05-08,20:41:32.438248,IP,172.20.0.20.60378,>
2026-05-08,20:41:32.438295,IP,172.20.0.20.60378,>
2026-05-08,20:41:32.438301,IP,172.20.0.20.60378,>
2026-05-08,20:41:32.438378,IP,172.20.0.10.5001,>
2026-05-08,20:41:32.438457,IP,172.20.0.20.60378,>
2026-05-08,20:41:32.438464,IP,172.20.0.20.60378,>
2026-05-08,20:41:32.438480,IP,172.20.0.10.5001,>
2026-05-08,20:41:32.438523,IP,172.20.0.20.60378,>
2026-05-08,20:41:32.438529,IP,172.20.0.20.60378,>
2026-05-08,20:41:32.438551,IP,172.20.0.10.5001,>
2026-05-08,20:41:32.438566,IP,172.20.0.20.60378,>
2026-05-08,20:41:32.438643,IP,172.20.0.20.60378,>
2026-05-08,20:41:32.438649,IP,172.20.0.20.60378,>
2026-05-08,20:41:32.438655,IP,172.20.0.20.60378,>
2026-05-08,20:41:32.438719,IP,172.20.0.20.60378,>
2026-05-08,20:41:32.438730,IP,172.20.0.20.60378,>
2026-05-08,20:41:32.438760,IP,172.20.0.10.5001,>
2026-05-08,20:41:32.438765,IP,172.20.0.10.5001,>
2026-05-08,20:41:32.438846,IP,172.20.0.20.60378,>
2026-05-08,20:41:32.438856,IP,172.20.0.20.60378,>
2026-05-08,20:41:32.438986,IP,172.20.0.20.60378,>
2026-05-08,20:41:32.438997,IP,172.20.0.20.60378,>
2026-05-08,20:41:32.439018,IP,172.20.0.10.5001,>
2026-05-08,20:41:32.439023,IP,172.20.0.10.5001,>
2026-05-08,20:41:32.439108,IP,172.20.0.10.5001,>
2026-05-08,20:41:32.439190,IP,172.20.0.20.60378,>
2026-05-08,20:41:32.439200,IP,172.20.0.20.60378,>
2026-05-08,20:41:32.439336,IP,172.20.0.20.60378,>
2026-05-08,20:41:32.439347,IP,172.20.0.20.60378,>
2026-05-08,20:41:32.439357,IP,172.20.0.20.60378,>
2026-05-08,20:41:32.439384,IP,172.20.0.10.5001,>
2026-05-08,20:41:32.439389,IP,172.20.0.10.5001,>
2026-05-08,20:41:32.439393,IP,172.20.0.10.5001,>
2026-05-08,20:41:32.439452,IP,172.20.0.10.5001,>
2026-05-08,20:41:32.439533,IP,172.20.0.20.60378,>
2026-05-08,20:41:32.439543,IP,172.20.0.20.60378,>
2026-05-08,20:41:32.439687,IP,172.20.0.20.60378,>
2026-05-08,20:41:32.439698,IP,172.20.0.20.60378,>
2026-05-08,20:41:32.439720,IP,172.20.0.10.5001,>
2026-05-08,20:41:32.439724,IP,172.20.0.10.5001,>
2026-05-08,20:41:32.439802,IP,172.20.0.20.60378,>
2026-05-08,20:41:32.439812,IP,172.20.0.20.60378,>
2026-05-08,20:41:32.439928,IP,172.20.0.20.60378,>
2026-05-08,20:41:32.439940,IP,172.20.0.20.60378,>
2026-05-08,20:41:32.439969,IP,172.20.0.10.5001,>
2026-05-08,20:41:32.439974,IP,172.20.0.10.5001,>
2026-05-08,20:41:32.440223,IP,172.20.0.10.5001,>
2026-05-08,20:41:32.444156,IP,172.20.0.10.5001,>
2026-05-08,20:41:32.444167,IP,172.20.0.10.5001,>
2026-05-08,20:41:32.444171,IP,172.20.0.10.5001,>
2026-05-08,20:41:32.444174,IP,172.20.0.10.5001,>
2026-05-08,20:41:32.444177,IP,172.20.0.10.5001,>
2026-05-08,20:41:32.444180,IP,172.20.0.10.5001,>
2026-05-08,20:41:32.444183,IP,172.20.0.10.5001,>
2026-05-08,20:41:32.444245,IP,172.20.0.20.60378,>
2026-05-08,20:41:32.444256,IP,172.20.0.20.60378,>
2026-05-08,20:41:32.444567,IP,172.20.0.20.60378,>
2026-05-08,20:41:32.444579,IP,172.20.0.20.60378,>
2026-05-08,20:41:32.444589,IP,172.20.0.20.60378,>
2026-05-08,20:41:32.444667,IP,172.20.0.20.60378,>
2026-05-08,20:41:32.444681,IP,172.20.0.20.60378,>
2026-05-08,20:41:32.444747,IP,172.20.0.20.60378,>
2026-05-08,20:41:32.444758,IP,172.20.0.20.60378,>
2026-05-08,20:41:32.444805,IP,172.20.0.20.60378,>
2026-05-08,20:41:32.444815,IP,172.20.0.20.60378,>
2026-05-08,20:41:32.444876,IP,172.20.0.20.60378,>
2026-05-08,20:41:32.444887,IP,172.20.0.20.60378,>
2026-05-08,20:41:32.444937,IP,172.20.0.20.60378,>
2026-05-08,20:41:32.444994,IP,172.20.0.20.60378,>
2026-05-08,20:41:32.445004,IP,172.20.0.20.60378,>
2026-05-08,20:41:32.445014,IP,172.20.0.20.60378,>
2026-05-08,20:41:32.445103,IP,172.20.0.20.60378,>
2026-05-08,20:41:32.445116,IP,172.20.0.20.60378,>
2026-05-08,20:41:32.445182,IP,172.20.0.20.60378,>
2026-05-08,20:41:32.445190,IP,172.20.0.20.60378,>
2026-05-08,20:41:32.445226,IP,172.20.0.20.60378,>
2026-05-08,20:41:32.445237,IP,172.20.0.20.60378,>
2026-05-08,20:41:32.445299,IP,172.20.0.20.60378,>
2026-05-08,20:41:32.445310,IP,172.20.0.20.60378,>
2026-05-08,20:41:32.445396,IP,172.20.0.20.60378,>
2026-05-08,20:41:32.445456,IP,172.20.0.20.60378,>
2026-05-08,20:41:32.445466,IP,172.20.0.20.60378,>
2026-05-08,20:41:32.445476,IP,172.20.0.20.60378,>
2026-05-08,20:41:32.445545,IP,172.20.0.20.60378,>
2026-05-08,20:41:32.445556,IP,172.20.0.20.60378,>
2026-05-08,20:41:32.445659,IP,172.20.0.20.60378,>
2026-05-08,20:41:32.445670,IP,172.20.0.20.60378,>
2026-05-08,20:41:32.445763,IP,172.20.0.20.60378,>
2026-05-08,20:41:32.445773,IP,172.20.0.20.60378,>
2026-05-08,20:41:32.445854,IP,172.20.0.20.60378,>
2026-05-08,20:41:32.445897,IP,172.20.0.20.60378,>
2026-05-08,20:41:32.445994,IP,172.20.0.20.60378,>
2026-05-08,20:41:32.446059,IP,172.20.0.20.60378,>
2026-05-08,20:41:32.446098,IP,172.20.0.20.60378,>
2026-05-08,20:41:32.446111,IP,172.20.0.20.60378,>
2026-05-08,20:41:32.446188,IP,172.20.0.20.60378,>
2026-05-08,20:41:32.446198,IP,172.20.0.20.60378,>
2026-05-08,20:41:32.446261,IP,172.20.0.20.60378,>
2026-05-08,20:41:32.446271,IP,172.20.0.20.60378,>
2026-05-08,20:41:32.446332,IP,172.20.0.20.60378,>
2026-05-08,20:41:32.446343,IP,172.20.0.20.60378,>
2026-05-08,20:41:32.446406,IP,172.20.0.20.60378,>
2026-05-08,20:41:32.446417,IP,172.20.0.20.60378,>
2026-05-08,20:41:32.446466,IP,172.20.0.20.60378,>
2026-05-08,20:41:32.446526,IP,172.20.0.20.60378,>
2026-05-08,20:41:32.446536,IP,172.20.0.20.60378,>
2026-05-08,20:41:32.446546,IP,172.20.0.20.60378,>
2026-05-08,20:41:32.446612,IP,172.20.0.20.60378,>
2026-05-08,20:41:32.446622,IP,172.20.0.20.60378,>
2026-05-08,20:41:32.446688,IP,172.20.0.20.60378,>
2026-05-08,20:41:32.446698,IP,172.20.0.20.60378,>
2026-05-08,20:41:32.446760,IP,172.20.0.20.60378,>
2026-05-08,20:41:32.446771,IP,172.20.0.20.60378,>
2026-05-08,20:41:32.446830,IP,172.20.0.20.60378,>
2026-05-08,20:41:32.446841,IP,172.20.0.20.60378,>
2026-05-08,20:41:32.480411,IP,172.20.0.10.5001,>
2026-05-08,20:41:32.480584,IP,172.20.0.20.60378,>
2026-05-08,20:41:32.480610,IP,172.20.0.10.5001,>
2026-05-08,20:41:32.480708,IP,172.20.0.20.60378,>
2026-05-08,20:41:32.480719,IP,172.20.0.20.60378,>
2026-05-08,20:41:32.480728,IP,172.20.0.20.60378,>
2026-05-08,20:41:32.521811,IP,172.20.0.10.5001,>
2026-05-08,20:41:32.522015,IP,172.20.0.20.60378,>
2026-05-08,20:41:32.522055,IP,172.20.0.10.5001,>
2026-05-08,20:41:32.522215,IP,172.20.0.20.60378,>
2026-05-08,20:41:32.522423,IP,172.20.0.10.5001,>
2026-05-08,20:41:32.522572,IP,172.20.0.20.60378,>
2026-05-08,20:41:32.522583,IP,172.20.0.20.60378,>
2026-05-08,20:41:32.522721,IP,172.20.0.20.60378,>
2026-05-08,20:41:32.522731,IP,172.20.0.20.60378,>
2026-05-08,20:41:32.522837,IP,172.20.0.20.60378,>
2026-05-08,20:41:32.522847,IP,172.20.0.20.60378,>
2026-05-08,20:41:32.522896,IP,172.20.0.20.60378,>
2026-05-08,20:41:32.522946,IP,172.20.0.20.60378,>
2026-05-08,20:41:32.522957,IP,172.20.0.20.60378,>
2026-05-08,20:41:32.524748,IP,172.20.0.10.5001,>
2026-05-08,20:41:32.524757,IP,172.20.0.10.5001,>
2026-05-08,20:41:32.524852,IP,172.20.0.20.60378,>
2026-05-08,20:41:32.524858,IP,172.20.0.20.60378,>
2026-05-08,20:41:32.525705,IP,172.20.0.10.5001,>
2026-05-08,20:41:32.525799,IP,172.20.0.20.60378,>
2026-05-08,20:41:32.538509,IP,172.20.0.10.5001,>
2026-05-08,20:41:32.538628,IP,172.20.0.20.60378,>
2026-05-08,20:41:32.538654,IP,172.20.0.10.5001,>
2026-05-08,20:41:32.538635,IP,172.20.0.20.60378,>
2026-05-08,20:41:32.538780,IP,172.20.0.20.60378,>
2026-05-08,20:41:32.538790,IP,172.20.0.20.60378,>
2026-05-08,20:41:32.538857,IP,172.20.0.20.60378,>
2026-05-08,20:41:32.538867,IP,172.20.0.20.60378,>
2026-05-08,20:41:32.538914,IP,172.20.0.20.60378,>
2026-05-08,20:41:32.538966,IP,172.20.0.20.60378,>
2026-05-08,20:41:32.538975,IP,172.20.0.20.60378,>
2026-05-08,20:41:32.540238,IP,172.20.0.10.5001,>
2026-05-08,20:41:32.540356,IP,172.20.0.20.60378,>
2026-05-08,20:41:32.540362,IP,172.20.0.20.60378,>
2026-05-08,20:41:32.540459,IP,172.20.0.20.60378,>
2026-05-08,20:41:32.540469,IP,172.20.0.20.60378,>
2026-05-08,20:41:32.540534,IP,172.20.0.20.60378,>
2026-05-08,20:41:32.540545,IP,172.20.0.20.60378,>
2026-05-08,20:41:32.540605,IP,172.20.0.20.60378,>
2026-05-08,20:41:32.540615,IP,172.20.0.20.60378,>
2026-05-08,20:41:32.540673,IP,172.20.0.20.60378,>
2026-05-08,20:41:32.540684,IP,172.20.0.20.60378,>
2026-05-08,20:41:32.540763,IP,172.20.0.20.60378,>
2026-05-08,20:41:32.540774,IP,172.20.0.20.60378,>
2026-05-08,20:41:32.540783,IP,172.20.0.20.60378,>
2026-05-08,20:41:32.540851,IP,172.20.0.20.60378,>
2026-05-08,20:41:32.540861,IP,172.20.0.20.60378,>
2026-05-08,20:41:32.540933,IP,172.20.0.20.60378,>
2026-05-08,20:41:32.540943,IP,172.20.0.20.60378,>
2026-05-08,20:41:32.541002,IP,172.20.0.20.60378,>
2026-05-08,20:41:32.541012,IP,172.20.0.20.60378,>
2026-05-08,20:41:32.541110,IP,172.20.0.20.60378,>
2026-05-08,20:41:32.541123,IP,172.20.0.20.60378,>
2026-05-08,20:41:32.541184,IP,172.20.0.20.60378,>
2026-05-08,20:41:32.541242,IP,172.20.0.20.60378,>
2026-05-08,20:41:32.541253,IP,172.20.0.20.60378,>
2026-05-08,20:41:32.541262,IP,172.20.0.20.60378,>
2026-05-08,20:41:32.544602,IP,172.20.0.10.5001,>
2026-05-08,20:41:32.544688,IP,172.20.0.20.60378,>
2026-05-08,20:41:32.544694,IP,172.20.0.20.60378,>
2026-05-08,20:41:32.544767,IP,172.20.0.10.5001,>
2026-05-08,20:41:32.544822,IP,172.20.0.10.5001,>
2026-05-08,20:41:32.544875,IP,172.20.0.20.60378,>
2026-05-08,20:41:32.544885,IP,172.20.0.20.60378,>
2026-05-08,20:41:32.544938,IP,172.20.0.10.5001,>
2026-05-08,20:41:32.544943,IP,172.20.0.10.5001,>
2026-05-08,20:41:32.544947,IP,172.20.0.20.60378,>
2026-05-08,20:41:32.544957,IP,172.20.0.20.60378,>
2026-05-08,20:41:32.544988,IP,172.20.0.10.5001,>
2026-05-08,20:41:32.545045,IP,172.20.0.20.60378,>
2026-05-08,20:41:32.545170,IP,172.20.0.10.5001,>
2026-05-08,20:41:32.545200,IP,172.20.0.20.60378,>
2026-05-08,20:41:32.545211,IP,172.20.0.20.60378,>
2026-05-08,20:41:32.545301,IP,172.20.0.20.60378,>
2026-05-08,20:41:32.545313,IP,172.20.0.20.60378,>
2026-05-08,20:41:32.545319,IP,172.20.0.20.60378,>
2026-05-08,20:41:32.545341,IP,172.20.0.10.5001,>
2026-05-08,20:41:32.545394,IP,172.20.0.20.60378,>
2026-05-08,20:41:32.545400,IP,172.20.0.20.60378,>
2026-05-08,20:41:32.545448,IP,172.20.0.20.60378,>
2026-05-08,20:41:32.545454,IP,172.20.0.20.60378,>
2026-05-08,20:41:32.545467,IP,172.20.0.10.5001,>
2026-05-08,20:41:32.545469,IP,172.20.0.10.5001,>
2026-05-08,20:41:32.545509,IP,172.20.0.20.60378,>
2026-05-08,20:41:32.545515,IP,172.20.0.20.60378,>
2026-05-08,20:41:32.545573,IP,172.20.0.20.60378,>
2026-05-08,20:41:32.545579,IP,172.20.0.20.60378,>
2026-05-08,20:41:32.545594,IP,172.20.0.10.5001,>
2026-05-08,20:41:32.545645,IP,172.20.0.20.60378,>
2026-05-08,20:41:32.545651,IP,172.20.0.20.60378,>
2026-05-08,20:41:32.545657,IP,172.20.0.20.60378,>
2026-05-08,20:41:32.545701,IP,172.20.0.20.60378,>
2026-05-08,20:41:32.545707,IP,172.20.0.20.60378,>
2026-05-08,20:41:32.545720,IP,172.20.0.10.5001,>
2026-05-08,20:41:32.545753,IP,172.20.0.10.5001,>
2026-05-08,20:41:32.545775,IP,172.20.0.20.60378,>
2026-05-08,20:41:32.545781,IP,172.20.0.20.60378,>
2026-05-08,20:41:32.545858,IP,172.20.0.20.60378,>
2026-05-08,20:41:32.545906,IP,172.20.0.20.60378,>
2026-05-08,20:41:32.545942,IP,172.20.0.10.5001,>
2026-05-08,20:41:32.546012,IP,172.20.0.10.5001,>
2026-05-08,20:41:32.546019,IP,172.20.0.10.5001,>
2026-05-08,20:41:32.546121,IP,172.20.0.20.60378,>
2026-05-08,20:41:32.546131,IP,172.20.0.20.60378,>
2026-05-08,20:41:32.546215,IP,172.20.0.20.60378,>
2026-05-08,20:41:32.546221,IP,172.20.0.20.60378,>
2026-05-08,20:41:32.546234,IP,172.20.0.10.5001,>
2026-05-08,20:41:32.546237,IP,172.20.0.10.5001,>
2026-05-08,20:41:32.546288,IP,172.20.0.20.60378,>
2026-05-08,20:41:32.546294,IP,172.20.0.20.60378,>
2026-05-08,20:41:32.546300,IP,172.20.0.20.60378,>
2026-05-08,20:41:32.546398,IP,172.20.0.20.60378,>
2026-05-08,20:41:32.546408,IP,172.20.0.20.60378,>
2026-05-08,20:41:32.546434,IP,172.20.0.10.5001,>
2026-05-08,20:41:32.546498,IP,172.20.0.20.60378,>
2026-05-08,20:41:32.546504,IP,172.20.0.20.60378,>
2026-05-08,20:41:32.546552,IP,172.20.0.20.60378,>
2026-05-08,20:41:32.546558,IP,172.20.0.20.60378,>
2026-05-08,20:41:32.546570,IP,172.20.0.10.5001,>
2026-05-08,20:41:32.546595,IP,172.20.0.10.5001,>
2026-05-08,20:41:32.546616,IP,172.20.0.20.60378,>
2026-05-08,20:41:32.546680,IP,172.20.0.20.60378,>
2026-05-08,20:41:32.546687,IP,172.20.0.20.60378,>
2026-05-08,20:41:32.546702,IP,172.20.0.10.5001,>
2026-05-08,20:41:32.546740,IP,172.20.0.20.60378,>
2026-05-08,20:41:32.546746,IP,172.20.0.20.60378,>
2026-05-08,20:41:32.546752,IP,172.20.0.20.60378,>
2026-05-08,20:41:32.546810,IP,172.20.0.20.60378,>
2026-05-08,20:41:32.546816,IP,172.20.0.20.60378,>
2026-05-08,20:41:32.546852,IP,172.20.0.10.5001,>
2026-05-08,20:41:32.546903,IP,172.20.0.20.60378,>
2026-05-08,20:41:32.546909,IP,172.20.0.20.60378,>
2026-05-08,20:41:32.546949,IP,172.20.0.20.60378,>
2026-05-08,20:41:32.546955,IP,172.20.0.20.60378,>
2026-05-08,20:41:32.546969,IP,172.20.0.10.5001,>
2026-05-08,20:41:32.546995,IP,172.20.0.20.60378,>
2026-05-08,20:41:32.547001,IP,172.20.0.20.60378,>
2026-05-08,20:41:32.547045,IP,172.20.0.20.60378,>
2026-05-08,20:41:32.547051,IP,172.20.0.20.60378,>
2026-05-08,20:41:32.547057,IP,172.20.0.20.60378,>
2026-05-08,20:41:32.547128,IP,172.20.0.20.60378,>
2026-05-08,20:41:32.547134,IP,172.20.0.20.60378,>
2026-05-08,20:41:32.580910,IP,172.20.0.10.5001,>
2026-05-08,20:41:32.581015,IP,172.20.0.20.60378,>
2026-05-08,20:41:32.581036,IP,172.20.0.10.5001,>
2026-05-08,20:41:32.581130,IP,172.20.0.20.60378,>
2026-05-08,20:41:32.581136,IP,172.20.0.20.60378,>
2026-05-08,20:41:32.581200,IP,172.20.0.20.60378,>
2026-05-08,20:41:32.622100,IP,172.20.0.10.5001,>
2026-05-08,20:41:32.622202,IP,172.20.0.20.60378,>
2026-05-08,20:41:32.622657,IP,172.20.0.10.5001,>
2026-05-08,20:41:32.622767,IP,172.20.0.20.60378,>
2026-05-08,20:41:32.622773,IP,172.20.0.20.60378,>
2026-05-08,20:41:32.623031,IP,172.20.0.10.5001,>
2026-05-08,20:41:32.623160,IP,172.20.0.20.60378,>
2026-05-08,20:41:32.623246,IP,172.20.0.10.5001,>
2026-05-08,20:41:32.623370,IP,172.20.0.20.60378,>
2026-05-08,20:41:32.623377,IP,172.20.0.20.60378,>
2026-05-08,20:41:32.623384,IP,172.20.0.20.60378,>
2026-05-08,20:41:32.623470,IP,172.20.0.20.60378,>
2026-05-08,20:41:32.623481,IP,172.20.0.20.60378,>
2026-05-08,20:41:32.623537,IP,172.20.0.20.60378,>
2026-05-08,20:41:32.623548,IP,172.20.0.20.60378,>
2026-05-08,20:41:32.624924,IP,172.20.0.10.5001,>
2026-05-08,20:41:32.625014,IP,172.20.0.20.60378,>
2026-05-08,20:41:32.625031,IP,172.20.0.10.5001,>
2026-05-08,20:41:32.625129,IP,172.20.0.20.60378,>
2026-05-08,20:41:32.625855,IP,172.20.0.10.5001,>
2026-05-08,20:41:32.625926,IP,172.20.0.20.60378,>
2026-05-08,20:41:32.638725,IP,172.20.0.10.5001,>
2026-05-08,20:41:32.638862,IP,172.20.0.20.60378,>
2026-05-08,20:41:32.638892,IP,172.20.0.10.5001,>
2026-05-08,20:41:32.638896,IP,172.20.0.10.5001,>
2026-05-08,20:41:32.639052,IP,172.20.0.20.60378,>
2026-05-08,20:41:32.639059,IP,172.20.0.20.60378,>
2026-05-08,20:41:32.639092,IP,172.20.0.20.60378,>
2026-05-08,20:41:32.639165,IP,172.20.0.10.5001,>
2026-05-08,20:41:32.639282,IP,172.20.0.20.60378,>
2026-05-08,20:41:32.639292,IP,172.20.0.20.60378,>
2026-05-08,20:41:32.639323,IP,172.20.0.10.5001,>
2026-05-08,20:41:32.639381,IP,172.20.0.20.60378,>
2026-05-08,20:41:32.639387,IP,172.20.0.20.60378,>
2026-05-08,20:41:32.639460,IP,172.20.0.20.60378,>
2026-05-08,20:41:32.640515,IP,172.20.0.10.5001,>
2026-05-08,20:41:32.640597,IP,172.20.0.20.60378,>
2026-05-08,20:41:32.640636,IP,172.20.0.10.5001,>
2026-05-08,20:41:32.640617,IP,172.20.0.20.60378,>
2026-05-08,20:41:32.640706,IP,172.20.0.20.60378,>
2026-05-08,20:41:32.640712,IP,172.20.0.20.60378,>
2026-05-08,20:41:32.640765,IP,172.20.0.20.60378,>
2026-05-08,20:41:32.640771,IP,172.20.0.20.60378,>
2026-05-08,20:41:32.640800,IP,172.20.0.10.5001,>
